[      83ms] [ERROR] ./node_modules/@prisma/client/runtime/client.mjs
Code generation for chunk item errored
An error occurred while generating the chunk item [project]/node_modules/@prisma/client/runtime/client.mjs [app-client] (ecmascript) <locals>

Caused by:
- the chunking context (unknown) does not support external modules (request: node:module)

Debug info:
- An error occurred while generating the chunk item [project]/node_modules/@prisma/client/runtime/client.mjs [app-client] (ecmascript) <locals>
- Execution of <EcmascriptModuleLocalsModule as EcmascriptChunkPlaceable>::chunk_item_content failed
- Execution of *EcmascriptChunkItemContent::new failed
- Execution of EcmascriptModuleContent::new failed
- the chunking context (unknown) does not support external modules (request: node:module)

Import trace:
  Client Component Browser:
    ./node_modules/@prisma/client/runtime/client.mjs [Client Component Browser]
    ./app/generated/prisma/internal/prismaNamespace.ts [Client Component Browser]
    ./app/generated/prisma/client.ts [Client Component Browser]
    ./lib/prisma.ts [Client Component Browser]
    ./lib/cleanup.ts [Client Component Browser]
    ./app/(manager)/settings/page.tsx [Client Component Browser]
    ./app/(manager)/settings/page.tsx [Server Component] @ http://localhost:3000/_next/static/chunks/node_modules_next_dist_115brz8._.js:3318
[     217ms] [LOG] [Fast Refresh] rebuilding @ http://localhost:3000/_next/static/chunks/node_modules_next_dist_115brz8._.js:2477
[     619ms] [ERROR] ./node_modules/@prisma/client/runtime/client.mjs
Code generation for chunk item errored
An error occurred while generating the chunk item [project]/node_modules/@prisma/client/runtime/client.mjs [app-client] (ecmascript) <locals>

Caused by:
- the chunking context (unknown) does not support external modules (request: node:module)

Debug info:
- An error occurred while generating the chunk item [project]/node_modules/@prisma/client/runtime/client.mjs [app-client] (ecmascript) <locals>
- Execution of <EcmascriptModuleLocalsModule as EcmascriptChunkPlaceable>::chunk_item_content failed
- Execution of *EcmascriptChunkItemContent::new failed
- Execution of EcmascriptModuleContent::new failed
- the chunking context (unknown) does not support external modules (request: node:module)

Import trace:
  Client Component Browser:
    ./node_modules/@prisma/client/runtime/client.mjs [Client Component Browser]
    ./app/generated/prisma/internal/prismaNamespace.ts [Client Component Browser]
    ./app/generated/prisma/client.ts [Client Component Browser]
    ./lib/prisma.ts [Client Component Browser]
    ./lib/cleanup.ts [Client Component Browser]
    ./app/(manager)/settings/page.tsx [Client Component Browser]
    ./app/(manager)/settings/page.tsx [Server Component] @ http://localhost:3000/_next/static/chunks/node_modules_next_dist_115brz8._.js:3318
[     720ms] [LOG] [Fast Refresh] rebuilding @ http://localhost:3000/_next/static/chunks/node_modules_next_dist_115brz8._.js:2477
[    1084ms] [ERROR] ./node_modules/@prisma/client/runtime/client.mjs
Code generation for chunk item errored
An error occurred while generating the chunk item [project]/node_modules/@prisma/client/runtime/client.mjs [app-client] (ecmascript) <locals>

Caused by:
- the chunking context (unknown) does not support external modules (request: node:module)

Debug info:
- An error occurred while generating the chunk item [project]/node_modules/@prisma/client/runtime/client.mjs [app-client] (ecmascript) <locals>
- Execution of <EcmascriptModuleLocalsModule as EcmascriptChunkPlaceable>::chunk_item_content failed
- Execution of *EcmascriptChunkItemContent::new failed
- Execution of EcmascriptModuleContent::new failed
- the chunking context (unknown) does not support external modules (request: node:module)

Import trace:
  Client Component Browser:
    ./node_modules/@prisma/client/runtime/client.mjs [Client Component Browser]
    ./app/generated/prisma/internal/prismaNamespace.ts [Client Component Browser]
    ./app/generated/prisma/client.ts [Client Component Browser]
    ./lib/prisma.ts [Client Component Browser]
    ./lib/cleanup.ts [Client Component Browser]
    ./app/(manager)/settings/page.tsx [Client Component Browser]
    ./app/(manager)/settings/page.tsx [Server Component] @ http://localhost:3000/_next/static/chunks/node_modules_next_dist_115brz8._.js:3318
[    1092ms] [ERROR] Failed to load resource: the server responded with a status of 500 (Internal Server Error) @ http://localhost:3000/settings:0
[    1136ms] [ERROR] Refused to execute script from 'http://localhost:3000/_next/static/development/_clientMiddlewareManifest.js' because its MIME type ('application/json') is not executable, and strict MIME type checking is enabled. @ http://localhost:3000/settings:0
[    1167ms] [INFO] %cDownload the React DevTools for a better development experience: https://react.dev/link/react-devtools font-weight:bold @ http://localhost:3000/_next/static/chunks/node_modules_react-dom_0bruynb._.js:15305
[    1220ms] Error: ./node_modules/@prisma/client/runtime/client.mjs
Code generation for chunk item errored
An error occurred while generating the chunk item [project]/node_modules/@prisma/client/runtime/client.mjs [app-client] (ecmascript) <locals>

Caused by:
- the chunking context (unknown) does not support external modules (request: node:module)

Debug info:
- An error occurred while generating the chunk item [project]/node_modules/@prisma/client/runtime/client.mjs [app-client] (ecmascript) <locals>
- Execution of <EcmascriptModuleLocalsModule as EcmascriptChunkPlaceable>::chunk_item_content failed
- Execution of *EcmascriptChunkItemContent::new failed
- Execution of EcmascriptModuleContent::new failed
- the chunking context (unknown) does not support external modules (request: node:module)

Import trace:
  Client Component Browser:
    ./node_modules/@prisma/client/runtime/client.mjs [Client Component Browser]
    ./app/generated/prisma/internal/prismaNamespace.ts [Client Component Browser]
    ./app/generated/prisma/client.ts [Client Component Browser]
    ./lib/prisma.ts [Client Component Browser]
    ./lib/cleanup.ts [Client Component Browser]
    ./app/(manager)/settings/page.tsx [Client Component Browser]
    ./app/(manager)/settings/page.tsx [Server Component]


    at Object.getCompilationErrors (file:///Users/caspergamborg/Desktop/skemaka/node_modules/next/dist/server/dev/hot-reloader-turbopack.js:1186:59)
    at DevBundlerService.getCompilationError (file:///Users/caspergamborg/Desktop/skemaka/node_modules/next/dist/server/lib/dev-bundler-service.js:44:55)
    at DevServer.getCompilationError (file:///Users/caspergamborg/Desktop/skemaka/node_modules/next/dist/server/dev/next-dev-server.js:720:42)
    at DevServer.findPageComponents (file:///Users/caspergamborg/Desktop/skemaka/node_modules/next/dist/server/dev/next-dev-server.js:690:43)
    at async DevServer.renderErrorToResponseImpl (file:///Users/caspergamborg/Desktop/skemaka/node_modules/next/dist/server/base-server.js:1753:26)
[    1216ms] [LOG] [HMR] connected @ http://localhost:3000/_next/static/chunks/node_modules_next_dist_0u_w_5s._.js:1226
[    1231ms] [ERROR] ./node_modules/@prisma/client/runtime/client.mjs
Code generation for chunk item errored
An error occurred while generating the chunk item [project]/node_modules/@prisma/client/runtime/client.mjs [app-client] (ecmascript) <locals>

Caused by:
- the chunking context (unknown) does not support external modules (request: node:module)

Debug info:
- An error occurred while generating the chunk item [project]/node_modules/@prisma/client/runtime/client.mjs [app-client] (ecmascript) <locals>
- Execution of <EcmascriptModuleLocalsModule as EcmascriptChunkPlaceable>::chunk_item_content failed
- Execution of *EcmascriptChunkItemContent::new failed
- Execution of EcmascriptModuleContent::new failed
- the chunking context (unknown) does not support external modules (request: node:module)

Import trace:
  Client Component Browser:
    ./node_modules/@prisma/client/runtime/client.mjs [Client Component Browser]
    ./app/generated/prisma/internal/prismaNamespace.ts [Client Component Browser]
    ./app/generated/prisma/client.ts [Client Component Browser]
    ./lib/prisma.ts [Client Component Browser]
    ./lib/cleanup.ts [Client Component Browser]
    ./app/(manager)/settings/page.tsx [Client Component Browser]
    ./app/(manager)/settings/page.tsx [Server Component] @ http://localhost:3000/_next/static/chunks/node_modules_next_dist_0u_w_5s._.js:1945
[    1252ms] [ERROR] ./node_modules/@prisma/client/runtime/client.mjs
Code generation for chunk item errored
An error occurred while generating the chunk item [project]/node_modules/@prisma/client/runtime/client.mjs [app-client] (ecmascript) <locals>

Caused by:
- the chunking context (unknown) does not support external modules (request: node:module)

Debug info:
- An error occurred while generating the chunk item [project]/node_modules/@prisma/client/runtime/client.mjs [app-client] (ecmascript) <locals>
- Execution of <EcmascriptModuleLocalsModule as EcmascriptChunkPlaceable>::chunk_item_content failed
- Execution of *EcmascriptChunkItemContent::new failed
- Execution of EcmascriptModuleContent::new failed
- the chunking context (unknown) does not support external modules (request: node:module)

Import trace:
  Client Component Browser:
    ./node_modules/@prisma/client/runtime/client.mjs [Client Component Browser]
    ./app/generated/prisma/internal/prismaNamespace.ts [Client Component Browser]
    ./app/generated/prisma/client.ts [Client Component Browser]
    ./lib/prisma.ts [Client Component Browser]
    ./lib/cleanup.ts [Client Component Browser]
    ./app/(manager)/settings/page.tsx [Client Component Browser]
    ./app/(manager)/settings/page.tsx [Server Component] @ http://localhost:3000/_next/static/chunks/node_modules_next_dist_0u_w_5s._.js:1945
[    1342ms] [ERROR] ./node_modules/@prisma/client/runtime/client.mjs
Code generation for chunk item errored
An error occurred while generating the chunk item [project]/node_modules/@prisma/client/runtime/client.mjs [app-client] (ecmascript) <locals>

Caused by:
- the chunking context (unknown) does not support external modules (request: node:module)

Debug info:
- An error occurred while generating the chunk item [project]/node_modules/@prisma/client/runtime/client.mjs [app-client] (ecmascript) <locals>
- Execution of <EcmascriptModuleLocalsModule as EcmascriptChunkPlaceable>::chunk_item_content failed
- Execution of *EcmascriptChunkItemContent::new failed
- Execution of EcmascriptModuleContent::new failed
- the chunking context (unknown) does not support external modules (request: node:module)

Import trace:
  Client Component Browser:
    ./node_modules/@prisma/client/runtime/client.mjs [Client Component Browser]
    ./app/generated/prisma/internal/prismaNamespace.ts [Client Component Browser]
    ./app/generated/prisma/client.ts [Client Component Browser]
    ./lib/prisma.ts [Client Component Browser]
    ./lib/cleanup.ts [Client Component Browser]
    ./app/(manager)/settings/page.tsx [Client Component Browser]
    ./app/(manager)/settings/page.tsx [Server Component] @ http://localhost:3000/_next/static/chunks/node_modules_next_dist_0u_w_5s._.js:1945
[    1353ms] [LOG] [Fast Refresh] rebuilding @ http://localhost:3000/_next/static/chunks/node_modules_next_dist_0u_w_5s._.js:1226
[    1403ms] [ERROR] ./node_modules/@prisma/client/runtime/client.mjs
Code generation for chunk item errored
An error occurred while generating the chunk item [project]/node_modules/@prisma/client/runtime/client.mjs [app-client] (ecmascript) <locals>

Caused by:
- the chunking context (unknown) does not support external modules (request: node:module)

Debug info:
- An error occurred while generating the chunk item [project]/node_modules/@prisma/client/runtime/client.mjs [app-client] (ecmascript) <locals>
- Execution of <EcmascriptModuleLocalsModule as EcmascriptChunkPlaceable>::chunk_item_content failed
- Execution of *EcmascriptChunkItemContent::new failed
- Execution of EcmascriptModuleContent::new failed
- the chunking context (unknown) does not support external modules (request: node:module)

Import trace:
  Client Component Browser:
    ./node_modules/@prisma/client/runtime/client.mjs [Client Component Browser]
    ./app/generated/prisma/internal/prismaNamespace.ts [Client Component Browser]
    ./app/generated/prisma/client.ts [Client Component Browser]
    ./lib/prisma.ts [Client Component Browser]
    ./lib/cleanup.ts [Client Component Browser]
    ./app/(manager)/settings/page.tsx [Client Component Browser]
    ./app/(manager)/settings/page.tsx [Server Component] @ http://localhost:3000/_next/static/chunks/node_modules_next_dist_0u_w_5s._.js:1945
[    1455ms] [ERROR] ./node_modules/@prisma/client/runtime/client.mjs
Code generation for chunk item errored
An error occurred while generating the chunk item [project]/node_modules/@prisma/client/runtime/client.mjs [app-client] (ecmascript) <locals>

Caused by:
- the chunking context (unknown) does not support external modules (request: node:module)

Debug info:
- An error occurred while generating the chunk item [project]/node_modules/@prisma/client/runtime/client.mjs [app-client] (ecmascript) <locals>
- Execution of <EcmascriptModuleLocalsModule as EcmascriptChunkPlaceable>::chunk_item_content failed
- Execution of *EcmascriptChunkItemContent::new failed
- Execution of EcmascriptModuleContent::new failed
- the chunking context (unknown) does not support external modules (request: node:module)

Import trace:
  Client Component Browser:
    ./node_modules/@prisma/client/runtime/client.mjs [Client Component Browser]
    ./app/generated/prisma/internal/prismaNamespace.ts [Client Component Browser]
    ./app/generated/prisma/client.ts [Client Component Browser]
    ./lib/prisma.ts [Client Component Browser]
    ./lib/cleanup.ts [Client Component Browser]
    ./app/(manager)/settings/page.tsx [Client Component Browser]
    ./app/(manager)/settings/page.tsx [Server Component] @ http://localhost:3000/_next/static/chunks/node_modules_next_dist_0u_w_5s._.js:1945
[    1506ms] [ERROR] ./node_modules/@prisma/client/runtime/client.mjs
Code generation for chunk item errored
An error occurred while generating the chunk item [project]/node_modules/@prisma/client/runtime/client.mjs [app-client] (ecmascript) <locals>

Caused by:
- the chunking context (unknown) does not support external modules (request: node:module)

Debug info:
- An error occurred while generating the chunk item [project]/node_modules/@prisma/client/runtime/client.mjs [app-client] (ecmascript) <locals>
- Execution of <EcmascriptModuleLocalsModule as EcmascriptChunkPlaceable>::chunk_item_content failed
- Execution of *EcmascriptChunkItemContent::new failed
- Execution of EcmascriptModuleContent::new failed
- the chunking context (unknown) does not support external modules (request: node:module)

Import trace:
  Client Component Browser:
    ./node_modules/@prisma/client/runtime/client.mjs [Client Component Browser]
    ./app/generated/prisma/internal/prismaNamespace.ts [Client Component Browser]
    ./app/generated/prisma/client.ts [Client Component Browser]
    ./lib/prisma.ts [Client Component Browser]
    ./lib/cleanup.ts [Client Component Browser]
    ./app/(manager)/settings/page.tsx [Client Component Browser]
    ./app/(manager)/settings/page.tsx [Server Component] @ http://localhost:3000/_next/static/chunks/node_modules_next_dist_0u_w_5s._.js:1945
[    1558ms] [ERROR] ./node_modules/@prisma/client/runtime/client.mjs
Code generation for chunk item errored
An error occurred while generating the chunk item [project]/node_modules/@prisma/client/runtime/client.mjs [app-client] (ecmascript) <locals>

Caused by:
- the chunking context (unknown) does not support external modules (request: node:module)

Debug info:
- An error occurred while generating the chunk item [project]/node_modules/@prisma/client/runtime/client.mjs [app-client] (ecmascript) <locals>
- Execution of <EcmascriptModuleLocalsModule as EcmascriptChunkPlaceable>::chunk_item_content failed
- Execution of *EcmascriptChunkItemContent::new failed
- Execution of EcmascriptModuleContent::new failed
- the chunking context (unknown) does not support external modules (request: node:module)

Import trace:
  Client Component Browser:
    ./node_modules/@prisma/client/runtime/client.mjs [Client Component Browser]
    ./app/generated/prisma/internal/prismaNamespace.ts [Client Component Browser]
    ./app/generated/prisma/client.ts [Client Component Browser]
    ./lib/prisma.ts [Client Component Browser]
    ./lib/cleanup.ts [Client Component Browser]
    ./app/(manager)/settings/page.tsx [Client Component Browser]
    ./app/(manager)/settings/page.tsx [Server Component] @ http://localhost:3000/_next/static/chunks/node_modules_next_dist_0u_w_5s._.js:1945
[    1611ms] [ERROR] ./node_modules/@prisma/client/runtime/client.mjs
Code generation for chunk item errored
An error occurred while generating the chunk item [project]/node_modules/@prisma/client/runtime/client.mjs [app-client] (ecmascript) <locals>

Caused by:
- the chunking context (unknown) does not support external modules (request: node:module)

Debug info:
- An error occurred while generating the chunk item [project]/node_modules/@prisma/client/runtime/client.mjs [app-client] (ecmascript) <locals>
- Execution of <EcmascriptModuleLocalsModule as EcmascriptChunkPlaceable>::chunk_item_content failed
- Execution of *EcmascriptChunkItemContent::new failed
- Execution of EcmascriptModuleContent::new failed
- the chunking context (unknown) does not support external modules (request: node:module)

Import trace:
  Client Component Browser:
    ./node_modules/@prisma/client/runtime/client.mjs [Client Component Browser]
    ./app/generated/prisma/internal/prismaNamespace.ts [Client Component Browser]
    ./app/generated/prisma/client.ts [Client Component Browser]
    ./lib/prisma.ts [Client Component Browser]
    ./lib/cleanup.ts [Client Component Browser]
    ./app/(manager)/settings/page.tsx [Client Component Browser]
    ./app/(manager)/settings/page.tsx [Server Component] @ http://localhost:3000/_next/static/chunks/node_modules_next_dist_0u_w_5s._.js:1945
[    1664ms] [ERROR] ./node_modules/@prisma/client/runtime/client.mjs
Code generation for chunk item errored
An error occurred while generating the chunk item [project]/node_modules/@prisma/client/runtime/client.mjs [app-client] (ecmascript) <locals>

Caused by:
- the chunking context (unknown) does not support external modules (request: node:module)

Debug info:
- An error occurred while generating the chunk item [project]/node_modules/@prisma/client/runtime/client.mjs [app-client] (ecmascript) <locals>
- Execution of <EcmascriptModuleLocalsModule as EcmascriptChunkPlaceable>::chunk_item_content failed
- Execution of *EcmascriptChunkItemContent::new failed
- Execution of EcmascriptModuleContent::new failed
- the chunking context (unknown) does not support external modules (request: node:module)

Import trace:
  Client Component Browser:
    ./node_modules/@prisma/client/runtime/client.mjs [Client Component Browser]
    ./app/generated/prisma/internal/prismaNamespace.ts [Client Component Browser]
    ./app/generated/prisma/client.ts [Client Component Browser]
    ./lib/prisma.ts [Client Component Browser]
    ./lib/cleanup.ts [Client Component Browser]
    ./app/(manager)/settings/page.tsx [Client Component Browser]
    ./app/(manager)/settings/page.tsx [Server Component] @ http://localhost:3000/_next/static/chunks/node_modules_next_dist_0u_w_5s._.js:1945
[    1718ms] [ERROR] ./node_modules/@prisma/client/runtime/client.mjs
Code generation for chunk item errored
An error occurred while generating the chunk item [project]/node_modules/@prisma/client/runtime/client.mjs [app-client] (ecmascript) <locals>

Caused by:
- the chunking context (unknown) does not support external modules (request: node:module)

Debug info:
- An error occurred while generating the chunk item [project]/node_modules/@prisma/client/runtime/client.mjs [app-client] (ecmascript) <locals>
- Execution of <EcmascriptModuleLocalsModule as EcmascriptChunkPlaceable>::chunk_item_content failed
- Execution of *EcmascriptChunkItemContent::new failed
- Execution of EcmascriptModuleContent::new failed
- the chunking context (unknown) does not support external modules (request: node:module)

Import trace:
  Client Component Browser:
    ./node_modules/@prisma/client/runtime/client.mjs [Client Component Browser]
    ./app/generated/prisma/internal/prismaNamespace.ts [Client Component Browser]
    ./app/generated/prisma/client.ts [Client Component Browser]
    ./lib/prisma.ts [Client Component Browser]
    ./lib/cleanup.ts [Client Component Browser]
    ./app/(manager)/settings/page.tsx [Client Component Browser]
    ./app/(manager)/settings/page.tsx [Server Component] @ http://localhost:3000/_next/static/chunks/node_modules_next_dist_0u_w_5s._.js:1945
[    1771ms] [ERROR] ./node_modules/@prisma/client/runtime/client.mjs
Code generation for chunk item errored
An error occurred while generating the chunk item [project]/node_modules/@prisma/client/runtime/client.mjs [app-client] (ecmascript) <locals>

Caused by:
- the chunking context (unknown) does not support external modules (request: node:module)

Debug info:
- An error occurred while generating the chunk item [project]/node_modules/@prisma/client/runtime/client.mjs [app-client] (ecmascript) <locals>
- Execution of <EcmascriptModuleLocalsModule as EcmascriptChunkPlaceable>::chunk_item_content failed
- Execution of *EcmascriptChunkItemContent::new failed
- Execution of EcmascriptModuleContent::new failed
- the chunking context (unknown) does not support external modules (request: node:module)

Import trace:
  Client Component Browser:
    ./node_modules/@prisma/client/runtime/client.mjs [Client Component Browser]
    ./app/generated/prisma/internal/prismaNamespace.ts [Client Component Browser]
    ./app/generated/prisma/client.ts [Client Component Browser]
    ./lib/prisma.ts [Client Component Browser]
    ./lib/cleanup.ts [Client Component Browser]
    ./app/(manager)/settings/page.tsx [Client Component Browser]
    ./app/(manager)/settings/page.tsx [Server Component] @ http://localhost:3000/_next/static/chunks/node_modules_next_dist_0u_w_5s._.js:1945
[    1822ms] [ERROR] ./node_modules/@prisma/client/runtime/client.mjs
Code generation for chunk item errored
An error occurred while generating the chunk item [project]/node_modules/@prisma/client/runtime/client.mjs [app-client] (ecmascript) <locals>

Caused by:
- the chunking context (unknown) does not support external modules (request: node:module)

Debug info:
- An error occurred while generating the chunk item [project]/node_modules/@prisma/client/runtime/client.mjs [app-client] (ecmascript) <locals>
- Execution of <EcmascriptModuleLocalsModule as EcmascriptChunkPlaceable>::chunk_item_content failed
- Execution of *EcmascriptChunkItemContent::new failed
- Execution of EcmascriptModuleContent::new failed
- the chunking context (unknown) does not support external modules (request: node:module)

Import trace:
  Client Component Browser:
    ./node_modules/@prisma/client/runtime/client.mjs [Client Component Browser]
    ./app/generated/prisma/internal/prismaNamespace.ts [Client Component Browser]
    ./app/generated/prisma/client.ts [Client Component Browser]
    ./lib/prisma.ts [Client Component Browser]
    ./lib/cleanup.ts [Client Component Browser]
    ./app/(manager)/settings/page.tsx [Client Component Browser]
    ./app/(manager)/settings/page.tsx [Server Component] @ http://localhost:3000/_next/static/chunks/node_modules_next_dist_0u_w_5s._.js:1945
[    1874ms] [ERROR] ./node_modules/@prisma/client/runtime/client.mjs
Code generation for chunk item errored
An error occurred while generating the chunk item [project]/node_modules/@prisma/client/runtime/client.mjs [app-client] (ecmascript) <locals>

Caused by:
- the chunking context (unknown) does not support external modules (request: node:module)

Debug info:
- An error occurred while generating the chunk item [project]/node_modules/@prisma/client/runtime/client.mjs [app-client] (ecmascript) <locals>
- Execution of <EcmascriptModuleLocalsModule as EcmascriptChunkPlaceable>::chunk_item_content failed
- Execution of *EcmascriptChunkItemContent::new failed
- Execution of EcmascriptModuleContent::new failed
- the chunking context (unknown) does not support external modules (request: node:module)

Import trace:
  Client Component Browser:
    ./node_modules/@prisma/client/runtime/client.mjs [Client Component Browser]
    ./app/generated/prisma/internal/prismaNamespace.ts [Client Component Browser]
    ./app/generated/prisma/client.ts [Client Component Browser]
    ./lib/prisma.ts [Client Component Browser]
    ./lib/cleanup.ts [Client Component Browser]
    ./app/(manager)/settings/page.tsx [Client Component Browser]
    ./app/(manager)/settings/page.tsx [Server Component] @ http://localhost:3000/_next/static/chunks/node_modules_next_dist_0u_w_5s._.js:1945
[    1926ms] [ERROR] ./node_modules/@prisma/client/runtime/client.mjs
Code generation for chunk item errored
An error occurred while generating the chunk item [project]/node_modules/@prisma/client/runtime/client.mjs [app-client] (ecmascript) <locals>

Caused by:
- the chunking context (unknown) does not support external modules (request: node:module)

Debug info:
- An error occurred while generating the chunk item [project]/node_modules/@prisma/client/runtime/client.mjs [app-client] (ecmascript) <locals>
- Execution of <EcmascriptModuleLocalsModule as EcmascriptChunkPlaceable>::chunk_item_content failed
- Execution of *EcmascriptChunkItemContent::new failed
- Execution of EcmascriptModuleContent::new failed
- the chunking context (unknown) does not support external modules (request: node:module)

Import trace:
  Client Component Browser:
    ./node_modules/@prisma/client/runtime/client.mjs [Client Component Browser]
    ./app/generated/prisma/internal/prismaNamespace.ts [Client Component Browser]
    ./app/generated/prisma/client.ts [Client Component Browser]
    ./lib/prisma.ts [Client Component Browser]
    ./lib/cleanup.ts [Client Component Browser]
    ./app/(manager)/settings/page.tsx [Client Component Browser]
    ./app/(manager)/settings/page.tsx [Server Component] @ http://localhost:3000/_next/static/chunks/node_modules_next_dist_0u_w_5s._.js:1945
[    1978ms] [ERROR] ./node_modules/@prisma/client/runtime/client.mjs
Code generation for chunk item errored
An error occurred while generating the chunk item [project]/node_modules/@prisma/client/runtime/client.mjs [app-client] (ecmascript) <locals>

Caused by:
- the chunking context (unknown) does not support external modules (request: node:module)

Debug info:
- An error occurred while generating the chunk item [project]/node_modules/@prisma/client/runtime/client.mjs [app-client] (ecmascript) <locals>
- Execution of <EcmascriptModuleLocalsModule as EcmascriptChunkPlaceable>::chunk_item_content failed
- Execution of *EcmascriptChunkItemContent::new failed
- Execution of EcmascriptModuleContent::new failed
- the chunking context (unknown) does not support external modules (request: node:module)

Import trace:
  Client Component Browser:
    ./node_modules/@prisma/client/runtime/client.mjs [Client Component Browser]
    ./app/generated/prisma/internal/prismaNamespace.ts [Client Component Browser]
    ./app/generated/prisma/client.ts [Client Component Browser]
    ./lib/prisma.ts [Client Component Browser]
    ./lib/cleanup.ts [Client Component Browser]
    ./app/(manager)/settings/page.tsx [Client Component Browser]
    ./app/(manager)/settings/page.tsx [Server Component] @ http://localhost:3000/_next/static/chunks/node_modules_next_dist_0u_w_5s._.js:1945
[    2029ms] [ERROR] ./node_modules/@prisma/client/runtime/client.mjs
Code generation for chunk item errored
An error occurred while generating the chunk item [project]/node_modules/@prisma/client/runtime/client.mjs [app-client] (ecmascript) <locals>

Caused by:
- the chunking context (unknown) does not support external modules (request: node:module)

Debug info:
- An error occurred while generating the chunk item [project]/node_modules/@prisma/client/runtime/client.mjs [app-client] (ecmascript) <locals>
- Execution of <EcmascriptModuleLocalsModule as EcmascriptChunkPlaceable>::chunk_item_content failed
- Execution of *EcmascriptChunkItemContent::new failed
- Execution of EcmascriptModuleContent::new failed
- the chunking context (unknown) does not support external modules (request: node:module)

Import trace:
  Client Component Browser:
    ./node_modules/@prisma/client/runtime/client.mjs [Client Component Browser]
    ./app/generated/prisma/internal/prismaNamespace.ts [Client Component Browser]
    ./app/generated/prisma/client.ts [Client Component Browser]
    ./lib/prisma.ts [Client Component Browser]
    ./lib/cleanup.ts [Client Component Browser]
    ./app/(manager)/settings/page.tsx [Client Component Browser]
    ./app/(manager)/settings/page.tsx [Server Component] @ http://localhost:3000/_next/static/chunks/node_modules_next_dist_0u_w_5s._.js:1945
[    2081ms] [ERROR] ./node_modules/@prisma/client/runtime/client.mjs
Code generation for chunk item errored
An error occurred while generating the chunk item [project]/node_modules/@prisma/client/runtime/client.mjs [app-client] (ecmascript) <locals>

Caused by:
- the chunking context (unknown) does not support external modules (request: node:module)

Debug info:
- An error occurred while generating the chunk item [project]/node_modules/@prisma/client/runtime/client.mjs [app-client] (ecmascript) <locals>
- Execution of <EcmascriptModuleLocalsModule as EcmascriptChunkPlaceable>::chunk_item_content failed
- Execution of *EcmascriptChunkItemContent::new failed
- Execution of EcmascriptModuleContent::new failed
- the chunking context (unknown) does not support external modules (request: node:module)

Import trace:
  Client Component Browser:
    ./node_modules/@prisma/client/runtime/client.mjs [Client Component Browser]
    ./app/generated/prisma/internal/prismaNamespace.ts [Client Component Browser]
    ./app/generated/prisma/client.ts [Client Component Browser]
    ./lib/prisma.ts [Client Component Browser]
    ./lib/cleanup.ts [Client Component Browser]
    ./app/(manager)/settings/page.tsx [Client Component Browser]
    ./app/(manager)/settings/page.tsx [Server Component] @ http://localhost:3000/_next/static/chunks/node_modules_next_dist_0u_w_5s._.js:1945
[    2139ms] [ERROR] ./node_modules/@prisma/client/runtime/client.mjs
Code generation for chunk item errored
An error occurred while generating the chunk item [project]/node_modules/@prisma/client/runtime/client.mjs [app-client] (ecmascript) <locals>

Caused by:
- the chunking context (unknown) does not support external modules (request: node:module)

Debug info:
- An error occurred while generating the chunk item [project]/node_modules/@prisma/client/runtime/client.mjs [app-client] (ecmascript) <locals>
- Execution of <EcmascriptModuleLocalsModule as EcmascriptChunkPlaceable>::chunk_item_content failed
- Execution of *EcmascriptChunkItemContent::new failed
- Execution of EcmascriptModuleContent::new failed
- the chunking context (unknown) does not support external modules (request: node:module)

Import trace:
  Client Component Browser:
    ./node_modules/@prisma/client/runtime/client.mjs [Client Component Browser]
    ./app/generated/prisma/internal/prismaNamespace.ts [Client Component Browser]
    ./app/generated/prisma/client.ts [Client Component Browser]
    ./lib/prisma.ts [Client Component Browser]
    ./lib/cleanup.ts [Client Component Browser]
    ./app/(manager)/settings/page.tsx [Client Component Browser]
    ./app/(manager)/settings/page.tsx [Server Component] @ http://localhost:3000/_next/static/chunks/node_modules_next_dist_0u_w_5s._.js:1945
[    2200ms] [ERROR] ./node_modules/@prisma/client/runtime/client.mjs
Code generation for chunk item errored
An error occurred while generating the chunk item [project]/node_modules/@prisma/client/runtime/client.mjs [app-client] (ecmascript) <locals>

Caused by:
- the chunking context (unknown) does not support external modules (request: node:module)

Debug info:
- An error occurred while generating the chunk item [project]/node_modules/@prisma/client/runtime/client.mjs [app-client] (ecmascript) <locals>
- Execution of <EcmascriptModuleLocalsModule as EcmascriptChunkPlaceable>::chunk_item_content failed
- Execution of *EcmascriptChunkItemContent::new failed
- Execution of EcmascriptModuleContent::new failed
- the chunking context (unknown) does not support external modules (request: node:module)

Import trace:
  Client Component Browser:
    ./node_modules/@prisma/client/runtime/client.mjs [Client Component Browser]
    ./app/generated/prisma/internal/prismaNamespace.ts [Client Component Browser]
    ./app/generated/prisma/client.ts [Client Component Browser]
    ./lib/prisma.ts [Client Component Browser]
    ./lib/cleanup.ts [Client Component Browser]
    ./app/(manager)/settings/page.tsx [Client Component Browser]
    ./app/(manager)/settings/page.tsx [Server Component] @ http://localhost:3000/_next/static/chunks/node_modules_next_dist_0u_w_5s._.js:1945
[    2259ms] [ERROR] ./node_modules/@prisma/client/runtime/client.mjs
Code generation for chunk item errored
An error occurred while generating the chunk item [project]/node_modules/@prisma/client/runtime/client.mjs [app-client] (ecmascript) <locals>

Caused by:
- the chunking context (unknown) does not support external modules (request: node:module)

Debug info:
- An error occurred while generating the chunk item [project]/node_modules/@prisma/client/runtime/client.mjs [app-client] (ecmascript) <locals>
- Execution of <EcmascriptModuleLocalsModule as EcmascriptChunkPlaceable>::chunk_item_content failed
- Execution of *EcmascriptChunkItemContent::new failed
- Execution of EcmascriptModuleContent::new failed
- the chunking context (unknown) does not support external modules (request: node:module)

Import trace:
  Client Component Browser:
    ./node_modules/@prisma/client/runtime/client.mjs [Client Component Browser]
    ./app/generated/prisma/internal/prismaNamespace.ts [Client Component Browser]
    ./app/generated/prisma/client.ts [Client Component Browser]
    ./lib/prisma.ts [Client Component Browser]
    ./lib/cleanup.ts [Client Component Browser]
    ./app/(manager)/settings/page.tsx [Client Component Browser]
    ./app/(manager)/settings/page.tsx [Server Component] @ http://localhost:3000/_next/static/chunks/node_modules_next_dist_0u_w_5s._.js:1945
[    2318ms] [ERROR] ./node_modules/@prisma/client/runtime/client.mjs
Code generation for chunk item errored
An error occurred while generating the chunk item [project]/node_modules/@prisma/client/runtime/client.mjs [app-client] (ecmascript) <locals>

Caused by:
- the chunking context (unknown) does not support external modules (request: node:module)

Debug info:
- An error occurred while generating the chunk item [project]/node_modules/@prisma/client/runtime/client.mjs [app-client] (ecmascript) <locals>
- Execution of <EcmascriptModuleLocalsModule as EcmascriptChunkPlaceable>::chunk_item_content failed
- Execution of *EcmascriptChunkItemContent::new failed
- Execution of EcmascriptModuleContent::new failed
- the chunking context (unknown) does not support external modules (request: node:module)

Import trace:
  Client Component Browser:
    ./node_modules/@prisma/client/runtime/client.mjs [Client Component Browser]
    ./app/generated/prisma/internal/prismaNamespace.ts [Client Component Browser]
    ./app/generated/prisma/client.ts [Client Component Browser]
    ./lib/prisma.ts [Client Component Browser]
    ./lib/cleanup.ts [Client Component Browser]
    ./app/(manager)/settings/page.tsx [Client Component Browser]
    ./app/(manager)/settings/page.tsx [Server Component] @ http://localhost:3000/_next/static/chunks/node_modules_next_dist_0u_w_5s._.js:1945
[    2373ms] [ERROR] ./node_modules/@prisma/client/runtime/client.mjs
Code generation for chunk item errored
An error occurred while generating the chunk item [project]/node_modules/@prisma/client/runtime/client.mjs [app-client] (ecmascript) <locals>

Caused by:
- the chunking context (unknown) does not support external modules (request: node:module)

Debug info:
- An error occurred while generating the chunk item [project]/node_modules/@prisma/client/runtime/client.mjs [app-client] (ecmascript) <locals>
- Execution of <EcmascriptModuleLocalsModule as EcmascriptChunkPlaceable>::chunk_item_content failed
- Execution of *EcmascriptChunkItemContent::new failed
- Execution of EcmascriptModuleContent::new failed
- the chunking context (unknown) does not support external modules (request: node:module)

Import trace:
  Client Component Browser:
    ./node_modules/@prisma/client/runtime/client.mjs [Client Component Browser]
    ./app/generated/prisma/internal/prismaNamespace.ts [Client Component Browser]
    ./app/generated/prisma/client.ts [Client Component Browser]
    ./lib/prisma.ts [Client Component Browser]
    ./lib/cleanup.ts [Client Component Browser]
    ./app/(manager)/settings/page.tsx [Client Component Browser]
    ./app/(manager)/settings/page.tsx [Server Component] @ http://localhost:3000/_next/static/chunks/node_modules_next_dist_0u_w_5s._.js:1945
[    2433ms] [ERROR] ./node_modules/@prisma/client/runtime/client.mjs
Code generation for chunk item errored
An error occurred while generating the chunk item [project]/node_modules/@prisma/client/runtime/client.mjs [app-client] (ecmascript) <locals>

Caused by:
- the chunking context (unknown) does not support external modules (request: node:module)

Debug info:
- An error occurred while generating the chunk item [project]/node_modules/@prisma/client/runtime/client.mjs [app-client] (ecmascript) <locals>
- Execution of <EcmascriptModuleLocalsModule as EcmascriptChunkPlaceable>::chunk_item_content failed
- Execution of *EcmascriptChunkItemContent::new failed
- Execution of EcmascriptModuleContent::new failed
- the chunking context (unknown) does not support external modules (request: node:module)

Import trace:
  Client Component Browser:
    ./node_modules/@prisma/client/runtime/client.mjs [Client Component Browser]
    ./app/generated/prisma/internal/prismaNamespace.ts [Client Component Browser]
    ./app/generated/prisma/client.ts [Client Component Browser]
    ./lib/prisma.ts [Client Component Browser]
    ./lib/cleanup.ts [Client Component Browser]
    ./app/(manager)/settings/page.tsx [Client Component Browser]
    ./app/(manager)/settings/page.tsx [Server Component] @ http://localhost:3000/_next/static/chunks/node_modules_next_dist_0u_w_5s._.js:1945
[    2489ms] [ERROR] ./node_modules/@prisma/client/runtime/client.mjs
Code generation for chunk item errored
An error occurred while generating the chunk item [project]/node_modules/@prisma/client/runtime/client.mjs [app-client] (ecmascript) <locals>

Caused by:
- the chunking context (unknown) does not support external modules (request: node:module)

Debug info:
- An error occurred while generating the chunk item [project]/node_modules/@prisma/client/runtime/client.mjs [app-client] (ecmascript) <locals>
- Execution of <EcmascriptModuleLocalsModule as EcmascriptChunkPlaceable>::chunk_item_content failed
- Execution of *EcmascriptChunkItemContent::new failed
- Execution of EcmascriptModuleContent::new failed
- the chunking context (unknown) does not support external modules (request: node:module)

Import trace:
  Client Component Browser:
    ./node_modules/@prisma/client/runtime/client.mjs [Client Component Browser]
    ./app/generated/prisma/internal/prismaNamespace.ts [Client Component Browser]
    ./app/generated/prisma/client.ts [Client Component Browser]
    ./lib/prisma.ts [Client Component Browser]
    ./lib/cleanup.ts [Client Component Browser]
    ./app/(manager)/settings/page.tsx [Client Component Browser]
    ./app/(manager)/settings/page.tsx [Server Component] @ http://localhost:3000/_next/static/chunks/node_modules_next_dist_0u_w_5s._.js:1945
[    2544ms] [ERROR] ./node_modules/@prisma/client/runtime/client.mjs
Code generation for chunk item errored
An error occurred while generating the chunk item [project]/node_modules/@prisma/client/runtime/client.mjs [app-client] (ecmascript) <locals>

Caused by:
- the chunking context (unknown) does not support external modules (request: node:module)

Debug info:
- An error occurred while generating the chunk item [project]/node_modules/@prisma/client/runtime/client.mjs [app-client] (ecmascript) <locals>
- Execution of <EcmascriptModuleLocalsModule as EcmascriptChunkPlaceable>::chunk_item_content failed
- Execution of *EcmascriptChunkItemContent::new failed
- Execution of EcmascriptModuleContent::new failed
- the chunking context (unknown) does not support external modules (request: node:module)

Import trace:
  Client Component Browser:
    ./node_modules/@prisma/client/runtime/client.mjs [Client Component Browser]
    ./app/generated/prisma/internal/prismaNamespace.ts [Client Component Browser]
    ./app/generated/prisma/client.ts [Client Component Browser]
    ./lib/prisma.ts [Client Component Browser]
    ./lib/cleanup.ts [Client Component Browser]
    ./app/(manager)/settings/page.tsx [Client Component Browser]
    ./app/(manager)/settings/page.tsx [Server Component] @ http://localhost:3000/_next/static/chunks/node_modules_next_dist_0u_w_5s._.js:1945
[    2602ms] [ERROR] ./node_modules/@prisma/client/runtime/client.mjs
Code generation for chunk item errored
An error occurred while generating the chunk item [project]/node_modules/@prisma/client/runtime/client.mjs [app-client] (ecmascript) <locals>

Caused by:
- the chunking context (unknown) does not support external modules (request: node:module)

Debug info:
- An error occurred while generating the chunk item [project]/node_modules/@prisma/client/runtime/client.mjs [app-client] (ecmascript) <locals>
- Execution of <EcmascriptModuleLocalsModule as EcmascriptChunkPlaceable>::chunk_item_content failed
- Execution of *EcmascriptChunkItemContent::new failed
- Execution of EcmascriptModuleContent::new failed
- the chunking context (unknown) does not support external modules (request: node:module)

Import trace:
  Client Component Browser:
    ./node_modules/@prisma/client/runtime/client.mjs [Client Component Browser]
    ./app/generated/prisma/internal/prismaNamespace.ts [Client Component Browser]
    ./app/generated/prisma/client.ts [Client Component Browser]
    ./lib/prisma.ts [Client Component Browser]
    ./lib/cleanup.ts [Client Component Browser]
    ./app/(manager)/settings/page.tsx [Client Component Browser]
    ./app/(manager)/settings/page.tsx [Server Component] @ http://localhost:3000/_next/static/chunks/node_modules_next_dist_0u_w_5s._.js:1945
[    2656ms] [ERROR] ./node_modules/@prisma/client/runtime/client.mjs
Code generation for chunk item errored
An error occurred while generating the chunk item [project]/node_modules/@prisma/client/runtime/client.mjs [app-client] (ecmascript) <locals>

Caused by:
- the chunking context (unknown) does not support external modules (request: node:module)

Debug info:
- An error occurred while generating the chunk item [project]/node_modules/@prisma/client/runtime/client.mjs [app-client] (ecmascript) <locals>
- Execution of <EcmascriptModuleLocalsModule as EcmascriptChunkPlaceable>::chunk_item_content failed
- Execution of *EcmascriptChunkItemContent::new failed
- Execution of EcmascriptModuleContent::new failed
- the chunking context (unknown) does not support external modules (request: node:module)

Import trace:
  Client Component Browser:
    ./node_modules/@prisma/client/runtime/client.mjs [Client Component Browser]
    ./app/generated/prisma/internal/prismaNamespace.ts [Client Component Browser]
    ./app/generated/prisma/client.ts [Client Component Browser]
    ./lib/prisma.ts [Client Component Browser]
    ./lib/cleanup.ts [Client Component Browser]
    ./app/(manager)/settings/page.tsx [Client Component Browser]
    ./app/(manager)/settings/page.tsx [Server Component] @ http://localhost:3000/_next/static/chunks/node_modules_next_dist_0u_w_5s._.js:1945
[    2709ms] [ERROR] ./node_modules/@prisma/client/runtime/client.mjs
Code generation for chunk item errored
An error occurred while generating the chunk item [project]/node_modules/@prisma/client/runtime/client.mjs [app-client] (ecmascript) <locals>

Caused by:
- the chunking context (unknown) does not support external modules (request: node:module)

Debug info:
- An error occurred while generating the chunk item [project]/node_modules/@prisma/client/runtime/client.mjs [app-client] (ecmascript) <locals>
- Execution of <EcmascriptModuleLocalsModule as EcmascriptChunkPlaceable>::chunk_item_content failed
- Execution of *EcmascriptChunkItemContent::new failed
- Execution of EcmascriptModuleContent::new failed
- the chunking context (unknown) does not support external modules (request: node:module)

Import trace:
  Client Component Browser:
    ./node_modules/@prisma/client/runtime/client.mjs [Client Component Browser]
    ./app/generated/prisma/internal/prismaNamespace.ts [Client Component Browser]
    ./app/generated/prisma/client.ts [Client Component Browser]
    ./lib/prisma.ts [Client Component Browser]
    ./lib/cleanup.ts [Client Component Browser]
    ./app/(manager)/settings/page.tsx [Client Component Browser]
    ./app/(manager)/settings/page.tsx [Server Component] @ http://localhost:3000/_next/static/chunks/node_modules_next_dist_0u_w_5s._.js:1945
[    2760ms] [ERROR] ./node_modules/@prisma/client/runtime/client.mjs
Code generation for chunk item errored
An error occurred while generating the chunk item [project]/node_modules/@prisma/client/runtime/client.mjs [app-client] (ecmascript) <locals>

Caused by:
- the chunking context (unknown) does not support external modules (request: node:module)

Debug info:
- An error occurred while generating the chunk item [project]/node_modules/@prisma/client/runtime/client.mjs [app-client] (ecmascript) <locals>
- Execution of <EcmascriptModuleLocalsModule as EcmascriptChunkPlaceable>::chunk_item_content failed
- Execution of *EcmascriptChunkItemContent::new failed
- Execution of EcmascriptModuleContent::new failed
- the chunking context (unknown) does not support external modules (request: node:module)

Import trace:
  Client Component Browser:
    ./node_modules/@prisma/client/runtime/client.mjs [Client Component Browser]
    ./app/generated/prisma/internal/prismaNamespace.ts [Client Component Browser]
    ./app/generated/prisma/client.ts [Client Component Browser]
    ./lib/prisma.ts [Client Component Browser]
    ./lib/cleanup.ts [Client Component Browser]
    ./app/(manager)/settings/page.tsx [Client Component Browser]
    ./app/(manager)/settings/page.tsx [Server Component] @ http://localhost:3000/_next/static/chunks/node_modules_next_dist_0u_w_5s._.js:1945
[    2812ms] [ERROR] ./node_modules/@prisma/client/runtime/client.mjs
Code generation for chunk item errored
An error occurred while generating the chunk item [project]/node_modules/@prisma/client/runtime/client.mjs [app-client] (ecmascript) <locals>

Caused by:
- the chunking context (unknown) does not support external modules (request: node:module)

Debug info:
- An error occurred while generating the chunk item [project]/node_modules/@prisma/client/runtime/client.mjs [app-client] (ecmascript) <locals>
- Execution of <EcmascriptModuleLocalsModule as EcmascriptChunkPlaceable>::chunk_item_content failed
- Execution of *EcmascriptChunkItemContent::new failed
- Execution of EcmascriptModuleContent::new failed
- the chunking context (unknown) does not support external modules (request: node:module)

Import trace:
  Client Component Browser:
    ./node_modules/@prisma/client/runtime/client.mjs [Client Component Browser]
    ./app/generated/prisma/internal/prismaNamespace.ts [Client Component Browser]
    ./app/generated/prisma/client.ts [Client Component Browser]
    ./lib/prisma.ts [Client Component Browser]
    ./lib/cleanup.ts [Client Component Browser]
    ./app/(manager)/settings/page.tsx [Client Component Browser]
    ./app/(manager)/settings/page.tsx [Server Component] @ http://localhost:3000/_next/static/chunks/node_modules_next_dist_0u_w_5s._.js:1945
[    2864ms] [ERROR] ./node_modules/@prisma/client/runtime/client.mjs
Code generation for chunk item errored
An error occurred while generating the chunk item [project]/node_modules/@prisma/client/runtime/client.mjs [app-client] (ecmascript) <locals>

Caused by:
- the chunking context (unknown) does not support external modules (request: node:module)

Debug info:
- An error occurred while generating the chunk item [project]/node_modules/@prisma/client/runtime/client.mjs [app-client] (ecmascript) <locals>
- Execution of <EcmascriptModuleLocalsModule as EcmascriptChunkPlaceable>::chunk_item_content failed
- Execution of *EcmascriptChunkItemContent::new failed
- Execution of EcmascriptModuleContent::new failed
- the chunking context (unknown) does not support external modules (request: node:module)

Import trace:
  Client Component Browser:
    ./node_modules/@prisma/client/runtime/client.mjs [Client Component Browser]
    ./app/generated/prisma/internal/prismaNamespace.ts [Client Component Browser]
    ./app/generated/prisma/client.ts [Client Component Browser]
    ./lib/prisma.ts [Client Component Browser]
    ./lib/cleanup.ts [Client Component Browser]
    ./app/(manager)/settings/page.tsx [Client Component Browser]
    ./app/(manager)/settings/page.tsx [Server Component] @ http://localhost:3000/_next/static/chunks/node_modules_next_dist_0u_w_5s._.js:1945
[    2919ms] [ERROR] ./node_modules/@prisma/client/runtime/client.mjs
Code generation for chunk item errored
An error occurred while generating the chunk item [project]/node_modules/@prisma/client/runtime/client.mjs [app-client] (ecmascript) <locals>

Caused by:
- the chunking context (unknown) does not support external modules (request: node:module)

Debug info:
- An error occurred while generating the chunk item [project]/node_modules/@prisma/client/runtime/client.mjs [app-client] (ecmascript) <locals>
- Execution of <EcmascriptModuleLocalsModule as EcmascriptChunkPlaceable>::chunk_item_content failed
- Execution of *EcmascriptChunkItemContent::new failed
- Execution of EcmascriptModuleContent::new failed
- the chunking context (unknown) does not support external modules (request: node:module)

Import trace:
  Client Component Browser:
    ./node_modules/@prisma/client/runtime/client.mjs [Client Component Browser]
    ./app/generated/prisma/internal/prismaNamespace.ts [Client Component Browser]
    ./app/generated/prisma/client.ts [Client Component Browser]
    ./lib/prisma.ts [Client Component Browser]
    ./lib/cleanup.ts [Client Component Browser]
    ./app/(manager)/settings/page.tsx [Client Component Browser]
    ./app/(manager)/settings/page.tsx [Server Component] @ http://localhost:3000/_next/static/chunks/node_modules_next_dist_0u_w_5s._.js:1945
[    2978ms] [ERROR] ./node_modules/@prisma/client/runtime/client.mjs
Code generation for chunk item errored
An error occurred while generating the chunk item [project]/node_modules/@prisma/client/runtime/client.mjs [app-client] (ecmascript) <locals>

Caused by:
- the chunking context (unknown) does not support external modules (request: node:module)

Debug info:
- An error occurred while generating the chunk item [project]/node_modules/@prisma/client/runtime/client.mjs [app-client] (ecmascript) <locals>
- Execution of <EcmascriptModuleLocalsModule as EcmascriptChunkPlaceable>::chunk_item_content failed
- Execution of *EcmascriptChunkItemContent::new failed
- Execution of EcmascriptModuleContent::new failed
- the chunking context (unknown) does not support external modules (request: node:module)

Import trace:
  Client Component Browser:
    ./node_modules/@prisma/client/runtime/client.mjs [Client Component Browser]
    ./app/generated/prisma/internal/prismaNamespace.ts [Client Component Browser]
    ./app/generated/prisma/client.ts [Client Component Browser]
    ./lib/prisma.ts [Client Component Browser]
    ./lib/cleanup.ts [Client Component Browser]
    ./app/(manager)/settings/page.tsx [Client Component Browser]
    ./app/(manager)/settings/page.tsx [Server Component] @ http://localhost:3000/_next/static/chunks/node_modules_next_dist_0u_w_5s._.js:1945
[    3039ms] [ERROR] ./node_modules/@prisma/client/runtime/client.mjs
Code generation for chunk item errored
An error occurred while generating the chunk item [project]/node_modules/@prisma/client/runtime/client.mjs [app-client] (ecmascript) <locals>

Caused by:
- the chunking context (unknown) does not support external modules (request: node:module)

Debug info:
- An error occurred while generating the chunk item [project]/node_modules/@prisma/client/runtime/client.mjs [app-client] (ecmascript) <locals>
- Execution of <EcmascriptModuleLocalsModule as EcmascriptChunkPlaceable>::chunk_item_content failed
- Execution of *EcmascriptChunkItemContent::new failed
- Execution of EcmascriptModuleContent::new failed
- the chunking context (unknown) does not support external modules (request: node:module)

Import trace:
  Client Component Browser:
    ./node_modules/@prisma/client/runtime/client.mjs [Client Component Browser]
    ./app/generated/prisma/internal/prismaNamespace.ts [Client Component Browser]
    ./app/generated/prisma/client.ts [Client Component Browser]
    ./lib/prisma.ts [Client Component Browser]
    ./lib/cleanup.ts [Client Component Browser]
    ./app/(manager)/settings/page.tsx [Client Component Browser]
    ./app/(manager)/settings/page.tsx [Server Component] @ http://localhost:3000/_next/static/chunks/node_modules_next_dist_0u_w_5s._.js:1945
[    3090ms] [ERROR] ./node_modules/@prisma/client/runtime/client.mjs
Code generation for chunk item errored
An error occurred while generating the chunk item [project]/node_modules/@prisma/client/runtime/client.mjs [app-client] (ecmascript) <locals>

Caused by:
- the chunking context (unknown) does not support external modules (request: node:module)

Debug info:
- An error occurred while generating the chunk item [project]/node_modules/@prisma/client/runtime/client.mjs [app-client] (ecmascript) <locals>
- Execution of <EcmascriptModuleLocalsModule as EcmascriptChunkPlaceable>::chunk_item_content failed
- Execution of *EcmascriptChunkItemContent::new failed
- Execution of EcmascriptModuleContent::new failed
- the chunking context (unknown) does not support external modules (request: node:module)

Import trace:
  Client Component Browser:
    ./node_modules/@prisma/client/runtime/client.mjs [Client Component Browser]
    ./app/generated/prisma/internal/prismaNamespace.ts [Client Component Browser]
    ./app/generated/prisma/client.ts [Client Component Browser]
    ./lib/prisma.ts [Client Component Browser]
    ./lib/cleanup.ts [Client Component Browser]
    ./app/(manager)/settings/page.tsx [Client Component Browser]
    ./app/(manager)/settings/page.tsx [Server Component] @ http://localhost:3000/_next/static/chunks/node_modules_next_dist_0u_w_5s._.js:1945
[    3144ms] [ERROR] ./node_modules/@prisma/client/runtime/client.mjs
Code generation for chunk item errored
An error occurred while generating the chunk item [project]/node_modules/@prisma/client/runtime/client.mjs [app-client] (ecmascript) <locals>

Caused by:
- the chunking context (unknown) does not support external modules (request: node:module)

Debug info:
- An error occurred while generating the chunk item [project]/node_modules/@prisma/client/runtime/client.mjs [app-client] (ecmascript) <locals>
- Execution of <EcmascriptModuleLocalsModule as EcmascriptChunkPlaceable>::chunk_item_content failed
- Execution of *EcmascriptChunkItemContent::new failed
- Execution of EcmascriptModuleContent::new failed
- the chunking context (unknown) does not support external modules (request: node:module)

Import trace:
  Client Component Browser:
    ./node_modules/@prisma/client/runtime/client.mjs [Client Component Browser]
    ./app/generated/prisma/internal/prismaNamespace.ts [Client Component Browser]
    ./app/generated/prisma/client.ts [Client Component Browser]
    ./lib/prisma.ts [Client Component Browser]
    ./lib/cleanup.ts [Client Component Browser]
    ./app/(manager)/settings/page.tsx [Client Component Browser]
    ./app/(manager)/settings/page.tsx [Server Component] @ http://localhost:3000/_next/static/chunks/node_modules_next_dist_0u_w_5s._.js:1945
[    3201ms] [ERROR] ./node_modules/@prisma/client/runtime/client.mjs
Code generation for chunk item errored
An error occurred while generating the chunk item [project]/node_modules/@prisma/client/runtime/client.mjs [app-client] (ecmascript) <locals>

Caused by:
- the chunking context (unknown) does not support external modules (request: node:module)

Debug info:
- An error occurred while generating the chunk item [project]/node_modules/@prisma/client/runtime/client.mjs [app-client] (ecmascript) <locals>
- Execution of <EcmascriptModuleLocalsModule as EcmascriptChunkPlaceable>::chunk_item_content failed
- Execution of *EcmascriptChunkItemContent::new failed
- Execution of EcmascriptModuleContent::new failed
- the chunking context (unknown) does not support external modules (request: node:module)

Import trace:
  Client Component Browser:
    ./node_modules/@prisma/client/runtime/client.mjs [Client Component Browser]
    ./app/generated/prisma/internal/prismaNamespace.ts [Client Component Browser]
    ./app/generated/prisma/client.ts [Client Component Browser]
    ./lib/prisma.ts [Client Component Browser]
    ./lib/cleanup.ts [Client Component Browser]
    ./app/(manager)/settings/page.tsx [Client Component Browser]
    ./app/(manager)/settings/page.tsx [Server Component] @ http://localhost:3000/_next/static/chunks/node_modules_next_dist_0u_w_5s._.js:1945
[    3256ms] [ERROR] ./node_modules/@prisma/client/runtime/client.mjs
Code generation for chunk item errored
An error occurred while generating the chunk item [project]/node_modules/@prisma/client/runtime/client.mjs [app-client] (ecmascript) <locals>

Caused by:
- the chunking context (unknown) does not support external modules (request: node:module)

Debug info:
- An error occurred while generating the chunk item [project]/node_modules/@prisma/client/runtime/client.mjs [app-client] (ecmascript) <locals>
- Execution of <EcmascriptModuleLocalsModule as EcmascriptChunkPlaceable>::chunk_item_content failed
- Execution of *EcmascriptChunkItemContent::new failed
- Execution of EcmascriptModuleContent::new failed
- the chunking context (unknown) does not support external modules (request: node:module)

Import trace:
  Client Component Browser:
    ./node_modules/@prisma/client/runtime/client.mjs [Client Component Browser]
    ./app/generated/prisma/internal/prismaNamespace.ts [Client Component Browser]
    ./app/generated/prisma/client.ts [Client Component Browser]
    ./lib/prisma.ts [Client Component Browser]
    ./lib/cleanup.ts [Client Component Browser]
    ./app/(manager)/settings/page.tsx [Client Component Browser]
    ./app/(manager)/settings/page.tsx [Server Component] @ http://localhost:3000/_next/static/chunks/node_modules_next_dist_0u_w_5s._.js:1945
[    3311ms] [ERROR] ./node_modules/@prisma/client/runtime/client.mjs
Code generation for chunk item errored
An error occurred while generating the chunk item [project]/node_modules/@prisma/client/runtime/client.mjs [app-client] (ecmascript) <locals>

Caused by:
- the chunking context (unknown) does not support external modules (request: node:module)

Debug info:
- An error occurred while generating the chunk item [project]/node_modules/@prisma/client/runtime/client.mjs [app-client] (ecmascript) <locals>
- Execution of <EcmascriptModuleLocalsModule as EcmascriptChunkPlaceable>::chunk_item_content failed
- Execution of *EcmascriptChunkItemContent::new failed
- Execution of EcmascriptModuleContent::new failed
- the chunking context (unknown) does not support external modules (request: node:module)

Import trace:
  Client Component Browser:
    ./node_modules/@prisma/client/runtime/client.mjs [Client Component Browser]
    ./app/generated/prisma/internal/prismaNamespace.ts [Client Component Browser]
    ./app/generated/prisma/client.ts [Client Component Browser]
    ./lib/prisma.ts [Client Component Browser]
    ./lib/cleanup.ts [Client Component Browser]
    ./app/(manager)/settings/page.tsx [Client Component Browser]
    ./app/(manager)/settings/page.tsx [Server Component] @ http://localhost:3000/_next/static/chunks/node_modules_next_dist_0u_w_5s._.js:1945
[    3362ms] [ERROR] ./node_modules/@prisma/client/runtime/client.mjs
Code generation for chunk item errored
An error occurred while generating the chunk item [project]/node_modules/@prisma/client/runtime/client.mjs [app-client] (ecmascript) <locals>

Caused by:
- the chunking context (unknown) does not support external modules (request: node:module)

Debug info:
- An error occurred while generating the chunk item [project]/node_modules/@prisma/client/runtime/client.mjs [app-client] (ecmascript) <locals>
- Execution of <EcmascriptModuleLocalsModule as EcmascriptChunkPlaceable>::chunk_item_content failed
- Execution of *EcmascriptChunkItemContent::new failed
- Execution of EcmascriptModuleContent::new failed
- the chunking context (unknown) does not support external modules (request: node:module)

Import trace:
  Client Component Browser:
    ./node_modules/@prisma/client/runtime/client.mjs [Client Component Browser]
    ./app/generated/prisma/internal/prismaNamespace.ts [Client Component Browser]
    ./app/generated/prisma/client.ts [Client Component Browser]
    ./lib/prisma.ts [Client Component Browser]
    ./lib/cleanup.ts [Client Component Browser]
    ./app/(manager)/settings/page.tsx [Client Component Browser]
    ./app/(manager)/settings/page.tsx [Server Component] @ http://localhost:3000/_next/static/chunks/node_modules_next_dist_0u_w_5s._.js:1945
[    3415ms] [ERROR] ./node_modules/@prisma/client/runtime/client.mjs
Code generation for chunk item errored
An error occurred while generating the chunk item [project]/node_modules/@prisma/client/runtime/client.mjs [app-client] (ecmascript) <locals>

Caused by:
- the chunking context (unknown) does not support external modules (request: node:module)

Debug info:
- An error occurred while generating the chunk item [project]/node_modules/@prisma/client/runtime/client.mjs [app-client] (ecmascript) <locals>
- Execution of <EcmascriptModuleLocalsModule as EcmascriptChunkPlaceable>::chunk_item_content failed
- Execution of *EcmascriptChunkItemContent::new failed
- Execution of EcmascriptModuleContent::new failed
- the chunking context (unknown) does not support external modules (request: node:module)

Import trace:
  Client Component Browser:
    ./node_modules/@prisma/client/runtime/client.mjs [Client Component Browser]
    ./app/generated/prisma/internal/prismaNamespace.ts [Client Component Browser]
    ./app/generated/prisma/client.ts [Client Component Browser]
    ./lib/prisma.ts [Client Component Browser]
    ./lib/cleanup.ts [Client Component Browser]
    ./app/(manager)/settings/page.tsx [Client Component Browser]
    ./app/(manager)/settings/page.tsx [Server Component] @ http://localhost:3000/_next/static/chunks/node_modules_next_dist_0u_w_5s._.js:1945
[    3469ms] [ERROR] ./node_modules/@prisma/client/runtime/client.mjs
Code generation for chunk item errored
An error occurred while generating the chunk item [project]/node_modules/@prisma/client/runtime/client.mjs [app-client] (ecmascript) <locals>

Caused by:
- the chunking context (unknown) does not support external modules (request: node:module)

Debug info:
- An error occurred while generating the chunk item [project]/node_modules/@prisma/client/runtime/client.mjs [app-client] (ecmascript) <locals>
- Execution of <EcmascriptModuleLocalsModule as EcmascriptChunkPlaceable>::chunk_item_content failed
- Execution of *EcmascriptChunkItemContent::new failed
- Execution of EcmascriptModuleContent::new failed
- the chunking context (unknown) does not support external modules (request: node:module)

Import trace:
  Client Component Browser:
    ./node_modules/@prisma/client/runtime/client.mjs [Client Component Browser]
    ./app/generated/prisma/internal/prismaNamespace.ts [Client Component Browser]
    ./app/generated/prisma/client.ts [Client Component Browser]
    ./lib/prisma.ts [Client Component Browser]
    ./lib/cleanup.ts [Client Component Browser]
    ./app/(manager)/settings/page.tsx [Client Component Browser]
    ./app/(manager)/settings/page.tsx [Server Component] @ http://localhost:3000/_next/static/chunks/node_modules_next_dist_0u_w_5s._.js:1945
[    3521ms] [ERROR] ./node_modules/@prisma/client/runtime/client.mjs
Code generation for chunk item errored
An error occurred while generating the chunk item [project]/node_modules/@prisma/client/runtime/client.mjs [app-client] (ecmascript) <locals>

Caused by:
- the chunking context (unknown) does not support external modules (request: node:module)

Debug info:
- An error occurred while generating the chunk item [project]/node_modules/@prisma/client/runtime/client.mjs [app-client] (ecmascript) <locals>
- Execution of <EcmascriptModuleLocalsModule as EcmascriptChunkPlaceable>::chunk_item_content failed
- Execution of *EcmascriptChunkItemContent::new failed
- Execution of EcmascriptModuleContent::new failed
- the chunking context (unknown) does not support external modules (request: node:module)

Import trace:
  Client Component Browser:
    ./node_modules/@prisma/client/runtime/client.mjs [Client Component Browser]
    ./app/generated/prisma/internal/prismaNamespace.ts [Client Component Browser]
    ./app/generated/prisma/client.ts [Client Component Browser]
    ./lib/prisma.ts [Client Component Browser]
    ./lib/cleanup.ts [Client Component Browser]
    ./app/(manager)/settings/page.tsx [Client Component Browser]
    ./app/(manager)/settings/page.tsx [Server Component] @ http://localhost:3000/_next/static/chunks/node_modules_next_dist_0u_w_5s._.js:1945
[    3572ms] [ERROR] ./node_modules/@prisma/client/runtime/client.mjs
Code generation for chunk item errored
An error occurred while generating the chunk item [project]/node_modules/@prisma/client/runtime/client.mjs [app-client] (ecmascript) <locals>

Caused by:
- the chunking context (unknown) does not support external modules (request: node:module)

Debug info:
- An error occurred while generating the chunk item [project]/node_modules/@prisma/client/runtime/client.mjs [app-client] (ecmascript) <locals>
- Execution of <EcmascriptModuleLocalsModule as EcmascriptChunkPlaceable>::chunk_item_content failed
- Execution of *EcmascriptChunkItemContent::new failed
- Execution of EcmascriptModuleContent::new failed
- the chunking context (unknown) does not support external modules (request: node:module)

Import trace:
  Client Component Browser:
    ./node_modules/@prisma/client/runtime/client.mjs [Client Component Browser]
    ./app/generated/prisma/internal/prismaNamespace.ts [Client Component Browser]
    ./app/generated/prisma/client.ts [Client Component Browser]
    ./lib/prisma.ts [Client Component Browser]
    ./lib/cleanup.ts [Client Component Browser]
    ./app/(manager)/settings/page.tsx [Client Component Browser]
    ./app/(manager)/settings/page.tsx [Server Component] @ http://localhost:3000/_next/static/chunks/node_modules_next_dist_0u_w_5s._.js:1945
[    3628ms] [ERROR] ./node_modules/@prisma/client/runtime/client.mjs
Code generation for chunk item errored
An error occurred while generating the chunk item [project]/node_modules/@prisma/client/runtime/client.mjs [app-client] (ecmascript) <locals>

Caused by:
- the chunking context (unknown) does not support external modules (request: node:module)

Debug info:
- An error occurred while generating the chunk item [project]/node_modules/@prisma/client/runtime/client.mjs [app-client] (ecmascript) <locals>
- Execution of <EcmascriptModuleLocalsModule as EcmascriptChunkPlaceable>::chunk_item_content failed
- Execution of *EcmascriptChunkItemContent::new failed
- Execution of EcmascriptModuleContent::new failed
- the chunking context (unknown) does not support external modules (request: node:module)

Import trace:
  Client Component Browser:
    ./node_modules/@prisma/client/runtime/client.mjs [Client Component Browser]
    ./app/generated/prisma/internal/prismaNamespace.ts [Client Component Browser]
    ./app/generated/prisma/client.ts [Client Component Browser]
    ./lib/prisma.ts [Client Component Browser]
    ./lib/cleanup.ts [Client Component Browser]
    ./app/(manager)/settings/page.tsx [Client Component Browser]
    ./app/(manager)/settings/page.tsx [Server Component] @ http://localhost:3000/_next/static/chunks/node_modules_next_dist_0u_w_5s._.js:1945
[    3683ms] [ERROR] ./node_modules/@prisma/client/runtime/client.mjs
Code generation for chunk item errored
An error occurred while generating the chunk item [project]/node_modules/@prisma/client/runtime/client.mjs [app-client] (ecmascript) <locals>

Caused by:
- the chunking context (unknown) does not support external modules (request: node:module)

Debug info:
- An error occurred while generating the chunk item [project]/node_modules/@prisma/client/runtime/client.mjs [app-client] (ecmascript) <locals>
- Execution of <EcmascriptModuleLocalsModule as EcmascriptChunkPlaceable>::chunk_item_content failed
- Execution of *EcmascriptChunkItemContent::new failed
- Execution of EcmascriptModuleContent::new failed
- the chunking context (unknown) does not support external modules (request: node:module)

Import trace:
  Client Component Browser:
    ./node_modules/@prisma/client/runtime/client.mjs [Client Component Browser]
    ./app/generated/prisma/internal/prismaNamespace.ts [Client Component Browser]
    ./app/generated/prisma/client.ts [Client Component Browser]
    ./lib/prisma.ts [Client Component Browser]
    ./lib/cleanup.ts [Client Component Browser]
    ./app/(manager)/settings/page.tsx [Client Component Browser]
    ./app/(manager)/settings/page.tsx [Server Component] @ http://localhost:3000/_next/static/chunks/node_modules_next_dist_0u_w_5s._.js:1945
[    3737ms] [ERROR] ./node_modules/@prisma/client/runtime/client.mjs
Code generation for chunk item errored
An error occurred while generating the chunk item [project]/node_modules/@prisma/client/runtime/client.mjs [app-client] (ecmascript) <locals>

Caused by:
- the chunking context (unknown) does not support external modules (request: node:module)

Debug info:
- An error occurred while generating the chunk item [project]/node_modules/@prisma/client/runtime/client.mjs [app-client] (ecmascript) <locals>
- Execution of <EcmascriptModuleLocalsModule as EcmascriptChunkPlaceable>::chunk_item_content failed
- Execution of *EcmascriptChunkItemContent::new failed
- Execution of EcmascriptModuleContent::new failed
- the chunking context (unknown) does not support external modules (request: node:module)

Import trace:
  Client Component Browser:
    ./node_modules/@prisma/client/runtime/client.mjs [Client Component Browser]
    ./app/generated/prisma/internal/prismaNamespace.ts [Client Component Browser]
    ./app/generated/prisma/client.ts [Client Component Browser]
    ./lib/prisma.ts [Client Component Browser]
    ./lib/cleanup.ts [Client Component Browser]
    ./app/(manager)/settings/page.tsx [Client Component Browser]
    ./app/(manager)/settings/page.tsx [Server Component] @ http://localhost:3000/_next/static/chunks/node_modules_next_dist_0u_w_5s._.js:1945
[    3789ms] [ERROR] ./node_modules/@prisma/client/runtime/client.mjs
Code generation for chunk item errored
An error occurred while generating the chunk item [project]/node_modules/@prisma/client/runtime/client.mjs [app-client] (ecmascript) <locals>

Caused by:
- the chunking context (unknown) does not support external modules (request: node:module)

Debug info:
- An error occurred while generating the chunk item [project]/node_modules/@prisma/client/runtime/client.mjs [app-client] (ecmascript) <locals>
- Execution of <EcmascriptModuleLocalsModule as EcmascriptChunkPlaceable>::chunk_item_content failed
- Execution of *EcmascriptChunkItemContent::new failed
- Execution of EcmascriptModuleContent::new failed
- the chunking context (unknown) does not support external modules (request: node:module)

Import trace:
  Client Component Browser:
    ./node_modules/@prisma/client/runtime/client.mjs [Client Component Browser]
    ./app/generated/prisma/internal/prismaNamespace.ts [Client Component Browser]
    ./app/generated/prisma/client.ts [Client Component Browser]
    ./lib/prisma.ts [Client Component Browser]
    ./lib/cleanup.ts [Client Component Browser]
    ./app/(manager)/settings/page.tsx [Client Component Browser]
    ./app/(manager)/settings/page.tsx [Server Component] @ http://localhost:3000/_next/static/chunks/node_modules_next_dist_0u_w_5s._.js:1945
[    3844ms] [ERROR] ./node_modules/@prisma/client/runtime/client.mjs
Code generation for chunk item errored
An error occurred while generating the chunk item [project]/node_modules/@prisma/client/runtime/client.mjs [app-client] (ecmascript) <locals>

Caused by:
- the chunking context (unknown) does not support external modules (request: node:module)

Debug info:
- An error occurred while generating the chunk item [project]/node_modules/@prisma/client/runtime/client.mjs [app-client] (ecmascript) <locals>
- Execution of <EcmascriptModuleLocalsModule as EcmascriptChunkPlaceable>::chunk_item_content failed
- Execution of *EcmascriptChunkItemContent::new failed
- Execution of EcmascriptModuleContent::new failed
- the chunking context (unknown) does not support external modules (request: node:module)

Import trace:
  Client Component Browser:
    ./node_modules/@prisma/client/runtime/client.mjs [Client Component Browser]
    ./app/generated/prisma/internal/prismaNamespace.ts [Client Component Browser]
    ./app/generated/prisma/client.ts [Client Component Browser]
    ./lib/prisma.ts [Client Component Browser]
    ./lib/cleanup.ts [Client Component Browser]
    ./app/(manager)/settings/page.tsx [Client Component Browser]
    ./app/(manager)/settings/page.tsx [Server Component] @ http://localhost:3000/_next/static/chunks/node_modules_next_dist_0u_w_5s._.js:1945
[    3889ms] [ERROR] ./node_modules/@prisma/client/runtime/client.mjs
Code generation for chunk item errored
An error occurred while generating the chunk item [project]/node_modules/@prisma/client/runtime/client.mjs [app-client] (ecmascript) <locals>

Caused by:
- the chunking context (unknown) does not support external modules (request: node:module)

Debug info:
- An error occurred while generating the chunk item [project]/node_modules/@prisma/client/runtime/client.mjs [app-client] (ecmascript) <locals>
- Execution of <EcmascriptModuleLocalsModule as EcmascriptChunkPlaceable>::chunk_item_content failed
- Execution of *EcmascriptChunkItemContent::new failed
- Execution of EcmascriptModuleContent::new failed
- the chunking context (unknown) does not support external modules (request: node:module)

Import trace:
  Client Component Browser:
    ./node_modules/@prisma/client/runtime/client.mjs [Client Component Browser]
    ./app/generated/prisma/internal/prismaNamespace.ts [Client Component Browser]
    ./app/generated/prisma/client.ts [Client Component Browser]
    ./lib/prisma.ts [Client Component Browser]
    ./lib/cleanup.ts [Client Component Browser]
    ./app/(manager)/settings/page.tsx [Client Component Browser]
    ./app/(manager)/settings/page.tsx [Server Component] @ http://localhost:3000/_next/static/chunks/node_modules_next_dist_0u_w_5s._.js:1945
[    3939ms] [ERROR] ./node_modules/@prisma/client/runtime/client.mjs
Code generation for chunk item errored
An error occurred while generating the chunk item [project]/node_modules/@prisma/client/runtime/client.mjs [app-client] (ecmascript) <locals>

Caused by:
- the chunking context (unknown) does not support external modules (request: node:module)

Debug info:
- An error occurred while generating the chunk item [project]/node_modules/@prisma/client/runtime/client.mjs [app-client] (ecmascript) <locals>
- Execution of <EcmascriptModuleLocalsModule as EcmascriptChunkPlaceable>::chunk_item_content failed
- Execution of *EcmascriptChunkItemContent::new failed
- Execution of EcmascriptModuleContent::new failed
- the chunking context (unknown) does not support external modules (request: node:module)

Import trace:
  Client Component Browser:
    ./node_modules/@prisma/client/runtime/client.mjs [Client Component Browser]
    ./app/generated/prisma/internal/prismaNamespace.ts [Client Component Browser]
    ./app/generated/prisma/client.ts [Client Component Browser]
    ./lib/prisma.ts [Client Component Browser]
    ./lib/cleanup.ts [Client Component Browser]
    ./app/(manager)/settings/page.tsx [Client Component Browser]
    ./app/(manager)/settings/page.tsx [Server Component] @ http://localhost:3000/_next/static/chunks/node_modules_next_dist_0u_w_5s._.js:1945
[    3990ms] [ERROR] ./node_modules/@prisma/client/runtime/client.mjs
Code generation for chunk item errored
An error occurred while generating the chunk item [project]/node_modules/@prisma/client/runtime/client.mjs [app-client] (ecmascript) <locals>

Caused by:
- the chunking context (unknown) does not support external modules (request: node:module)

Debug info:
- An error occurred while generating the chunk item [project]/node_modules/@prisma/client/runtime/client.mjs [app-client] (ecmascript) <locals>
- Execution of <EcmascriptModuleLocalsModule as EcmascriptChunkPlaceable>::chunk_item_content failed
- Execution of *EcmascriptChunkItemContent::new failed
- Execution of EcmascriptModuleContent::new failed
- the chunking context (unknown) does not support external modules (request: node:module)

Import trace:
  Client Component Browser:
    ./node_modules/@prisma/client/runtime/client.mjs [Client Component Browser]
    ./app/generated/prisma/internal/prismaNamespace.ts [Client Component Browser]
    ./app/generated/prisma/client.ts [Client Component Browser]
    ./lib/prisma.ts [Client Component Browser]
    ./lib/cleanup.ts [Client Component Browser]
    ./app/(manager)/settings/page.tsx [Client Component Browser]
    ./app/(manager)/settings/page.tsx [Server Component] @ http://localhost:3000/_next/static/chunks/node_modules_next_dist_0u_w_5s._.js:1945
[    4042ms] [ERROR] ./node_modules/@prisma/client/runtime/client.mjs
Code generation for chunk item errored
An error occurred while generating the chunk item [project]/node_modules/@prisma/client/runtime/client.mjs [app-client] (ecmascript) <locals>

Caused by:
- the chunking context (unknown) does not support external modules (request: node:module)

Debug info:
- An error occurred while generating the chunk item [project]/node_modules/@prisma/client/runtime/client.mjs [app-client] (ecmascript) <locals>
- Execution of <EcmascriptModuleLocalsModule as EcmascriptChunkPlaceable>::chunk_item_content failed
- Execution of *EcmascriptChunkItemContent::new failed
- Execution of EcmascriptModuleContent::new failed
- the chunking context (unknown) does not support external modules (request: node:module)

Import trace:
  Client Component Browser:
    ./node_modules/@prisma/client/runtime/client.mjs [Client Component Browser]
    ./app/generated/prisma/internal/prismaNamespace.ts [Client Component Browser]
    ./app/generated/prisma/client.ts [Client Component Browser]
    ./lib/prisma.ts [Client Component Browser]
    ./lib/cleanup.ts [Client Component Browser]
    ./app/(manager)/settings/page.tsx [Client Component Browser]
    ./app/(manager)/settings/page.tsx [Server Component] @ http://localhost:3000/_next/static/chunks/node_modules_next_dist_0u_w_5s._.js:1945
[    4094ms] [ERROR] ./node_modules/@prisma/client/runtime/client.mjs
Code generation for chunk item errored
An error occurred while generating the chunk item [project]/node_modules/@prisma/client/runtime/client.mjs [app-client] (ecmascript) <locals>

Caused by:
- the chunking context (unknown) does not support external modules (request: node:module)

Debug info:
- An error occurred while generating the chunk item [project]/node_modules/@prisma/client/runtime/client.mjs [app-client] (ecmascript) <locals>
- Execution of <EcmascriptModuleLocalsModule as EcmascriptChunkPlaceable>::chunk_item_content failed
- Execution of *EcmascriptChunkItemContent::new failed
- Execution of EcmascriptModuleContent::new failed
- the chunking context (unknown) does not support external modules (request: node:module)

Import trace:
  Client Component Browser:
    ./node_modules/@prisma/client/runtime/client.mjs [Client Component Browser]
    ./app/generated/prisma/internal/prismaNamespace.ts [Client Component Browser]
    ./app/generated/prisma/client.ts [Client Component Browser]
    ./lib/prisma.ts [Client Component Browser]
    ./lib/cleanup.ts [Client Component Browser]
    ./app/(manager)/settings/page.tsx [Client Component Browser]
    ./app/(manager)/settings/page.tsx [Server Component] @ http://localhost:3000/_next/static/chunks/node_modules_next_dist_0u_w_5s._.js:1945
[    4147ms] [ERROR] ./node_modules/@prisma/client/runtime/client.mjs
Code generation for chunk item errored
An error occurred while generating the chunk item [project]/node_modules/@prisma/client/runtime/client.mjs [app-client] (ecmascript) <locals>

Caused by:
- the chunking context (unknown) does not support external modules (request: node:module)

Debug info:
- An error occurred while generating the chunk item [project]/node_modules/@prisma/client/runtime/client.mjs [app-client] (ecmascript) <locals>
- Execution of <EcmascriptModuleLocalsModule as EcmascriptChunkPlaceable>::chunk_item_content failed
- Execution of *EcmascriptChunkItemContent::new failed
- Execution of EcmascriptModuleContent::new failed
- the chunking context (unknown) does not support external modules (request: node:module)

Import trace:
  Client Component Browser:
    ./node_modules/@prisma/client/runtime/client.mjs [Client Component Browser]
    ./app/generated/prisma/internal/prismaNamespace.ts [Client Component Browser]
    ./app/generated/prisma/client.ts [Client Component Browser]
    ./lib/prisma.ts [Client Component Browser]
    ./lib/cleanup.ts [Client Component Browser]
    ./app/(manager)/settings/page.tsx [Client Component Browser]
    ./app/(manager)/settings/page.tsx [Server Component] @ http://localhost:3000/_next/static/chunks/node_modules_next_dist_0u_w_5s._.js:1945
[    4198ms] [ERROR] ./node_modules/@prisma/client/runtime/client.mjs
Code generation for chunk item errored
An error occurred while generating the chunk item [project]/node_modules/@prisma/client/runtime/client.mjs [app-client] (ecmascript) <locals>

Caused by:
- the chunking context (unknown) does not support external modules (request: node:module)

Debug info:
- An error occurred while generating the chunk item [project]/node_modules/@prisma/client/runtime/client.mjs [app-client] (ecmascript) <locals>
- Execution of <EcmascriptModuleLocalsModule as EcmascriptChunkPlaceable>::chunk_item_content failed
- Execution of *EcmascriptChunkItemContent::new failed
- Execution of EcmascriptModuleContent::new failed
- the chunking context (unknown) does not support external modules (request: node:module)

Import trace:
  Client Component Browser:
    ./node_modules/@prisma/client/runtime/client.mjs [Client Component Browser]
    ./app/generated/prisma/internal/prismaNamespace.ts [Client Component Browser]
    ./app/generated/prisma/client.ts [Client Component Browser]
    ./lib/prisma.ts [Client Component Browser]
    ./lib/cleanup.ts [Client Component Browser]
    ./app/(manager)/settings/page.tsx [Client Component Browser]
    ./app/(manager)/settings/page.tsx [Server Component] @ http://localhost:3000/_next/static/chunks/node_modules_next_dist_0u_w_5s._.js:1945
[    4250ms] [ERROR] ./node_modules/@prisma/client/runtime/client.mjs
Code generation for chunk item errored
An error occurred while generating the chunk item [project]/node_modules/@prisma/client/runtime/client.mjs [app-client] (ecmascript) <locals>

Caused by:
- the chunking context (unknown) does not support external modules (request: node:module)

Debug info:
- An error occurred while generating the chunk item [project]/node_modules/@prisma/client/runtime/client.mjs [app-client] (ecmascript) <locals>
- Execution of <EcmascriptModuleLocalsModule as EcmascriptChunkPlaceable>::chunk_item_content failed
- Execution of *EcmascriptChunkItemContent::new failed
- Execution of EcmascriptModuleContent::new failed
- the chunking context (unknown) does not support external modules (request: node:module)

Import trace:
  Client Component Browser:
    ./node_modules/@prisma/client/runtime/client.mjs [Client Component Browser]
    ./app/generated/prisma/internal/prismaNamespace.ts [Client Component Browser]
    ./app/generated/prisma/client.ts [Client Component Browser]
    ./lib/prisma.ts [Client Component Browser]
    ./lib/cleanup.ts [Client Component Browser]
    ./app/(manager)/settings/page.tsx [Client Component Browser]
    ./app/(manager)/settings/page.tsx [Server Component] @ http://localhost:3000/_next/static/chunks/node_modules_next_dist_0u_w_5s._.js:1945
[    4301ms] [ERROR] ./node_modules/@prisma/client/runtime/client.mjs
Code generation for chunk item errored
An error occurred while generating the chunk item [project]/node_modules/@prisma/client/runtime/client.mjs [app-client] (ecmascript) <locals>

Caused by:
- the chunking context (unknown) does not support external modules (request: node:module)

Debug info:
- An error occurred while generating the chunk item [project]/node_modules/@prisma/client/runtime/client.mjs [app-client] (ecmascript) <locals>
- Execution of <EcmascriptModuleLocalsModule as EcmascriptChunkPlaceable>::chunk_item_content failed
- Execution of *EcmascriptChunkItemContent::new failed
- Execution of EcmascriptModuleContent::new failed
- the chunking context (unknown) does not support external modules (request: node:module)

Import trace:
  Client Component Browser:
    ./node_modules/@prisma/client/runtime/client.mjs [Client Component Browser]
    ./app/generated/prisma/internal/prismaNamespace.ts [Client Component Browser]
    ./app/generated/prisma/client.ts [Client Component Browser]
    ./lib/prisma.ts [Client Component Browser]
    ./lib/cleanup.ts [Client Component Browser]
    ./app/(manager)/settings/page.tsx [Client Component Browser]
    ./app/(manager)/settings/page.tsx [Server Component] @ http://localhost:3000/_next/static/chunks/node_modules_next_dist_0u_w_5s._.js:1945
[    4353ms] [ERROR] ./node_modules/@prisma/client/runtime/client.mjs
Code generation for chunk item errored
An error occurred while generating the chunk item [project]/node_modules/@prisma/client/runtime/client.mjs [app-client] (ecmascript) <locals>

Caused by:
- the chunking context (unknown) does not support external modules (request: node:module)

Debug info:
- An error occurred while generating the chunk item [project]/node_modules/@prisma/client/runtime/client.mjs [app-client] (ecmascript) <locals>
- Execution of <EcmascriptModuleLocalsModule as EcmascriptChunkPlaceable>::chunk_item_content failed
- Execution of *EcmascriptChunkItemContent::new failed
- Execution of EcmascriptModuleContent::new failed
- the chunking context (unknown) does not support external modules (request: node:module)

Import trace:
  Client Component Browser:
    ./node_modules/@prisma/client/runtime/client.mjs [Client Component Browser]
    ./app/generated/prisma/internal/prismaNamespace.ts [Client Component Browser]
    ./app/generated/prisma/client.ts [Client Component Browser]
    ./lib/prisma.ts [Client Component Browser]
    ./lib/cleanup.ts [Client Component Browser]
    ./app/(manager)/settings/page.tsx [Client Component Browser]
    ./app/(manager)/settings/page.tsx [Server Component] @ http://localhost:3000/_next/static/chunks/node_modules_next_dist_0u_w_5s._.js:1945
[    4405ms] [ERROR] ./node_modules/@prisma/client/runtime/client.mjs
Code generation for chunk item errored
An error occurred while generating the chunk item [project]/node_modules/@prisma/client/runtime/client.mjs [app-client] (ecmascript) <locals>

Caused by:
- the chunking context (unknown) does not support external modules (request: node:module)

Debug info:
- An error occurred while generating the chunk item [project]/node_modules/@prisma/client/runtime/client.mjs [app-client] (ecmascript) <locals>
- Execution of <EcmascriptModuleLocalsModule as EcmascriptChunkPlaceable>::chunk_item_content failed
- Execution of *EcmascriptChunkItemContent::new failed
- Execution of EcmascriptModuleContent::new failed
- the chunking context (unknown) does not support external modules (request: node:module)

Import trace:
  Client Component Browser:
    ./node_modules/@prisma/client/runtime/client.mjs [Client Component Browser]
    ./app/generated/prisma/internal/prismaNamespace.ts [Client Component Browser]
    ./app/generated/prisma/client.ts [Client Component Browser]
    ./lib/prisma.ts [Client Component Browser]
    ./lib/cleanup.ts [Client Component Browser]
    ./app/(manager)/settings/page.tsx [Client Component Browser]
    ./app/(manager)/settings/page.tsx [Server Component] @ http://localhost:3000/_next/static/chunks/node_modules_next_dist_0u_w_5s._.js:1945
[    4458ms] [ERROR] ./node_modules/@prisma/client/runtime/client.mjs
Code generation for chunk item errored
An error occurred while generating the chunk item [project]/node_modules/@prisma/client/runtime/client.mjs [app-client] (ecmascript) <locals>

Caused by:
- the chunking context (unknown) does not support external modules (request: node:module)

Debug info:
- An error occurred while generating the chunk item [project]/node_modules/@prisma/client/runtime/client.mjs [app-client] (ecmascript) <locals>
- Execution of <EcmascriptModuleLocalsModule as EcmascriptChunkPlaceable>::chunk_item_content failed
- Execution of *EcmascriptChunkItemContent::new failed
- Execution of EcmascriptModuleContent::new failed
- the chunking context (unknown) does not support external modules (request: node:module)

Import trace:
  Client Component Browser:
    ./node_modules/@prisma/client/runtime/client.mjs [Client Component Browser]
    ./app/generated/prisma/internal/prismaNamespace.ts [Client Component Browser]
    ./app/generated/prisma/client.ts [Client Component Browser]
    ./lib/prisma.ts [Client Component Browser]
    ./lib/cleanup.ts [Client Component Browser]
    ./app/(manager)/settings/page.tsx [Client Component Browser]
    ./app/(manager)/settings/page.tsx [Server Component] @ http://localhost:3000/_next/static/chunks/node_modules_next_dist_0u_w_5s._.js:1945
[    4511ms] [ERROR] ./node_modules/@prisma/client/runtime/client.mjs
Code generation for chunk item errored
An error occurred while generating the chunk item [project]/node_modules/@prisma/client/runtime/client.mjs [app-client] (ecmascript) <locals>

Caused by:
- the chunking context (unknown) does not support external modules (request: node:module)

Debug info:
- An error occurred while generating the chunk item [project]/node_modules/@prisma/client/runtime/client.mjs [app-client] (ecmascript) <locals>
- Execution of <EcmascriptModuleLocalsModule as EcmascriptChunkPlaceable>::chunk_item_content failed
- Execution of *EcmascriptChunkItemContent::new failed
- Execution of EcmascriptModuleContent::new failed
- the chunking context (unknown) does not support external modules (request: node:module)

Import trace:
  Client Component Browser:
    ./node_modules/@prisma/client/runtime/client.mjs [Client Component Browser]
    ./app/generated/prisma/internal/prismaNamespace.ts [Client Component Browser]
    ./app/generated/prisma/client.ts [Client Component Browser]
    ./lib/prisma.ts [Client Component Browser]
    ./lib/cleanup.ts [Client Component Browser]
    ./app/(manager)/settings/page.tsx [Client Component Browser]
    ./app/(manager)/settings/page.tsx [Server Component] @ http://localhost:3000/_next/static/chunks/node_modules_next_dist_0u_w_5s._.js:1945
[    4563ms] [ERROR] ./node_modules/@prisma/client/runtime/client.mjs
Code generation for chunk item errored
An error occurred while generating the chunk item [project]/node_modules/@prisma/client/runtime/client.mjs [app-client] (ecmascript) <locals>

Caused by:
- the chunking context (unknown) does not support external modules (request: node:module)

Debug info:
- An error occurred while generating the chunk item [project]/node_modules/@prisma/client/runtime/client.mjs [app-client] (ecmascript) <locals>
- Execution of <EcmascriptModuleLocalsModule as EcmascriptChunkPlaceable>::chunk_item_content failed
- Execution of *EcmascriptChunkItemContent::new failed
- Execution of EcmascriptModuleContent::new failed
- the chunking context (unknown) does not support external modules (request: node:module)

Import trace:
  Client Component Browser:
    ./node_modules/@prisma/client/runtime/client.mjs [Client Component Browser]
    ./app/generated/prisma/internal/prismaNamespace.ts [Client Component Browser]
    ./app/generated/prisma/client.ts [Client Component Browser]
    ./lib/prisma.ts [Client Component Browser]
    ./lib/cleanup.ts [Client Component Browser]
    ./app/(manager)/settings/page.tsx [Client Component Browser]
    ./app/(manager)/settings/page.tsx [Server Component] @ http://localhost:3000/_next/static/chunks/node_modules_next_dist_0u_w_5s._.js:1945
[    4621ms] [ERROR] ./node_modules/@prisma/client/runtime/client.mjs
Code generation for chunk item errored
An error occurred while generating the chunk item [project]/node_modules/@prisma/client/runtime/client.mjs [app-client] (ecmascript) <locals>

Caused by:
- the chunking context (unknown) does not support external modules (request: node:module)

Debug info:
- An error occurred while generating the chunk item [project]/node_modules/@prisma/client/runtime/client.mjs [app-client] (ecmascript) <locals>
- Execution of <EcmascriptModuleLocalsModule as EcmascriptChunkPlaceable>::chunk_item_content failed
- Execution of *EcmascriptChunkItemContent::new failed
- Execution of EcmascriptModuleContent::new failed
- the chunking context (unknown) does not support external modules (request: node:module)

Import trace:
  Client Component Browser:
    ./node_modules/@prisma/client/runtime/client.mjs [Client Component Browser]
    ./app/generated/prisma/internal/prismaNamespace.ts [Client Component Browser]
    ./app/generated/prisma/client.ts [Client Component Browser]
    ./lib/prisma.ts [Client Component Browser]
    ./lib/cleanup.ts [Client Component Browser]
    ./app/(manager)/settings/page.tsx [Client Component Browser]
    ./app/(manager)/settings/page.tsx [Server Component] @ http://localhost:3000/_next/static/chunks/node_modules_next_dist_0u_w_5s._.js:1945
[    4677ms] [ERROR] ./node_modules/@prisma/client/runtime/client.mjs
Code generation for chunk item errored
An error occurred while generating the chunk item [project]/node_modules/@prisma/client/runtime/client.mjs [app-client] (ecmascript) <locals>

Caused by:
- the chunking context (unknown) does not support external modules (request: node:module)

Debug info:
- An error occurred while generating the chunk item [project]/node_modules/@prisma/client/runtime/client.mjs [app-client] (ecmascript) <locals>
- Execution of <EcmascriptModuleLocalsModule as EcmascriptChunkPlaceable>::chunk_item_content failed
- Execution of *EcmascriptChunkItemContent::new failed
- Execution of EcmascriptModuleContent::new failed
- the chunking context (unknown) does not support external modules (request: node:module)

Import trace:
  Client Component Browser:
    ./node_modules/@prisma/client/runtime/client.mjs [Client Component Browser]
    ./app/generated/prisma/internal/prismaNamespace.ts [Client Component Browser]
    ./app/generated/prisma/client.ts [Client Component Browser]
    ./lib/prisma.ts [Client Component Browser]
    ./lib/cleanup.ts [Client Component Browser]
    ./app/(manager)/settings/page.tsx [Client Component Browser]
    ./app/(manager)/settings/page.tsx [Server Component] @ http://localhost:3000/_next/static/chunks/node_modules_next_dist_0u_w_5s._.js:1945
[    4731ms] [ERROR] ./node_modules/@prisma/client/runtime/client.mjs
Code generation for chunk item errored
An error occurred while generating the chunk item [project]/node_modules/@prisma/client/runtime/client.mjs [app-client] (ecmascript) <locals>

Caused by:
- the chunking context (unknown) does not support external modules (request: node:module)

Debug info:
- An error occurred while generating the chunk item [project]/node_modules/@prisma/client/runtime/client.mjs [app-client] (ecmascript) <locals>
- Execution of <EcmascriptModuleLocalsModule as EcmascriptChunkPlaceable>::chunk_item_content failed
- Execution of *EcmascriptChunkItemContent::new failed
- Execution of EcmascriptModuleContent::new failed
- the chunking context (unknown) does not support external modules (request: node:module)

Import trace:
  Client Component Browser:
    ./node_modules/@prisma/client/runtime/client.mjs [Client Component Browser]
    ./app/generated/prisma/internal/prismaNamespace.ts [Client Component Browser]
    ./app/generated/prisma/client.ts [Client Component Browser]
    ./lib/prisma.ts [Client Component Browser]
    ./lib/cleanup.ts [Client Component Browser]
    ./app/(manager)/settings/page.tsx [Client Component Browser]
    ./app/(manager)/settings/page.tsx [Server Component] @ http://localhost:3000/_next/static/chunks/node_modules_next_dist_0u_w_5s._.js:1945
[    4791ms] [ERROR] ./node_modules/@prisma/client/runtime/client.mjs
Code generation for chunk item errored
An error occurred while generating the chunk item [project]/node_modules/@prisma/client/runtime/client.mjs [app-client] (ecmascript) <locals>

Caused by:
- the chunking context (unknown) does not support external modules (request: node:module)

Debug info:
- An error occurred while generating the chunk item [project]/node_modules/@prisma/client/runtime/client.mjs [app-client] (ecmascript) <locals>
- Execution of <EcmascriptModuleLocalsModule as EcmascriptChunkPlaceable>::chunk_item_content failed
- Execution of *EcmascriptChunkItemContent::new failed
- Execution of EcmascriptModuleContent::new failed
- the chunking context (unknown) does not support external modules (request: node:module)

Import trace:
  Client Component Browser:
    ./node_modules/@prisma/client/runtime/client.mjs [Client Component Browser]
    ./app/generated/prisma/internal/prismaNamespace.ts [Client Component Browser]
    ./app/generated/prisma/client.ts [Client Component Browser]
    ./lib/prisma.ts [Client Component Browser]
    ./lib/cleanup.ts [Client Component Browser]
    ./app/(manager)/settings/page.tsx [Client Component Browser]
    ./app/(manager)/settings/page.tsx [Server Component] @ http://localhost:3000/_next/static/chunks/node_modules_next_dist_0u_w_5s._.js:1945
[    4844ms] [ERROR] ./node_modules/@prisma/client/runtime/client.mjs
Code generation for chunk item errored
An error occurred while generating the chunk item [project]/node_modules/@prisma/client/runtime/client.mjs [app-client] (ecmascript) <locals>

Caused by:
- the chunking context (unknown) does not support external modules (request: node:module)

Debug info:
- An error occurred while generating the chunk item [project]/node_modules/@prisma/client/runtime/client.mjs [app-client] (ecmascript) <locals>
- Execution of <EcmascriptModuleLocalsModule as EcmascriptChunkPlaceable>::chunk_item_content failed
- Execution of *EcmascriptChunkItemContent::new failed
- Execution of EcmascriptModuleContent::new failed
- the chunking context (unknown) does not support external modules (request: node:module)

Import trace:
  Client Component Browser:
    ./node_modules/@prisma/client/runtime/client.mjs [Client Component Browser]
    ./app/generated/prisma/internal/prismaNamespace.ts [Client Component Browser]
    ./app/generated/prisma/client.ts [Client Component Browser]
    ./lib/prisma.ts [Client Component Browser]
    ./lib/cleanup.ts [Client Component Browser]
    ./app/(manager)/settings/page.tsx [Client Component Browser]
    ./app/(manager)/settings/page.tsx [Server Component] @ http://localhost:3000/_next/static/chunks/node_modules_next_dist_0u_w_5s._.js:1945
[    4900ms] [ERROR] ./node_modules/@prisma/client/runtime/client.mjs
Code generation for chunk item errored
An error occurred while generating the chunk item [project]/node_modules/@prisma/client/runtime/client.mjs [app-client] (ecmascript) <locals>

Caused by:
- the chunking context (unknown) does not support external modules (request: node:module)

Debug info:
- An error occurred while generating the chunk item [project]/node_modules/@prisma/client/runtime/client.mjs [app-client] (ecmascript) <locals>
- Execution of <EcmascriptModuleLocalsModule as EcmascriptChunkPlaceable>::chunk_item_content failed
- Execution of *EcmascriptChunkItemContent::new failed
- Execution of EcmascriptModuleContent::new failed
- the chunking context (unknown) does not support external modules (request: node:module)

Import trace:
  Client Component Browser:
    ./node_modules/@prisma/client/runtime/client.mjs [Client Component Browser]
    ./app/generated/prisma/internal/prismaNamespace.ts [Client Component Browser]
    ./app/generated/prisma/client.ts [Client Component Browser]
    ./lib/prisma.ts [Client Component Browser]
    ./lib/cleanup.ts [Client Component Browser]
    ./app/(manager)/settings/page.tsx [Client Component Browser]
    ./app/(manager)/settings/page.tsx [Server Component] @ http://localhost:3000/_next/static/chunks/node_modules_next_dist_0u_w_5s._.js:1945
[    4955ms] [ERROR] ./node_modules/@prisma/client/runtime/client.mjs
Code generation for chunk item errored
An error occurred while generating the chunk item [project]/node_modules/@prisma/client/runtime/client.mjs [app-client] (ecmascript) <locals>

Caused by:
- the chunking context (unknown) does not support external modules (request: node:module)

Debug info:
- An error occurred while generating the chunk item [project]/node_modules/@prisma/client/runtime/client.mjs [app-client] (ecmascript) <locals>
- Execution of <EcmascriptModuleLocalsModule as EcmascriptChunkPlaceable>::chunk_item_content failed
- Execution of *EcmascriptChunkItemContent::new failed
- Execution of EcmascriptModuleContent::new failed
- the chunking context (unknown) does not support external modules (request: node:module)

Import trace:
  Client Component Browser:
    ./node_modules/@prisma/client/runtime/client.mjs [Client Component Browser]
    ./app/generated/prisma/internal/prismaNamespace.ts [Client Component Browser]
    ./app/generated/prisma/client.ts [Client Component Browser]
    ./lib/prisma.ts [Client Component Browser]
    ./lib/cleanup.ts [Client Component Browser]
    ./app/(manager)/settings/page.tsx [Client Component Browser]
    ./app/(manager)/settings/page.tsx [Server Component] @ http://localhost:3000/_next/static/chunks/node_modules_next_dist_0u_w_5s._.js:1945
[    5012ms] [ERROR] ./node_modules/@prisma/client/runtime/client.mjs
Code generation for chunk item errored
An error occurred while generating the chunk item [project]/node_modules/@prisma/client/runtime/client.mjs [app-client] (ecmascript) <locals>

Caused by:
- the chunking context (unknown) does not support external modules (request: node:module)

Debug info:
- An error occurred while generating the chunk item [project]/node_modules/@prisma/client/runtime/client.mjs [app-client] (ecmascript) <locals>
- Execution of <EcmascriptModuleLocalsModule as EcmascriptChunkPlaceable>::chunk_item_content failed
- Execution of *EcmascriptChunkItemContent::new failed
- Execution of EcmascriptModuleContent::new failed
- the chunking context (unknown) does not support external modules (request: node:module)

Import trace:
  Client Component Browser:
    ./node_modules/@prisma/client/runtime/client.mjs [Client Component Browser]
    ./app/generated/prisma/internal/prismaNamespace.ts [Client Component Browser]
    ./app/generated/prisma/client.ts [Client Component Browser]
    ./lib/prisma.ts [Client Component Browser]
    ./lib/cleanup.ts [Client Component Browser]
    ./app/(manager)/settings/page.tsx [Client Component Browser]
    ./app/(manager)/settings/page.tsx [Server Component] @ http://localhost:3000/_next/static/chunks/node_modules_next_dist_0u_w_5s._.js:1945
[    5072ms] [ERROR] ./node_modules/@prisma/client/runtime/client.mjs
Code generation for chunk item errored
An error occurred while generating the chunk item [project]/node_modules/@prisma/client/runtime/client.mjs [app-client] (ecmascript) <locals>

Caused by:
- the chunking context (unknown) does not support external modules (request: node:module)

Debug info:
- An error occurred while generating the chunk item [project]/node_modules/@prisma/client/runtime/client.mjs [app-client] (ecmascript) <locals>
- Execution of <EcmascriptModuleLocalsModule as EcmascriptChunkPlaceable>::chunk_item_content failed
- Execution of *EcmascriptChunkItemContent::new failed
- Execution of EcmascriptModuleContent::new failed
- the chunking context (unknown) does not support external modules (request: node:module)

Import trace:
  Client Component Browser:
    ./node_modules/@prisma/client/runtime/client.mjs [Client Component Browser]
    ./app/generated/prisma/internal/prismaNamespace.ts [Client Component Browser]
    ./app/generated/prisma/client.ts [Client Component Browser]
    ./lib/prisma.ts [Client Component Browser]
    ./lib/cleanup.ts [Client Component Browser]
    ./app/(manager)/settings/page.tsx [Client Component Browser]
    ./app/(manager)/settings/page.tsx [Server Component] @ http://localhost:3000/_next/static/chunks/node_modules_next_dist_0u_w_5s._.js:1945
[    5124ms] [ERROR] ./node_modules/@prisma/client/runtime/client.mjs
Code generation for chunk item errored
An error occurred while generating the chunk item [project]/node_modules/@prisma/client/runtime/client.mjs [app-client] (ecmascript) <locals>

Caused by:
- the chunking context (unknown) does not support external modules (request: node:module)

Debug info:
- An error occurred while generating the chunk item [project]/node_modules/@prisma/client/runtime/client.mjs [app-client] (ecmascript) <locals>
- Execution of <EcmascriptModuleLocalsModule as EcmascriptChunkPlaceable>::chunk_item_content failed
- Execution of *EcmascriptChunkItemContent::new failed
- Execution of EcmascriptModuleContent::new failed
- the chunking context (unknown) does not support external modules (request: node:module)

Import trace:
  Client Component Browser:
    ./node_modules/@prisma/client/runtime/client.mjs [Client Component Browser]
    ./app/generated/prisma/internal/prismaNamespace.ts [Client Component Browser]
    ./app/generated/prisma/client.ts [Client Component Browser]
    ./lib/prisma.ts [Client Component Browser]
    ./lib/cleanup.ts [Client Component Browser]
    ./app/(manager)/settings/page.tsx [Client Component Browser]
    ./app/(manager)/settings/page.tsx [Server Component] @ http://localhost:3000/_next/static/chunks/node_modules_next_dist_0u_w_5s._.js:1945
[    5179ms] [ERROR] ./node_modules/@prisma/client/runtime/client.mjs
Code generation for chunk item errored
An error occurred while generating the chunk item [project]/node_modules/@prisma/client/runtime/client.mjs [app-client] (ecmascript) <locals>

Caused by:
- the chunking context (unknown) does not support external modules (request: node:module)

Debug info:
- An error occurred while generating the chunk item [project]/node_modules/@prisma/client/runtime/client.mjs [app-client] (ecmascript) <locals>
- Execution of <EcmascriptModuleLocalsModule as EcmascriptChunkPlaceable>::chunk_item_content failed
- Execution of *EcmascriptChunkItemContent::new failed
- Execution of EcmascriptModuleContent::new failed
- the chunking context (unknown) does not support external modules (request: node:module)

Import trace:
  Client Component Browser:
    ./node_modules/@prisma/client/runtime/client.mjs [Client Component Browser]
    ./app/generated/prisma/internal/prismaNamespace.ts [Client Component Browser]
    ./app/generated/prisma/client.ts [Client Component Browser]
    ./lib/prisma.ts [Client Component Browser]
    ./lib/cleanup.ts [Client Component Browser]
    ./app/(manager)/settings/page.tsx [Client Component Browser]
    ./app/(manager)/settings/page.tsx [Server Component] @ http://localhost:3000/_next/static/chunks/node_modules_next_dist_0u_w_5s._.js:1945
[    5237ms] [ERROR] ./node_modules/@prisma/client/runtime/client.mjs
Code generation for chunk item errored
An error occurred while generating the chunk item [project]/node_modules/@prisma/client/runtime/client.mjs [app-client] (ecmascript) <locals>

Caused by:
- the chunking context (unknown) does not support external modules (request: node:module)

Debug info:
- An error occurred while generating the chunk item [project]/node_modules/@prisma/client/runtime/client.mjs [app-client] (ecmascript) <locals>
- Execution of <EcmascriptModuleLocalsModule as EcmascriptChunkPlaceable>::chunk_item_content failed
- Execution of *EcmascriptChunkItemContent::new failed
- Execution of EcmascriptModuleContent::new failed
- the chunking context (unknown) does not support external modules (request: node:module)

Import trace:
  Client Component Browser:
    ./node_modules/@prisma/client/runtime/client.mjs [Client Component Browser]
    ./app/generated/prisma/internal/prismaNamespace.ts [Client Component Browser]
    ./app/generated/prisma/client.ts [Client Component Browser]
    ./lib/prisma.ts [Client Component Browser]
    ./lib/cleanup.ts [Client Component Browser]
    ./app/(manager)/settings/page.tsx [Client Component Browser]
    ./app/(manager)/settings/page.tsx [Server Component] @ http://localhost:3000/_next/static/chunks/node_modules_next_dist_0u_w_5s._.js:1945
[    5290ms] [ERROR] ./node_modules/@prisma/client/runtime/client.mjs
Code generation for chunk item errored
An error occurred while generating the chunk item [project]/node_modules/@prisma/client/runtime/client.mjs [app-client] (ecmascript) <locals>

Caused by:
- the chunking context (unknown) does not support external modules (request: node:module)

Debug info:
- An error occurred while generating the chunk item [project]/node_modules/@prisma/client/runtime/client.mjs [app-client] (ecmascript) <locals>
- Execution of <EcmascriptModuleLocalsModule as EcmascriptChunkPlaceable>::chunk_item_content failed
- Execution of *EcmascriptChunkItemContent::new failed
- Execution of EcmascriptModuleContent::new failed
- the chunking context (unknown) does not support external modules (request: node:module)

Import trace:
  Client Component Browser:
    ./node_modules/@prisma/client/runtime/client.mjs [Client Component Browser]
    ./app/generated/prisma/internal/prismaNamespace.ts [Client Component Browser]
    ./app/generated/prisma/client.ts [Client Component Browser]
    ./lib/prisma.ts [Client Component Browser]
    ./lib/cleanup.ts [Client Component Browser]
    ./app/(manager)/settings/page.tsx [Client Component Browser]
    ./app/(manager)/settings/page.tsx [Server Component] @ http://localhost:3000/_next/static/chunks/node_modules_next_dist_0u_w_5s._.js:1945
[    5345ms] [ERROR] ./node_modules/@prisma/client/runtime/client.mjs
Code generation for chunk item errored
An error occurred while generating the chunk item [project]/node_modules/@prisma/client/runtime/client.mjs [app-client] (ecmascript) <locals>

Caused by:
- the chunking context (unknown) does not support external modules (request: node:module)

Debug info:
- An error occurred while generating the chunk item [project]/node_modules/@prisma/client/runtime/client.mjs [app-client] (ecmascript) <locals>
- Execution of <EcmascriptModuleLocalsModule as EcmascriptChunkPlaceable>::chunk_item_content failed
- Execution of *EcmascriptChunkItemContent::new failed
- Execution of EcmascriptModuleContent::new failed
- the chunking context (unknown) does not support external modules (request: node:module)

Import trace:
  Client Component Browser:
    ./node_modules/@prisma/client/runtime/client.mjs [Client Component Browser]
    ./app/generated/prisma/internal/prismaNamespace.ts [Client Component Browser]
    ./app/generated/prisma/client.ts [Client Component Browser]
    ./lib/prisma.ts [Client Component Browser]
    ./lib/cleanup.ts [Client Component Browser]
    ./app/(manager)/settings/page.tsx [Client Component Browser]
    ./app/(manager)/settings/page.tsx [Server Component] @ http://localhost:3000/_next/static/chunks/node_modules_next_dist_0u_w_5s._.js:1945
[    5401ms] [ERROR] ./node_modules/@prisma/client/runtime/client.mjs
Code generation for chunk item errored
An error occurred while generating the chunk item [project]/node_modules/@prisma/client/runtime/client.mjs [app-client] (ecmascript) <locals>

Caused by:
- the chunking context (unknown) does not support external modules (request: node:module)

Debug info:
- An error occurred while generating the chunk item [project]/node_modules/@prisma/client/runtime/client.mjs [app-client] (ecmascript) <locals>
- Execution of <EcmascriptModuleLocalsModule as EcmascriptChunkPlaceable>::chunk_item_content failed
- Execution of *EcmascriptChunkItemContent::new failed
- Execution of EcmascriptModuleContent::new failed
- the chunking context (unknown) does not support external modules (request: node:module)

Import trace:
  Client Component Browser:
    ./node_modules/@prisma/client/runtime/client.mjs [Client Component Browser]
    ./app/generated/prisma/internal/prismaNamespace.ts [Client Component Browser]
    ./app/generated/prisma/client.ts [Client Component Browser]
    ./lib/prisma.ts [Client Component Browser]
    ./lib/cleanup.ts [Client Component Browser]
    ./app/(manager)/settings/page.tsx [Client Component Browser]
    ./app/(manager)/settings/page.tsx [Server Component] @ http://localhost:3000/_next/static/chunks/node_modules_next_dist_0u_w_5s._.js:1945
[    5457ms] [ERROR] ./node_modules/@prisma/client/runtime/client.mjs
Code generation for chunk item errored
An error occurred while generating the chunk item [project]/node_modules/@prisma/client/runtime/client.mjs [app-client] (ecmascript) <locals>

Caused by:
- the chunking context (unknown) does not support external modules (request: node:module)

Debug info:
- An error occurred while generating the chunk item [project]/node_modules/@prisma/client/runtime/client.mjs [app-client] (ecmascript) <locals>
- Execution of <EcmascriptModuleLocalsModule as EcmascriptChunkPlaceable>::chunk_item_content failed
- Execution of *EcmascriptChunkItemContent::new failed
- Execution of EcmascriptModuleContent::new failed
- the chunking context (unknown) does not support external modules (request: node:module)

Import trace:
  Client Component Browser:
    ./node_modules/@prisma/client/runtime/client.mjs [Client Component Browser]
    ./app/generated/prisma/internal/prismaNamespace.ts [Client Component Browser]
    ./app/generated/prisma/client.ts [Client Component Browser]
    ./lib/prisma.ts [Client Component Browser]
    ./lib/cleanup.ts [Client Component Browser]
    ./app/(manager)/settings/page.tsx [Client Component Browser]
    ./app/(manager)/settings/page.tsx [Server Component] @ http://localhost:3000/_next/static/chunks/node_modules_next_dist_0u_w_5s._.js:1945
[    5510ms] [ERROR] ./node_modules/@prisma/client/runtime/client.mjs
Code generation for chunk item errored
An error occurred while generating the chunk item [project]/node_modules/@prisma/client/runtime/client.mjs [app-client] (ecmascript) <locals>

Caused by:
- the chunking context (unknown) does not support external modules (request: node:module)

Debug info:
- An error occurred while generating the chunk item [project]/node_modules/@prisma/client/runtime/client.mjs [app-client] (ecmascript) <locals>
- Execution of <EcmascriptModuleLocalsModule as EcmascriptChunkPlaceable>::chunk_item_content failed
- Execution of *EcmascriptChunkItemContent::new failed
- Execution of EcmascriptModuleContent::new failed
- the chunking context (unknown) does not support external modules (request: node:module)

Import trace:
  Client Component Browser:
    ./node_modules/@prisma/client/runtime/client.mjs [Client Component Browser]
    ./app/generated/prisma/internal/prismaNamespace.ts [Client Component Browser]
    ./app/generated/prisma/client.ts [Client Component Browser]
    ./lib/prisma.ts [Client Component Browser]
    ./lib/cleanup.ts [Client Component Browser]
    ./app/(manager)/settings/page.tsx [Client Component Browser]
    ./app/(manager)/settings/page.tsx [Server Component] @ http://localhost:3000/_next/static/chunks/node_modules_next_dist_0u_w_5s._.js:1945
[    5568ms] [ERROR] ./node_modules/@prisma/client/runtime/client.mjs
Code generation for chunk item errored
An error occurred while generating the chunk item [project]/node_modules/@prisma/client/runtime/client.mjs [app-client] (ecmascript) <locals>

Caused by:
- the chunking context (unknown) does not support external modules (request: node:module)

Debug info:
- An error occurred while generating the chunk item [project]/node_modules/@prisma/client/runtime/client.mjs [app-client] (ecmascript) <locals>
- Execution of <EcmascriptModuleLocalsModule as EcmascriptChunkPlaceable>::chunk_item_content failed
- Execution of *EcmascriptChunkItemContent::new failed
- Execution of EcmascriptModuleContent::new failed
- the chunking context (unknown) does not support external modules (request: node:module)

Import trace:
  Client Component Browser:
    ./node_modules/@prisma/client/runtime/client.mjs [Client Component Browser]
    ./app/generated/prisma/internal/prismaNamespace.ts [Client Component Browser]
    ./app/generated/prisma/client.ts [Client Component Browser]
    ./lib/prisma.ts [Client Component Browser]
    ./lib/cleanup.ts [Client Component Browser]
    ./app/(manager)/settings/page.tsx [Client Component Browser]
    ./app/(manager)/settings/page.tsx [Server Component] @ http://localhost:3000/_next/static/chunks/node_modules_next_dist_0u_w_5s._.js:1945
[    5627ms] [ERROR] ./node_modules/@prisma/client/runtime/client.mjs
Code generation for chunk item errored
An error occurred while generating the chunk item [project]/node_modules/@prisma/client/runtime/client.mjs [app-client] (ecmascript) <locals>

Caused by:
- the chunking context (unknown) does not support external modules (request: node:module)

Debug info:
- An error occurred while generating the chunk item [project]/node_modules/@prisma/client/runtime/client.mjs [app-client] (ecmascript) <locals>
- Execution of <EcmascriptModuleLocalsModule as EcmascriptChunkPlaceable>::chunk_item_content failed
- Execution of *EcmascriptChunkItemContent::new failed
- Execution of EcmascriptModuleContent::new failed
- the chunking context (unknown) does not support external modules (request: node:module)

Import trace:
  Client Component Browser:
    ./node_modules/@prisma/client/runtime/client.mjs [Client Component Browser]
    ./app/generated/prisma/internal/prismaNamespace.ts [Client Component Browser]
    ./app/generated/prisma/client.ts [Client Component Browser]
    ./lib/prisma.ts [Client Component Browser]
    ./lib/cleanup.ts [Client Component Browser]
    ./app/(manager)/settings/page.tsx [Client Component Browser]
    ./app/(manager)/settings/page.tsx [Server Component] @ http://localhost:3000/_next/static/chunks/node_modules_next_dist_0u_w_5s._.js:1945
[    5685ms] [ERROR] ./node_modules/@prisma/client/runtime/client.mjs
Code generation for chunk item errored
An error occurred while generating the chunk item [project]/node_modules/@prisma/client/runtime/client.mjs [app-client] (ecmascript) <locals>

Caused by:
- the chunking context (unknown) does not support external modules (request: node:module)

Debug info:
- An error occurred while generating the chunk item [project]/node_modules/@prisma/client/runtime/client.mjs [app-client] (ecmascript) <locals>
- Execution of <EcmascriptModuleLocalsModule as EcmascriptChunkPlaceable>::chunk_item_content failed
- Execution of *EcmascriptChunkItemContent::new failed
- Execution of EcmascriptModuleContent::new failed
- the chunking context (unknown) does not support external modules (request: node:module)

Import trace:
  Client Component Browser:
    ./node_modules/@prisma/client/runtime/client.mjs [Client Component Browser]
    ./app/generated/prisma/internal/prismaNamespace.ts [Client Component Browser]
    ./app/generated/prisma/client.ts [Client Component Browser]
    ./lib/prisma.ts [Client Component Browser]
    ./lib/cleanup.ts [Client Component Browser]
    ./app/(manager)/settings/page.tsx [Client Component Browser]
    ./app/(manager)/settings/page.tsx [Server Component] @ http://localhost:3000/_next/static/chunks/node_modules_next_dist_0u_w_5s._.js:1945
[    5739ms] [ERROR] ./node_modules/@prisma/client/runtime/client.mjs
Code generation for chunk item errored
An error occurred while generating the chunk item [project]/node_modules/@prisma/client/runtime/client.mjs [app-client] (ecmascript) <locals>

Caused by:
- the chunking context (unknown) does not support external modules (request: node:module)

Debug info:
- An error occurred while generating the chunk item [project]/node_modules/@prisma/client/runtime/client.mjs [app-client] (ecmascript) <locals>
- Execution of <EcmascriptModuleLocalsModule as EcmascriptChunkPlaceable>::chunk_item_content failed
- Execution of *EcmascriptChunkItemContent::new failed
- Execution of EcmascriptModuleContent::new failed
- the chunking context (unknown) does not support external modules (request: node:module)

Import trace:
  Client Component Browser:
    ./node_modules/@prisma/client/runtime/client.mjs [Client Component Browser]
    ./app/generated/prisma/internal/prismaNamespace.ts [Client Component Browser]
    ./app/generated/prisma/client.ts [Client Component Browser]
    ./lib/prisma.ts [Client Component Browser]
    ./lib/cleanup.ts [Client Component Browser]
    ./app/(manager)/settings/page.tsx [Client Component Browser]
    ./app/(manager)/settings/page.tsx [Server Component] @ http://localhost:3000/_next/static/chunks/node_modules_next_dist_0u_w_5s._.js:1945
[    5798ms] [ERROR] ./node_modules/@prisma/client/runtime/client.mjs
Code generation for chunk item errored
An error occurred while generating the chunk item [project]/node_modules/@prisma/client/runtime/client.mjs [app-client] (ecmascript) <locals>

Caused by:
- the chunking context (unknown) does not support external modules (request: node:module)

Debug info:
- An error occurred while generating the chunk item [project]/node_modules/@prisma/client/runtime/client.mjs [app-client] (ecmascript) <locals>
- Execution of <EcmascriptModuleLocalsModule as EcmascriptChunkPlaceable>::chunk_item_content failed
- Execution of *EcmascriptChunkItemContent::new failed
- Execution of EcmascriptModuleContent::new failed
- the chunking context (unknown) does not support external modules (request: node:module)

Import trace:
  Client Component Browser:
    ./node_modules/@prisma/client/runtime/client.mjs [Client Component Browser]
    ./app/generated/prisma/internal/prismaNamespace.ts [Client Component Browser]
    ./app/generated/prisma/client.ts [Client Component Browser]
    ./lib/prisma.ts [Client Component Browser]
    ./lib/cleanup.ts [Client Component Browser]
    ./app/(manager)/settings/page.tsx [Client Component Browser]
    ./app/(manager)/settings/page.tsx [Server Component] @ http://localhost:3000/_next/static/chunks/node_modules_next_dist_0u_w_5s._.js:1945
[    5857ms] [ERROR] ./node_modules/@prisma/client/runtime/client.mjs
Code generation for chunk item errored
An error occurred while generating the chunk item [project]/node_modules/@prisma/client/runtime/client.mjs [app-client] (ecmascript) <locals>

Caused by:
- the chunking context (unknown) does not support external modules (request: node:module)

Debug info:
- An error occurred while generating the chunk item [project]/node_modules/@prisma/client/runtime/client.mjs [app-client] (ecmascript) <locals>
- Execution of <EcmascriptModuleLocalsModule as EcmascriptChunkPlaceable>::chunk_item_content failed
- Execution of *EcmascriptChunkItemContent::new failed
- Execution of EcmascriptModuleContent::new failed
- the chunking context (unknown) does not support external modules (request: node:module)

Import trace:
  Client Component Browser:
    ./node_modules/@prisma/client/runtime/client.mjs [Client Component Browser]
    ./app/generated/prisma/internal/prismaNamespace.ts [Client Component Browser]
    ./app/generated/prisma/client.ts [Client Component Browser]
    ./lib/prisma.ts [Client Component Browser]
    ./lib/cleanup.ts [Client Component Browser]
    ./app/(manager)/settings/page.tsx [Client Component Browser]
    ./app/(manager)/settings/page.tsx [Server Component] @ http://localhost:3000/_next/static/chunks/node_modules_next_dist_0u_w_5s._.js:1945
[    5913ms] [ERROR] ./node_modules/@prisma/client/runtime/client.mjs
Code generation for chunk item errored
An error occurred while generating the chunk item [project]/node_modules/@prisma/client/runtime/client.mjs [app-client] (ecmascript) <locals>

Caused by:
- the chunking context (unknown) does not support external modules (request: node:module)

Debug info:
- An error occurred while generating the chunk item [project]/node_modules/@prisma/client/runtime/client.mjs [app-client] (ecmascript) <locals>
- Execution of <EcmascriptModuleLocalsModule as EcmascriptChunkPlaceable>::chunk_item_content failed
- Execution of *EcmascriptChunkItemContent::new failed
- Execution of EcmascriptModuleContent::new failed
- the chunking context (unknown) does not support external modules (request: node:module)

Import trace:
  Client Component Browser:
    ./node_modules/@prisma/client/runtime/client.mjs [Client Component Browser]
    ./app/generated/prisma/internal/prismaNamespace.ts [Client Component Browser]
    ./app/generated/prisma/client.ts [Client Component Browser]
    ./lib/prisma.ts [Client Component Browser]
    ./lib/cleanup.ts [Client Component Browser]
    ./app/(manager)/settings/page.tsx [Client Component Browser]
    ./app/(manager)/settings/page.tsx [Server Component] @ http://localhost:3000/_next/static/chunks/node_modules_next_dist_0u_w_5s._.js:1945
[    5967ms] [ERROR] ./node_modules/@prisma/client/runtime/client.mjs
Code generation for chunk item errored
An error occurred while generating the chunk item [project]/node_modules/@prisma/client/runtime/client.mjs [app-client] (ecmascript) <locals>

Caused by:
- the chunking context (unknown) does not support external modules (request: node:module)

Debug info:
- An error occurred while generating the chunk item [project]/node_modules/@prisma/client/runtime/client.mjs [app-client] (ecmascript) <locals>
- Execution of <EcmascriptModuleLocalsModule as EcmascriptChunkPlaceable>::chunk_item_content failed
- Execution of *EcmascriptChunkItemContent::new failed
- Execution of EcmascriptModuleContent::new failed
- the chunking context (unknown) does not support external modules (request: node:module)

Import trace:
  Client Component Browser:
    ./node_modules/@prisma/client/runtime/client.mjs [Client Component Browser]
    ./app/generated/prisma/internal/prismaNamespace.ts [Client Component Browser]
    ./app/generated/prisma/client.ts [Client Component Browser]
    ./lib/prisma.ts [Client Component Browser]
    ./lib/cleanup.ts [Client Component Browser]
    ./app/(manager)/settings/page.tsx [Client Component Browser]
    ./app/(manager)/settings/page.tsx [Server Component] @ http://localhost:3000/_next/static/chunks/node_modules_next_dist_0u_w_5s._.js:1945
[    6023ms] [ERROR] ./node_modules/@prisma/client/runtime/client.mjs
Code generation for chunk item errored
An error occurred while generating the chunk item [project]/node_modules/@prisma/client/runtime/client.mjs [app-client] (ecmascript) <locals>

Caused by:
- the chunking context (unknown) does not support external modules (request: node:module)

Debug info:
- An error occurred while generating the chunk item [project]/node_modules/@prisma/client/runtime/client.mjs [app-client] (ecmascript) <locals>
- Execution of <EcmascriptModuleLocalsModule as EcmascriptChunkPlaceable>::chunk_item_content failed
- Execution of *EcmascriptChunkItemContent::new failed
- Execution of EcmascriptModuleContent::new failed
- the chunking context (unknown) does not support external modules (request: node:module)

Import trace:
  Client Component Browser:
    ./node_modules/@prisma/client/runtime/client.mjs [Client Component Browser]
    ./app/generated/prisma/internal/prismaNamespace.ts [Client Component Browser]
    ./app/generated/prisma/client.ts [Client Component Browser]
    ./lib/prisma.ts [Client Component Browser]
    ./lib/cleanup.ts [Client Component Browser]
    ./app/(manager)/settings/page.tsx [Client Component Browser]
    ./app/(manager)/settings/page.tsx [Server Component] @ http://localhost:3000/_next/static/chunks/node_modules_next_dist_0u_w_5s._.js:1945
[    6080ms] [ERROR] ./node_modules/@prisma/client/runtime/client.mjs
Code generation for chunk item errored
An error occurred while generating the chunk item [project]/node_modules/@prisma/client/runtime/client.mjs [app-client] (ecmascript) <locals>

Caused by:
- the chunking context (unknown) does not support external modules (request: node:module)

Debug info:
- An error occurred while generating the chunk item [project]/node_modules/@prisma/client/runtime/client.mjs [app-client] (ecmascript) <locals>
- Execution of <EcmascriptModuleLocalsModule as EcmascriptChunkPlaceable>::chunk_item_content failed
- Execution of *EcmascriptChunkItemContent::new failed
- Execution of EcmascriptModuleContent::new failed
- the chunking context (unknown) does not support external modules (request: node:module)

Import trace:
  Client Component Browser:
    ./node_modules/@prisma/client/runtime/client.mjs [Client Component Browser]
    ./app/generated/prisma/internal/prismaNamespace.ts [Client Component Browser]
    ./app/generated/prisma/client.ts [Client Component Browser]
    ./lib/prisma.ts [Client Component Browser]
    ./lib/cleanup.ts [Client Component Browser]
    ./app/(manager)/settings/page.tsx [Client Component Browser]
    ./app/(manager)/settings/page.tsx [Server Component] @ http://localhost:3000/_next/static/chunks/node_modules_next_dist_0u_w_5s._.js:1945
[    6133ms] [ERROR] ./node_modules/@prisma/client/runtime/client.mjs
Code generation for chunk item errored
An error occurred while generating the chunk item [project]/node_modules/@prisma/client/runtime/client.mjs [app-client] (ecmascript) <locals>

Caused by:
- the chunking context (unknown) does not support external modules (request: node:module)

Debug info:
- An error occurred while generating the chunk item [project]/node_modules/@prisma/client/runtime/client.mjs [app-client] (ecmascript) <locals>
- Execution of <EcmascriptModuleLocalsModule as EcmascriptChunkPlaceable>::chunk_item_content failed
- Execution of *EcmascriptChunkItemContent::new failed
- Execution of EcmascriptModuleContent::new failed
- the chunking context (unknown) does not support external modules (request: node:module)

Import trace:
  Client Component Browser:
    ./node_modules/@prisma/client/runtime/client.mjs [Client Component Browser]
    ./app/generated/prisma/internal/prismaNamespace.ts [Client Component Browser]
    ./app/generated/prisma/client.ts [Client Component Browser]
    ./lib/prisma.ts [Client Component Browser]
    ./lib/cleanup.ts [Client Component Browser]
    ./app/(manager)/settings/page.tsx [Client Component Browser]
    ./app/(manager)/settings/page.tsx [Server Component] @ http://localhost:3000/_next/static/chunks/node_modules_next_dist_0u_w_5s._.js:1945
[    6188ms] [ERROR] ./node_modules/@prisma/client/runtime/client.mjs
Code generation for chunk item errored
An error occurred while generating the chunk item [project]/node_modules/@prisma/client/runtime/client.mjs [app-client] (ecmascript) <locals>

Caused by:
- the chunking context (unknown) does not support external modules (request: node:module)

Debug info:
- An error occurred while generating the chunk item [project]/node_modules/@prisma/client/runtime/client.mjs [app-client] (ecmascript) <locals>
- Execution of <EcmascriptModuleLocalsModule as EcmascriptChunkPlaceable>::chunk_item_content failed
- Execution of *EcmascriptChunkItemContent::new failed
- Execution of EcmascriptModuleContent::new failed
- the chunking context (unknown) does not support external modules (request: node:module)

Import trace:
  Client Component Browser:
    ./node_modules/@prisma/client/runtime/client.mjs [Client Component Browser]
    ./app/generated/prisma/internal/prismaNamespace.ts [Client Component Browser]
    ./app/generated/prisma/client.ts [Client Component Browser]
    ./lib/prisma.ts [Client Component Browser]
    ./lib/cleanup.ts [Client Component Browser]
    ./app/(manager)/settings/page.tsx [Client Component Browser]
    ./app/(manager)/settings/page.tsx [Server Component] @ http://localhost:3000/_next/static/chunks/node_modules_next_dist_0u_w_5s._.js:1945
[    6240ms] [ERROR] ./node_modules/@prisma/client/runtime/client.mjs
Code generation for chunk item errored
An error occurred while generating the chunk item [project]/node_modules/@prisma/client/runtime/client.mjs [app-client] (ecmascript) <locals>

Caused by:
- the chunking context (unknown) does not support external modules (request: node:module)

Debug info:
- An error occurred while generating the chunk item [project]/node_modules/@prisma/client/runtime/client.mjs [app-client] (ecmascript) <locals>
- Execution of <EcmascriptModuleLocalsModule as EcmascriptChunkPlaceable>::chunk_item_content failed
- Execution of *EcmascriptChunkItemContent::new failed
- Execution of EcmascriptModuleContent::new failed
- the chunking context (unknown) does not support external modules (request: node:module)

Import trace:
  Client Component Browser:
    ./node_modules/@prisma/client/runtime/client.mjs [Client Component Browser]
    ./app/generated/prisma/internal/prismaNamespace.ts [Client Component Browser]
    ./app/generated/prisma/client.ts [Client Component Browser]
    ./lib/prisma.ts [Client Component Browser]
    ./lib/cleanup.ts [Client Component Browser]
    ./app/(manager)/settings/page.tsx [Client Component Browser]
    ./app/(manager)/settings/page.tsx [Server Component] @ http://localhost:3000/_next/static/chunks/node_modules_next_dist_0u_w_5s._.js:1945
[    6295ms] [ERROR] ./node_modules/@prisma/client/runtime/client.mjs
Code generation for chunk item errored
An error occurred while generating the chunk item [project]/node_modules/@prisma/client/runtime/client.mjs [app-client] (ecmascript) <locals>

Caused by:
- the chunking context (unknown) does not support external modules (request: node:module)

Debug info:
- An error occurred while generating the chunk item [project]/node_modules/@prisma/client/runtime/client.mjs [app-client] (ecmascript) <locals>
- Execution of <EcmascriptModuleLocalsModule as EcmascriptChunkPlaceable>::chunk_item_content failed
- Execution of *EcmascriptChunkItemContent::new failed
- Execution of EcmascriptModuleContent::new failed
- the chunking context (unknown) does not support external modules (request: node:module)

Import trace:
  Client Component Browser:
    ./node_modules/@prisma/client/runtime/client.mjs [Client Component Browser]
    ./app/generated/prisma/internal/prismaNamespace.ts [Client Component Browser]
    ./app/generated/prisma/client.ts [Client Component Browser]
    ./lib/prisma.ts [Client Component Browser]
    ./lib/cleanup.ts [Client Component Browser]
    ./app/(manager)/settings/page.tsx [Client Component Browser]
    ./app/(manager)/settings/page.tsx [Server Component] @ http://localhost:3000/_next/static/chunks/node_modules_next_dist_0u_w_5s._.js:1945
[    6352ms] [ERROR] ./node_modules/@prisma/client/runtime/client.mjs
Code generation for chunk item errored
An error occurred while generating the chunk item [project]/node_modules/@prisma/client/runtime/client.mjs [app-client] (ecmascript) <locals>

Caused by:
- the chunking context (unknown) does not support external modules (request: node:module)

Debug info:
- An error occurred while generating the chunk item [project]/node_modules/@prisma/client/runtime/client.mjs [app-client] (ecmascript) <locals>
- Execution of <EcmascriptModuleLocalsModule as EcmascriptChunkPlaceable>::chunk_item_content failed
- Execution of *EcmascriptChunkItemContent::new failed
- Execution of EcmascriptModuleContent::new failed
- the chunking context (unknown) does not support external modules (request: node:module)

Import trace:
  Client Component Browser:
    ./node_modules/@prisma/client/runtime/client.mjs [Client Component Browser]
    ./app/generated/prisma/internal/prismaNamespace.ts [Client Component Browser]
    ./app/generated/prisma/client.ts [Client Component Browser]
    ./lib/prisma.ts [Client Component Browser]
    ./lib/cleanup.ts [Client Component Browser]
    ./app/(manager)/settings/page.tsx [Client Component Browser]
    ./app/(manager)/settings/page.tsx [Server Component] @ http://localhost:3000/_next/static/chunks/node_modules_next_dist_0u_w_5s._.js:1945
[    6410ms] [ERROR] ./node_modules/@prisma/client/runtime/client.mjs
Code generation for chunk item errored
An error occurred while generating the chunk item [project]/node_modules/@prisma/client/runtime/client.mjs [app-client] (ecmascript) <locals>

Caused by:
- the chunking context (unknown) does not support external modules (request: node:module)

Debug info:
- An error occurred while generating the chunk item [project]/node_modules/@prisma/client/runtime/client.mjs [app-client] (ecmascript) <locals>
- Execution of <EcmascriptModuleLocalsModule as EcmascriptChunkPlaceable>::chunk_item_content failed
- Execution of *EcmascriptChunkItemContent::new failed
- Execution of EcmascriptModuleContent::new failed
- the chunking context (unknown) does not support external modules (request: node:module)

Import trace:
  Client Component Browser:
    ./node_modules/@prisma/client/runtime/client.mjs [Client Component Browser]
    ./app/generated/prisma/internal/prismaNamespace.ts [Client Component Browser]
    ./app/generated/prisma/client.ts [Client Component Browser]
    ./lib/prisma.ts [Client Component Browser]
    ./lib/cleanup.ts [Client Component Browser]
    ./app/(manager)/settings/page.tsx [Client Component Browser]
    ./app/(manager)/settings/page.tsx [Server Component] @ http://localhost:3000/_next/static/chunks/node_modules_next_dist_0u_w_5s._.js:1945
[    6462ms] [ERROR] ./node_modules/@prisma/client/runtime/client.mjs
Code generation for chunk item errored
An error occurred while generating the chunk item [project]/node_modules/@prisma/client/runtime/client.mjs [app-client] (ecmascript) <locals>

Caused by:
- the chunking context (unknown) does not support external modules (request: node:module)

Debug info:
- An error occurred while generating the chunk item [project]/node_modules/@prisma/client/runtime/client.mjs [app-client] (ecmascript) <locals>
- Execution of <EcmascriptModuleLocalsModule as EcmascriptChunkPlaceable>::chunk_item_content failed
- Execution of *EcmascriptChunkItemContent::new failed
- Execution of EcmascriptModuleContent::new failed
- the chunking context (unknown) does not support external modules (request: node:module)

Import trace:
  Client Component Browser:
    ./node_modules/@prisma/client/runtime/client.mjs [Client Component Browser]
    ./app/generated/prisma/internal/prismaNamespace.ts [Client Component Browser]
    ./app/generated/prisma/client.ts [Client Component Browser]
    ./lib/prisma.ts [Client Component Browser]
    ./lib/cleanup.ts [Client Component Browser]
    ./app/(manager)/settings/page.tsx [Client Component Browser]
    ./app/(manager)/settings/page.tsx [Server Component] @ http://localhost:3000/_next/static/chunks/node_modules_next_dist_0u_w_5s._.js:1945
[    6519ms] [ERROR] ./node_modules/@prisma/client/runtime/client.mjs
Code generation for chunk item errored
An error occurred while generating the chunk item [project]/node_modules/@prisma/client/runtime/client.mjs [app-client] (ecmascript) <locals>

Caused by:
- the chunking context (unknown) does not support external modules (request: node:module)

Debug info:
- An error occurred while generating the chunk item [project]/node_modules/@prisma/client/runtime/client.mjs [app-client] (ecmascript) <locals>
- Execution of <EcmascriptModuleLocalsModule as EcmascriptChunkPlaceable>::chunk_item_content failed
- Execution of *EcmascriptChunkItemContent::new failed
- Execution of EcmascriptModuleContent::new failed
- the chunking context (unknown) does not support external modules (request: node:module)

Import trace:
  Client Component Browser:
    ./node_modules/@prisma/client/runtime/client.mjs [Client Component Browser]
    ./app/generated/prisma/internal/prismaNamespace.ts [Client Component Browser]
    ./app/generated/prisma/client.ts [Client Component Browser]
    ./lib/prisma.ts [Client Component Browser]
    ./lib/cleanup.ts [Client Component Browser]
    ./app/(manager)/settings/page.tsx [Client Component Browser]
    ./app/(manager)/settings/page.tsx [Server Component] @ http://localhost:3000/_next/static/chunks/node_modules_next_dist_0u_w_5s._.js:1945
[    6577ms] [ERROR] ./node_modules/@prisma/client/runtime/client.mjs
Code generation for chunk item errored
An error occurred while generating the chunk item [project]/node_modules/@prisma/client/runtime/client.mjs [app-client] (ecmascript) <locals>

Caused by:
- the chunking context (unknown) does not support external modules (request: node:module)

Debug info:
- An error occurred while generating the chunk item [project]/node_modules/@prisma/client/runtime/client.mjs [app-client] (ecmascript) <locals>
- Execution of <EcmascriptModuleLocalsModule as EcmascriptChunkPlaceable>::chunk_item_content failed
- Execution of *EcmascriptChunkItemContent::new failed
- Execution of EcmascriptModuleContent::new failed
- the chunking context (unknown) does not support external modules (request: node:module)

Import trace:
  Client Component Browser:
    ./node_modules/@prisma/client/runtime/client.mjs [Client Component Browser]
    ./app/generated/prisma/internal/prismaNamespace.ts [Client Component Browser]
    ./app/generated/prisma/client.ts [Client Component Browser]
    ./lib/prisma.ts [Client Component Browser]
    ./lib/cleanup.ts [Client Component Browser]
    ./app/(manager)/settings/page.tsx [Client Component Browser]
    ./app/(manager)/settings/page.tsx [Server Component] @ http://localhost:3000/_next/static/chunks/node_modules_next_dist_0u_w_5s._.js:1945
[    6633ms] [ERROR] ./node_modules/@prisma/client/runtime/client.mjs
Code generation for chunk item errored
An error occurred while generating the chunk item [project]/node_modules/@prisma/client/runtime/client.mjs [app-client] (ecmascript) <locals>

Caused by:
- the chunking context (unknown) does not support external modules (request: node:module)

Debug info:
- An error occurred while generating the chunk item [project]/node_modules/@prisma/client/runtime/client.mjs [app-client] (ecmascript) <locals>
- Execution of <EcmascriptModuleLocalsModule as EcmascriptChunkPlaceable>::chunk_item_content failed
- Execution of *EcmascriptChunkItemContent::new failed
- Execution of EcmascriptModuleContent::new failed
- the chunking context (unknown) does not support external modules (request: node:module)

Import trace:
  Client Component Browser:
    ./node_modules/@prisma/client/runtime/client.mjs [Client Component Browser]
    ./app/generated/prisma/internal/prismaNamespace.ts [Client Component Browser]
    ./app/generated/prisma/client.ts [Client Component Browser]
    ./lib/prisma.ts [Client Component Browser]
    ./lib/cleanup.ts [Client Component Browser]
    ./app/(manager)/settings/page.tsx [Client Component Browser]
    ./app/(manager)/settings/page.tsx [Server Component] @ http://localhost:3000/_next/static/chunks/node_modules_next_dist_0u_w_5s._.js:1945
[    6688ms] [ERROR] ./node_modules/@prisma/client/runtime/client.mjs
Code generation for chunk item errored
An error occurred while generating the chunk item [project]/node_modules/@prisma/client/runtime/client.mjs [app-client] (ecmascript) <locals>

Caused by:
- the chunking context (unknown) does not support external modules (request: node:module)

Debug info:
- An error occurred while generating the chunk item [project]/node_modules/@prisma/client/runtime/client.mjs [app-client] (ecmascript) <locals>
- Execution of <EcmascriptModuleLocalsModule as EcmascriptChunkPlaceable>::chunk_item_content failed
- Execution of *EcmascriptChunkItemContent::new failed
- Execution of EcmascriptModuleContent::new failed
- the chunking context (unknown) does not support external modules (request: node:module)

Import trace:
  Client Component Browser:
    ./node_modules/@prisma/client/runtime/client.mjs [Client Component Browser]
    ./app/generated/prisma/internal/prismaNamespace.ts [Client Component Browser]
    ./app/generated/prisma/client.ts [Client Component Browser]
    ./lib/prisma.ts [Client Component Browser]
    ./lib/cleanup.ts [Client Component Browser]
    ./app/(manager)/settings/page.tsx [Client Component Browser]
    ./app/(manager)/settings/page.tsx [Server Component] @ http://localhost:3000/_next/static/chunks/node_modules_next_dist_0u_w_5s._.js:1945
[    6745ms] [ERROR] ./node_modules/@prisma/client/runtime/client.mjs
Code generation for chunk item errored
An error occurred while generating the chunk item [project]/node_modules/@prisma/client/runtime/client.mjs [app-client] (ecmascript) <locals>

Caused by:
- the chunking context (unknown) does not support external modules (request: node:module)

Debug info:
- An error occurred while generating the chunk item [project]/node_modules/@prisma/client/runtime/client.mjs [app-client] (ecmascript) <locals>
- Execution of <EcmascriptModuleLocalsModule as EcmascriptChunkPlaceable>::chunk_item_content failed
- Execution of *EcmascriptChunkItemContent::new failed
- Execution of EcmascriptModuleContent::new failed
- the chunking context (unknown) does not support external modules (request: node:module)

Import trace:
  Client Component Browser:
    ./node_modules/@prisma/client/runtime/client.mjs [Client Component Browser]
    ./app/generated/prisma/internal/prismaNamespace.ts [Client Component Browser]
    ./app/generated/prisma/client.ts [Client Component Browser]
    ./lib/prisma.ts [Client Component Browser]
    ./lib/cleanup.ts [Client Component Browser]
    ./app/(manager)/settings/page.tsx [Client Component Browser]
    ./app/(manager)/settings/page.tsx [Server Component] @ http://localhost:3000/_next/static/chunks/node_modules_next_dist_0u_w_5s._.js:1945
[    6805ms] [ERROR] ./node_modules/@prisma/client/runtime/client.mjs
Code generation for chunk item errored
An error occurred while generating the chunk item [project]/node_modules/@prisma/client/runtime/client.mjs [app-client] (ecmascript) <locals>

Caused by:
- the chunking context (unknown) does not support external modules (request: node:module)

Debug info:
- An error occurred while generating the chunk item [project]/node_modules/@prisma/client/runtime/client.mjs [app-client] (ecmascript) <locals>
- Execution of <EcmascriptModuleLocalsModule as EcmascriptChunkPlaceable>::chunk_item_content failed
- Execution of *EcmascriptChunkItemContent::new failed
- Execution of EcmascriptModuleContent::new failed
- the chunking context (unknown) does not support external modules (request: node:module)

Import trace:
  Client Component Browser:
    ./node_modules/@prisma/client/runtime/client.mjs [Client Component Browser]
    ./app/generated/prisma/internal/prismaNamespace.ts [Client Component Browser]
    ./app/generated/prisma/client.ts [Client Component Browser]
    ./lib/prisma.ts [Client Component Browser]
    ./lib/cleanup.ts [Client Component Browser]
    ./app/(manager)/settings/page.tsx [Client Component Browser]
    ./app/(manager)/settings/page.tsx [Server Component] @ http://localhost:3000/_next/static/chunks/node_modules_next_dist_0u_w_5s._.js:1945
[    6858ms] [ERROR] ./node_modules/@prisma/client/runtime/client.mjs
Code generation for chunk item errored
An error occurred while generating the chunk item [project]/node_modules/@prisma/client/runtime/client.mjs [app-client] (ecmascript) <locals>

Caused by:
- the chunking context (unknown) does not support external modules (request: node:module)

Debug info:
- An error occurred while generating the chunk item [project]/node_modules/@prisma/client/runtime/client.mjs [app-client] (ecmascript) <locals>
- Execution of <EcmascriptModuleLocalsModule as EcmascriptChunkPlaceable>::chunk_item_content failed
- Execution of *EcmascriptChunkItemContent::new failed
- Execution of EcmascriptModuleContent::new failed
- the chunking context (unknown) does not support external modules (request: node:module)

Import trace:
  Client Component Browser:
    ./node_modules/@prisma/client/runtime/client.mjs [Client Component Browser]
    ./app/generated/prisma/internal/prismaNamespace.ts [Client Component Browser]
    ./app/generated/prisma/client.ts [Client Component Browser]
    ./lib/prisma.ts [Client Component Browser]
    ./lib/cleanup.ts [Client Component Browser]
    ./app/(manager)/settings/page.tsx [Client Component Browser]
    ./app/(manager)/settings/page.tsx [Server Component] @ http://localhost:3000/_next/static/chunks/node_modules_next_dist_0u_w_5s._.js:1945
[    6913ms] [ERROR] ./node_modules/@prisma/client/runtime/client.mjs
Code generation for chunk item errored
An error occurred while generating the chunk item [project]/node_modules/@prisma/client/runtime/client.mjs [app-client] (ecmascript) <locals>

Caused by:
- the chunking context (unknown) does not support external modules (request: node:module)

Debug info:
- An error occurred while generating the chunk item [project]/node_modules/@prisma/client/runtime/client.mjs [app-client] (ecmascript) <locals>
- Execution of <EcmascriptModuleLocalsModule as EcmascriptChunkPlaceable>::chunk_item_content failed
- Execution of *EcmascriptChunkItemContent::new failed
- Execution of EcmascriptModuleContent::new failed
- the chunking context (unknown) does not support external modules (request: node:module)

Import trace:
  Client Component Browser:
    ./node_modules/@prisma/client/runtime/client.mjs [Client Component Browser]
    ./app/generated/prisma/internal/prismaNamespace.ts [Client Component Browser]
    ./app/generated/prisma/client.ts [Client Component Browser]
    ./lib/prisma.ts [Client Component Browser]
    ./lib/cleanup.ts [Client Component Browser]
    ./app/(manager)/settings/page.tsx [Client Component Browser]
    ./app/(manager)/settings/page.tsx [Server Component] @ http://localhost:3000/_next/static/chunks/node_modules_next_dist_0u_w_5s._.js:1945
[    6971ms] [ERROR] ./node_modules/@prisma/client/runtime/client.mjs
Code generation for chunk item errored
An error occurred while generating the chunk item [project]/node_modules/@prisma/client/runtime/client.mjs [app-client] (ecmascript) <locals>

Caused by:
- the chunking context (unknown) does not support external modules (request: node:module)

Debug info:
- An error occurred while generating the chunk item [project]/node_modules/@prisma/client/runtime/client.mjs [app-client] (ecmascript) <locals>
- Execution of <EcmascriptModuleLocalsModule as EcmascriptChunkPlaceable>::chunk_item_content failed
- Execution of *EcmascriptChunkItemContent::new failed
- Execution of EcmascriptModuleContent::new failed
- the chunking context (unknown) does not support external modules (request: node:module)

Import trace:
  Client Component Browser:
    ./node_modules/@prisma/client/runtime/client.mjs [Client Component Browser]
    ./app/generated/prisma/internal/prismaNamespace.ts [Client Component Browser]
    ./app/generated/prisma/client.ts [Client Component Browser]
    ./lib/prisma.ts [Client Component Browser]
    ./lib/cleanup.ts [Client Component Browser]
    ./app/(manager)/settings/page.tsx [Client Component Browser]
    ./app/(manager)/settings/page.tsx [Server Component] @ http://localhost:3000/_next/static/chunks/node_modules_next_dist_0u_w_5s._.js:1945
[    7024ms] [ERROR] ./node_modules/@prisma/client/runtime/client.mjs
Code generation for chunk item errored
An error occurred while generating the chunk item [project]/node_modules/@prisma/client/runtime/client.mjs [app-client] (ecmascript) <locals>

Caused by:
- the chunking context (unknown) does not support external modules (request: node:module)

Debug info:
- An error occurred while generating the chunk item [project]/node_modules/@prisma/client/runtime/client.mjs [app-client] (ecmascript) <locals>
- Execution of <EcmascriptModuleLocalsModule as EcmascriptChunkPlaceable>::chunk_item_content failed
- Execution of *EcmascriptChunkItemContent::new failed
- Execution of EcmascriptModuleContent::new failed
- the chunking context (unknown) does not support external modules (request: node:module)

Import trace:
  Client Component Browser:
    ./node_modules/@prisma/client/runtime/client.mjs [Client Component Browser]
    ./app/generated/prisma/internal/prismaNamespace.ts [Client Component Browser]
    ./app/generated/prisma/client.ts [Client Component Browser]
    ./lib/prisma.ts [Client Component Browser]
    ./lib/cleanup.ts [Client Component Browser]
    ./app/(manager)/settings/page.tsx [Client Component Browser]
    ./app/(manager)/settings/page.tsx [Server Component] @ http://localhost:3000/_next/static/chunks/node_modules_next_dist_0u_w_5s._.js:1945
[    7081ms] [ERROR] ./node_modules/@prisma/client/runtime/client.mjs
Code generation for chunk item errored
An error occurred while generating the chunk item [project]/node_modules/@prisma/client/runtime/client.mjs [app-client] (ecmascript) <locals>

Caused by:
- the chunking context (unknown) does not support external modules (request: node:module)

Debug info:
- An error occurred while generating the chunk item [project]/node_modules/@prisma/client/runtime/client.mjs [app-client] (ecmascript) <locals>
- Execution of <EcmascriptModuleLocalsModule as EcmascriptChunkPlaceable>::chunk_item_content failed
- Execution of *EcmascriptChunkItemContent::new failed
- Execution of EcmascriptModuleContent::new failed
- the chunking context (unknown) does not support external modules (request: node:module)

Import trace:
  Client Component Browser:
    ./node_modules/@prisma/client/runtime/client.mjs [Client Component Browser]
    ./app/generated/prisma/internal/prismaNamespace.ts [Client Component Browser]
    ./app/generated/prisma/client.ts [Client Component Browser]
    ./lib/prisma.ts [Client Component Browser]
    ./lib/cleanup.ts [Client Component Browser]
    ./app/(manager)/settings/page.tsx [Client Component Browser]
    ./app/(manager)/settings/page.tsx [Server Component] @ http://localhost:3000/_next/static/chunks/node_modules_next_dist_0u_w_5s._.js:1945
[    7135ms] [ERROR] ./node_modules/@prisma/client/runtime/client.mjs
Code generation for chunk item errored
An error occurred while generating the chunk item [project]/node_modules/@prisma/client/runtime/client.mjs [app-client] (ecmascript) <locals>

Caused by:
- the chunking context (unknown) does not support external modules (request: node:module)

Debug info:
- An error occurred while generating the chunk item [project]/node_modules/@prisma/client/runtime/client.mjs [app-client] (ecmascript) <locals>
- Execution of <EcmascriptModuleLocalsModule as EcmascriptChunkPlaceable>::chunk_item_content failed
- Execution of *EcmascriptChunkItemContent::new failed
- Execution of EcmascriptModuleContent::new failed
- the chunking context (unknown) does not support external modules (request: node:module)

Import trace:
  Client Component Browser:
    ./node_modules/@prisma/client/runtime/client.mjs [Client Component Browser]
    ./app/generated/prisma/internal/prismaNamespace.ts [Client Component Browser]
    ./app/generated/prisma/client.ts [Client Component Browser]
    ./lib/prisma.ts [Client Component Browser]
    ./lib/cleanup.ts [Client Component Browser]
    ./app/(manager)/settings/page.tsx [Client Component Browser]
    ./app/(manager)/settings/page.tsx [Server Component] @ http://localhost:3000/_next/static/chunks/node_modules_next_dist_0u_w_5s._.js:1945
[    7190ms] [ERROR] ./node_modules/@prisma/client/runtime/client.mjs
Code generation for chunk item errored
An error occurred while generating the chunk item [project]/node_modules/@prisma/client/runtime/client.mjs [app-client] (ecmascript) <locals>

Caused by:
- the chunking context (unknown) does not support external modules (request: node:module)

Debug info:
- An error occurred while generating the chunk item [project]/node_modules/@prisma/client/runtime/client.mjs [app-client] (ecmascript) <locals>
- Execution of <EcmascriptModuleLocalsModule as EcmascriptChunkPlaceable>::chunk_item_content failed
- Execution of *EcmascriptChunkItemContent::new failed
- Execution of EcmascriptModuleContent::new failed
- the chunking context (unknown) does not support external modules (request: node:module)

Import trace:
  Client Component Browser:
    ./node_modules/@prisma/client/runtime/client.mjs [Client Component Browser]
    ./app/generated/prisma/internal/prismaNamespace.ts [Client Component Browser]
    ./app/generated/prisma/client.ts [Client Component Browser]
    ./lib/prisma.ts [Client Component Browser]
    ./lib/cleanup.ts [Client Component Browser]
    ./app/(manager)/settings/page.tsx [Client Component Browser]
    ./app/(manager)/settings/page.tsx [Server Component] @ http://localhost:3000/_next/static/chunks/node_modules_next_dist_0u_w_5s._.js:1945
[    7245ms] [ERROR] ./node_modules/@prisma/client/runtime/client.mjs
Code generation for chunk item errored
An error occurred while generating the chunk item [project]/node_modules/@prisma/client/runtime/client.mjs [app-client] (ecmascript) <locals>

Caused by:
- the chunking context (unknown) does not support external modules (request: node:module)

Debug info:
- An error occurred while generating the chunk item [project]/node_modules/@prisma/client/runtime/client.mjs [app-client] (ecmascript) <locals>
- Execution of <EcmascriptModuleLocalsModule as EcmascriptChunkPlaceable>::chunk_item_content failed
- Execution of *EcmascriptChunkItemContent::new failed
- Execution of EcmascriptModuleContent::new failed
- the chunking context (unknown) does not support external modules (request: node:module)

Import trace:
  Client Component Browser:
    ./node_modules/@prisma/client/runtime/client.mjs [Client Component Browser]
    ./app/generated/prisma/internal/prismaNamespace.ts [Client Component Browser]
    ./app/generated/prisma/client.ts [Client Component Browser]
    ./lib/prisma.ts [Client Component Browser]
    ./lib/cleanup.ts [Client Component Browser]
    ./app/(manager)/settings/page.tsx [Client Component Browser]
    ./app/(manager)/settings/page.tsx [Server Component] @ http://localhost:3000/_next/static/chunks/node_modules_next_dist_0u_w_5s._.js:1945
[    7302ms] [ERROR] ./node_modules/@prisma/client/runtime/client.mjs
Code generation for chunk item errored
An error occurred while generating the chunk item [project]/node_modules/@prisma/client/runtime/client.mjs [app-client] (ecmascript) <locals>

Caused by:
- the chunking context (unknown) does not support external modules (request: node:module)

Debug info:
- An error occurred while generating the chunk item [project]/node_modules/@prisma/client/runtime/client.mjs [app-client] (ecmascript) <locals>
- Execution of <EcmascriptModuleLocalsModule as EcmascriptChunkPlaceable>::chunk_item_content failed
- Execution of *EcmascriptChunkItemContent::new failed
- Execution of EcmascriptModuleContent::new failed
- the chunking context (unknown) does not support external modules (request: node:module)

Import trace:
  Client Component Browser:
    ./node_modules/@prisma/client/runtime/client.mjs [Client Component Browser]
    ./app/generated/prisma/internal/prismaNamespace.ts [Client Component Browser]
    ./app/generated/prisma/client.ts [Client Component Browser]
    ./lib/prisma.ts [Client Component Browser]
    ./lib/cleanup.ts [Client Component Browser]
    ./app/(manager)/settings/page.tsx [Client Component Browser]
    ./app/(manager)/settings/page.tsx [Server Component] @ http://localhost:3000/_next/static/chunks/node_modules_next_dist_0u_w_5s._.js:1945
[    7358ms] [ERROR] ./node_modules/@prisma/client/runtime/client.mjs
Code generation for chunk item errored
An error occurred while generating the chunk item [project]/node_modules/@prisma/client/runtime/client.mjs [app-client] (ecmascript) <locals>

Caused by:
- the chunking context (unknown) does not support external modules (request: node:module)

Debug info:
- An error occurred while generating the chunk item [project]/node_modules/@prisma/client/runtime/client.mjs [app-client] (ecmascript) <locals>
- Execution of <EcmascriptModuleLocalsModule as EcmascriptChunkPlaceable>::chunk_item_content failed
- Execution of *EcmascriptChunkItemContent::new failed
- Execution of EcmascriptModuleContent::new failed
- the chunking context (unknown) does not support external modules (request: node:module)

Import trace:
  Client Component Browser:
    ./node_modules/@prisma/client/runtime/client.mjs [Client Component Browser]
    ./app/generated/prisma/internal/prismaNamespace.ts [Client Component Browser]
    ./app/generated/prisma/client.ts [Client Component Browser]
    ./lib/prisma.ts [Client Component Browser]
    ./lib/cleanup.ts [Client Component Browser]
    ./app/(manager)/settings/page.tsx [Client Component Browser]
    ./app/(manager)/settings/page.tsx [Server Component] @ http://localhost:3000/_next/static/chunks/node_modules_next_dist_0u_w_5s._.js:1945
[    7419ms] [ERROR] ./node_modules/@prisma/client/runtime/client.mjs
Code generation for chunk item errored
An error occurred while generating the chunk item [project]/node_modules/@prisma/client/runtime/client.mjs [app-client] (ecmascript) <locals>

Caused by:
- the chunking context (unknown) does not support external modules (request: node:module)

Debug info:
- An error occurred while generating the chunk item [project]/node_modules/@prisma/client/runtime/client.mjs [app-client] (ecmascript) <locals>
- Execution of <EcmascriptModuleLocalsModule as EcmascriptChunkPlaceable>::chunk_item_content failed
- Execution of *EcmascriptChunkItemContent::new failed
- Execution of EcmascriptModuleContent::new failed
- the chunking context (unknown) does not support external modules (request: node:module)

Import trace:
  Client Component Browser:
    ./node_modules/@prisma/client/runtime/client.mjs [Client Component Browser]
    ./app/generated/prisma/internal/prismaNamespace.ts [Client Component Browser]
    ./app/generated/prisma/client.ts [Client Component Browser]
    ./lib/prisma.ts [Client Component Browser]
    ./lib/cleanup.ts [Client Component Browser]
    ./app/(manager)/settings/page.tsx [Client Component Browser]
    ./app/(manager)/settings/page.tsx [Server Component] @ http://localhost:3000/_next/static/chunks/node_modules_next_dist_0u_w_5s._.js:1945
[    7473ms] [ERROR] ./node_modules/@prisma/client/runtime/client.mjs
Code generation for chunk item errored
An error occurred while generating the chunk item [project]/node_modules/@prisma/client/runtime/client.mjs [app-client] (ecmascript) <locals>

Caused by:
- the chunking context (unknown) does not support external modules (request: node:module)

Debug info:
- An error occurred while generating the chunk item [project]/node_modules/@prisma/client/runtime/client.mjs [app-client] (ecmascript) <locals>
- Execution of <EcmascriptModuleLocalsModule as EcmascriptChunkPlaceable>::chunk_item_content failed
- Execution of *EcmascriptChunkItemContent::new failed
- Execution of EcmascriptModuleContent::new failed
- the chunking context (unknown) does not support external modules (request: node:module)

Import trace:
  Client Component Browser:
    ./node_modules/@prisma/client/runtime/client.mjs [Client Component Browser]
    ./app/generated/prisma/internal/prismaNamespace.ts [Client Component Browser]
    ./app/generated/prisma/client.ts [Client Component Browser]
    ./lib/prisma.ts [Client Component Browser]
    ./lib/cleanup.ts [Client Component Browser]
    ./app/(manager)/settings/page.tsx [Client Component Browser]
    ./app/(manager)/settings/page.tsx [Server Component] @ http://localhost:3000/_next/static/chunks/node_modules_next_dist_0u_w_5s._.js:1945
[    7526ms] [ERROR] ./node_modules/@prisma/client/runtime/client.mjs
Code generation for chunk item errored
An error occurred while generating the chunk item [project]/node_modules/@prisma/client/runtime/client.mjs [app-client] (ecmascript) <locals>

Caused by:
- the chunking context (unknown) does not support external modules (request: node:module)

Debug info:
- An error occurred while generating the chunk item [project]/node_modules/@prisma/client/runtime/client.mjs [app-client] (ecmascript) <locals>
- Execution of <EcmascriptModuleLocalsModule as EcmascriptChunkPlaceable>::chunk_item_content failed
- Execution of *EcmascriptChunkItemContent::new failed
- Execution of EcmascriptModuleContent::new failed
- the chunking context (unknown) does not support external modules (request: node:module)

Import trace:
  Client Component Browser:
    ./node_modules/@prisma/client/runtime/client.mjs [Client Component Browser]
    ./app/generated/prisma/internal/prismaNamespace.ts [Client Component Browser]
    ./app/generated/prisma/client.ts [Client Component Browser]
    ./lib/prisma.ts [Client Component Browser]
    ./lib/cleanup.ts [Client Component Browser]
    ./app/(manager)/settings/page.tsx [Client Component Browser]
    ./app/(manager)/settings/page.tsx [Server Component] @ http://localhost:3000/_next/static/chunks/node_modules_next_dist_0u_w_5s._.js:1945
[    7578ms] [ERROR] ./node_modules/@prisma/client/runtime/client.mjs
Code generation for chunk item errored
An error occurred while generating the chunk item [project]/node_modules/@prisma/client/runtime/client.mjs [app-client] (ecmascript) <locals>

Caused by:
- the chunking context (unknown) does not support external modules (request: node:module)

Debug info:
- An error occurred while generating the chunk item [project]/node_modules/@prisma/client/runtime/client.mjs [app-client] (ecmascript) <locals>
- Execution of <EcmascriptModuleLocalsModule as EcmascriptChunkPlaceable>::chunk_item_content failed
- Execution of *EcmascriptChunkItemContent::new failed
- Execution of EcmascriptModuleContent::new failed
- the chunking context (unknown) does not support external modules (request: node:module)

Import trace:
  Client Component Browser:
    ./node_modules/@prisma/client/runtime/client.mjs [Client Component Browser]
    ./app/generated/prisma/internal/prismaNamespace.ts [Client Component Browser]
    ./app/generated/prisma/client.ts [Client Component Browser]
    ./lib/prisma.ts [Client Component Browser]
    ./lib/cleanup.ts [Client Component Browser]
    ./app/(manager)/settings/page.tsx [Client Component Browser]
    ./app/(manager)/settings/page.tsx [Server Component] @ http://localhost:3000/_next/static/chunks/node_modules_next_dist_0u_w_5s._.js:1945
[    7636ms] [ERROR] ./node_modules/@prisma/client/runtime/client.mjs
Code generation for chunk item errored
An error occurred while generating the chunk item [project]/node_modules/@prisma/client/runtime/client.mjs [app-client] (ecmascript) <locals>

Caused by:
- the chunking context (unknown) does not support external modules (request: node:module)

Debug info:
- An error occurred while generating the chunk item [project]/node_modules/@prisma/client/runtime/client.mjs [app-client] (ecmascript) <locals>
- Execution of <EcmascriptModuleLocalsModule as EcmascriptChunkPlaceable>::chunk_item_content failed
- Execution of *EcmascriptChunkItemContent::new failed
- Execution of EcmascriptModuleContent::new failed
- the chunking context (unknown) does not support external modules (request: node:module)

Import trace:
  Client Component Browser:
    ./node_modules/@prisma/client/runtime/client.mjs [Client Component Browser]
    ./app/generated/prisma/internal/prismaNamespace.ts [Client Component Browser]
    ./app/generated/prisma/client.ts [Client Component Browser]
    ./lib/prisma.ts [Client Component Browser]
    ./lib/cleanup.ts [Client Component Browser]
    ./app/(manager)/settings/page.tsx [Client Component Browser]
    ./app/(manager)/settings/page.tsx [Server Component] @ http://localhost:3000/_next/static/chunks/node_modules_next_dist_0u_w_5s._.js:1945
[    7696ms] [ERROR] ./node_modules/@prisma/client/runtime/client.mjs
Code generation for chunk item errored
An error occurred while generating the chunk item [project]/node_modules/@prisma/client/runtime/client.mjs [app-client] (ecmascript) <locals>

Caused by:
- the chunking context (unknown) does not support external modules (request: node:module)

Debug info:
- An error occurred while generating the chunk item [project]/node_modules/@prisma/client/runtime/client.mjs [app-client] (ecmascript) <locals>
- Execution of <EcmascriptModuleLocalsModule as EcmascriptChunkPlaceable>::chunk_item_content failed
- Execution of *EcmascriptChunkItemContent::new failed
- Execution of EcmascriptModuleContent::new failed
- the chunking context (unknown) does not support external modules (request: node:module)

Import trace:
  Client Component Browser:
    ./node_modules/@prisma/client/runtime/client.mjs [Client Component Browser]
    ./app/generated/prisma/internal/prismaNamespace.ts [Client Component Browser]
    ./app/generated/prisma/client.ts [Client Component Browser]
    ./lib/prisma.ts [Client Component Browser]
    ./lib/cleanup.ts [Client Component Browser]
    ./app/(manager)/settings/page.tsx [Client Component Browser]
    ./app/(manager)/settings/page.tsx [Server Component] @ http://localhost:3000/_next/static/chunks/node_modules_next_dist_0u_w_5s._.js:1945
[    7757ms] [ERROR] ./node_modules/@prisma/client/runtime/client.mjs
Code generation for chunk item errored
An error occurred while generating the chunk item [project]/node_modules/@prisma/client/runtime/client.mjs [app-client] (ecmascript) <locals>

Caused by:
- the chunking context (unknown) does not support external modules (request: node:module)

Debug info:
- An error occurred while generating the chunk item [project]/node_modules/@prisma/client/runtime/client.mjs [app-client] (ecmascript) <locals>
- Execution of <EcmascriptModuleLocalsModule as EcmascriptChunkPlaceable>::chunk_item_content failed
- Execution of *EcmascriptChunkItemContent::new failed
- Execution of EcmascriptModuleContent::new failed
- the chunking context (unknown) does not support external modules (request: node:module)

Import trace:
  Client Component Browser:
    ./node_modules/@prisma/client/runtime/client.mjs [Client Component Browser]
    ./app/generated/prisma/internal/prismaNamespace.ts [Client Component Browser]
    ./app/generated/prisma/client.ts [Client Component Browser]
    ./lib/prisma.ts [Client Component Browser]
    ./lib/cleanup.ts [Client Component Browser]
    ./app/(manager)/settings/page.tsx [Client Component Browser]
    ./app/(manager)/settings/page.tsx [Server Component] @ http://localhost:3000/_next/static/chunks/node_modules_next_dist_0u_w_5s._.js:1945
[    7809ms] [ERROR] ./node_modules/@prisma/client/runtime/client.mjs
Code generation for chunk item errored
An error occurred while generating the chunk item [project]/node_modules/@prisma/client/runtime/client.mjs [app-client] (ecmascript) <locals>

Caused by:
- the chunking context (unknown) does not support external modules (request: node:module)

Debug info:
- An error occurred while generating the chunk item [project]/node_modules/@prisma/client/runtime/client.mjs [app-client] (ecmascript) <locals>
- Execution of <EcmascriptModuleLocalsModule as EcmascriptChunkPlaceable>::chunk_item_content failed
- Execution of *EcmascriptChunkItemContent::new failed
- Execution of EcmascriptModuleContent::new failed
- the chunking context (unknown) does not support external modules (request: node:module)

Import trace:
  Client Component Browser:
    ./node_modules/@prisma/client/runtime/client.mjs [Client Component Browser]
    ./app/generated/prisma/internal/prismaNamespace.ts [Client Component Browser]
    ./app/generated/prisma/client.ts [Client Component Browser]
    ./lib/prisma.ts [Client Component Browser]
    ./lib/cleanup.ts [Client Component Browser]
    ./app/(manager)/settings/page.tsx [Client Component Browser]
    ./app/(manager)/settings/page.tsx [Server Component] @ http://localhost:3000/_next/static/chunks/node_modules_next_dist_0u_w_5s._.js:1945
[    7870ms] [ERROR] ./node_modules/@prisma/client/runtime/client.mjs
Code generation for chunk item errored
An error occurred while generating the chunk item [project]/node_modules/@prisma/client/runtime/client.mjs [app-client] (ecmascript) <locals>

Caused by:
- the chunking context (unknown) does not support external modules (request: node:module)

Debug info:
- An error occurred while generating the chunk item [project]/node_modules/@prisma/client/runtime/client.mjs [app-client] (ecmascript) <locals>
- Execution of <EcmascriptModuleLocalsModule as EcmascriptChunkPlaceable>::chunk_item_content failed
- Execution of *EcmascriptChunkItemContent::new failed
- Execution of EcmascriptModuleContent::new failed
- the chunking context (unknown) does not support external modules (request: node:module)

Import trace:
  Client Component Browser:
    ./node_modules/@prisma/client/runtime/client.mjs [Client Component Browser]
    ./app/generated/prisma/internal/prismaNamespace.ts [Client Component Browser]
    ./app/generated/prisma/client.ts [Client Component Browser]
    ./lib/prisma.ts [Client Component Browser]
    ./lib/cleanup.ts [Client Component Browser]
    ./app/(manager)/settings/page.tsx [Client Component Browser]
    ./app/(manager)/settings/page.tsx [Server Component] @ http://localhost:3000/_next/static/chunks/node_modules_next_dist_0u_w_5s._.js:1945
[    7924ms] [ERROR] ./node_modules/@prisma/client/runtime/client.mjs
Code generation for chunk item errored
An error occurred while generating the chunk item [project]/node_modules/@prisma/client/runtime/client.mjs [app-client] (ecmascript) <locals>

Caused by:
- the chunking context (unknown) does not support external modules (request: node:module)

Debug info:
- An error occurred while generating the chunk item [project]/node_modules/@prisma/client/runtime/client.mjs [app-client] (ecmascript) <locals>
- Execution of <EcmascriptModuleLocalsModule as EcmascriptChunkPlaceable>::chunk_item_content failed
- Execution of *EcmascriptChunkItemContent::new failed
- Execution of EcmascriptModuleContent::new failed
- the chunking context (unknown) does not support external modules (request: node:module)

Import trace:
  Client Component Browser:
    ./node_modules/@prisma/client/runtime/client.mjs [Client Component Browser]
    ./app/generated/prisma/internal/prismaNamespace.ts [Client Component Browser]
    ./app/generated/prisma/client.ts [Client Component Browser]
    ./lib/prisma.ts [Client Component Browser]
    ./lib/cleanup.ts [Client Component Browser]
    ./app/(manager)/settings/page.tsx [Client Component Browser]
    ./app/(manager)/settings/page.tsx [Server Component] @ http://localhost:3000/_next/static/chunks/node_modules_next_dist_0u_w_5s._.js:1945
[    7980ms] [ERROR] ./node_modules/@prisma/client/runtime/client.mjs
Code generation for chunk item errored
An error occurred while generating the chunk item [project]/node_modules/@prisma/client/runtime/client.mjs [app-client] (ecmascript) <locals>

Caused by:
- the chunking context (unknown) does not support external modules (request: node:module)

Debug info:
- An error occurred while generating the chunk item [project]/node_modules/@prisma/client/runtime/client.mjs [app-client] (ecmascript) <locals>
- Execution of <EcmascriptModuleLocalsModule as EcmascriptChunkPlaceable>::chunk_item_content failed
- Execution of *EcmascriptChunkItemContent::new failed
- Execution of EcmascriptModuleContent::new failed
- the chunking context (unknown) does not support external modules (request: node:module)

Import trace:
  Client Component Browser:
    ./node_modules/@prisma/client/runtime/client.mjs [Client Component Browser]
    ./app/generated/prisma/internal/prismaNamespace.ts [Client Component Browser]
    ./app/generated/prisma/client.ts [Client Component Browser]
    ./lib/prisma.ts [Client Component Browser]
    ./lib/cleanup.ts [Client Component Browser]
    ./app/(manager)/settings/page.tsx [Client Component Browser]
    ./app/(manager)/settings/page.tsx [Server Component] @ http://localhost:3000/_next/static/chunks/node_modules_next_dist_0u_w_5s._.js:1945
[    8037ms] [ERROR] ./node_modules/@prisma/client/runtime/client.mjs
Code generation for chunk item errored
An error occurred while generating the chunk item [project]/node_modules/@prisma/client/runtime/client.mjs [app-client] (ecmascript) <locals>

Caused by:
- the chunking context (unknown) does not support external modules (request: node:module)

Debug info:
- An error occurred while generating the chunk item [project]/node_modules/@prisma/client/runtime/client.mjs [app-client] (ecmascript) <locals>
- Execution of <EcmascriptModuleLocalsModule as EcmascriptChunkPlaceable>::chunk_item_content failed
- Execution of *EcmascriptChunkItemContent::new failed
- Execution of EcmascriptModuleContent::new failed
- the chunking context (unknown) does not support external modules (request: node:module)

Import trace:
  Client Component Browser:
    ./node_modules/@prisma/client/runtime/client.mjs [Client Component Browser]
    ./app/generated/prisma/internal/prismaNamespace.ts [Client Component Browser]
    ./app/generated/prisma/client.ts [Client Component Browser]
    ./lib/prisma.ts [Client Component Browser]
    ./lib/cleanup.ts [Client Component Browser]
    ./app/(manager)/settings/page.tsx [Client Component Browser]
    ./app/(manager)/settings/page.tsx [Server Component] @ http://localhost:3000/_next/static/chunks/node_modules_next_dist_0u_w_5s._.js:1945
[    8095ms] [ERROR] ./node_modules/@prisma/client/runtime/client.mjs
Code generation for chunk item errored
An error occurred while generating the chunk item [project]/node_modules/@prisma/client/runtime/client.mjs [app-client] (ecmascript) <locals>

Caused by:
- the chunking context (unknown) does not support external modules (request: node:module)

Debug info:
- An error occurred while generating the chunk item [project]/node_modules/@prisma/client/runtime/client.mjs [app-client] (ecmascript) <locals>
- Execution of <EcmascriptModuleLocalsModule as EcmascriptChunkPlaceable>::chunk_item_content failed
- Execution of *EcmascriptChunkItemContent::new failed
- Execution of EcmascriptModuleContent::new failed
- the chunking context (unknown) does not support external modules (request: node:module)

Import trace:
  Client Component Browser:
    ./node_modules/@prisma/client/runtime/client.mjs [Client Component Browser]
    ./app/generated/prisma/internal/prismaNamespace.ts [Client Component Browser]
    ./app/generated/prisma/client.ts [Client Component Browser]
    ./lib/prisma.ts [Client Component Browser]
    ./lib/cleanup.ts [Client Component Browser]
    ./app/(manager)/settings/page.tsx [Client Component Browser]
    ./app/(manager)/settings/page.tsx [Server Component] @ http://localhost:3000/_next/static/chunks/node_modules_next_dist_0u_w_5s._.js:1945
[    8150ms] [ERROR] ./node_modules/@prisma/client/runtime/client.mjs
Code generation for chunk item errored
An error occurred while generating the chunk item [project]/node_modules/@prisma/client/runtime/client.mjs [app-client] (ecmascript) <locals>

Caused by:
- the chunking context (unknown) does not support external modules (request: node:module)

Debug info:
- An error occurred while generating the chunk item [project]/node_modules/@prisma/client/runtime/client.mjs [app-client] (ecmascript) <locals>
- Execution of <EcmascriptModuleLocalsModule as EcmascriptChunkPlaceable>::chunk_item_content failed
- Execution of *EcmascriptChunkItemContent::new failed
- Execution of EcmascriptModuleContent::new failed
- the chunking context (unknown) does not support external modules (request: node:module)

Import trace:
  Client Component Browser:
    ./node_modules/@prisma/client/runtime/client.mjs [Client Component Browser]
    ./app/generated/prisma/internal/prismaNamespace.ts [Client Component Browser]
    ./app/generated/prisma/client.ts [Client Component Browser]
    ./lib/prisma.ts [Client Component Browser]
    ./lib/cleanup.ts [Client Component Browser]
    ./app/(manager)/settings/page.tsx [Client Component Browser]
    ./app/(manager)/settings/page.tsx [Server Component] @ http://localhost:3000/_next/static/chunks/node_modules_next_dist_0u_w_5s._.js:1945
[    8206ms] [ERROR] ./node_modules/@prisma/client/runtime/client.mjs
Code generation for chunk item errored
An error occurred while generating the chunk item [project]/node_modules/@prisma/client/runtime/client.mjs [app-client] (ecmascript) <locals>

Caused by:
- the chunking context (unknown) does not support external modules (request: node:module)

Debug info:
- An error occurred while generating the chunk item [project]/node_modules/@prisma/client/runtime/client.mjs [app-client] (ecmascript) <locals>
- Execution of <EcmascriptModuleLocalsModule as EcmascriptChunkPlaceable>::chunk_item_content failed
- Execution of *EcmascriptChunkItemContent::new failed
- Execution of EcmascriptModuleContent::new failed
- the chunking context (unknown) does not support external modules (request: node:module)

Import trace:
  Client Component Browser:
    ./node_modules/@prisma/client/runtime/client.mjs [Client Component Browser]
    ./app/generated/prisma/internal/prismaNamespace.ts [Client Component Browser]
    ./app/generated/prisma/client.ts [Client Component Browser]
    ./lib/prisma.ts [Client Component Browser]
    ./lib/cleanup.ts [Client Component Browser]
    ./app/(manager)/settings/page.tsx [Client Component Browser]
    ./app/(manager)/settings/page.tsx [Server Component] @ http://localhost:3000/_next/static/chunks/node_modules_next_dist_0u_w_5s._.js:1945
[    8260ms] [ERROR] ./node_modules/@prisma/client/runtime/client.mjs
Code generation for chunk item errored
An error occurred while generating the chunk item [project]/node_modules/@prisma/client/runtime/client.mjs [app-client] (ecmascript) <locals>

Caused by:
- the chunking context (unknown) does not support external modules (request: node:module)

Debug info:
- An error occurred while generating the chunk item [project]/node_modules/@prisma/client/runtime/client.mjs [app-client] (ecmascript) <locals>
- Execution of <EcmascriptModuleLocalsModule as EcmascriptChunkPlaceable>::chunk_item_content failed
- Execution of *EcmascriptChunkItemContent::new failed
- Execution of EcmascriptModuleContent::new failed
- the chunking context (unknown) does not support external modules (request: node:module)

Import trace:
  Client Component Browser:
    ./node_modules/@prisma/client/runtime/client.mjs [Client Component Browser]
    ./app/generated/prisma/internal/prismaNamespace.ts [Client Component Browser]
    ./app/generated/prisma/client.ts [Client Component Browser]
    ./lib/prisma.ts [Client Component Browser]
    ./lib/cleanup.ts [Client Component Browser]
    ./app/(manager)/settings/page.tsx [Client Component Browser]
    ./app/(manager)/settings/page.tsx [Server Component] @ http://localhost:3000/_next/static/chunks/node_modules_next_dist_0u_w_5s._.js:1945
[    8321ms] [ERROR] ./node_modules/@prisma/client/runtime/client.mjs
Code generation for chunk item errored
An error occurred while generating the chunk item [project]/node_modules/@prisma/client/runtime/client.mjs [app-client] (ecmascript) <locals>

Caused by:
- the chunking context (unknown) does not support external modules (request: node:module)

Debug info:
- An error occurred while generating the chunk item [project]/node_modules/@prisma/client/runtime/client.mjs [app-client] (ecmascript) <locals>
- Execution of <EcmascriptModuleLocalsModule as EcmascriptChunkPlaceable>::chunk_item_content failed
- Execution of *EcmascriptChunkItemContent::new failed
- Execution of EcmascriptModuleContent::new failed
- the chunking context (unknown) does not support external modules (request: node:module)

Import trace:
  Client Component Browser:
    ./node_modules/@prisma/client/runtime/client.mjs [Client Component Browser]
    ./app/generated/prisma/internal/prismaNamespace.ts [Client Component Browser]
    ./app/generated/prisma/client.ts [Client Component Browser]
    ./lib/prisma.ts [Client Component Browser]
    ./lib/cleanup.ts [Client Component Browser]
    ./app/(manager)/settings/page.tsx [Client Component Browser]
    ./app/(manager)/settings/page.tsx [Server Component] @ http://localhost:3000/_next/static/chunks/node_modules_next_dist_0u_w_5s._.js:1945
[    8376ms] [ERROR] ./node_modules/@prisma/client/runtime/client.mjs
Code generation for chunk item errored
An error occurred while generating the chunk item [project]/node_modules/@prisma/client/runtime/client.mjs [app-client] (ecmascript) <locals>

Caused by:
- the chunking context (unknown) does not support external modules (request: node:module)

Debug info:
- An error occurred while generating the chunk item [project]/node_modules/@prisma/client/runtime/client.mjs [app-client] (ecmascript) <locals>
- Execution of <EcmascriptModuleLocalsModule as EcmascriptChunkPlaceable>::chunk_item_content failed
- Execution of *EcmascriptChunkItemContent::new failed
- Execution of EcmascriptModuleContent::new failed
- the chunking context (unknown) does not support external modules (request: node:module)

Import trace:
  Client Component Browser:
    ./node_modules/@prisma/client/runtime/client.mjs [Client Component Browser]
    ./app/generated/prisma/internal/prismaNamespace.ts [Client Component Browser]
    ./app/generated/prisma/client.ts [Client Component Browser]
    ./lib/prisma.ts [Client Component Browser]
    ./lib/cleanup.ts [Client Component Browser]
    ./app/(manager)/settings/page.tsx [Client Component Browser]
    ./app/(manager)/settings/page.tsx [Server Component] @ http://localhost:3000/_next/static/chunks/node_modules_next_dist_0u_w_5s._.js:1945
[    8428ms] [ERROR] ./node_modules/@prisma/client/runtime/client.mjs
Code generation for chunk item errored
An error occurred while generating the chunk item [project]/node_modules/@prisma/client/runtime/client.mjs [app-client] (ecmascript) <locals>

Caused by:
- the chunking context (unknown) does not support external modules (request: node:module)

Debug info:
- An error occurred while generating the chunk item [project]/node_modules/@prisma/client/runtime/client.mjs [app-client] (ecmascript) <locals>
- Execution of <EcmascriptModuleLocalsModule as EcmascriptChunkPlaceable>::chunk_item_content failed
- Execution of *EcmascriptChunkItemContent::new failed
- Execution of EcmascriptModuleContent::new failed
- the chunking context (unknown) does not support external modules (request: node:module)

Import trace:
  Client Component Browser:
    ./node_modules/@prisma/client/runtime/client.mjs [Client Component Browser]
    ./app/generated/prisma/internal/prismaNamespace.ts [Client Component Browser]
    ./app/generated/prisma/client.ts [Client Component Browser]
    ./lib/prisma.ts [Client Component Browser]
    ./lib/cleanup.ts [Client Component Browser]
    ./app/(manager)/settings/page.tsx [Client Component Browser]
    ./app/(manager)/settings/page.tsx [Server Component] @ http://localhost:3000/_next/static/chunks/node_modules_next_dist_0u_w_5s._.js:1945
[    8481ms] [ERROR] ./node_modules/@prisma/client/runtime/client.mjs
Code generation for chunk item errored
An error occurred while generating the chunk item [project]/node_modules/@prisma/client/runtime/client.mjs [app-client] (ecmascript) <locals>

Caused by:
- the chunking context (unknown) does not support external modules (request: node:module)

Debug info:
- An error occurred while generating the chunk item [project]/node_modules/@prisma/client/runtime/client.mjs [app-client] (ecmascript) <locals>
- Execution of <EcmascriptModuleLocalsModule as EcmascriptChunkPlaceable>::chunk_item_content failed
- Execution of *EcmascriptChunkItemContent::new failed
- Execution of EcmascriptModuleContent::new failed
- the chunking context (unknown) does not support external modules (request: node:module)

Import trace:
  Client Component Browser:
    ./node_modules/@prisma/client/runtime/client.mjs [Client Component Browser]
    ./app/generated/prisma/internal/prismaNamespace.ts [Client Component Browser]
    ./app/generated/prisma/client.ts [Client Component Browser]
    ./lib/prisma.ts [Client Component Browser]
    ./lib/cleanup.ts [Client Component Browser]
    ./app/(manager)/settings/page.tsx [Client Component Browser]
    ./app/(manager)/settings/page.tsx [Server Component] @ http://localhost:3000/_next/static/chunks/node_modules_next_dist_0u_w_5s._.js:1945
[    8533ms] [ERROR] ./node_modules/@prisma/client/runtime/client.mjs
Code generation for chunk item errored
An error occurred while generating the chunk item [project]/node_modules/@prisma/client/runtime/client.mjs [app-client] (ecmascript) <locals>

Caused by:
- the chunking context (unknown) does not support external modules (request: node:module)

Debug info:
- An error occurred while generating the chunk item [project]/node_modules/@prisma/client/runtime/client.mjs [app-client] (ecmascript) <locals>
- Execution of <EcmascriptModuleLocalsModule as EcmascriptChunkPlaceable>::chunk_item_content failed
- Execution of *EcmascriptChunkItemContent::new failed
- Execution of EcmascriptModuleContent::new failed
- the chunking context (unknown) does not support external modules (request: node:module)

Import trace:
  Client Component Browser:
    ./node_modules/@prisma/client/runtime/client.mjs [Client Component Browser]
    ./app/generated/prisma/internal/prismaNamespace.ts [Client Component Browser]
    ./app/generated/prisma/client.ts [Client Component Browser]
    ./lib/prisma.ts [Client Component Browser]
    ./lib/cleanup.ts [Client Component Browser]
    ./app/(manager)/settings/page.tsx [Client Component Browser]
    ./app/(manager)/settings/page.tsx [Server Component] @ http://localhost:3000/_next/static/chunks/node_modules_next_dist_0u_w_5s._.js:1945
[    8585ms] [ERROR] ./node_modules/@prisma/client/runtime/client.mjs
Code generation for chunk item errored
An error occurred while generating the chunk item [project]/node_modules/@prisma/client/runtime/client.mjs [app-client] (ecmascript) <locals>

Caused by:
- the chunking context (unknown) does not support external modules (request: node:module)

Debug info:
- An error occurred while generating the chunk item [project]/node_modules/@prisma/client/runtime/client.mjs [app-client] (ecmascript) <locals>
- Execution of <EcmascriptModuleLocalsModule as EcmascriptChunkPlaceable>::chunk_item_content failed
- Execution of *EcmascriptChunkItemContent::new failed
- Execution of EcmascriptModuleContent::new failed
- the chunking context (unknown) does not support external modules (request: node:module)

Import trace:
  Client Component Browser:
    ./node_modules/@prisma/client/runtime/client.mjs [Client Component Browser]
    ./app/generated/prisma/internal/prismaNamespace.ts [Client Component Browser]
    ./app/generated/prisma/client.ts [Client Component Browser]
    ./lib/prisma.ts [Client Component Browser]
    ./lib/cleanup.ts [Client Component Browser]
    ./app/(manager)/settings/page.tsx [Client Component Browser]
    ./app/(manager)/settings/page.tsx [Server Component] @ http://localhost:3000/_next/static/chunks/node_modules_next_dist_0u_w_5s._.js:1945
[    8633ms] [ERROR] ./node_modules/@prisma/client/runtime/client.mjs
Code generation for chunk item errored
An error occurred while generating the chunk item [project]/node_modules/@prisma/client/runtime/client.mjs [app-client] (ecmascript) <locals>

Caused by:
- the chunking context (unknown) does not support external modules (request: node:module)

Debug info:
- An error occurred while generating the chunk item [project]/node_modules/@prisma/client/runtime/client.mjs [app-client] (ecmascript) <locals>
- Execution of <EcmascriptModuleLocalsModule as EcmascriptChunkPlaceable>::chunk_item_content failed
- Execution of *EcmascriptChunkItemContent::new failed
- Execution of EcmascriptModuleContent::new failed
- the chunking context (unknown) does not support external modules (request: node:module)

Import trace:
  Client Component Browser:
    ./node_modules/@prisma/client/runtime/client.mjs [Client Component Browser]
    ./app/generated/prisma/internal/prismaNamespace.ts [Client Component Browser]
    ./app/generated/prisma/client.ts [Client Component Browser]
    ./lib/prisma.ts [Client Component Browser]
    ./lib/cleanup.ts [Client Component Browser]
    ./app/(manager)/settings/page.tsx [Client Component Browser]
    ./app/(manager)/settings/page.tsx [Server Component] @ http://localhost:3000/_next/static/chunks/node_modules_next_dist_0u_w_5s._.js:1945
[    8685ms] [ERROR] ./node_modules/@prisma/client/runtime/client.mjs
Code generation for chunk item errored
An error occurred while generating the chunk item [project]/node_modules/@prisma/client/runtime/client.mjs [app-client] (ecmascript) <locals>

Caused by:
- the chunking context (unknown) does not support external modules (request: node:module)

Debug info:
- An error occurred while generating the chunk item [project]/node_modules/@prisma/client/runtime/client.mjs [app-client] (ecmascript) <locals>
- Execution of <EcmascriptModuleLocalsModule as EcmascriptChunkPlaceable>::chunk_item_content failed
- Execution of *EcmascriptChunkItemContent::new failed
- Execution of EcmascriptModuleContent::new failed
- the chunking context (unknown) does not support external modules (request: node:module)

Import trace:
  Client Component Browser:
    ./node_modules/@prisma/client/runtime/client.mjs [Client Component Browser]
    ./app/generated/prisma/internal/prismaNamespace.ts [Client Component Browser]
    ./app/generated/prisma/client.ts [Client Component Browser]
    ./lib/prisma.ts [Client Component Browser]
    ./lib/cleanup.ts [Client Component Browser]
    ./app/(manager)/settings/page.tsx [Client Component Browser]
    ./app/(manager)/settings/page.tsx [Server Component] @ http://localhost:3000/_next/static/chunks/node_modules_next_dist_0u_w_5s._.js:1945
[    8738ms] [ERROR] ./node_modules/@prisma/client/runtime/client.mjs
Code generation for chunk item errored
An error occurred while generating the chunk item [project]/node_modules/@prisma/client/runtime/client.mjs [app-client] (ecmascript) <locals>

Caused by:
- the chunking context (unknown) does not support external modules (request: node:module)

Debug info:
- An error occurred while generating the chunk item [project]/node_modules/@prisma/client/runtime/client.mjs [app-client] (ecmascript) <locals>
- Execution of <EcmascriptModuleLocalsModule as EcmascriptChunkPlaceable>::chunk_item_content failed
- Execution of *EcmascriptChunkItemContent::new failed
- Execution of EcmascriptModuleContent::new failed
- the chunking context (unknown) does not support external modules (request: node:module)

Import trace:
  Client Component Browser:
    ./node_modules/@prisma/client/runtime/client.mjs [Client Component Browser]
    ./app/generated/prisma/internal/prismaNamespace.ts [Client Component Browser]
    ./app/generated/prisma/client.ts [Client Component Browser]
    ./lib/prisma.ts [Client Component Browser]
    ./lib/cleanup.ts [Client Component Browser]
    ./app/(manager)/settings/page.tsx [Client Component Browser]
    ./app/(manager)/settings/page.tsx [Server Component] @ http://localhost:3000/_next/static/chunks/node_modules_next_dist_0u_w_5s._.js:1945
[    8790ms] [ERROR] ./node_modules/@prisma/client/runtime/client.mjs
Code generation for chunk item errored
An error occurred while generating the chunk item [project]/node_modules/@prisma/client/runtime/client.mjs [app-client] (ecmascript) <locals>

Caused by:
- the chunking context (unknown) does not support external modules (request: node:module)

Debug info:
- An error occurred while generating the chunk item [project]/node_modules/@prisma/client/runtime/client.mjs [app-client] (ecmascript) <locals>
- Execution of <EcmascriptModuleLocalsModule as EcmascriptChunkPlaceable>::chunk_item_content failed
- Execution of *EcmascriptChunkItemContent::new failed
- Execution of EcmascriptModuleContent::new failed
- the chunking context (unknown) does not support external modules (request: node:module)

Import trace:
  Client Component Browser:
    ./node_modules/@prisma/client/runtime/client.mjs [Client Component Browser]
    ./app/generated/prisma/internal/prismaNamespace.ts [Client Component Browser]
    ./app/generated/prisma/client.ts [Client Component Browser]
    ./lib/prisma.ts [Client Component Browser]
    ./lib/cleanup.ts [Client Component Browser]
    ./app/(manager)/settings/page.tsx [Client Component Browser]
    ./app/(manager)/settings/page.tsx [Server Component] @ http://localhost:3000/_next/static/chunks/node_modules_next_dist_0u_w_5s._.js:1945
[    8844ms] [ERROR] ./node_modules/@prisma/client/runtime/client.mjs
Code generation for chunk item errored
An error occurred while generating the chunk item [project]/node_modules/@prisma/client/runtime/client.mjs [app-client] (ecmascript) <locals>

Caused by:
- the chunking context (unknown) does not support external modules (request: node:module)

Debug info:
- An error occurred while generating the chunk item [project]/node_modules/@prisma/client/runtime/client.mjs [app-client] (ecmascript) <locals>
- Execution of <EcmascriptModuleLocalsModule as EcmascriptChunkPlaceable>::chunk_item_content failed
- Execution of *EcmascriptChunkItemContent::new failed
- Execution of EcmascriptModuleContent::new failed
- the chunking context (unknown) does not support external modules (request: node:module)

Import trace:
  Client Component Browser:
    ./node_modules/@prisma/client/runtime/client.mjs [Client Component Browser]
    ./app/generated/prisma/internal/prismaNamespace.ts [Client Component Browser]
    ./app/generated/prisma/client.ts [Client Component Browser]
    ./lib/prisma.ts [Client Component Browser]
    ./lib/cleanup.ts [Client Component Browser]
    ./app/(manager)/settings/page.tsx [Client Component Browser]
    ./app/(manager)/settings/page.tsx [Server Component] @ http://localhost:3000/_next/static/chunks/node_modules_next_dist_0u_w_5s._.js:1945
[    8912ms] [LOG] [Fast Refresh] rebuilding @ http://localhost:3000/_next/static/chunks/node_modules_next_dist_0u_w_5s._.js:1226
[    8969ms] [ERROR] ./node_modules/@prisma/client/runtime/client.mjs
Code generation for chunk item errored
An error occurred while generating the chunk item [project]/node_modules/@prisma/client/runtime/client.mjs [app-client] (ecmascript) <locals>

Caused by:
- the chunking context (unknown) does not support external modules (request: node:module)

Debug info:
- An error occurred while generating the chunk item [project]/node_modules/@prisma/client/runtime/client.mjs [app-client] (ecmascript) <locals>
- Execution of <EcmascriptModuleLocalsModule as EcmascriptChunkPlaceable>::chunk_item_content failed
- Execution of *EcmascriptChunkItemContent::new failed
- Execution of EcmascriptModuleContent::new failed
- the chunking context (unknown) does not support external modules (request: node:module)

Import trace:
  Client Component Browser:
    ./node_modules/@prisma/client/runtime/client.mjs [Client Component Browser]
    ./app/generated/prisma/internal/prismaNamespace.ts [Client Component Browser]
    ./app/generated/prisma/client.ts [Client Component Browser]
    ./lib/prisma.ts [Client Component Browser]
    ./lib/cleanup.ts [Client Component Browser]
    ./app/(manager)/settings/page.tsx [Client Component Browser]
    ./app/(manager)/settings/page.tsx [Server Component] @ http://localhost:3000/_next/static/chunks/node_modules_next_dist_0u_w_5s._.js:1945
[    9021ms] [ERROR] ./node_modules/@prisma/client/runtime/client.mjs
Code generation for chunk item errored
An error occurred while generating the chunk item [project]/node_modules/@prisma/client/runtime/client.mjs [app-client] (ecmascript) <locals>

Caused by:
- the chunking context (unknown) does not support external modules (request: node:module)

Debug info:
- An error occurred while generating the chunk item [project]/node_modules/@prisma/client/runtime/client.mjs [app-client] (ecmascript) <locals>
- Execution of <EcmascriptModuleLocalsModule as EcmascriptChunkPlaceable>::chunk_item_content failed
- Execution of *EcmascriptChunkItemContent::new failed
- Execution of EcmascriptModuleContent::new failed
- the chunking context (unknown) does not support external modules (request: node:module)

Import trace:
  Client Component Browser:
    ./node_modules/@prisma/client/runtime/client.mjs [Client Component Browser]
    ./app/generated/prisma/internal/prismaNamespace.ts [Client Component Browser]
    ./app/generated/prisma/client.ts [Client Component Browser]
    ./lib/prisma.ts [Client Component Browser]
    ./lib/cleanup.ts [Client Component Browser]
    ./app/(manager)/settings/page.tsx [Client Component Browser]
    ./app/(manager)/settings/page.tsx [Server Component] @ http://localhost:3000/_next/static/chunks/node_modules_next_dist_0u_w_5s._.js:1945
[    9072ms] [ERROR] ./node_modules/@prisma/client/runtime/client.mjs
Code generation for chunk item errored
An error occurred while generating the chunk item [project]/node_modules/@prisma/client/runtime/client.mjs [app-client] (ecmascript) <locals>

Caused by:
- the chunking context (unknown) does not support external modules (request: node:module)

Debug info:
- An error occurred while generating the chunk item [project]/node_modules/@prisma/client/runtime/client.mjs [app-client] (ecmascript) <locals>
- Execution of <EcmascriptModuleLocalsModule as EcmascriptChunkPlaceable>::chunk_item_content failed
- Execution of *EcmascriptChunkItemContent::new failed
- Execution of EcmascriptModuleContent::new failed
- the chunking context (unknown) does not support external modules (request: node:module)

Import trace:
  Client Component Browser:
    ./node_modules/@prisma/client/runtime/client.mjs [Client Component Browser]
    ./app/generated/prisma/internal/prismaNamespace.ts [Client Component Browser]
    ./app/generated/prisma/client.ts [Client Component Browser]
    ./lib/prisma.ts [Client Component Browser]
    ./lib/cleanup.ts [Client Component Browser]
    ./app/(manager)/settings/page.tsx [Client Component Browser]
    ./app/(manager)/settings/page.tsx [Server Component] @ http://localhost:3000/_next/static/chunks/node_modules_next_dist_0u_w_5s._.js:1945
[    9124ms] [ERROR] ./node_modules/@prisma/client/runtime/client.mjs
Code generation for chunk item errored
An error occurred while generating the chunk item [project]/node_modules/@prisma/client/runtime/client.mjs [app-client] (ecmascript) <locals>

Caused by:
- the chunking context (unknown) does not support external modules (request: node:module)

Debug info:
- An error occurred while generating the chunk item [project]/node_modules/@prisma/client/runtime/client.mjs [app-client] (ecmascript) <locals>
- Execution of <EcmascriptModuleLocalsModule as EcmascriptChunkPlaceable>::chunk_item_content failed
- Execution of *EcmascriptChunkItemContent::new failed
- Execution of EcmascriptModuleContent::new failed
- the chunking context (unknown) does not support external modules (request: node:module)

Import trace:
  Client Component Browser:
    ./node_modules/@prisma/client/runtime/client.mjs [Client Component Browser]
    ./app/generated/prisma/internal/prismaNamespace.ts [Client Component Browser]
    ./app/generated/prisma/client.ts [Client Component Browser]
    ./lib/prisma.ts [Client Component Browser]
    ./lib/cleanup.ts [Client Component Browser]
    ./app/(manager)/settings/page.tsx [Client Component Browser]
    ./app/(manager)/settings/page.tsx [Server Component] @ http://localhost:3000/_next/static/chunks/node_modules_next_dist_0u_w_5s._.js:1945
[    9176ms] [ERROR] ./node_modules/@prisma/client/runtime/client.mjs
Code generation for chunk item errored
An error occurred while generating the chunk item [project]/node_modules/@prisma/client/runtime/client.mjs [app-client] (ecmascript) <locals>

Caused by:
- the chunking context (unknown) does not support external modules (request: node:module)

Debug info:
- An error occurred while generating the chunk item [project]/node_modules/@prisma/client/runtime/client.mjs [app-client] (ecmascript) <locals>
- Execution of <EcmascriptModuleLocalsModule as EcmascriptChunkPlaceable>::chunk_item_content failed
- Execution of *EcmascriptChunkItemContent::new failed
- Execution of EcmascriptModuleContent::new failed
- the chunking context (unknown) does not support external modules (request: node:module)

Import trace:
  Client Component Browser:
    ./node_modules/@prisma/client/runtime/client.mjs [Client Component Browser]
    ./app/generated/prisma/internal/prismaNamespace.ts [Client Component Browser]
    ./app/generated/prisma/client.ts [Client Component Browser]
    ./lib/prisma.ts [Client Component Browser]
    ./lib/cleanup.ts [Client Component Browser]
    ./app/(manager)/settings/page.tsx [Client Component Browser]
    ./app/(manager)/settings/page.tsx [Server Component] @ http://localhost:3000/_next/static/chunks/node_modules_next_dist_0u_w_5s._.js:1945
[    9229ms] [ERROR] ./node_modules/@prisma/client/runtime/client.mjs
Code generation for chunk item errored
An error occurred while generating the chunk item [project]/node_modules/@prisma/client/runtime/client.mjs [app-client] (ecmascript) <locals>

Caused by:
- the chunking context (unknown) does not support external modules (request: node:module)

Debug info:
- An error occurred while generating the chunk item [project]/node_modules/@prisma/client/runtime/client.mjs [app-client] (ecmascript) <locals>
- Execution of <EcmascriptModuleLocalsModule as EcmascriptChunkPlaceable>::chunk_item_content failed
- Execution of *EcmascriptChunkItemContent::new failed
- Execution of EcmascriptModuleContent::new failed
- the chunking context (unknown) does not support external modules (request: node:module)

Import trace:
  Client Component Browser:
    ./node_modules/@prisma/client/runtime/client.mjs [Client Component Browser]
    ./app/generated/prisma/internal/prismaNamespace.ts [Client Component Browser]
    ./app/generated/prisma/client.ts [Client Component Browser]
    ./lib/prisma.ts [Client Component Browser]
    ./lib/cleanup.ts [Client Component Browser]
    ./app/(manager)/settings/page.tsx [Client Component Browser]
    ./app/(manager)/settings/page.tsx [Server Component] @ http://localhost:3000/_next/static/chunks/node_modules_next_dist_0u_w_5s._.js:1945
[    9279ms] [ERROR] ./node_modules/@prisma/client/runtime/client.mjs
Code generation for chunk item errored
An error occurred while generating the chunk item [project]/node_modules/@prisma/client/runtime/client.mjs [app-client] (ecmascript) <locals>

Caused by:
- the chunking context (unknown) does not support external modules (request: node:module)

Debug info:
- An error occurred while generating the chunk item [project]/node_modules/@prisma/client/runtime/client.mjs [app-client] (ecmascript) <locals>
- Execution of <EcmascriptModuleLocalsModule as EcmascriptChunkPlaceable>::chunk_item_content failed
- Execution of *EcmascriptChunkItemContent::new failed
- Execution of EcmascriptModuleContent::new failed
- the chunking context (unknown) does not support external modules (request: node:module)

Import trace:
  Client Component Browser:
    ./node_modules/@prisma/client/runtime/client.mjs [Client Component Browser]
    ./app/generated/prisma/internal/prismaNamespace.ts [Client Component Browser]
    ./app/generated/prisma/client.ts [Client Component Browser]
    ./lib/prisma.ts [Client Component Browser]
    ./lib/cleanup.ts [Client Component Browser]
    ./app/(manager)/settings/page.tsx [Client Component Browser]
    ./app/(manager)/settings/page.tsx [Server Component] @ http://localhost:3000/_next/static/chunks/node_modules_next_dist_0u_w_5s._.js:1945
[    9330ms] [ERROR] ./node_modules/@prisma/client/runtime/client.mjs
Code generation for chunk item errored
An error occurred while generating the chunk item [project]/node_modules/@prisma/client/runtime/client.mjs [app-client] (ecmascript) <locals>

Caused by:
- the chunking context (unknown) does not support external modules (request: node:module)

Debug info:
- An error occurred while generating the chunk item [project]/node_modules/@prisma/client/runtime/client.mjs [app-client] (ecmascript) <locals>
- Execution of <EcmascriptModuleLocalsModule as EcmascriptChunkPlaceable>::chunk_item_content failed
- Execution of *EcmascriptChunkItemContent::new failed
- Execution of EcmascriptModuleContent::new failed
- the chunking context (unknown) does not support external modules (request: node:module)

Import trace:
  Client Component Browser:
    ./node_modules/@prisma/client/runtime/client.mjs [Client Component Browser]
    ./app/generated/prisma/internal/prismaNamespace.ts [Client Component Browser]
    ./app/generated/prisma/client.ts [Client Component Browser]
    ./lib/prisma.ts [Client Component Browser]
    ./lib/cleanup.ts [Client Component Browser]
    ./app/(manager)/settings/page.tsx [Client Component Browser]
    ./app/(manager)/settings/page.tsx [Server Component] @ http://localhost:3000/_next/static/chunks/node_modules_next_dist_0u_w_5s._.js:1945
[    9386ms] [ERROR] ./node_modules/@prisma/client/runtime/client.mjs
Code generation for chunk item errored
An error occurred while generating the chunk item [project]/node_modules/@prisma/client/runtime/client.mjs [app-client] (ecmascript) <locals>

Caused by:
- the chunking context (unknown) does not support external modules (request: node:module)

Debug info:
- An error occurred while generating the chunk item [project]/node_modules/@prisma/client/runtime/client.mjs [app-client] (ecmascript) <locals>
- Execution of <EcmascriptModuleLocalsModule as EcmascriptChunkPlaceable>::chunk_item_content failed
- Execution of *EcmascriptChunkItemContent::new failed
- Execution of EcmascriptModuleContent::new failed
- the chunking context (unknown) does not support external modules (request: node:module)

Import trace:
  Client Component Browser:
    ./node_modules/@prisma/client/runtime/client.mjs [Client Component Browser]
    ./app/generated/prisma/internal/prismaNamespace.ts [Client Component Browser]
    ./app/generated/prisma/client.ts [Client Component Browser]
    ./lib/prisma.ts [Client Component Browser]
    ./lib/cleanup.ts [Client Component Browser]
    ./app/(manager)/settings/page.tsx [Client Component Browser]
    ./app/(manager)/settings/page.tsx [Server Component] @ http://localhost:3000/_next/static/chunks/node_modules_next_dist_0u_w_5s._.js:1945
[    9438ms] [ERROR] ./node_modules/@prisma/client/runtime/client.mjs
Code generation for chunk item errored
An error occurred while generating the chunk item [project]/node_modules/@prisma/client/runtime/client.mjs [app-client] (ecmascript) <locals>

Caused by:
- the chunking context (unknown) does not support external modules (request: node:module)

Debug info:
- An error occurred while generating the chunk item [project]/node_modules/@prisma/client/runtime/client.mjs [app-client] (ecmascript) <locals>
- Execution of <EcmascriptModuleLocalsModule as EcmascriptChunkPlaceable>::chunk_item_content failed
- Execution of *EcmascriptChunkItemContent::new failed
- Execution of EcmascriptModuleContent::new failed
- the chunking context (unknown) does not support external modules (request: node:module)

Import trace:
  Client Component Browser:
    ./node_modules/@prisma/client/runtime/client.mjs [Client Component Browser]
    ./app/generated/prisma/internal/prismaNamespace.ts [Client Component Browser]
    ./app/generated/prisma/client.ts [Client Component Browser]
    ./lib/prisma.ts [Client Component Browser]
    ./lib/cleanup.ts [Client Component Browser]
    ./app/(manager)/settings/page.tsx [Client Component Browser]
    ./app/(manager)/settings/page.tsx [Server Component] @ http://localhost:3000/_next/static/chunks/node_modules_next_dist_0u_w_5s._.js:1945
[    9494ms] [ERROR] ./node_modules/@prisma/client/runtime/client.mjs
Code generation for chunk item errored
An error occurred while generating the chunk item [project]/node_modules/@prisma/client/runtime/client.mjs [app-client] (ecmascript) <locals>

Caused by:
- the chunking context (unknown) does not support external modules (request: node:module)

Debug info:
- An error occurred while generating the chunk item [project]/node_modules/@prisma/client/runtime/client.mjs [app-client] (ecmascript) <locals>
- Execution of <EcmascriptModuleLocalsModule as EcmascriptChunkPlaceable>::chunk_item_content failed
- Execution of *EcmascriptChunkItemContent::new failed
- Execution of EcmascriptModuleContent::new failed
- the chunking context (unknown) does not support external modules (request: node:module)

Import trace:
  Client Component Browser:
    ./node_modules/@prisma/client/runtime/client.mjs [Client Component Browser]
    ./app/generated/prisma/internal/prismaNamespace.ts [Client Component Browser]
    ./app/generated/prisma/client.ts [Client Component Browser]
    ./lib/prisma.ts [Client Component Browser]
    ./lib/cleanup.ts [Client Component Browser]
    ./app/(manager)/settings/page.tsx [Client Component Browser]
    ./app/(manager)/settings/page.tsx [Server Component] @ http://localhost:3000/_next/static/chunks/node_modules_next_dist_0u_w_5s._.js:1945
[    9551ms] [ERROR] ./node_modules/@prisma/client/runtime/client.mjs
Code generation for chunk item errored
An error occurred while generating the chunk item [project]/node_modules/@prisma/client/runtime/client.mjs [app-client] (ecmascript) <locals>

Caused by:
- the chunking context (unknown) does not support external modules (request: node:module)

Debug info:
- An error occurred while generating the chunk item [project]/node_modules/@prisma/client/runtime/client.mjs [app-client] (ecmascript) <locals>
- Execution of <EcmascriptModuleLocalsModule as EcmascriptChunkPlaceable>::chunk_item_content failed
- Execution of *EcmascriptChunkItemContent::new failed
- Execution of EcmascriptModuleContent::new failed
- the chunking context (unknown) does not support external modules (request: node:module)

Import trace:
  Client Component Browser:
    ./node_modules/@prisma/client/runtime/client.mjs [Client Component Browser]
    ./app/generated/prisma/internal/prismaNamespace.ts [Client Component Browser]
    ./app/generated/prisma/client.ts [Client Component Browser]
    ./lib/prisma.ts [Client Component Browser]
    ./lib/cleanup.ts [Client Component Browser]
    ./app/(manager)/settings/page.tsx [Client Component Browser]
    ./app/(manager)/settings/page.tsx [Server Component] @ http://localhost:3000/_next/static/chunks/node_modules_next_dist_0u_w_5s._.js:1945
[    9605ms] [ERROR] ./node_modules/@prisma/client/runtime/client.mjs
Code generation for chunk item errored
An error occurred while generating the chunk item [project]/node_modules/@prisma/client/runtime/client.mjs [app-client] (ecmascript) <locals>

Caused by:
- the chunking context (unknown) does not support external modules (request: node:module)

Debug info:
- An error occurred while generating the chunk item [project]/node_modules/@prisma/client/runtime/client.mjs [app-client] (ecmascript) <locals>
- Execution of <EcmascriptModuleLocalsModule as EcmascriptChunkPlaceable>::chunk_item_content failed
- Execution of *EcmascriptChunkItemContent::new failed
- Execution of EcmascriptModuleContent::new failed
- the chunking context (unknown) does not support external modules (request: node:module)

Import trace:
  Client Component Browser:
    ./node_modules/@prisma/client/runtime/client.mjs [Client Component Browser]
    ./app/generated/prisma/internal/prismaNamespace.ts [Client Component Browser]
    ./app/generated/prisma/client.ts [Client Component Browser]
    ./lib/prisma.ts [Client Component Browser]
    ./lib/cleanup.ts [Client Component Browser]
    ./app/(manager)/settings/page.tsx [Client Component Browser]
    ./app/(manager)/settings/page.tsx [Server Component] @ http://localhost:3000/_next/static/chunks/node_modules_next_dist_0u_w_5s._.js:1945
[    9657ms] [ERROR] ./node_modules/@prisma/client/runtime/client.mjs
Code generation for chunk item errored
An error occurred while generating the chunk item [project]/node_modules/@prisma/client/runtime/client.mjs [app-client] (ecmascript) <locals>

Caused by:
- the chunking context (unknown) does not support external modules (request: node:module)

Debug info:
- An error occurred while generating the chunk item [project]/node_modules/@prisma/client/runtime/client.mjs [app-client] (ecmascript) <locals>
- Execution of <EcmascriptModuleLocalsModule as EcmascriptChunkPlaceable>::chunk_item_content failed
- Execution of *EcmascriptChunkItemContent::new failed
- Execution of EcmascriptModuleContent::new failed
- the chunking context (unknown) does not support external modules (request: node:module)

Import trace:
  Client Component Browser:
    ./node_modules/@prisma/client/runtime/client.mjs [Client Component Browser]
    ./app/generated/prisma/internal/prismaNamespace.ts [Client Component Browser]
    ./app/generated/prisma/client.ts [Client Component Browser]
    ./lib/prisma.ts [Client Component Browser]
    ./lib/cleanup.ts [Client Component Browser]
    ./app/(manager)/settings/page.tsx [Client Component Browser]
    ./app/(manager)/settings/page.tsx [Server Component] @ http://localhost:3000/_next/static/chunks/node_modules_next_dist_0u_w_5s._.js:1945
[    9708ms] [ERROR] ./node_modules/@prisma/client/runtime/client.mjs
Code generation for chunk item errored
An error occurred while generating the chunk item [project]/node_modules/@prisma/client/runtime/client.mjs [app-client] (ecmascript) <locals>

Caused by:
- the chunking context (unknown) does not support external modules (request: node:module)

Debug info:
- An error occurred while generating the chunk item [project]/node_modules/@prisma/client/runtime/client.mjs [app-client] (ecmascript) <locals>
- Execution of <EcmascriptModuleLocalsModule as EcmascriptChunkPlaceable>::chunk_item_content failed
- Execution of *EcmascriptChunkItemContent::new failed
- Execution of EcmascriptModuleContent::new failed
- the chunking context (unknown) does not support external modules (request: node:module)

Import trace:
  Client Component Browser:
    ./node_modules/@prisma/client/runtime/client.mjs [Client Component Browser]
    ./app/generated/prisma/internal/prismaNamespace.ts [Client Component Browser]
    ./app/generated/prisma/client.ts [Client Component Browser]
    ./lib/prisma.ts [Client Component Browser]
    ./lib/cleanup.ts [Client Component Browser]
    ./app/(manager)/settings/page.tsx [Client Component Browser]
    ./app/(manager)/settings/page.tsx [Server Component] @ http://localhost:3000/_next/static/chunks/node_modules_next_dist_0u_w_5s._.js:1945
[    9763ms] [ERROR] ./node_modules/@prisma/client/runtime/client.mjs
Code generation for chunk item errored
An error occurred while generating the chunk item [project]/node_modules/@prisma/client/runtime/client.mjs [app-client] (ecmascript) <locals>

Caused by:
- the chunking context (unknown) does not support external modules (request: node:module)

Debug info:
- An error occurred while generating the chunk item [project]/node_modules/@prisma/client/runtime/client.mjs [app-client] (ecmascript) <locals>
- Execution of <EcmascriptModuleLocalsModule as EcmascriptChunkPlaceable>::chunk_item_content failed
- Execution of *EcmascriptChunkItemContent::new failed
- Execution of EcmascriptModuleContent::new failed
- the chunking context (unknown) does not support external modules (request: node:module)

Import trace:
  Client Component Browser:
    ./node_modules/@prisma/client/runtime/client.mjs [Client Component Browser]
    ./app/generated/prisma/internal/prismaNamespace.ts [Client Component Browser]
    ./app/generated/prisma/client.ts [Client Component Browser]
    ./lib/prisma.ts [Client Component Browser]
    ./lib/cleanup.ts [Client Component Browser]
    ./app/(manager)/settings/page.tsx [Client Component Browser]
    ./app/(manager)/settings/page.tsx [Server Component] @ http://localhost:3000/_next/static/chunks/node_modules_next_dist_0u_w_5s._.js:1945
[    9819ms] [ERROR] ./node_modules/@prisma/client/runtime/client.mjs
Code generation for chunk item errored
An error occurred while generating the chunk item [project]/node_modules/@prisma/client/runtime/client.mjs [app-client] (ecmascript) <locals>

Caused by:
- the chunking context (unknown) does not support external modules (request: node:module)

Debug info:
- An error occurred while generating the chunk item [project]/node_modules/@prisma/client/runtime/client.mjs [app-client] (ecmascript) <locals>
- Execution of <EcmascriptModuleLocalsModule as EcmascriptChunkPlaceable>::chunk_item_content failed
- Execution of *EcmascriptChunkItemContent::new failed
- Execution of EcmascriptModuleContent::new failed
- the chunking context (unknown) does not support external modules (request: node:module)

Import trace:
  Client Component Browser:
    ./node_modules/@prisma/client/runtime/client.mjs [Client Component Browser]
    ./app/generated/prisma/internal/prismaNamespace.ts [Client Component Browser]
    ./app/generated/prisma/client.ts [Client Component Browser]
    ./lib/prisma.ts [Client Component Browser]
    ./lib/cleanup.ts [Client Component Browser]
    ./app/(manager)/settings/page.tsx [Client Component Browser]
    ./app/(manager)/settings/page.tsx [Server Component] @ http://localhost:3000/_next/static/chunks/node_modules_next_dist_0u_w_5s._.js:1945
[    9872ms] [ERROR] ./node_modules/@prisma/client/runtime/client.mjs
Code generation for chunk item errored
An error occurred while generating the chunk item [project]/node_modules/@prisma/client/runtime/client.mjs [app-client] (ecmascript) <locals>

Caused by:
- the chunking context (unknown) does not support external modules (request: node:module)

Debug info:
- An error occurred while generating the chunk item [project]/node_modules/@prisma/client/runtime/client.mjs [app-client] (ecmascript) <locals>
- Execution of <EcmascriptModuleLocalsModule as EcmascriptChunkPlaceable>::chunk_item_content failed
- Execution of *EcmascriptChunkItemContent::new failed
- Execution of EcmascriptModuleContent::new failed
- the chunking context (unknown) does not support external modules (request: node:module)

Import trace:
  Client Component Browser:
    ./node_modules/@prisma/client/runtime/client.mjs [Client Component Browser]
    ./app/generated/prisma/internal/prismaNamespace.ts [Client Component Browser]
    ./app/generated/prisma/client.ts [Client Component Browser]
    ./lib/prisma.ts [Client Component Browser]
    ./lib/cleanup.ts [Client Component Browser]
    ./app/(manager)/settings/page.tsx [Client Component Browser]
    ./app/(manager)/settings/page.tsx [Server Component] @ http://localhost:3000/_next/static/chunks/node_modules_next_dist_0u_w_5s._.js:1945
[    9923ms] [ERROR] ./node_modules/@prisma/client/runtime/client.mjs
Code generation for chunk item errored
An error occurred while generating the chunk item [project]/node_modules/@prisma/client/runtime/client.mjs [app-client] (ecmascript) <locals>

Caused by:
- the chunking context (unknown) does not support external modules (request: node:module)

Debug info:
- An error occurred while generating the chunk item [project]/node_modules/@prisma/client/runtime/client.mjs [app-client] (ecmascript) <locals>
- Execution of <EcmascriptModuleLocalsModule as EcmascriptChunkPlaceable>::chunk_item_content failed
- Execution of *EcmascriptChunkItemContent::new failed
- Execution of EcmascriptModuleContent::new failed
- the chunking context (unknown) does not support external modules (request: node:module)

Import trace:
  Client Component Browser:
    ./node_modules/@prisma/client/runtime/client.mjs [Client Component Browser]
    ./app/generated/prisma/internal/prismaNamespace.ts [Client Component Browser]
    ./app/generated/prisma/client.ts [Client Component Browser]
    ./lib/prisma.ts [Client Component Browser]
    ./lib/cleanup.ts [Client Component Browser]
    ./app/(manager)/settings/page.tsx [Client Component Browser]
    ./app/(manager)/settings/page.tsx [Server Component] @ http://localhost:3000/_next/static/chunks/node_modules_next_dist_0u_w_5s._.js:1945
[    9975ms] [ERROR] ./node_modules/@prisma/client/runtime/client.mjs
Code generation for chunk item errored
An error occurred while generating the chunk item [project]/node_modules/@prisma/client/runtime/client.mjs [app-client] (ecmascript) <locals>

Caused by:
- the chunking context (unknown) does not support external modules (request: node:module)

Debug info:
- An error occurred while generating the chunk item [project]/node_modules/@prisma/client/runtime/client.mjs [app-client] (ecmascript) <locals>
- Execution of <EcmascriptModuleLocalsModule as EcmascriptChunkPlaceable>::chunk_item_content failed
- Execution of *EcmascriptChunkItemContent::new failed
- Execution of EcmascriptModuleContent::new failed
- the chunking context (unknown) does not support external modules (request: node:module)

Import trace:
  Client Component Browser:
    ./node_modules/@prisma/client/runtime/client.mjs [Client Component Browser]
    ./app/generated/prisma/internal/prismaNamespace.ts [Client Component Browser]
    ./app/generated/prisma/client.ts [Client Component Browser]
    ./lib/prisma.ts [Client Component Browser]
    ./lib/cleanup.ts [Client Component Browser]
    ./app/(manager)/settings/page.tsx [Client Component Browser]
    ./app/(manager)/settings/page.tsx [Server Component] @ http://localhost:3000/_next/static/chunks/node_modules_next_dist_0u_w_5s._.js:1945
[   10026ms] [ERROR] ./node_modules/@prisma/client/runtime/client.mjs
Code generation for chunk item errored
An error occurred while generating the chunk item [project]/node_modules/@prisma/client/runtime/client.mjs [app-client] (ecmascript) <locals>

Caused by:
- the chunking context (unknown) does not support external modules (request: node:module)

Debug info:
- An error occurred while generating the chunk item [project]/node_modules/@prisma/client/runtime/client.mjs [app-client] (ecmascript) <locals>
- Execution of <EcmascriptModuleLocalsModule as EcmascriptChunkPlaceable>::chunk_item_content failed
- Execution of *EcmascriptChunkItemContent::new failed
- Execution of EcmascriptModuleContent::new failed
- the chunking context (unknown) does not support external modules (request: node:module)

Import trace:
  Client Component Browser:
    ./node_modules/@prisma/client/runtime/client.mjs [Client Component Browser]
    ./app/generated/prisma/internal/prismaNamespace.ts [Client Component Browser]
    ./app/generated/prisma/client.ts [Client Component Browser]
    ./lib/prisma.ts [Client Component Browser]
    ./lib/cleanup.ts [Client Component Browser]
    ./app/(manager)/settings/page.tsx [Client Component Browser]
    ./app/(manager)/settings/page.tsx [Server Component] @ http://localhost:3000/_next/static/chunks/node_modules_next_dist_0u_w_5s._.js:1945
[   10078ms] [ERROR] ./node_modules/@prisma/client/runtime/client.mjs
Code generation for chunk item errored
An error occurred while generating the chunk item [project]/node_modules/@prisma/client/runtime/client.mjs [app-client] (ecmascript) <locals>

Caused by:
- the chunking context (unknown) does not support external modules (request: node:module)

Debug info:
- An error occurred while generating the chunk item [project]/node_modules/@prisma/client/runtime/client.mjs [app-client] (ecmascript) <locals>
- Execution of <EcmascriptModuleLocalsModule as EcmascriptChunkPlaceable>::chunk_item_content failed
- Execution of *EcmascriptChunkItemContent::new failed
- Execution of EcmascriptModuleContent::new failed
- the chunking context (unknown) does not support external modules (request: node:module)

Import trace:
  Client Component Browser:
    ./node_modules/@prisma/client/runtime/client.mjs [Client Component Browser]
    ./app/generated/prisma/internal/prismaNamespace.ts [Client Component Browser]
    ./app/generated/prisma/client.ts [Client Component Browser]
    ./lib/prisma.ts [Client Component Browser]
    ./lib/cleanup.ts [Client Component Browser]
    ./app/(manager)/settings/page.tsx [Client Component Browser]
    ./app/(manager)/settings/page.tsx [Server Component] @ http://localhost:3000/_next/static/chunks/node_modules_next_dist_0u_w_5s._.js:1945
[   10133ms] [ERROR] ./node_modules/@prisma/client/runtime/client.mjs
Code generation for chunk item errored
An error occurred while generating the chunk item [project]/node_modules/@prisma/client/runtime/client.mjs [app-client] (ecmascript) <locals>

Caused by:
- the chunking context (unknown) does not support external modules (request: node:module)

Debug info:
- An error occurred while generating the chunk item [project]/node_modules/@prisma/client/runtime/client.mjs [app-client] (ecmascript) <locals>
- Execution of <EcmascriptModuleLocalsModule as EcmascriptChunkPlaceable>::chunk_item_content failed
- Execution of *EcmascriptChunkItemContent::new failed
- Execution of EcmascriptModuleContent::new failed
- the chunking context (unknown) does not support external modules (request: node:module)

Import trace:
  Client Component Browser:
    ./node_modules/@prisma/client/runtime/client.mjs [Client Component Browser]
    ./app/generated/prisma/internal/prismaNamespace.ts [Client Component Browser]
    ./app/generated/prisma/client.ts [Client Component Browser]
    ./lib/prisma.ts [Client Component Browser]
    ./lib/cleanup.ts [Client Component Browser]
    ./app/(manager)/settings/page.tsx [Client Component Browser]
    ./app/(manager)/settings/page.tsx [Server Component] @ http://localhost:3000/_next/static/chunks/node_modules_next_dist_0u_w_5s._.js:1945
[   10186ms] [ERROR] ./node_modules/@prisma/client/runtime/client.mjs
Code generation for chunk item errored
An error occurred while generating the chunk item [project]/node_modules/@prisma/client/runtime/client.mjs [app-client] (ecmascript) <locals>

Caused by:
- the chunking context (unknown) does not support external modules (request: node:module)

Debug info:
- An error occurred while generating the chunk item [project]/node_modules/@prisma/client/runtime/client.mjs [app-client] (ecmascript) <locals>
- Execution of <EcmascriptModuleLocalsModule as EcmascriptChunkPlaceable>::chunk_item_content failed
- Execution of *EcmascriptChunkItemContent::new failed
- Execution of EcmascriptModuleContent::new failed
- the chunking context (unknown) does not support external modules (request: node:module)

Import trace:
  Client Component Browser:
    ./node_modules/@prisma/client/runtime/client.mjs [Client Component Browser]
    ./app/generated/prisma/internal/prismaNamespace.ts [Client Component Browser]
    ./app/generated/prisma/client.ts [Client Component Browser]
    ./lib/prisma.ts [Client Component Browser]
    ./lib/cleanup.ts [Client Component Browser]
    ./app/(manager)/settings/page.tsx [Client Component Browser]
    ./app/(manager)/settings/page.tsx [Server Component] @ http://localhost:3000/_next/static/chunks/node_modules_next_dist_0u_w_5s._.js:1945
[   10238ms] [ERROR] ./node_modules/@prisma/client/runtime/client.mjs
Code generation for chunk item errored
An error occurred while generating the chunk item [project]/node_modules/@prisma/client/runtime/client.mjs [app-client] (ecmascript) <locals>

Caused by:
- the chunking context (unknown) does not support external modules (request: node:module)

Debug info:
- An error occurred while generating the chunk item [project]/node_modules/@prisma/client/runtime/client.mjs [app-client] (ecmascript) <locals>
- Execution of <EcmascriptModuleLocalsModule as EcmascriptChunkPlaceable>::chunk_item_content failed
- Execution of *EcmascriptChunkItemContent::new failed
- Execution of EcmascriptModuleContent::new failed
- the chunking context (unknown) does not support external modules (request: node:module)

Import trace:
  Client Component Browser:
    ./node_modules/@prisma/client/runtime/client.mjs [Client Component Browser]
    ./app/generated/prisma/internal/prismaNamespace.ts [Client Component Browser]
    ./app/generated/prisma/client.ts [Client Component Browser]
    ./lib/prisma.ts [Client Component Browser]
    ./lib/cleanup.ts [Client Component Browser]
    ./app/(manager)/settings/page.tsx [Client Component Browser]
    ./app/(manager)/settings/page.tsx [Server Component] @ http://localhost:3000/_next/static/chunks/node_modules_next_dist_0u_w_5s._.js:1945
[   10291ms] [ERROR] ./node_modules/@prisma/client/runtime/client.mjs
Code generation for chunk item errored
An error occurred while generating the chunk item [project]/node_modules/@prisma/client/runtime/client.mjs [app-client] (ecmascript) <locals>

Caused by:
- the chunking context (unknown) does not support external modules (request: node:module)

Debug info:
- An error occurred while generating the chunk item [project]/node_modules/@prisma/client/runtime/client.mjs [app-client] (ecmascript) <locals>
- Execution of <EcmascriptModuleLocalsModule as EcmascriptChunkPlaceable>::chunk_item_content failed
- Execution of *EcmascriptChunkItemContent::new failed
- Execution of EcmascriptModuleContent::new failed
- the chunking context (unknown) does not support external modules (request: node:module)

Import trace:
  Client Component Browser:
    ./node_modules/@prisma/client/runtime/client.mjs [Client Component Browser]
    ./app/generated/prisma/internal/prismaNamespace.ts [Client Component Browser]
    ./app/generated/prisma/client.ts [Client Component Browser]
    ./lib/prisma.ts [Client Component Browser]
    ./lib/cleanup.ts [Client Component Browser]
    ./app/(manager)/settings/page.tsx [Client Component Browser]
    ./app/(manager)/settings/page.tsx [Server Component] @ http://localhost:3000/_next/static/chunks/node_modules_next_dist_0u_w_5s._.js:1945
[   10342ms] [ERROR] ./node_modules/@prisma/client/runtime/client.mjs
Code generation for chunk item errored
An error occurred while generating the chunk item [project]/node_modules/@prisma/client/runtime/client.mjs [app-client] (ecmascript) <locals>

Caused by:
- the chunking context (unknown) does not support external modules (request: node:module)

Debug info:
- An error occurred while generating the chunk item [project]/node_modules/@prisma/client/runtime/client.mjs [app-client] (ecmascript) <locals>
- Execution of <EcmascriptModuleLocalsModule as EcmascriptChunkPlaceable>::chunk_item_content failed
- Execution of *EcmascriptChunkItemContent::new failed
- Execution of EcmascriptModuleContent::new failed
- the chunking context (unknown) does not support external modules (request: node:module)

Import trace:
  Client Component Browser:
    ./node_modules/@prisma/client/runtime/client.mjs [Client Component Browser]
    ./app/generated/prisma/internal/prismaNamespace.ts [Client Component Browser]
    ./app/generated/prisma/client.ts [Client Component Browser]
    ./lib/prisma.ts [Client Component Browser]
    ./lib/cleanup.ts [Client Component Browser]
    ./app/(manager)/settings/page.tsx [Client Component Browser]
    ./app/(manager)/settings/page.tsx [Server Component] @ http://localhost:3000/_next/static/chunks/node_modules_next_dist_0u_w_5s._.js:1945
[   10394ms] [ERROR] ./node_modules/@prisma/client/runtime/client.mjs
Code generation for chunk item errored
An error occurred while generating the chunk item [project]/node_modules/@prisma/client/runtime/client.mjs [app-client] (ecmascript) <locals>

Caused by:
- the chunking context (unknown) does not support external modules (request: node:module)

Debug info:
- An error occurred while generating the chunk item [project]/node_modules/@prisma/client/runtime/client.mjs [app-client] (ecmascript) <locals>
- Execution of <EcmascriptModuleLocalsModule as EcmascriptChunkPlaceable>::chunk_item_content failed
- Execution of *EcmascriptChunkItemContent::new failed
- Execution of EcmascriptModuleContent::new failed
- the chunking context (unknown) does not support external modules (request: node:module)

Import trace:
  Client Component Browser:
    ./node_modules/@prisma/client/runtime/client.mjs [Client Component Browser]
    ./app/generated/prisma/internal/prismaNamespace.ts [Client Component Browser]
    ./app/generated/prisma/client.ts [Client Component Browser]
    ./lib/prisma.ts [Client Component Browser]
    ./lib/cleanup.ts [Client Component Browser]
    ./app/(manager)/settings/page.tsx [Client Component Browser]
    ./app/(manager)/settings/page.tsx [Server Component] @ http://localhost:3000/_next/static/chunks/node_modules_next_dist_0u_w_5s._.js:1945
[   10447ms] [ERROR] ./node_modules/@prisma/client/runtime/client.mjs
Code generation for chunk item errored
An error occurred while generating the chunk item [project]/node_modules/@prisma/client/runtime/client.mjs [app-client] (ecmascript) <locals>

Caused by:
- the chunking context (unknown) does not support external modules (request: node:module)

Debug info:
- An error occurred while generating the chunk item [project]/node_modules/@prisma/client/runtime/client.mjs [app-client] (ecmascript) <locals>
- Execution of <EcmascriptModuleLocalsModule as EcmascriptChunkPlaceable>::chunk_item_content failed
- Execution of *EcmascriptChunkItemContent::new failed
- Execution of EcmascriptModuleContent::new failed
- the chunking context (unknown) does not support external modules (request: node:module)

Import trace:
  Client Component Browser:
    ./node_modules/@prisma/client/runtime/client.mjs [Client Component Browser]
    ./app/generated/prisma/internal/prismaNamespace.ts [Client Component Browser]
    ./app/generated/prisma/client.ts [Client Component Browser]
    ./lib/prisma.ts [Client Component Browser]
    ./lib/cleanup.ts [Client Component Browser]
    ./app/(manager)/settings/page.tsx [Client Component Browser]
    ./app/(manager)/settings/page.tsx [Server Component] @ http://localhost:3000/_next/static/chunks/node_modules_next_dist_0u_w_5s._.js:1945
[   10499ms] [ERROR] ./node_modules/@prisma/client/runtime/client.mjs
Code generation for chunk item errored
An error occurred while generating the chunk item [project]/node_modules/@prisma/client/runtime/client.mjs [app-client] (ecmascript) <locals>

Caused by:
- the chunking context (unknown) does not support external modules (request: node:module)

Debug info:
- An error occurred while generating the chunk item [project]/node_modules/@prisma/client/runtime/client.mjs [app-client] (ecmascript) <locals>
- Execution of <EcmascriptModuleLocalsModule as EcmascriptChunkPlaceable>::chunk_item_content failed
- Execution of *EcmascriptChunkItemContent::new failed
- Execution of EcmascriptModuleContent::new failed
- the chunking context (unknown) does not support external modules (request: node:module)

Import trace:
  Client Component Browser:
    ./node_modules/@prisma/client/runtime/client.mjs [Client Component Browser]
    ./app/generated/prisma/internal/prismaNamespace.ts [Client Component Browser]
    ./app/generated/prisma/client.ts [Client Component Browser]
    ./lib/prisma.ts [Client Component Browser]
    ./lib/cleanup.ts [Client Component Browser]
    ./app/(manager)/settings/page.tsx [Client Component Browser]
    ./app/(manager)/settings/page.tsx [Server Component] @ http://localhost:3000/_next/static/chunks/node_modules_next_dist_0u_w_5s._.js:1945
[   10554ms] [ERROR] ./node_modules/@prisma/client/runtime/client.mjs
Code generation for chunk item errored
An error occurred while generating the chunk item [project]/node_modules/@prisma/client/runtime/client.mjs [app-client] (ecmascript) <locals>

Caused by:
- the chunking context (unknown) does not support external modules (request: node:module)

Debug info:
- An error occurred while generating the chunk item [project]/node_modules/@prisma/client/runtime/client.mjs [app-client] (ecmascript) <locals>
- Execution of <EcmascriptModuleLocalsModule as EcmascriptChunkPlaceable>::chunk_item_content failed
- Execution of *EcmascriptChunkItemContent::new failed
- Execution of EcmascriptModuleContent::new failed
- the chunking context (unknown) does not support external modules (request: node:module)

Import trace:
  Client Component Browser:
    ./node_modules/@prisma/client/runtime/client.mjs [Client Component Browser]
    ./app/generated/prisma/internal/prismaNamespace.ts [Client Component Browser]
    ./app/generated/prisma/client.ts [Client Component Browser]
    ./lib/prisma.ts [Client Component Browser]
    ./lib/cleanup.ts [Client Component Browser]
    ./app/(manager)/settings/page.tsx [Client Component Browser]
    ./app/(manager)/settings/page.tsx [Server Component] @ http://localhost:3000/_next/static/chunks/node_modules_next_dist_0u_w_5s._.js:1945
[   10613ms] [ERROR] ./node_modules/@prisma/client/runtime/client.mjs
Code generation for chunk item errored
An error occurred while generating the chunk item [project]/node_modules/@prisma/client/runtime/client.mjs [app-client] (ecmascript) <locals>

Caused by:
- the chunking context (unknown) does not support external modules (request: node:module)

Debug info:
- An error occurred while generating the chunk item [project]/node_modules/@prisma/client/runtime/client.mjs [app-client] (ecmascript) <locals>
- Execution of <EcmascriptModuleLocalsModule as EcmascriptChunkPlaceable>::chunk_item_content failed
- Execution of *EcmascriptChunkItemContent::new failed
- Execution of EcmascriptModuleContent::new failed
- the chunking context (unknown) does not support external modules (request: node:module)

Import trace:
  Client Component Browser:
    ./node_modules/@prisma/client/runtime/client.mjs [Client Component Browser]
    ./app/generated/prisma/internal/prismaNamespace.ts [Client Component Browser]
    ./app/generated/prisma/client.ts [Client Component Browser]
    ./lib/prisma.ts [Client Component Browser]
    ./lib/cleanup.ts [Client Component Browser]
    ./app/(manager)/settings/page.tsx [Client Component Browser]
    ./app/(manager)/settings/page.tsx [Server Component] @ http://localhost:3000/_next/static/chunks/node_modules_next_dist_0u_w_5s._.js:1945
[   10667ms] [ERROR] ./node_modules/@prisma/client/runtime/client.mjs
Code generation for chunk item errored
An error occurred while generating the chunk item [project]/node_modules/@prisma/client/runtime/client.mjs [app-client] (ecmascript) <locals>

Caused by:
- the chunking context (unknown) does not support external modules (request: node:module)

Debug info:
- An error occurred while generating the chunk item [project]/node_modules/@prisma/client/runtime/client.mjs [app-client] (ecmascript) <locals>
- Execution of <EcmascriptModuleLocalsModule as EcmascriptChunkPlaceable>::chunk_item_content failed
- Execution of *EcmascriptChunkItemContent::new failed
- Execution of EcmascriptModuleContent::new failed
- the chunking context (unknown) does not support external modules (request: node:module)

Import trace:
  Client Component Browser:
    ./node_modules/@prisma/client/runtime/client.mjs [Client Component Browser]
    ./app/generated/prisma/internal/prismaNamespace.ts [Client Component Browser]
    ./app/generated/prisma/client.ts [Client Component Browser]
    ./lib/prisma.ts [Client Component Browser]
    ./lib/cleanup.ts [Client Component Browser]
    ./app/(manager)/settings/page.tsx [Client Component Browser]
    ./app/(manager)/settings/page.tsx [Server Component] @ http://localhost:3000/_next/static/chunks/node_modules_next_dist_0u_w_5s._.js:1945
[   10724ms] [ERROR] ./node_modules/@prisma/client/runtime/client.mjs
Code generation for chunk item errored
An error occurred while generating the chunk item [project]/node_modules/@prisma/client/runtime/client.mjs [app-client] (ecmascript) <locals>

Caused by:
- the chunking context (unknown) does not support external modules (request: node:module)

Debug info:
- An error occurred while generating the chunk item [project]/node_modules/@prisma/client/runtime/client.mjs [app-client] (ecmascript) <locals>
- Execution of <EcmascriptModuleLocalsModule as EcmascriptChunkPlaceable>::chunk_item_content failed
- Execution of *EcmascriptChunkItemContent::new failed
- Execution of EcmascriptModuleContent::new failed
- the chunking context (unknown) does not support external modules (request: node:module)

Import trace:
  Client Component Browser:
    ./node_modules/@prisma/client/runtime/client.mjs [Client Component Browser]
    ./app/generated/prisma/internal/prismaNamespace.ts [Client Component Browser]
    ./app/generated/prisma/client.ts [Client Component Browser]
    ./lib/prisma.ts [Client Component Browser]
    ./lib/cleanup.ts [Client Component Browser]
    ./app/(manager)/settings/page.tsx [Client Component Browser]
    ./app/(manager)/settings/page.tsx [Server Component] @ http://localhost:3000/_next/static/chunks/node_modules_next_dist_0u_w_5s._.js:1945
[   10779ms] [ERROR] ./node_modules/@prisma/client/runtime/client.mjs
Code generation for chunk item errored
An error occurred while generating the chunk item [project]/node_modules/@prisma/client/runtime/client.mjs [app-client] (ecmascript) <locals>

Caused by:
- the chunking context (unknown) does not support external modules (request: node:module)

Debug info:
- An error occurred while generating the chunk item [project]/node_modules/@prisma/client/runtime/client.mjs [app-client] (ecmascript) <locals>
- Execution of <EcmascriptModuleLocalsModule as EcmascriptChunkPlaceable>::chunk_item_content failed
- Execution of *EcmascriptChunkItemContent::new failed
- Execution of EcmascriptModuleContent::new failed
- the chunking context (unknown) does not support external modules (request: node:module)

Import trace:
  Client Component Browser:
    ./node_modules/@prisma/client/runtime/client.mjs [Client Component Browser]
    ./app/generated/prisma/internal/prismaNamespace.ts [Client Component Browser]
    ./app/generated/prisma/client.ts [Client Component Browser]
    ./lib/prisma.ts [Client Component Browser]
    ./lib/cleanup.ts [Client Component Browser]
    ./app/(manager)/settings/page.tsx [Client Component Browser]
    ./app/(manager)/settings/page.tsx [Server Component] @ http://localhost:3000/_next/static/chunks/node_modules_next_dist_0u_w_5s._.js:1945
[   10834ms] [ERROR] ./node_modules/@prisma/client/runtime/client.mjs
Code generation for chunk item errored
An error occurred while generating the chunk item [project]/node_modules/@prisma/client/runtime/client.mjs [app-client] (ecmascript) <locals>

Caused by:
- the chunking context (unknown) does not support external modules (request: node:module)

Debug info:
- An error occurred while generating the chunk item [project]/node_modules/@prisma/client/runtime/client.mjs [app-client] (ecmascript) <locals>
- Execution of <EcmascriptModuleLocalsModule as EcmascriptChunkPlaceable>::chunk_item_content failed
- Execution of *EcmascriptChunkItemContent::new failed
- Execution of EcmascriptModuleContent::new failed
- the chunking context (unknown) does not support external modules (request: node:module)

Import trace:
  Client Component Browser:
    ./node_modules/@prisma/client/runtime/client.mjs [Client Component Browser]
    ./app/generated/prisma/internal/prismaNamespace.ts [Client Component Browser]
    ./app/generated/prisma/client.ts [Client Component Browser]
    ./lib/prisma.ts [Client Component Browser]
    ./lib/cleanup.ts [Client Component Browser]
    ./app/(manager)/settings/page.tsx [Client Component Browser]
    ./app/(manager)/settings/page.tsx [Server Component] @ http://localhost:3000/_next/static/chunks/node_modules_next_dist_0u_w_5s._.js:1945
[   10890ms] [ERROR] ./node_modules/@prisma/client/runtime/client.mjs
Code generation for chunk item errored
An error occurred while generating the chunk item [project]/node_modules/@prisma/client/runtime/client.mjs [app-client] (ecmascript) <locals>

Caused by:
- the chunking context (unknown) does not support external modules (request: node:module)

Debug info:
- An error occurred while generating the chunk item [project]/node_modules/@prisma/client/runtime/client.mjs [app-client] (ecmascript) <locals>
- Execution of <EcmascriptModuleLocalsModule as EcmascriptChunkPlaceable>::chunk_item_content failed
- Execution of *EcmascriptChunkItemContent::new failed
- Execution of EcmascriptModuleContent::new failed
- the chunking context (unknown) does not support external modules (request: node:module)

Import trace:
  Client Component Browser:
    ./node_modules/@prisma/client/runtime/client.mjs [Client Component Browser]
    ./app/generated/prisma/internal/prismaNamespace.ts [Client Component Browser]
    ./app/generated/prisma/client.ts [Client Component Browser]
    ./lib/prisma.ts [Client Component Browser]
    ./lib/cleanup.ts [Client Component Browser]
    ./app/(manager)/settings/page.tsx [Client Component Browser]
    ./app/(manager)/settings/page.tsx [Server Component] @ http://localhost:3000/_next/static/chunks/node_modules_next_dist_0u_w_5s._.js:1945
[   10945ms] [ERROR] ./node_modules/@prisma/client/runtime/client.mjs
Code generation for chunk item errored
An error occurred while generating the chunk item [project]/node_modules/@prisma/client/runtime/client.mjs [app-client] (ecmascript) <locals>

Caused by:
- the chunking context (unknown) does not support external modules (request: node:module)

Debug info:
- An error occurred while generating the chunk item [project]/node_modules/@prisma/client/runtime/client.mjs [app-client] (ecmascript) <locals>
- Execution of <EcmascriptModuleLocalsModule as EcmascriptChunkPlaceable>::chunk_item_content failed
- Execution of *EcmascriptChunkItemContent::new failed
- Execution of EcmascriptModuleContent::new failed
- the chunking context (unknown) does not support external modules (request: node:module)

Import trace:
  Client Component Browser:
    ./node_modules/@prisma/client/runtime/client.mjs [Client Component Browser]
    ./app/generated/prisma/internal/prismaNamespace.ts [Client Component Browser]
    ./app/generated/prisma/client.ts [Client Component Browser]
    ./lib/prisma.ts [Client Component Browser]
    ./lib/cleanup.ts [Client Component Browser]
    ./app/(manager)/settings/page.tsx [Client Component Browser]
    ./app/(manager)/settings/page.tsx [Server Component] @ http://localhost:3000/_next/static/chunks/node_modules_next_dist_0u_w_5s._.js:1945
[   10998ms] [ERROR] ./node_modules/@prisma/client/runtime/client.mjs
Code generation for chunk item errored
An error occurred while generating the chunk item [project]/node_modules/@prisma/client/runtime/client.mjs [app-client] (ecmascript) <locals>

Caused by:
- the chunking context (unknown) does not support external modules (request: node:module)

Debug info:
- An error occurred while generating the chunk item [project]/node_modules/@prisma/client/runtime/client.mjs [app-client] (ecmascript) <locals>
- Execution of <EcmascriptModuleLocalsModule as EcmascriptChunkPlaceable>::chunk_item_content failed
- Execution of *EcmascriptChunkItemContent::new failed
- Execution of EcmascriptModuleContent::new failed
- the chunking context (unknown) does not support external modules (request: node:module)

Import trace:
  Client Component Browser:
    ./node_modules/@prisma/client/runtime/client.mjs [Client Component Browser]
    ./app/generated/prisma/internal/prismaNamespace.ts [Client Component Browser]
    ./app/generated/prisma/client.ts [Client Component Browser]
    ./lib/prisma.ts [Client Component Browser]
    ./lib/cleanup.ts [Client Component Browser]
    ./app/(manager)/settings/page.tsx [Client Component Browser]
    ./app/(manager)/settings/page.tsx [Server Component] @ http://localhost:3000/_next/static/chunks/node_modules_next_dist_0u_w_5s._.js:1945
[   11049ms] [ERROR] ./node_modules/@prisma/client/runtime/client.mjs
Code generation for chunk item errored
An error occurred while generating the chunk item [project]/node_modules/@prisma/client/runtime/client.mjs [app-client] (ecmascript) <locals>

Caused by:
- the chunking context (unknown) does not support external modules (request: node:module)

Debug info:
- An error occurred while generating the chunk item [project]/node_modules/@prisma/client/runtime/client.mjs [app-client] (ecmascript) <locals>
- Execution of <EcmascriptModuleLocalsModule as EcmascriptChunkPlaceable>::chunk_item_content failed
- Execution of *EcmascriptChunkItemContent::new failed
- Execution of EcmascriptModuleContent::new failed
- the chunking context (unknown) does not support external modules (request: node:module)

Import trace:
  Client Component Browser:
    ./node_modules/@prisma/client/runtime/client.mjs [Client Component Browser]
    ./app/generated/prisma/internal/prismaNamespace.ts [Client Component Browser]
    ./app/generated/prisma/client.ts [Client Component Browser]
    ./lib/prisma.ts [Client Component Browser]
    ./lib/cleanup.ts [Client Component Browser]
    ./app/(manager)/settings/page.tsx [Client Component Browser]
    ./app/(manager)/settings/page.tsx [Server Component] @ http://localhost:3000/_next/static/chunks/node_modules_next_dist_0u_w_5s._.js:1945
[   11102ms] [ERROR] ./node_modules/@prisma/client/runtime/client.mjs
Code generation for chunk item errored
An error occurred while generating the chunk item [project]/node_modules/@prisma/client/runtime/client.mjs [app-client] (ecmascript) <locals>

Caused by:
- the chunking context (unknown) does not support external modules (request: node:module)

Debug info:
- An error occurred while generating the chunk item [project]/node_modules/@prisma/client/runtime/client.mjs [app-client] (ecmascript) <locals>
- Execution of <EcmascriptModuleLocalsModule as EcmascriptChunkPlaceable>::chunk_item_content failed
- Execution of *EcmascriptChunkItemContent::new failed
- Execution of EcmascriptModuleContent::new failed
- the chunking context (unknown) does not support external modules (request: node:module)

Import trace:
  Client Component Browser:
    ./node_modules/@prisma/client/runtime/client.mjs [Client Component Browser]
    ./app/generated/prisma/internal/prismaNamespace.ts [Client Component Browser]
    ./app/generated/prisma/client.ts [Client Component Browser]
    ./lib/prisma.ts [Client Component Browser]
    ./lib/cleanup.ts [Client Component Browser]
    ./app/(manager)/settings/page.tsx [Client Component Browser]
    ./app/(manager)/settings/page.tsx [Server Component] @ http://localhost:3000/_next/static/chunks/node_modules_next_dist_0u_w_5s._.js:1945
[   11147ms] [ERROR] ./node_modules/@prisma/client/runtime/client.mjs
Code generation for chunk item errored
An error occurred while generating the chunk item [project]/node_modules/@prisma/client/runtime/client.mjs [app-client] (ecmascript) <locals>

Caused by:
- the chunking context (unknown) does not support external modules (request: node:module)

Debug info:
- An error occurred while generating the chunk item [project]/node_modules/@prisma/client/runtime/client.mjs [app-client] (ecmascript) <locals>
- Execution of <EcmascriptModuleLocalsModule as EcmascriptChunkPlaceable>::chunk_item_content failed
- Execution of *EcmascriptChunkItemContent::new failed
- Execution of EcmascriptModuleContent::new failed
- the chunking context (unknown) does not support external modules (request: node:module)

Import trace:
  Client Component Browser:
    ./node_modules/@prisma/client/runtime/client.mjs [Client Component Browser]
    ./app/generated/prisma/internal/prismaNamespace.ts [Client Component Browser]
    ./app/generated/prisma/client.ts [Client Component Browser]
    ./lib/prisma.ts [Client Component Browser]
    ./lib/cleanup.ts [Client Component Browser]
    ./app/(manager)/settings/page.tsx [Client Component Browser]
    ./app/(manager)/settings/page.tsx [Server Component] @ http://localhost:3000/_next/static/chunks/node_modules_next_dist_0u_w_5s._.js:1945
[   11204ms] [ERROR] ./node_modules/@prisma/client/runtime/client.mjs
Code generation for chunk item errored
An error occurred while generating the chunk item [project]/node_modules/@prisma/client/runtime/client.mjs [app-client] (ecmascript) <locals>

Caused by:
- the chunking context (unknown) does not support external modules (request: node:module)

Debug info:
- An error occurred while generating the chunk item [project]/node_modules/@prisma/client/runtime/client.mjs [app-client] (ecmascript) <locals>
- Execution of <EcmascriptModuleLocalsModule as EcmascriptChunkPlaceable>::chunk_item_content failed
- Execution of *EcmascriptChunkItemContent::new failed
- Execution of EcmascriptModuleContent::new failed
- the chunking context (unknown) does not support external modules (request: node:module)

Import trace:
  Client Component Browser:
    ./node_modules/@prisma/client/runtime/client.mjs [Client Component Browser]
    ./app/generated/prisma/internal/prismaNamespace.ts [Client Component Browser]
    ./app/generated/prisma/client.ts [Client Component Browser]
    ./lib/prisma.ts [Client Component Browser]
    ./lib/cleanup.ts [Client Component Browser]
    ./app/(manager)/settings/page.tsx [Client Component Browser]
    ./app/(manager)/settings/page.tsx [Server Component] @ http://localhost:3000/_next/static/chunks/node_modules_next_dist_0u_w_5s._.js:1945
[   11261ms] [ERROR] ./node_modules/@prisma/client/runtime/client.mjs
Code generation for chunk item errored
An error occurred while generating the chunk item [project]/node_modules/@prisma/client/runtime/client.mjs [app-client] (ecmascript) <locals>

Caused by:
- the chunking context (unknown) does not support external modules (request: node:module)

Debug info:
- An error occurred while generating the chunk item [project]/node_modules/@prisma/client/runtime/client.mjs [app-client] (ecmascript) <locals>
- Execution of <EcmascriptModuleLocalsModule as EcmascriptChunkPlaceable>::chunk_item_content failed
- Execution of *EcmascriptChunkItemContent::new failed
- Execution of EcmascriptModuleContent::new failed
- the chunking context (unknown) does not support external modules (request: node:module)

Import trace:
  Client Component Browser:
    ./node_modules/@prisma/client/runtime/client.mjs [Client Component Browser]
    ./app/generated/prisma/internal/prismaNamespace.ts [Client Component Browser]
    ./app/generated/prisma/client.ts [Client Component Browser]
    ./lib/prisma.ts [Client Component Browser]
    ./lib/cleanup.ts [Client Component Browser]
    ./app/(manager)/settings/page.tsx [Client Component Browser]
    ./app/(manager)/settings/page.tsx [Server Component] @ http://localhost:3000/_next/static/chunks/node_modules_next_dist_0u_w_5s._.js:1945
[   11312ms] [ERROR] ./node_modules/@prisma/client/runtime/client.mjs
Code generation for chunk item errored
An error occurred while generating the chunk item [project]/node_modules/@prisma/client/runtime/client.mjs [app-client] (ecmascript) <locals>

Caused by:
- the chunking context (unknown) does not support external modules (request: node:module)

Debug info:
- An error occurred while generating the chunk item [project]/node_modules/@prisma/client/runtime/client.mjs [app-client] (ecmascript) <locals>
- Execution of <EcmascriptModuleLocalsModule as EcmascriptChunkPlaceable>::chunk_item_content failed
- Execution of *EcmascriptChunkItemContent::new failed
- Execution of EcmascriptModuleContent::new failed
- the chunking context (unknown) does not support external modules (request: node:module)

Import trace:
  Client Component Browser:
    ./node_modules/@prisma/client/runtime/client.mjs [Client Component Browser]
    ./app/generated/prisma/internal/prismaNamespace.ts [Client Component Browser]
    ./app/generated/prisma/client.ts [Client Component Browser]
    ./lib/prisma.ts [Client Component Browser]
    ./lib/cleanup.ts [Client Component Browser]
    ./app/(manager)/settings/page.tsx [Client Component Browser]
    ./app/(manager)/settings/page.tsx [Server Component] @ http://localhost:3000/_next/static/chunks/node_modules_next_dist_0u_w_5s._.js:1945
[   11367ms] [ERROR] ./node_modules/@prisma/client/runtime/client.mjs
Code generation for chunk item errored
An error occurred while generating the chunk item [project]/node_modules/@prisma/client/runtime/client.mjs [app-client] (ecmascript) <locals>

Caused by:
- the chunking context (unknown) does not support external modules (request: node:module)

Debug info:
- An error occurred while generating the chunk item [project]/node_modules/@prisma/client/runtime/client.mjs [app-client] (ecmascript) <locals>
- Execution of <EcmascriptModuleLocalsModule as EcmascriptChunkPlaceable>::chunk_item_content failed
- Execution of *EcmascriptChunkItemContent::new failed
- Execution of EcmascriptModuleContent::new failed
- the chunking context (unknown) does not support external modules (request: node:module)

Import trace:
  Client Component Browser:
    ./node_modules/@prisma/client/runtime/client.mjs [Client Component Browser]
    ./app/generated/prisma/internal/prismaNamespace.ts [Client Component Browser]
    ./app/generated/prisma/client.ts [Client Component Browser]
    ./lib/prisma.ts [Client Component Browser]
    ./lib/cleanup.ts [Client Component Browser]
    ./app/(manager)/settings/page.tsx [Client Component Browser]
    ./app/(manager)/settings/page.tsx [Server Component] @ http://localhost:3000/_next/static/chunks/node_modules_next_dist_0u_w_5s._.js:1945
[   11427ms] [ERROR] ./node_modules/@prisma/client/runtime/client.mjs
Code generation for chunk item errored
An error occurred while generating the chunk item [project]/node_modules/@prisma/client/runtime/client.mjs [app-client] (ecmascript) <locals>

Caused by:
- the chunking context (unknown) does not support external modules (request: node:module)

Debug info:
- An error occurred while generating the chunk item [project]/node_modules/@prisma/client/runtime/client.mjs [app-client] (ecmascript) <locals>
- Execution of <EcmascriptModuleLocalsModule as EcmascriptChunkPlaceable>::chunk_item_content failed
- Execution of *EcmascriptChunkItemContent::new failed
- Execution of EcmascriptModuleContent::new failed
- the chunking context (unknown) does not support external modules (request: node:module)

Import trace:
  Client Component Browser:
    ./node_modules/@prisma/client/runtime/client.mjs [Client Component Browser]
    ./app/generated/prisma/internal/prismaNamespace.ts [Client Component Browser]
    ./app/generated/prisma/client.ts [Client Component Browser]
    ./lib/prisma.ts [Client Component Browser]
    ./lib/cleanup.ts [Client Component Browser]
    ./app/(manager)/settings/page.tsx [Client Component Browser]
    ./app/(manager)/settings/page.tsx [Server Component] @ http://localhost:3000/_next/static/chunks/node_modules_next_dist_0u_w_5s._.js:1945
[   11481ms] [ERROR] ./node_modules/@prisma/client/runtime/client.mjs
Code generation for chunk item errored
An error occurred while generating the chunk item [project]/node_modules/@prisma/client/runtime/client.mjs [app-client] (ecmascript) <locals>

Caused by:
- the chunking context (unknown) does not support external modules (request: node:module)

Debug info:
- An error occurred while generating the chunk item [project]/node_modules/@prisma/client/runtime/client.mjs [app-client] (ecmascript) <locals>
- Execution of <EcmascriptModuleLocalsModule as EcmascriptChunkPlaceable>::chunk_item_content failed
- Execution of *EcmascriptChunkItemContent::new failed
- Execution of EcmascriptModuleContent::new failed
- the chunking context (unknown) does not support external modules (request: node:module)

Import trace:
  Client Component Browser:
    ./node_modules/@prisma/client/runtime/client.mjs [Client Component Browser]
    ./app/generated/prisma/internal/prismaNamespace.ts [Client Component Browser]
    ./app/generated/prisma/client.ts [Client Component Browser]
    ./lib/prisma.ts [Client Component Browser]
    ./lib/cleanup.ts [Client Component Browser]
    ./app/(manager)/settings/page.tsx [Client Component Browser]
    ./app/(manager)/settings/page.tsx [Server Component] @ http://localhost:3000/_next/static/chunks/node_modules_next_dist_0u_w_5s._.js:1945
[   11537ms] [ERROR] ./node_modules/@prisma/client/runtime/client.mjs
Code generation for chunk item errored
An error occurred while generating the chunk item [project]/node_modules/@prisma/client/runtime/client.mjs [app-client] (ecmascript) <locals>

Caused by:
- the chunking context (unknown) does not support external modules (request: node:module)

Debug info:
- An error occurred while generating the chunk item [project]/node_modules/@prisma/client/runtime/client.mjs [app-client] (ecmascript) <locals>
- Execution of <EcmascriptModuleLocalsModule as EcmascriptChunkPlaceable>::chunk_item_content failed
- Execution of *EcmascriptChunkItemContent::new failed
- Execution of EcmascriptModuleContent::new failed
- the chunking context (unknown) does not support external modules (request: node:module)

Import trace:
  Client Component Browser:
    ./node_modules/@prisma/client/runtime/client.mjs [Client Component Browser]
    ./app/generated/prisma/internal/prismaNamespace.ts [Client Component Browser]
    ./app/generated/prisma/client.ts [Client Component Browser]
    ./lib/prisma.ts [Client Component Browser]
    ./lib/cleanup.ts [Client Component Browser]
    ./app/(manager)/settings/page.tsx [Client Component Browser]
    ./app/(manager)/settings/page.tsx [Server Component] @ http://localhost:3000/_next/static/chunks/node_modules_next_dist_0u_w_5s._.js:1945
[   11595ms] [ERROR] ./node_modules/@prisma/client/runtime/client.mjs
Code generation for chunk item errored
An error occurred while generating the chunk item [project]/node_modules/@prisma/client/runtime/client.mjs [app-client] (ecmascript) <locals>

Caused by:
- the chunking context (unknown) does not support external modules (request: node:module)

Debug info:
- An error occurred while generating the chunk item [project]/node_modules/@prisma/client/runtime/client.mjs [app-client] (ecmascript) <locals>
- Execution of <EcmascriptModuleLocalsModule as EcmascriptChunkPlaceable>::chunk_item_content failed
- Execution of *EcmascriptChunkItemContent::new failed
- Execution of EcmascriptModuleContent::new failed
- the chunking context (unknown) does not support external modules (request: node:module)

Import trace:
  Client Component Browser:
    ./node_modules/@prisma/client/runtime/client.mjs [Client Component Browser]
    ./app/generated/prisma/internal/prismaNamespace.ts [Client Component Browser]
    ./app/generated/prisma/client.ts [Client Component Browser]
    ./lib/prisma.ts [Client Component Browser]
    ./lib/cleanup.ts [Client Component Browser]
    ./app/(manager)/settings/page.tsx [Client Component Browser]
    ./app/(manager)/settings/page.tsx [Server Component] @ http://localhost:3000/_next/static/chunks/node_modules_next_dist_0u_w_5s._.js:1945
[   11650ms] [ERROR] ./node_modules/@prisma/client/runtime/client.mjs
Code generation for chunk item errored
An error occurred while generating the chunk item [project]/node_modules/@prisma/client/runtime/client.mjs [app-client] (ecmascript) <locals>

Caused by:
- the chunking context (unknown) does not support external modules (request: node:module)

Debug info:
- An error occurred while generating the chunk item [project]/node_modules/@prisma/client/runtime/client.mjs [app-client] (ecmascript) <locals>
- Execution of <EcmascriptModuleLocalsModule as EcmascriptChunkPlaceable>::chunk_item_content failed
- Execution of *EcmascriptChunkItemContent::new failed
- Execution of EcmascriptModuleContent::new failed
- the chunking context (unknown) does not support external modules (request: node:module)

Import trace:
  Client Component Browser:
    ./node_modules/@prisma/client/runtime/client.mjs [Client Component Browser]
    ./app/generated/prisma/internal/prismaNamespace.ts [Client Component Browser]
    ./app/generated/prisma/client.ts [Client Component Browser]
    ./lib/prisma.ts [Client Component Browser]
    ./lib/cleanup.ts [Client Component Browser]
    ./app/(manager)/settings/page.tsx [Client Component Browser]
    ./app/(manager)/settings/page.tsx [Server Component] @ http://localhost:3000/_next/static/chunks/node_modules_next_dist_0u_w_5s._.js:1945
[   11705ms] [ERROR] ./node_modules/@prisma/client/runtime/client.mjs
Code generation for chunk item errored
An error occurred while generating the chunk item [project]/node_modules/@prisma/client/runtime/client.mjs [app-client] (ecmascript) <locals>

Caused by:
- the chunking context (unknown) does not support external modules (request: node:module)

Debug info:
- An error occurred while generating the chunk item [project]/node_modules/@prisma/client/runtime/client.mjs [app-client] (ecmascript) <locals>
- Execution of <EcmascriptModuleLocalsModule as EcmascriptChunkPlaceable>::chunk_item_content failed
- Execution of *EcmascriptChunkItemContent::new failed
- Execution of EcmascriptModuleContent::new failed
- the chunking context (unknown) does not support external modules (request: node:module)

Import trace:
  Client Component Browser:
    ./node_modules/@prisma/client/runtime/client.mjs [Client Component Browser]
    ./app/generated/prisma/internal/prismaNamespace.ts [Client Component Browser]
    ./app/generated/prisma/client.ts [Client Component Browser]
    ./lib/prisma.ts [Client Component Browser]
    ./lib/cleanup.ts [Client Component Browser]
    ./app/(manager)/settings/page.tsx [Client Component Browser]
    ./app/(manager)/settings/page.tsx [Server Component] @ http://localhost:3000/_next/static/chunks/node_modules_next_dist_0u_w_5s._.js:1945
[   11760ms] [ERROR] ./node_modules/@prisma/client/runtime/client.mjs
Code generation for chunk item errored
An error occurred while generating the chunk item [project]/node_modules/@prisma/client/runtime/client.mjs [app-client] (ecmascript) <locals>

Caused by:
- the chunking context (unknown) does not support external modules (request: node:module)

Debug info:
- An error occurred while generating the chunk item [project]/node_modules/@prisma/client/runtime/client.mjs [app-client] (ecmascript) <locals>
- Execution of <EcmascriptModuleLocalsModule as EcmascriptChunkPlaceable>::chunk_item_content failed
- Execution of *EcmascriptChunkItemContent::new failed
- Execution of EcmascriptModuleContent::new failed
- the chunking context (unknown) does not support external modules (request: node:module)

Import trace:
  Client Component Browser:
    ./node_modules/@prisma/client/runtime/client.mjs [Client Component Browser]
    ./app/generated/prisma/internal/prismaNamespace.ts [Client Component Browser]
    ./app/generated/prisma/client.ts [Client Component Browser]
    ./lib/prisma.ts [Client Component Browser]
    ./lib/cleanup.ts [Client Component Browser]
    ./app/(manager)/settings/page.tsx [Client Component Browser]
    ./app/(manager)/settings/page.tsx [Server Component] @ http://localhost:3000/_next/static/chunks/node_modules_next_dist_0u_w_5s._.js:1945
[   11817ms] [ERROR] ./node_modules/@prisma/client/runtime/client.mjs
Code generation for chunk item errored
An error occurred while generating the chunk item [project]/node_modules/@prisma/client/runtime/client.mjs [app-client] (ecmascript) <locals>

Caused by:
- the chunking context (unknown) does not support external modules (request: node:module)

Debug info:
- An error occurred while generating the chunk item [project]/node_modules/@prisma/client/runtime/client.mjs [app-client] (ecmascript) <locals>
- Execution of <EcmascriptModuleLocalsModule as EcmascriptChunkPlaceable>::chunk_item_content failed
- Execution of *EcmascriptChunkItemContent::new failed
- Execution of EcmascriptModuleContent::new failed
- the chunking context (unknown) does not support external modules (request: node:module)

Import trace:
  Client Component Browser:
    ./node_modules/@prisma/client/runtime/client.mjs [Client Component Browser]
    ./app/generated/prisma/internal/prismaNamespace.ts [Client Component Browser]
    ./app/generated/prisma/client.ts [Client Component Browser]
    ./lib/prisma.ts [Client Component Browser]
    ./lib/cleanup.ts [Client Component Browser]
    ./app/(manager)/settings/page.tsx [Client Component Browser]
    ./app/(manager)/settings/page.tsx [Server Component] @ http://localhost:3000/_next/static/chunks/node_modules_next_dist_0u_w_5s._.js:1945
[   11870ms] [ERROR] ./node_modules/@prisma/client/runtime/client.mjs
Code generation for chunk item errored
An error occurred while generating the chunk item [project]/node_modules/@prisma/client/runtime/client.mjs [app-client] (ecmascript) <locals>

Caused by:
- the chunking context (unknown) does not support external modules (request: node:module)

Debug info:
- An error occurred while generating the chunk item [project]/node_modules/@prisma/client/runtime/client.mjs [app-client] (ecmascript) <locals>
- Execution of <EcmascriptModuleLocalsModule as EcmascriptChunkPlaceable>::chunk_item_content failed
- Execution of *EcmascriptChunkItemContent::new failed
- Execution of EcmascriptModuleContent::new failed
- the chunking context (unknown) does not support external modules (request: node:module)

Import trace:
  Client Component Browser:
    ./node_modules/@prisma/client/runtime/client.mjs [Client Component Browser]
    ./app/generated/prisma/internal/prismaNamespace.ts [Client Component Browser]
    ./app/generated/prisma/client.ts [Client Component Browser]
    ./lib/prisma.ts [Client Component Browser]
    ./lib/cleanup.ts [Client Component Browser]
    ./app/(manager)/settings/page.tsx [Client Component Browser]
    ./app/(manager)/settings/page.tsx [Server Component] @ http://localhost:3000/_next/static/chunks/node_modules_next_dist_0u_w_5s._.js:1945
[   11925ms] [ERROR] ./node_modules/@prisma/client/runtime/client.mjs
Code generation for chunk item errored
An error occurred while generating the chunk item [project]/node_modules/@prisma/client/runtime/client.mjs [app-client] (ecmascript) <locals>

Caused by:
- the chunking context (unknown) does not support external modules (request: node:module)

Debug info:
- An error occurred while generating the chunk item [project]/node_modules/@prisma/client/runtime/client.mjs [app-client] (ecmascript) <locals>
- Execution of <EcmascriptModuleLocalsModule as EcmascriptChunkPlaceable>::chunk_item_content failed
- Execution of *EcmascriptChunkItemContent::new failed
- Execution of EcmascriptModuleContent::new failed
- the chunking context (unknown) does not support external modules (request: node:module)

Import trace:
  Client Component Browser:
    ./node_modules/@prisma/client/runtime/client.mjs [Client Component Browser]
    ./app/generated/prisma/internal/prismaNamespace.ts [Client Component Browser]
    ./app/generated/prisma/client.ts [Client Component Browser]
    ./lib/prisma.ts [Client Component Browser]
    ./lib/cleanup.ts [Client Component Browser]
    ./app/(manager)/settings/page.tsx [Client Component Browser]
    ./app/(manager)/settings/page.tsx [Server Component] @ http://localhost:3000/_next/static/chunks/node_modules_next_dist_0u_w_5s._.js:1945
[   11980ms] [ERROR] ./node_modules/@prisma/client/runtime/client.mjs
Code generation for chunk item errored
An error occurred while generating the chunk item [project]/node_modules/@prisma/client/runtime/client.mjs [app-client] (ecmascript) <locals>

Caused by:
- the chunking context (unknown) does not support external modules (request: node:module)

Debug info:
- An error occurred while generating the chunk item [project]/node_modules/@prisma/client/runtime/client.mjs [app-client] (ecmascript) <locals>
- Execution of <EcmascriptModuleLocalsModule as EcmascriptChunkPlaceable>::chunk_item_content failed
- Execution of *EcmascriptChunkItemContent::new failed
- Execution of EcmascriptModuleContent::new failed
- the chunking context (unknown) does not support external modules (request: node:module)

Import trace:
  Client Component Browser:
    ./node_modules/@prisma/client/runtime/client.mjs [Client Component Browser]
    ./app/generated/prisma/internal/prismaNamespace.ts [Client Component Browser]
    ./app/generated/prisma/client.ts [Client Component Browser]
    ./lib/prisma.ts [Client Component Browser]
    ./lib/cleanup.ts [Client Component Browser]
    ./app/(manager)/settings/page.tsx [Client Component Browser]
    ./app/(manager)/settings/page.tsx [Server Component] @ http://localhost:3000/_next/static/chunks/node_modules_next_dist_0u_w_5s._.js:1945
[   12038ms] [ERROR] ./node_modules/@prisma/client/runtime/client.mjs
Code generation for chunk item errored
An error occurred while generating the chunk item [project]/node_modules/@prisma/client/runtime/client.mjs [app-client] (ecmascript) <locals>

Caused by:
- the chunking context (unknown) does not support external modules (request: node:module)

Debug info:
- An error occurred while generating the chunk item [project]/node_modules/@prisma/client/runtime/client.mjs [app-client] (ecmascript) <locals>
- Execution of <EcmascriptModuleLocalsModule as EcmascriptChunkPlaceable>::chunk_item_content failed
- Execution of *EcmascriptChunkItemContent::new failed
- Execution of EcmascriptModuleContent::new failed
- the chunking context (unknown) does not support external modules (request: node:module)

Import trace:
  Client Component Browser:
    ./node_modules/@prisma/client/runtime/client.mjs [Client Component Browser]
    ./app/generated/prisma/internal/prismaNamespace.ts [Client Component Browser]
    ./app/generated/prisma/client.ts [Client Component Browser]
    ./lib/prisma.ts [Client Component Browser]
    ./lib/cleanup.ts [Client Component Browser]
    ./app/(manager)/settings/page.tsx [Client Component Browser]
    ./app/(manager)/settings/page.tsx [Server Component] @ http://localhost:3000/_next/static/chunks/node_modules_next_dist_0u_w_5s._.js:1945
[   12090ms] [ERROR] ./node_modules/@prisma/client/runtime/client.mjs
Code generation for chunk item errored
An error occurred while generating the chunk item [project]/node_modules/@prisma/client/runtime/client.mjs [app-client] (ecmascript) <locals>

Caused by:
- the chunking context (unknown) does not support external modules (request: node:module)

Debug info:
- An error occurred while generating the chunk item [project]/node_modules/@prisma/client/runtime/client.mjs [app-client] (ecmascript) <locals>
- Execution of <EcmascriptModuleLocalsModule as EcmascriptChunkPlaceable>::chunk_item_content failed
- Execution of *EcmascriptChunkItemContent::new failed
- Execution of EcmascriptModuleContent::new failed
- the chunking context (unknown) does not support external modules (request: node:module)

Import trace:
  Client Component Browser:
    ./node_modules/@prisma/client/runtime/client.mjs [Client Component Browser]
    ./app/generated/prisma/internal/prismaNamespace.ts [Client Component Browser]
    ./app/generated/prisma/client.ts [Client Component Browser]
    ./lib/prisma.ts [Client Component Browser]
    ./lib/cleanup.ts [Client Component Browser]
    ./app/(manager)/settings/page.tsx [Client Component Browser]
    ./app/(manager)/settings/page.tsx [Server Component] @ http://localhost:3000/_next/static/chunks/node_modules_next_dist_0u_w_5s._.js:1945
[   12145ms] [ERROR] ./node_modules/@prisma/client/runtime/client.mjs
Code generation for chunk item errored
An error occurred while generating the chunk item [project]/node_modules/@prisma/client/runtime/client.mjs [app-client] (ecmascript) <locals>

Caused by:
- the chunking context (unknown) does not support external modules (request: node:module)

Debug info:
- An error occurred while generating the chunk item [project]/node_modules/@prisma/client/runtime/client.mjs [app-client] (ecmascript) <locals>
- Execution of <EcmascriptModuleLocalsModule as EcmascriptChunkPlaceable>::chunk_item_content failed
- Execution of *EcmascriptChunkItemContent::new failed
- Execution of EcmascriptModuleContent::new failed
- the chunking context (unknown) does not support external modules (request: node:module)

Import trace:
  Client Component Browser:
    ./node_modules/@prisma/client/runtime/client.mjs [Client Component Browser]
    ./app/generated/prisma/internal/prismaNamespace.ts [Client Component Browser]
    ./app/generated/prisma/client.ts [Client Component Browser]
    ./lib/prisma.ts [Client Component Browser]
    ./lib/cleanup.ts [Client Component Browser]
    ./app/(manager)/settings/page.tsx [Client Component Browser]
    ./app/(manager)/settings/page.tsx [Server Component] @ http://localhost:3000/_next/static/chunks/node_modules_next_dist_0u_w_5s._.js:1945
[   12198ms] [ERROR] ./node_modules/@prisma/client/runtime/client.mjs
Code generation for chunk item errored
An error occurred while generating the chunk item [project]/node_modules/@prisma/client/runtime/client.mjs [app-client] (ecmascript) <locals>

Caused by:
- the chunking context (unknown) does not support external modules (request: node:module)

Debug info:
- An error occurred while generating the chunk item [project]/node_modules/@prisma/client/runtime/client.mjs [app-client] (ecmascript) <locals>
- Execution of <EcmascriptModuleLocalsModule as EcmascriptChunkPlaceable>::chunk_item_content failed
- Execution of *EcmascriptChunkItemContent::new failed
- Execution of EcmascriptModuleContent::new failed
- the chunking context (unknown) does not support external modules (request: node:module)

Import trace:
  Client Component Browser:
    ./node_modules/@prisma/client/runtime/client.mjs [Client Component Browser]
    ./app/generated/prisma/internal/prismaNamespace.ts [Client Component Browser]
    ./app/generated/prisma/client.ts [Client Component Browser]
    ./lib/prisma.ts [Client Component Browser]
    ./lib/cleanup.ts [Client Component Browser]
    ./app/(manager)/settings/page.tsx [Client Component Browser]
    ./app/(manager)/settings/page.tsx [Server Component] @ http://localhost:3000/_next/static/chunks/node_modules_next_dist_0u_w_5s._.js:1945
[   12255ms] [ERROR] ./node_modules/@prisma/client/runtime/client.mjs
Code generation for chunk item errored
An error occurred while generating the chunk item [project]/node_modules/@prisma/client/runtime/client.mjs [app-client] (ecmascript) <locals>

Caused by:
- the chunking context (unknown) does not support external modules (request: node:module)

Debug info:
- An error occurred while generating the chunk item [project]/node_modules/@prisma/client/runtime/client.mjs [app-client] (ecmascript) <locals>
- Execution of <EcmascriptModuleLocalsModule as EcmascriptChunkPlaceable>::chunk_item_content failed
- Execution of *EcmascriptChunkItemContent::new failed
- Execution of EcmascriptModuleContent::new failed
- the chunking context (unknown) does not support external modules (request: node:module)

Import trace:
  Client Component Browser:
    ./node_modules/@prisma/client/runtime/client.mjs [Client Component Browser]
    ./app/generated/prisma/internal/prismaNamespace.ts [Client Component Browser]
    ./app/generated/prisma/client.ts [Client Component Browser]
    ./lib/prisma.ts [Client Component Browser]
    ./lib/cleanup.ts [Client Component Browser]
    ./app/(manager)/settings/page.tsx [Client Component Browser]
    ./app/(manager)/settings/page.tsx [Server Component] @ http://localhost:3000/_next/static/chunks/node_modules_next_dist_0u_w_5s._.js:1945
[   12311ms] [ERROR] ./node_modules/@prisma/client/runtime/client.mjs
Code generation for chunk item errored
An error occurred while generating the chunk item [project]/node_modules/@prisma/client/runtime/client.mjs [app-client] (ecmascript) <locals>

Caused by:
- the chunking context (unknown) does not support external modules (request: node:module)

Debug info:
- An error occurred while generating the chunk item [project]/node_modules/@prisma/client/runtime/client.mjs [app-client] (ecmascript) <locals>
- Execution of <EcmascriptModuleLocalsModule as EcmascriptChunkPlaceable>::chunk_item_content failed
- Execution of *EcmascriptChunkItemContent::new failed
- Execution of EcmascriptModuleContent::new failed
- the chunking context (unknown) does not support external modules (request: node:module)

Import trace:
  Client Component Browser:
    ./node_modules/@prisma/client/runtime/client.mjs [Client Component Browser]
    ./app/generated/prisma/internal/prismaNamespace.ts [Client Component Browser]
    ./app/generated/prisma/client.ts [Client Component Browser]
    ./lib/prisma.ts [Client Component Browser]
    ./lib/cleanup.ts [Client Component Browser]
    ./app/(manager)/settings/page.tsx [Client Component Browser]
    ./app/(manager)/settings/page.tsx [Server Component] @ http://localhost:3000/_next/static/chunks/node_modules_next_dist_0u_w_5s._.js:1945
[   12383ms] [ERROR] ./node_modules/@prisma/client/runtime/client.mjs
Code generation for chunk item errored
An error occurred while generating the chunk item [project]/node_modules/@prisma/client/runtime/client.mjs [app-client] (ecmascript) <locals>

Caused by:
- the chunking context (unknown) does not support external modules (request: node:module)

Debug info:
- An error occurred while generating the chunk item [project]/node_modules/@prisma/client/runtime/client.mjs [app-client] (ecmascript) <locals>
- Execution of <EcmascriptModuleLocalsModule as EcmascriptChunkPlaceable>::chunk_item_content failed
- Execution of *EcmascriptChunkItemContent::new failed
- Execution of EcmascriptModuleContent::new failed
- the chunking context (unknown) does not support external modules (request: node:module)

Import trace:
  Client Component Browser:
    ./node_modules/@prisma/client/runtime/client.mjs [Client Component Browser]
    ./app/generated/prisma/internal/prismaNamespace.ts [Client Component Browser]
    ./app/generated/prisma/client.ts [Client Component Browser]
    ./lib/prisma.ts [Client Component Browser]
    ./lib/cleanup.ts [Client Component Browser]
    ./app/(manager)/settings/page.tsx [Client Component Browser]
    ./app/(manager)/settings/page.tsx [Server Component] @ http://localhost:3000/_next/static/chunks/node_modules_next_dist_0u_w_5s._.js:1945
[   12442ms] [ERROR] ./node_modules/@prisma/client/runtime/client.mjs
Code generation for chunk item errored
An error occurred while generating the chunk item [project]/node_modules/@prisma/client/runtime/client.mjs [app-client] (ecmascript) <locals>

Caused by:
- the chunking context (unknown) does not support external modules (request: node:module)

Debug info:
- An error occurred while generating the chunk item [project]/node_modules/@prisma/client/runtime/client.mjs [app-client] (ecmascript) <locals>
- Execution of <EcmascriptModuleLocalsModule as EcmascriptChunkPlaceable>::chunk_item_content failed
- Execution of *EcmascriptChunkItemContent::new failed
- Execution of EcmascriptModuleContent::new failed
- the chunking context (unknown) does not support external modules (request: node:module)

Import trace:
  Client Component Browser:
    ./node_modules/@prisma/client/runtime/client.mjs [Client Component Browser]
    ./app/generated/prisma/internal/prismaNamespace.ts [Client Component Browser]
    ./app/generated/prisma/client.ts [Client Component Browser]
    ./lib/prisma.ts [Client Component Browser]
    ./lib/cleanup.ts [Client Component Browser]
    ./app/(manager)/settings/page.tsx [Client Component Browser]
    ./app/(manager)/settings/page.tsx [Server Component] @ http://localhost:3000/_next/static/chunks/node_modules_next_dist_0u_w_5s._.js:1945
[   12493ms] [ERROR] ./node_modules/@prisma/client/runtime/client.mjs
Code generation for chunk item errored
An error occurred while generating the chunk item [project]/node_modules/@prisma/client/runtime/client.mjs [app-client] (ecmascript) <locals>

Caused by:
- the chunking context (unknown) does not support external modules (request: node:module)

Debug info:
- An error occurred while generating the chunk item [project]/node_modules/@prisma/client/runtime/client.mjs [app-client] (ecmascript) <locals>
- Execution of <EcmascriptModuleLocalsModule as EcmascriptChunkPlaceable>::chunk_item_content failed
- Execution of *EcmascriptChunkItemContent::new failed
- Execution of EcmascriptModuleContent::new failed
- the chunking context (unknown) does not support external modules (request: node:module)

Import trace:
  Client Component Browser:
    ./node_modules/@prisma/client/runtime/client.mjs [Client Component Browser]
    ./app/generated/prisma/internal/prismaNamespace.ts [Client Component Browser]
    ./app/generated/prisma/client.ts [Client Component Browser]
    ./lib/prisma.ts [Client Component Browser]
    ./lib/cleanup.ts [Client Component Browser]
    ./app/(manager)/settings/page.tsx [Client Component Browser]
    ./app/(manager)/settings/page.tsx [Server Component] @ http://localhost:3000/_next/static/chunks/node_modules_next_dist_0u_w_5s._.js:1945
[   12545ms] [ERROR] ./node_modules/@prisma/client/runtime/client.mjs
Code generation for chunk item errored
An error occurred while generating the chunk item [project]/node_modules/@prisma/client/runtime/client.mjs [app-client] (ecmascript) <locals>

Caused by:
- the chunking context (unknown) does not support external modules (request: node:module)

Debug info:
- An error occurred while generating the chunk item [project]/node_modules/@prisma/client/runtime/client.mjs [app-client] (ecmascript) <locals>
- Execution of <EcmascriptModuleLocalsModule as EcmascriptChunkPlaceable>::chunk_item_content failed
- Execution of *EcmascriptChunkItemContent::new failed
- Execution of EcmascriptModuleContent::new failed
- the chunking context (unknown) does not support external modules (request: node:module)

Import trace:
  Client Component Browser:
    ./node_modules/@prisma/client/runtime/client.mjs [Client Component Browser]
    ./app/generated/prisma/internal/prismaNamespace.ts [Client Component Browser]
    ./app/generated/prisma/client.ts [Client Component Browser]
    ./lib/prisma.ts [Client Component Browser]
    ./lib/cleanup.ts [Client Component Browser]
    ./app/(manager)/settings/page.tsx [Client Component Browser]
    ./app/(manager)/settings/page.tsx [Server Component] @ http://localhost:3000/_next/static/chunks/node_modules_next_dist_0u_w_5s._.js:1945
[   12598ms] [ERROR] ./node_modules/@prisma/client/runtime/client.mjs
Code generation for chunk item errored
An error occurred while generating the chunk item [project]/node_modules/@prisma/client/runtime/client.mjs [app-client] (ecmascript) <locals>

Caused by:
- the chunking context (unknown) does not support external modules (request: node:module)

Debug info:
- An error occurred while generating the chunk item [project]/node_modules/@prisma/client/runtime/client.mjs [app-client] (ecmascript) <locals>
- Execution of <EcmascriptModuleLocalsModule as EcmascriptChunkPlaceable>::chunk_item_content failed
- Execution of *EcmascriptChunkItemContent::new failed
- Execution of EcmascriptModuleContent::new failed
- the chunking context (unknown) does not support external modules (request: node:module)

Import trace:
  Client Component Browser:
    ./node_modules/@prisma/client/runtime/client.mjs [Client Component Browser]
    ./app/generated/prisma/internal/prismaNamespace.ts [Client Component Browser]
    ./app/generated/prisma/client.ts [Client Component Browser]
    ./lib/prisma.ts [Client Component Browser]
    ./lib/cleanup.ts [Client Component Browser]
    ./app/(manager)/settings/page.tsx [Client Component Browser]
    ./app/(manager)/settings/page.tsx [Server Component] @ http://localhost:3000/_next/static/chunks/node_modules_next_dist_0u_w_5s._.js:1945
[   12652ms] [ERROR] ./node_modules/@prisma/client/runtime/client.mjs
Code generation for chunk item errored
An error occurred while generating the chunk item [project]/node_modules/@prisma/client/runtime/client.mjs [app-client] (ecmascript) <locals>

Caused by:
- the chunking context (unknown) does not support external modules (request: node:module)

Debug info:
- An error occurred while generating the chunk item [project]/node_modules/@prisma/client/runtime/client.mjs [app-client] (ecmascript) <locals>
- Execution of <EcmascriptModuleLocalsModule as EcmascriptChunkPlaceable>::chunk_item_content failed
- Execution of *EcmascriptChunkItemContent::new failed
- Execution of EcmascriptModuleContent::new failed
- the chunking context (unknown) does not support external modules (request: node:module)

Import trace:
  Client Component Browser:
    ./node_modules/@prisma/client/runtime/client.mjs [Client Component Browser]
    ./app/generated/prisma/internal/prismaNamespace.ts [Client Component Browser]
    ./app/generated/prisma/client.ts [Client Component Browser]
    ./lib/prisma.ts [Client Component Browser]
    ./lib/cleanup.ts [Client Component Browser]
    ./app/(manager)/settings/page.tsx [Client Component Browser]
    ./app/(manager)/settings/page.tsx [Server Component] @ http://localhost:3000/_next/static/chunks/node_modules_next_dist_0u_w_5s._.js:1945
[   12706ms] [ERROR] ./node_modules/@prisma/client/runtime/client.mjs
Code generation for chunk item errored
An error occurred while generating the chunk item [project]/node_modules/@prisma/client/runtime/client.mjs [app-client] (ecmascript) <locals>

Caused by:
- the chunking context (unknown) does not support external modules (request: node:module)

Debug info:
- An error occurred while generating the chunk item [project]/node_modules/@prisma/client/runtime/client.mjs [app-client] (ecmascript) <locals>
- Execution of <EcmascriptModuleLocalsModule as EcmascriptChunkPlaceable>::chunk_item_content failed
- Execution of *EcmascriptChunkItemContent::new failed
- Execution of EcmascriptModuleContent::new failed
- the chunking context (unknown) does not support external modules (request: node:module)

Import trace:
  Client Component Browser:
    ./node_modules/@prisma/client/runtime/client.mjs [Client Component Browser]
    ./app/generated/prisma/internal/prismaNamespace.ts [Client Component Browser]
    ./app/generated/prisma/client.ts [Client Component Browser]
    ./lib/prisma.ts [Client Component Browser]
    ./lib/cleanup.ts [Client Component Browser]
    ./app/(manager)/settings/page.tsx [Client Component Browser]
    ./app/(manager)/settings/page.tsx [Server Component] @ http://localhost:3000/_next/static/chunks/node_modules_next_dist_0u_w_5s._.js:1945
[   12762ms] [ERROR] ./node_modules/@prisma/client/runtime/client.mjs
Code generation for chunk item errored
An error occurred while generating the chunk item [project]/node_modules/@prisma/client/runtime/client.mjs [app-client] (ecmascript) <locals>

Caused by:
- the chunking context (unknown) does not support external modules (request: node:module)

Debug info:
- An error occurred while generating the chunk item [project]/node_modules/@prisma/client/runtime/client.mjs [app-client] (ecmascript) <locals>
- Execution of <EcmascriptModuleLocalsModule as EcmascriptChunkPlaceable>::chunk_item_content failed
- Execution of *EcmascriptChunkItemContent::new failed
- Execution of EcmascriptModuleContent::new failed
- the chunking context (unknown) does not support external modules (request: node:module)

Import trace:
  Client Component Browser:
    ./node_modules/@prisma/client/runtime/client.mjs [Client Component Browser]
    ./app/generated/prisma/internal/prismaNamespace.ts [Client Component Browser]
    ./app/generated/prisma/client.ts [Client Component Browser]
    ./lib/prisma.ts [Client Component Browser]
    ./lib/cleanup.ts [Client Component Browser]
    ./app/(manager)/settings/page.tsx [Client Component Browser]
    ./app/(manager)/settings/page.tsx [Server Component] @ http://localhost:3000/_next/static/chunks/node_modules_next_dist_0u_w_5s._.js:1945
[   12814ms] [ERROR] ./node_modules/@prisma/client/runtime/client.mjs
Code generation for chunk item errored
An error occurred while generating the chunk item [project]/node_modules/@prisma/client/runtime/client.mjs [app-client] (ecmascript) <locals>

Caused by:
- the chunking context (unknown) does not support external modules (request: node:module)

Debug info:
- An error occurred while generating the chunk item [project]/node_modules/@prisma/client/runtime/client.mjs [app-client] (ecmascript) <locals>
- Execution of <EcmascriptModuleLocalsModule as EcmascriptChunkPlaceable>::chunk_item_content failed
- Execution of *EcmascriptChunkItemContent::new failed
- Execution of EcmascriptModuleContent::new failed
- the chunking context (unknown) does not support external modules (request: node:module)

Import trace:
  Client Component Browser:
    ./node_modules/@prisma/client/runtime/client.mjs [Client Component Browser]
    ./app/generated/prisma/internal/prismaNamespace.ts [Client Component Browser]
    ./app/generated/prisma/client.ts [Client Component Browser]
    ./lib/prisma.ts [Client Component Browser]
    ./lib/cleanup.ts [Client Component Browser]
    ./app/(manager)/settings/page.tsx [Client Component Browser]
    ./app/(manager)/settings/page.tsx [Server Component] @ http://localhost:3000/_next/static/chunks/node_modules_next_dist_0u_w_5s._.js:1945
[   12869ms] [ERROR] ./node_modules/@prisma/client/runtime/client.mjs
Code generation for chunk item errored
An error occurred while generating the chunk item [project]/node_modules/@prisma/client/runtime/client.mjs [app-client] (ecmascript) <locals>

Caused by:
- the chunking context (unknown) does not support external modules (request: node:module)

Debug info:
- An error occurred while generating the chunk item [project]/node_modules/@prisma/client/runtime/client.mjs [app-client] (ecmascript) <locals>
- Execution of <EcmascriptModuleLocalsModule as EcmascriptChunkPlaceable>::chunk_item_content failed
- Execution of *EcmascriptChunkItemContent::new failed
- Execution of EcmascriptModuleContent::new failed
- the chunking context (unknown) does not support external modules (request: node:module)

Import trace:
  Client Component Browser:
    ./node_modules/@prisma/client/runtime/client.mjs [Client Component Browser]
    ./app/generated/prisma/internal/prismaNamespace.ts [Client Component Browser]
    ./app/generated/prisma/client.ts [Client Component Browser]
    ./lib/prisma.ts [Client Component Browser]
    ./lib/cleanup.ts [Client Component Browser]
    ./app/(manager)/settings/page.tsx [Client Component Browser]
    ./app/(manager)/settings/page.tsx [Server Component] @ http://localhost:3000/_next/static/chunks/node_modules_next_dist_0u_w_5s._.js:1945
[   12922ms] [ERROR] ./node_modules/@prisma/client/runtime/client.mjs
Code generation for chunk item errored
An error occurred while generating the chunk item [project]/node_modules/@prisma/client/runtime/client.mjs [app-client] (ecmascript) <locals>

Caused by:
- the chunking context (unknown) does not support external modules (request: node:module)

Debug info:
- An error occurred while generating the chunk item [project]/node_modules/@prisma/client/runtime/client.mjs [app-client] (ecmascript) <locals>
- Execution of <EcmascriptModuleLocalsModule as EcmascriptChunkPlaceable>::chunk_item_content failed
- Execution of *EcmascriptChunkItemContent::new failed
- Execution of EcmascriptModuleContent::new failed
- the chunking context (unknown) does not support external modules (request: node:module)

Import trace:
  Client Component Browser:
    ./node_modules/@prisma/client/runtime/client.mjs [Client Component Browser]
    ./app/generated/prisma/internal/prismaNamespace.ts [Client Component Browser]
    ./app/generated/prisma/client.ts [Client Component Browser]
    ./lib/prisma.ts [Client Component Browser]
    ./lib/cleanup.ts [Client Component Browser]
    ./app/(manager)/settings/page.tsx [Client Component Browser]
    ./app/(manager)/settings/page.tsx [Server Component] @ http://localhost:3000/_next/static/chunks/node_modules_next_dist_0u_w_5s._.js:1945
[   12974ms] [ERROR] ./node_modules/@prisma/client/runtime/client.mjs
Code generation for chunk item errored
An error occurred while generating the chunk item [project]/node_modules/@prisma/client/runtime/client.mjs [app-client] (ecmascript) <locals>

Caused by:
- the chunking context (unknown) does not support external modules (request: node:module)

Debug info:
- An error occurred while generating the chunk item [project]/node_modules/@prisma/client/runtime/client.mjs [app-client] (ecmascript) <locals>
- Execution of <EcmascriptModuleLocalsModule as EcmascriptChunkPlaceable>::chunk_item_content failed
- Execution of *EcmascriptChunkItemContent::new failed
- Execution of EcmascriptModuleContent::new failed
- the chunking context (unknown) does not support external modules (request: node:module)

Import trace:
  Client Component Browser:
    ./node_modules/@prisma/client/runtime/client.mjs [Client Component Browser]
    ./app/generated/prisma/internal/prismaNamespace.ts [Client Component Browser]
    ./app/generated/prisma/client.ts [Client Component Browser]
    ./lib/prisma.ts [Client Component Browser]
    ./lib/cleanup.ts [Client Component Browser]
    ./app/(manager)/settings/page.tsx [Client Component Browser]
    ./app/(manager)/settings/page.tsx [Server Component] @ http://localhost:3000/_next/static/chunks/node_modules_next_dist_0u_w_5s._.js:1945
[   13027ms] [ERROR] ./node_modules/@prisma/client/runtime/client.mjs
Code generation for chunk item errored
An error occurred while generating the chunk item [project]/node_modules/@prisma/client/runtime/client.mjs [app-client] (ecmascript) <locals>

Caused by:
- the chunking context (unknown) does not support external modules (request: node:module)

Debug info:
- An error occurred while generating the chunk item [project]/node_modules/@prisma/client/runtime/client.mjs [app-client] (ecmascript) <locals>
- Execution of <EcmascriptModuleLocalsModule as EcmascriptChunkPlaceable>::chunk_item_content failed
- Execution of *EcmascriptChunkItemContent::new failed
- Execution of EcmascriptModuleContent::new failed
- the chunking context (unknown) does not support external modules (request: node:module)

Import trace:
  Client Component Browser:
    ./node_modules/@prisma/client/runtime/client.mjs [Client Component Browser]
    ./app/generated/prisma/internal/prismaNamespace.ts [Client Component Browser]
    ./app/generated/prisma/client.ts [Client Component Browser]
    ./lib/prisma.ts [Client Component Browser]
    ./lib/cleanup.ts [Client Component Browser]
    ./app/(manager)/settings/page.tsx [Client Component Browser]
    ./app/(manager)/settings/page.tsx [Server Component] @ http://localhost:3000/_next/static/chunks/node_modules_next_dist_0u_w_5s._.js:1945
[   13080ms] [ERROR] ./node_modules/@prisma/client/runtime/client.mjs
Code generation for chunk item errored
An error occurred while generating the chunk item [project]/node_modules/@prisma/client/runtime/client.mjs [app-client] (ecmascript) <locals>

Caused by:
- the chunking context (unknown) does not support external modules (request: node:module)

Debug info:
- An error occurred while generating the chunk item [project]/node_modules/@prisma/client/runtime/client.mjs [app-client] (ecmascript) <locals>
- Execution of <EcmascriptModuleLocalsModule as EcmascriptChunkPlaceable>::chunk_item_content failed
- Execution of *EcmascriptChunkItemContent::new failed
- Execution of EcmascriptModuleContent::new failed
- the chunking context (unknown) does not support external modules (request: node:module)

Import trace:
  Client Component Browser:
    ./node_modules/@prisma/client/runtime/client.mjs [Client Component Browser]
    ./app/generated/prisma/internal/prismaNamespace.ts [Client Component Browser]
    ./app/generated/prisma/client.ts [Client Component Browser]
    ./lib/prisma.ts [Client Component Browser]
    ./lib/cleanup.ts [Client Component Browser]
    ./app/(manager)/settings/page.tsx [Client Component Browser]
    ./app/(manager)/settings/page.tsx [Server Component] @ http://localhost:3000/_next/static/chunks/node_modules_next_dist_0u_w_5s._.js:1945
[   13132ms] [ERROR] ./node_modules/@prisma/client/runtime/client.mjs
Code generation for chunk item errored
An error occurred while generating the chunk item [project]/node_modules/@prisma/client/runtime/client.mjs [app-client] (ecmascript) <locals>

Caused by:
- the chunking context (unknown) does not support external modules (request: node:module)

Debug info:
- An error occurred while generating the chunk item [project]/node_modules/@prisma/client/runtime/client.mjs [app-client] (ecmascript) <locals>
- Execution of <EcmascriptModuleLocalsModule as EcmascriptChunkPlaceable>::chunk_item_content failed
- Execution of *EcmascriptChunkItemContent::new failed
- Execution of EcmascriptModuleContent::new failed
- the chunking context (unknown) does not support external modules (request: node:module)

Import trace:
  Client Component Browser:
    ./node_modules/@prisma/client/runtime/client.mjs [Client Component Browser]
    ./app/generated/prisma/internal/prismaNamespace.ts [Client Component Browser]
    ./app/generated/prisma/client.ts [Client Component Browser]
    ./lib/prisma.ts [Client Component Browser]
    ./lib/cleanup.ts [Client Component Browser]
    ./app/(manager)/settings/page.tsx [Client Component Browser]
    ./app/(manager)/settings/page.tsx [Server Component] @ http://localhost:3000/_next/static/chunks/node_modules_next_dist_0u_w_5s._.js:1945
[   13184ms] [ERROR] ./node_modules/@prisma/client/runtime/client.mjs
Code generation for chunk item errored
An error occurred while generating the chunk item [project]/node_modules/@prisma/client/runtime/client.mjs [app-client] (ecmascript) <locals>

Caused by:
- the chunking context (unknown) does not support external modules (request: node:module)

Debug info:
- An error occurred while generating the chunk item [project]/node_modules/@prisma/client/runtime/client.mjs [app-client] (ecmascript) <locals>
- Execution of <EcmascriptModuleLocalsModule as EcmascriptChunkPlaceable>::chunk_item_content failed
- Execution of *EcmascriptChunkItemContent::new failed
- Execution of EcmascriptModuleContent::new failed
- the chunking context (unknown) does not support external modules (request: node:module)

Import trace:
  Client Component Browser:
    ./node_modules/@prisma/client/runtime/client.mjs [Client Component Browser]
    ./app/generated/prisma/internal/prismaNamespace.ts [Client Component Browser]
    ./app/generated/prisma/client.ts [Client Component Browser]
    ./lib/prisma.ts [Client Component Browser]
    ./lib/cleanup.ts [Client Component Browser]
    ./app/(manager)/settings/page.tsx [Client Component Browser]
    ./app/(manager)/settings/page.tsx [Server Component] @ http://localhost:3000/_next/static/chunks/node_modules_next_dist_0u_w_5s._.js:1945
[   13238ms] [ERROR] ./node_modules/@prisma/client/runtime/client.mjs
Code generation for chunk item errored
An error occurred while generating the chunk item [project]/node_modules/@prisma/client/runtime/client.mjs [app-client] (ecmascript) <locals>

Caused by:
- the chunking context (unknown) does not support external modules (request: node:module)

Debug info:
- An error occurred while generating the chunk item [project]/node_modules/@prisma/client/runtime/client.mjs [app-client] (ecmascript) <locals>
- Execution of <EcmascriptModuleLocalsModule as EcmascriptChunkPlaceable>::chunk_item_content failed
- Execution of *EcmascriptChunkItemContent::new failed
- Execution of EcmascriptModuleContent::new failed
- the chunking context (unknown) does not support external modules (request: node:module)

Import trace:
  Client Component Browser:
    ./node_modules/@prisma/client/runtime/client.mjs [Client Component Browser]
    ./app/generated/prisma/internal/prismaNamespace.ts [Client Component Browser]
    ./app/generated/prisma/client.ts [Client Component Browser]
    ./lib/prisma.ts [Client Component Browser]
    ./lib/cleanup.ts [Client Component Browser]
    ./app/(manager)/settings/page.tsx [Client Component Browser]
    ./app/(manager)/settings/page.tsx [Server Component] @ http://localhost:3000/_next/static/chunks/node_modules_next_dist_0u_w_5s._.js:1945
[   13289ms] [ERROR] ./node_modules/@prisma/client/runtime/client.mjs
Code generation for chunk item errored
An error occurred while generating the chunk item [project]/node_modules/@prisma/client/runtime/client.mjs [app-client] (ecmascript) <locals>

Caused by:
- the chunking context (unknown) does not support external modules (request: node:module)

Debug info:
- An error occurred while generating the chunk item [project]/node_modules/@prisma/client/runtime/client.mjs [app-client] (ecmascript) <locals>
- Execution of <EcmascriptModuleLocalsModule as EcmascriptChunkPlaceable>::chunk_item_content failed
- Execution of *EcmascriptChunkItemContent::new failed
- Execution of EcmascriptModuleContent::new failed
- the chunking context (unknown) does not support external modules (request: node:module)

Import trace:
  Client Component Browser:
    ./node_modules/@prisma/client/runtime/client.mjs [Client Component Browser]
    ./app/generated/prisma/internal/prismaNamespace.ts [Client Component Browser]
    ./app/generated/prisma/client.ts [Client Component Browser]
    ./lib/prisma.ts [Client Component Browser]
    ./lib/cleanup.ts [Client Component Browser]
    ./app/(manager)/settings/page.tsx [Client Component Browser]
    ./app/(manager)/settings/page.tsx [Server Component] @ http://localhost:3000/_next/static/chunks/node_modules_next_dist_0u_w_5s._.js:1945
[   13340ms] [ERROR] ./node_modules/@prisma/client/runtime/client.mjs
Code generation for chunk item errored
An error occurred while generating the chunk item [project]/node_modules/@prisma/client/runtime/client.mjs [app-client] (ecmascript) <locals>

Caused by:
- the chunking context (unknown) does not support external modules (request: node:module)

Debug info:
- An error occurred while generating the chunk item [project]/node_modules/@prisma/client/runtime/client.mjs [app-client] (ecmascript) <locals>
- Execution of <EcmascriptModuleLocalsModule as EcmascriptChunkPlaceable>::chunk_item_content failed
- Execution of *EcmascriptChunkItemContent::new failed
- Execution of EcmascriptModuleContent::new failed
- the chunking context (unknown) does not support external modules (request: node:module)

Import trace:
  Client Component Browser:
    ./node_modules/@prisma/client/runtime/client.mjs [Client Component Browser]
    ./app/generated/prisma/internal/prismaNamespace.ts [Client Component Browser]
    ./app/generated/prisma/client.ts [Client Component Browser]
    ./lib/prisma.ts [Client Component Browser]
    ./lib/cleanup.ts [Client Component Browser]
    ./app/(manager)/settings/page.tsx [Client Component Browser]
    ./app/(manager)/settings/page.tsx [Server Component] @ http://localhost:3000/_next/static/chunks/node_modules_next_dist_0u_w_5s._.js:1945
[   13393ms] [ERROR] ./node_modules/@prisma/client/runtime/client.mjs
Code generation for chunk item errored
An error occurred while generating the chunk item [project]/node_modules/@prisma/client/runtime/client.mjs [app-client] (ecmascript) <locals>

Caused by:
- the chunking context (unknown) does not support external modules (request: node:module)

Debug info:
- An error occurred while generating the chunk item [project]/node_modules/@prisma/client/runtime/client.mjs [app-client] (ecmascript) <locals>
- Execution of <EcmascriptModuleLocalsModule as EcmascriptChunkPlaceable>::chunk_item_content failed
- Execution of *EcmascriptChunkItemContent::new failed
- Execution of EcmascriptModuleContent::new failed
- the chunking context (unknown) does not support external modules (request: node:module)

Import trace:
  Client Component Browser:
    ./node_modules/@prisma/client/runtime/client.mjs [Client Component Browser]
    ./app/generated/prisma/internal/prismaNamespace.ts [Client Component Browser]
    ./app/generated/prisma/client.ts [Client Component Browser]
    ./lib/prisma.ts [Client Component Browser]
    ./lib/cleanup.ts [Client Component Browser]
    ./app/(manager)/settings/page.tsx [Client Component Browser]
    ./app/(manager)/settings/page.tsx [Server Component] @ http://localhost:3000/_next/static/chunks/node_modules_next_dist_0u_w_5s._.js:1945
[   13448ms] [ERROR] ./node_modules/@prisma/client/runtime/client.mjs
Code generation for chunk item errored
An error occurred while generating the chunk item [project]/node_modules/@prisma/client/runtime/client.mjs [app-client] (ecmascript) <locals>

Caused by:
- the chunking context (unknown) does not support external modules (request: node:module)

Debug info:
- An error occurred while generating the chunk item [project]/node_modules/@prisma/client/runtime/client.mjs [app-client] (ecmascript) <locals>
- Execution of <EcmascriptModuleLocalsModule as EcmascriptChunkPlaceable>::chunk_item_content failed
- Execution of *EcmascriptChunkItemContent::new failed
- Execution of EcmascriptModuleContent::new failed
- the chunking context (unknown) does not support external modules (request: node:module)

Import trace:
  Client Component Browser:
    ./node_modules/@prisma/client/runtime/client.mjs [Client Component Browser]
    ./app/generated/prisma/internal/prismaNamespace.ts [Client Component Browser]
    ./app/generated/prisma/client.ts [Client Component Browser]
    ./lib/prisma.ts [Client Component Browser]
    ./lib/cleanup.ts [Client Component Browser]
    ./app/(manager)/settings/page.tsx [Client Component Browser]
    ./app/(manager)/settings/page.tsx [Server Component] @ http://localhost:3000/_next/static/chunks/node_modules_next_dist_0u_w_5s._.js:1945
[   13503ms] [ERROR] ./node_modules/@prisma/client/runtime/client.mjs
Code generation for chunk item errored
An error occurred while generating the chunk item [project]/node_modules/@prisma/client/runtime/client.mjs [app-client] (ecmascript) <locals>

Caused by:
- the chunking context (unknown) does not support external modules (request: node:module)

Debug info:
- An error occurred while generating the chunk item [project]/node_modules/@prisma/client/runtime/client.mjs [app-client] (ecmascript) <locals>
- Execution of <EcmascriptModuleLocalsModule as EcmascriptChunkPlaceable>::chunk_item_content failed
- Execution of *EcmascriptChunkItemContent::new failed
- Execution of EcmascriptModuleContent::new failed
- the chunking context (unknown) does not support external modules (request: node:module)

Import trace:
  Client Component Browser:
    ./node_modules/@prisma/client/runtime/client.mjs [Client Component Browser]
    ./app/generated/prisma/internal/prismaNamespace.ts [Client Component Browser]
    ./app/generated/prisma/client.ts [Client Component Browser]
    ./lib/prisma.ts [Client Component Browser]
    ./lib/cleanup.ts [Client Component Browser]
    ./app/(manager)/settings/page.tsx [Client Component Browser]
    ./app/(manager)/settings/page.tsx [Server Component] @ http://localhost:3000/_next/static/chunks/node_modules_next_dist_0u_w_5s._.js:1945
[   13559ms] [ERROR] ./node_modules/@prisma/client/runtime/client.mjs
Code generation for chunk item errored
An error occurred while generating the chunk item [project]/node_modules/@prisma/client/runtime/client.mjs [app-client] (ecmascript) <locals>

Caused by:
- the chunking context (unknown) does not support external modules (request: node:module)

Debug info:
- An error occurred while generating the chunk item [project]/node_modules/@prisma/client/runtime/client.mjs [app-client] (ecmascript) <locals>
- Execution of <EcmascriptModuleLocalsModule as EcmascriptChunkPlaceable>::chunk_item_content failed
- Execution of *EcmascriptChunkItemContent::new failed
- Execution of EcmascriptModuleContent::new failed
- the chunking context (unknown) does not support external modules (request: node:module)

Import trace:
  Client Component Browser:
    ./node_modules/@prisma/client/runtime/client.mjs [Client Component Browser]
    ./app/generated/prisma/internal/prismaNamespace.ts [Client Component Browser]
    ./app/generated/prisma/client.ts [Client Component Browser]
    ./lib/prisma.ts [Client Component Browser]
    ./lib/cleanup.ts [Client Component Browser]
    ./app/(manager)/settings/page.tsx [Client Component Browser]
    ./app/(manager)/settings/page.tsx [Server Component] @ http://localhost:3000/_next/static/chunks/node_modules_next_dist_0u_w_5s._.js:1945
[   13622ms] [ERROR] ./node_modules/@prisma/client/runtime/client.mjs
Code generation for chunk item errored
An error occurred while generating the chunk item [project]/node_modules/@prisma/client/runtime/client.mjs [app-client] (ecmascript) <locals>

Caused by:
- the chunking context (unknown) does not support external modules (request: node:module)

Debug info:
- An error occurred while generating the chunk item [project]/node_modules/@prisma/client/runtime/client.mjs [app-client] (ecmascript) <locals>
- Execution of <EcmascriptModuleLocalsModule as EcmascriptChunkPlaceable>::chunk_item_content failed
- Execution of *EcmascriptChunkItemContent::new failed
- Execution of EcmascriptModuleContent::new failed
- the chunking context (unknown) does not support external modules (request: node:module)

Import trace:
  Client Component Browser:
    ./node_modules/@prisma/client/runtime/client.mjs [Client Component Browser]
    ./app/generated/prisma/internal/prismaNamespace.ts [Client Component Browser]
    ./app/generated/prisma/client.ts [Client Component Browser]
    ./lib/prisma.ts [Client Component Browser]
    ./lib/cleanup.ts [Client Component Browser]
    ./app/(manager)/settings/page.tsx [Client Component Browser]
    ./app/(manager)/settings/page.tsx [Server Component] @ http://localhost:3000/_next/static/chunks/node_modules_next_dist_0u_w_5s._.js:1945
[   13673ms] [ERROR] ./node_modules/@prisma/client/runtime/client.mjs
Code generation for chunk item errored
An error occurred while generating the chunk item [project]/node_modules/@prisma/client/runtime/client.mjs [app-client] (ecmascript) <locals>

Caused by:
- the chunking context (unknown) does not support external modules (request: node:module)

Debug info:
- An error occurred while generating the chunk item [project]/node_modules/@prisma/client/runtime/client.mjs [app-client] (ecmascript) <locals>
- Execution of <EcmascriptModuleLocalsModule as EcmascriptChunkPlaceable>::chunk_item_content failed
- Execution of *EcmascriptChunkItemContent::new failed
- Execution of EcmascriptModuleContent::new failed
- the chunking context (unknown) does not support external modules (request: node:module)

Import trace:
  Client Component Browser:
    ./node_modules/@prisma/client/runtime/client.mjs [Client Component Browser]
    ./app/generated/prisma/internal/prismaNamespace.ts [Client Component Browser]
    ./app/generated/prisma/client.ts [Client Component Browser]
    ./lib/prisma.ts [Client Component Browser]
    ./lib/cleanup.ts [Client Component Browser]
    ./app/(manager)/settings/page.tsx [Client Component Browser]
    ./app/(manager)/settings/page.tsx [Server Component] @ http://localhost:3000/_next/static/chunks/node_modules_next_dist_0u_w_5s._.js:1945
[   13721ms] [ERROR] ./node_modules/@prisma/client/runtime/client.mjs
Code generation for chunk item errored
An error occurred while generating the chunk item [project]/node_modules/@prisma/client/runtime/client.mjs [app-client] (ecmascript) <locals>

Caused by:
- the chunking context (unknown) does not support external modules (request: node:module)

Debug info:
- An error occurred while generating the chunk item [project]/node_modules/@prisma/client/runtime/client.mjs [app-client] (ecmascript) <locals>
- Execution of <EcmascriptModuleLocalsModule as EcmascriptChunkPlaceable>::chunk_item_content failed
- Execution of *EcmascriptChunkItemContent::new failed
- Execution of EcmascriptModuleContent::new failed
- the chunking context (unknown) does not support external modules (request: node:module)

Import trace:
  Client Component Browser:
    ./node_modules/@prisma/client/runtime/client.mjs [Client Component Browser]
    ./app/generated/prisma/internal/prismaNamespace.ts [Client Component Browser]
    ./app/generated/prisma/client.ts [Client Component Browser]
    ./lib/prisma.ts [Client Component Browser]
    ./lib/cleanup.ts [Client Component Browser]
    ./app/(manager)/settings/page.tsx [Client Component Browser]
    ./app/(manager)/settings/page.tsx [Server Component] @ http://localhost:3000/_next/static/chunks/node_modules_next_dist_0u_w_5s._.js:1945
[   13772ms] [ERROR] ./node_modules/@prisma/client/runtime/client.mjs
Code generation for chunk item errored
An error occurred while generating the chunk item [project]/node_modules/@prisma/client/runtime/client.mjs [app-client] (ecmascript) <locals>

Caused by:
- the chunking context (unknown) does not support external modules (request: node:module)

Debug info:
- An error occurred while generating the chunk item [project]/node_modules/@prisma/client/runtime/client.mjs [app-client] (ecmascript) <locals>
- Execution of <EcmascriptModuleLocalsModule as EcmascriptChunkPlaceable>::chunk_item_content failed
- Execution of *EcmascriptChunkItemContent::new failed
- Execution of EcmascriptModuleContent::new failed
- the chunking context (unknown) does not support external modules (request: node:module)

Import trace:
  Client Component Browser:
    ./node_modules/@prisma/client/runtime/client.mjs [Client Component Browser]
    ./app/generated/prisma/internal/prismaNamespace.ts [Client Component Browser]
    ./app/generated/prisma/client.ts [Client Component Browser]
    ./lib/prisma.ts [Client Component Browser]
    ./lib/cleanup.ts [Client Component Browser]
    ./app/(manager)/settings/page.tsx [Client Component Browser]
    ./app/(manager)/settings/page.tsx [Server Component] @ http://localhost:3000/_next/static/chunks/node_modules_next_dist_0u_w_5s._.js:1945
[   13821ms] [ERROR] ./node_modules/@prisma/client/runtime/client.mjs
Code generation for chunk item errored
An error occurred while generating the chunk item [project]/node_modules/@prisma/client/runtime/client.mjs [app-client] (ecmascript) <locals>

Caused by:
- the chunking context (unknown) does not support external modules (request: node:module)

Debug info:
- An error occurred while generating the chunk item [project]/node_modules/@prisma/client/runtime/client.mjs [app-client] (ecmascript) <locals>
- Execution of <EcmascriptModuleLocalsModule as EcmascriptChunkPlaceable>::chunk_item_content failed
- Execution of *EcmascriptChunkItemContent::new failed
- Execution of EcmascriptModuleContent::new failed
- the chunking context (unknown) does not support external modules (request: node:module)

Import trace:
  Client Component Browser:
    ./node_modules/@prisma/client/runtime/client.mjs [Client Component Browser]
    ./app/generated/prisma/internal/prismaNamespace.ts [Client Component Browser]
    ./app/generated/prisma/client.ts [Client Component Browser]
    ./lib/prisma.ts [Client Component Browser]
    ./lib/cleanup.ts [Client Component Browser]
    ./app/(manager)/settings/page.tsx [Client Component Browser]
    ./app/(manager)/settings/page.tsx [Server Component] @ http://localhost:3000/_next/static/chunks/node_modules_next_dist_0u_w_5s._.js:1945
[   13881ms] [ERROR] ./node_modules/@prisma/client/runtime/client.mjs
Code generation for chunk item errored
An error occurred while generating the chunk item [project]/node_modules/@prisma/client/runtime/client.mjs [app-client] (ecmascript) <locals>

Caused by:
- the chunking context (unknown) does not support external modules (request: node:module)

Debug info:
- An error occurred while generating the chunk item [project]/node_modules/@prisma/client/runtime/client.mjs [app-client] (ecmascript) <locals>
- Execution of <EcmascriptModuleLocalsModule as EcmascriptChunkPlaceable>::chunk_item_content failed
- Execution of *EcmascriptChunkItemContent::new failed
- Execution of EcmascriptModuleContent::new failed
- the chunking context (unknown) does not support external modules (request: node:module)

Import trace:
  Client Component Browser:
    ./node_modules/@prisma/client/runtime/client.mjs [Client Component Browser]
    ./app/generated/prisma/internal/prismaNamespace.ts [Client Component Browser]
    ./app/generated/prisma/client.ts [Client Component Browser]
    ./lib/prisma.ts [Client Component Browser]
    ./lib/cleanup.ts [Client Component Browser]
    ./app/(manager)/settings/page.tsx [Client Component Browser]
    ./app/(manager)/settings/page.tsx [Server Component] @ http://localhost:3000/_next/static/chunks/node_modules_next_dist_0u_w_5s._.js:1945
[   13937ms] [ERROR] ./node_modules/@prisma/client/runtime/client.mjs
Code generation for chunk item errored
An error occurred while generating the chunk item [project]/node_modules/@prisma/client/runtime/client.mjs [app-client] (ecmascript) <locals>

Caused by:
- the chunking context (unknown) does not support external modules (request: node:module)

Debug info:
- An error occurred while generating the chunk item [project]/node_modules/@prisma/client/runtime/client.mjs [app-client] (ecmascript) <locals>
- Execution of <EcmascriptModuleLocalsModule as EcmascriptChunkPlaceable>::chunk_item_content failed
- Execution of *EcmascriptChunkItemContent::new failed
- Execution of EcmascriptModuleContent::new failed
- the chunking context (unknown) does not support external modules (request: node:module)

Import trace:
  Client Component Browser:
    ./node_modules/@prisma/client/runtime/client.mjs [Client Component Browser]
    ./app/generated/prisma/internal/prismaNamespace.ts [Client Component Browser]
    ./app/generated/prisma/client.ts [Client Component Browser]
    ./lib/prisma.ts [Client Component Browser]
    ./lib/cleanup.ts [Client Component Browser]
    ./app/(manager)/settings/page.tsx [Client Component Browser]
    ./app/(manager)/settings/page.tsx [Server Component] @ http://localhost:3000/_next/static/chunks/node_modules_next_dist_0u_w_5s._.js:1945
[   13989ms] [ERROR] ./node_modules/@prisma/client/runtime/client.mjs
Code generation for chunk item errored
An error occurred while generating the chunk item [project]/node_modules/@prisma/client/runtime/client.mjs [app-client] (ecmascript) <locals>

Caused by:
- the chunking context (unknown) does not support external modules (request: node:module)

Debug info:
- An error occurred while generating the chunk item [project]/node_modules/@prisma/client/runtime/client.mjs [app-client] (ecmascript) <locals>
- Execution of <EcmascriptModuleLocalsModule as EcmascriptChunkPlaceable>::chunk_item_content failed
- Execution of *EcmascriptChunkItemContent::new failed
- Execution of EcmascriptModuleContent::new failed
- the chunking context (unknown) does not support external modules (request: node:module)

Import trace:
  Client Component Browser:
    ./node_modules/@prisma/client/runtime/client.mjs [Client Component Browser]
    ./app/generated/prisma/internal/prismaNamespace.ts [Client Component Browser]
    ./app/generated/prisma/client.ts [Client Component Browser]
    ./lib/prisma.ts [Client Component Browser]
    ./lib/cleanup.ts [Client Component Browser]
    ./app/(manager)/settings/page.tsx [Client Component Browser]
    ./app/(manager)/settings/page.tsx [Server Component] @ http://localhost:3000/_next/static/chunks/node_modules_next_dist_0u_w_5s._.js:1945
[   14040ms] [ERROR] ./node_modules/@prisma/client/runtime/client.mjs
Code generation for chunk item errored
An error occurred while generating the chunk item [project]/node_modules/@prisma/client/runtime/client.mjs [app-client] (ecmascript) <locals>

Caused by:
- the chunking context (unknown) does not support external modules (request: node:module)

Debug info:
- An error occurred while generating the chunk item [project]/node_modules/@prisma/client/runtime/client.mjs [app-client] (ecmascript) <locals>
- Execution of <EcmascriptModuleLocalsModule as EcmascriptChunkPlaceable>::chunk_item_content failed
- Execution of *EcmascriptChunkItemContent::new failed
- Execution of EcmascriptModuleContent::new failed
- the chunking context (unknown) does not support external modules (request: node:module)

Import trace:
  Client Component Browser:
    ./node_modules/@prisma/client/runtime/client.mjs [Client Component Browser]
    ./app/generated/prisma/internal/prismaNamespace.ts [Client Component Browser]
    ./app/generated/prisma/client.ts [Client Component Browser]
    ./lib/prisma.ts [Client Component Browser]
    ./lib/cleanup.ts [Client Component Browser]
    ./app/(manager)/settings/page.tsx [Client Component Browser]
    ./app/(manager)/settings/page.tsx [Server Component] @ http://localhost:3000/_next/static/chunks/node_modules_next_dist_0u_w_5s._.js:1945
[   14094ms] [ERROR] ./node_modules/@prisma/client/runtime/client.mjs
Code generation for chunk item errored
An error occurred while generating the chunk item [project]/node_modules/@prisma/client/runtime/client.mjs [app-client] (ecmascript) <locals>

Caused by:
- the chunking context (unknown) does not support external modules (request: node:module)

Debug info:
- An error occurred while generating the chunk item [project]/node_modules/@prisma/client/runtime/client.mjs [app-client] (ecmascript) <locals>
- Execution of <EcmascriptModuleLocalsModule as EcmascriptChunkPlaceable>::chunk_item_content failed
- Execution of *EcmascriptChunkItemContent::new failed
- Execution of EcmascriptModuleContent::new failed
- the chunking context (unknown) does not support external modules (request: node:module)

Import trace:
  Client Component Browser:
    ./node_modules/@prisma/client/runtime/client.mjs [Client Component Browser]
    ./app/generated/prisma/internal/prismaNamespace.ts [Client Component Browser]
    ./app/generated/prisma/client.ts [Client Component Browser]
    ./lib/prisma.ts [Client Component Browser]
    ./lib/cleanup.ts [Client Component Browser]
    ./app/(manager)/settings/page.tsx [Client Component Browser]
    ./app/(manager)/settings/page.tsx [Server Component] @ http://localhost:3000/_next/static/chunks/node_modules_next_dist_0u_w_5s._.js:1945
[   14147ms] [ERROR] ./node_modules/@prisma/client/runtime/client.mjs
Code generation for chunk item errored
An error occurred while generating the chunk item [project]/node_modules/@prisma/client/runtime/client.mjs [app-client] (ecmascript) <locals>

Caused by:
- the chunking context (unknown) does not support external modules (request: node:module)

Debug info:
- An error occurred while generating the chunk item [project]/node_modules/@prisma/client/runtime/client.mjs [app-client] (ecmascript) <locals>
- Execution of <EcmascriptModuleLocalsModule as EcmascriptChunkPlaceable>::chunk_item_content failed
- Execution of *EcmascriptChunkItemContent::new failed
- Execution of EcmascriptModuleContent::new failed
- the chunking context (unknown) does not support external modules (request: node:module)

Import trace:
  Client Component Browser:
    ./node_modules/@prisma/client/runtime/client.mjs [Client Component Browser]
    ./app/generated/prisma/internal/prismaNamespace.ts [Client Component Browser]
    ./app/generated/prisma/client.ts [Client Component Browser]
    ./lib/prisma.ts [Client Component Browser]
    ./lib/cleanup.ts [Client Component Browser]
    ./app/(manager)/settings/page.tsx [Client Component Browser]
    ./app/(manager)/settings/page.tsx [Server Component] @ http://localhost:3000/_next/static/chunks/node_modules_next_dist_0u_w_5s._.js:1945
[   14198ms] [ERROR] ./node_modules/@prisma/client/runtime/client.mjs
Code generation for chunk item errored
An error occurred while generating the chunk item [project]/node_modules/@prisma/client/runtime/client.mjs [app-client] (ecmascript) <locals>

Caused by:
- the chunking context (unknown) does not support external modules (request: node:module)

Debug info:
- An error occurred while generating the chunk item [project]/node_modules/@prisma/client/runtime/client.mjs [app-client] (ecmascript) <locals>
- Execution of <EcmascriptModuleLocalsModule as EcmascriptChunkPlaceable>::chunk_item_content failed
- Execution of *EcmascriptChunkItemContent::new failed
- Execution of EcmascriptModuleContent::new failed
- the chunking context (unknown) does not support external modules (request: node:module)

Import trace:
  Client Component Browser:
    ./node_modules/@prisma/client/runtime/client.mjs [Client Component Browser]
    ./app/generated/prisma/internal/prismaNamespace.ts [Client Component Browser]
    ./app/generated/prisma/client.ts [Client Component Browser]
    ./lib/prisma.ts [Client Component Browser]
    ./lib/cleanup.ts [Client Component Browser]
    ./app/(manager)/settings/page.tsx [Client Component Browser]
    ./app/(manager)/settings/page.tsx [Server Component] @ http://localhost:3000/_next/static/chunks/node_modules_next_dist_0u_w_5s._.js:1945
[   14250ms] [ERROR] ./node_modules/@prisma/client/runtime/client.mjs
Code generation for chunk item errored
An error occurred while generating the chunk item [project]/node_modules/@prisma/client/runtime/client.mjs [app-client] (ecmascript) <locals>

Caused by:
- the chunking context (unknown) does not support external modules (request: node:module)

Debug info:
- An error occurred while generating the chunk item [project]/node_modules/@prisma/client/runtime/client.mjs [app-client] (ecmascript) <locals>
- Execution of <EcmascriptModuleLocalsModule as EcmascriptChunkPlaceable>::chunk_item_content failed
- Execution of *EcmascriptChunkItemContent::new failed
- Execution of EcmascriptModuleContent::new failed
- the chunking context (unknown) does not support external modules (request: node:module)

Import trace:
  Client Component Browser:
    ./node_modules/@prisma/client/runtime/client.mjs [Client Component Browser]
    ./app/generated/prisma/internal/prismaNamespace.ts [Client Component Browser]
    ./app/generated/prisma/client.ts [Client Component Browser]
    ./lib/prisma.ts [Client Component Browser]
    ./lib/cleanup.ts [Client Component Browser]
    ./app/(manager)/settings/page.tsx [Client Component Browser]
    ./app/(manager)/settings/page.tsx [Server Component] @ http://localhost:3000/_next/static/chunks/node_modules_next_dist_0u_w_5s._.js:1945
[   14302ms] [ERROR] ./node_modules/@prisma/client/runtime/client.mjs
Code generation for chunk item errored
An error occurred while generating the chunk item [project]/node_modules/@prisma/client/runtime/client.mjs [app-client] (ecmascript) <locals>

Caused by:
- the chunking context (unknown) does not support external modules (request: node:module)

Debug info:
- An error occurred while generating the chunk item [project]/node_modules/@prisma/client/runtime/client.mjs [app-client] (ecmascript) <locals>
- Execution of <EcmascriptModuleLocalsModule as EcmascriptChunkPlaceable>::chunk_item_content failed
- Execution of *EcmascriptChunkItemContent::new failed
- Execution of EcmascriptModuleContent::new failed
- the chunking context (unknown) does not support external modules (request: node:module)

Import trace:
  Client Component Browser:
    ./node_modules/@prisma/client/runtime/client.mjs [Client Component Browser]
    ./app/generated/prisma/internal/prismaNamespace.ts [Client Component Browser]
    ./app/generated/prisma/client.ts [Client Component Browser]
    ./lib/prisma.ts [Client Component Browser]
    ./lib/cleanup.ts [Client Component Browser]
    ./app/(manager)/settings/page.tsx [Client Component Browser]
    ./app/(manager)/settings/page.tsx [Server Component] @ http://localhost:3000/_next/static/chunks/node_modules_next_dist_0u_w_5s._.js:1945
[   14354ms] [ERROR] ./node_modules/@prisma/client/runtime/client.mjs
Code generation for chunk item errored
An error occurred while generating the chunk item [project]/node_modules/@prisma/client/runtime/client.mjs [app-client] (ecmascript) <locals>

Caused by:
- the chunking context (unknown) does not support external modules (request: node:module)

Debug info:
- An error occurred while generating the chunk item [project]/node_modules/@prisma/client/runtime/client.mjs [app-client] (ecmascript) <locals>
- Execution of <EcmascriptModuleLocalsModule as EcmascriptChunkPlaceable>::chunk_item_content failed
- Execution of *EcmascriptChunkItemContent::new failed
- Execution of EcmascriptModuleContent::new failed
- the chunking context (unknown) does not support external modules (request: node:module)

Import trace:
  Client Component Browser:
    ./node_modules/@prisma/client/runtime/client.mjs [Client Component Browser]
    ./app/generated/prisma/internal/prismaNamespace.ts [Client Component Browser]
    ./app/generated/prisma/client.ts [Client Component Browser]
    ./lib/prisma.ts [Client Component Browser]
    ./lib/cleanup.ts [Client Component Browser]
    ./app/(manager)/settings/page.tsx [Client Component Browser]
    ./app/(manager)/settings/page.tsx [Server Component] @ http://localhost:3000/_next/static/chunks/node_modules_next_dist_0u_w_5s._.js:1945
[   14406ms] [ERROR] ./node_modules/@prisma/client/runtime/client.mjs
Code generation for chunk item errored
An error occurred while generating the chunk item [project]/node_modules/@prisma/client/runtime/client.mjs [app-client] (ecmascript) <locals>

Caused by:
- the chunking context (unknown) does not support external modules (request: node:module)

Debug info:
- An error occurred while generating the chunk item [project]/node_modules/@prisma/client/runtime/client.mjs [app-client] (ecmascript) <locals>
- Execution of <EcmascriptModuleLocalsModule as EcmascriptChunkPlaceable>::chunk_item_content failed
- Execution of *EcmascriptChunkItemContent::new failed
- Execution of EcmascriptModuleContent::new failed
- the chunking context (unknown) does not support external modules (request: node:module)

Import trace:
  Client Component Browser:
    ./node_modules/@prisma/client/runtime/client.mjs [Client Component Browser]
    ./app/generated/prisma/internal/prismaNamespace.ts [Client Component Browser]
    ./app/generated/prisma/client.ts [Client Component Browser]
    ./lib/prisma.ts [Client Component Browser]
    ./lib/cleanup.ts [Client Component Browser]
    ./app/(manager)/settings/page.tsx [Client Component Browser]
    ./app/(manager)/settings/page.tsx [Server Component] @ http://localhost:3000/_next/static/chunks/node_modules_next_dist_0u_w_5s._.js:1945
[   14458ms] [ERROR] ./node_modules/@prisma/client/runtime/client.mjs
Code generation for chunk item errored
An error occurred while generating the chunk item [project]/node_modules/@prisma/client/runtime/client.mjs [app-client] (ecmascript) <locals>

Caused by:
- the chunking context (unknown) does not support external modules (request: node:module)

Debug info:
- An error occurred while generating the chunk item [project]/node_modules/@prisma/client/runtime/client.mjs [app-client] (ecmascript) <locals>
- Execution of <EcmascriptModuleLocalsModule as EcmascriptChunkPlaceable>::chunk_item_content failed
- Execution of *EcmascriptChunkItemContent::new failed
- Execution of EcmascriptModuleContent::new failed
- the chunking context (unknown) does not support external modules (request: node:module)

Import trace:
  Client Component Browser:
    ./node_modules/@prisma/client/runtime/client.mjs [Client Component Browser]
    ./app/generated/prisma/internal/prismaNamespace.ts [Client Component Browser]
    ./app/generated/prisma/client.ts [Client Component Browser]
    ./lib/prisma.ts [Client Component Browser]
    ./lib/cleanup.ts [Client Component Browser]
    ./app/(manager)/settings/page.tsx [Client Component Browser]
    ./app/(manager)/settings/page.tsx [Server Component] @ http://localhost:3000/_next/static/chunks/node_modules_next_dist_0u_w_5s._.js:1945
[   14509ms] [ERROR] ./node_modules/@prisma/client/runtime/client.mjs
Code generation for chunk item errored
An error occurred while generating the chunk item [project]/node_modules/@prisma/client/runtime/client.mjs [app-client] (ecmascript) <locals>

Caused by:
- the chunking context (unknown) does not support external modules (request: node:module)

Debug info:
- An error occurred while generating the chunk item [project]/node_modules/@prisma/client/runtime/client.mjs [app-client] (ecmascript) <locals>
- Execution of <EcmascriptModuleLocalsModule as EcmascriptChunkPlaceable>::chunk_item_content failed
- Execution of *EcmascriptChunkItemContent::new failed
- Execution of EcmascriptModuleContent::new failed
- the chunking context (unknown) does not support external modules (request: node:module)

Import trace:
  Client Component Browser:
    ./node_modules/@prisma/client/runtime/client.mjs [Client Component Browser]
    ./app/generated/prisma/internal/prismaNamespace.ts [Client Component Browser]
    ./app/generated/prisma/client.ts [Client Component Browser]
    ./lib/prisma.ts [Client Component Browser]
    ./lib/cleanup.ts [Client Component Browser]
    ./app/(manager)/settings/page.tsx [Client Component Browser]
    ./app/(manager)/settings/page.tsx [Server Component] @ http://localhost:3000/_next/static/chunks/node_modules_next_dist_0u_w_5s._.js:1945
[   14568ms] [ERROR] ./node_modules/@prisma/client/runtime/client.mjs
Code generation for chunk item errored
An error occurred while generating the chunk item [project]/node_modules/@prisma/client/runtime/client.mjs [app-client] (ecmascript) <locals>

Caused by:
- the chunking context (unknown) does not support external modules (request: node:module)

Debug info:
- An error occurred while generating the chunk item [project]/node_modules/@prisma/client/runtime/client.mjs [app-client] (ecmascript) <locals>
- Execution of <EcmascriptModuleLocalsModule as EcmascriptChunkPlaceable>::chunk_item_content failed
- Execution of *EcmascriptChunkItemContent::new failed
- Execution of EcmascriptModuleContent::new failed
- the chunking context (unknown) does not support external modules (request: node:module)

Import trace:
  Client Component Browser:
    ./node_modules/@prisma/client/runtime/client.mjs [Client Component Browser]
    ./app/generated/prisma/internal/prismaNamespace.ts [Client Component Browser]
    ./app/generated/prisma/client.ts [Client Component Browser]
    ./lib/prisma.ts [Client Component Browser]
    ./lib/cleanup.ts [Client Component Browser]
    ./app/(manager)/settings/page.tsx [Client Component Browser]
    ./app/(manager)/settings/page.tsx [Server Component] @ http://localhost:3000/_next/static/chunks/node_modules_next_dist_0u_w_5s._.js:1945
[   14622ms] [ERROR] ./node_modules/@prisma/client/runtime/client.mjs
Code generation for chunk item errored
An error occurred while generating the chunk item [project]/node_modules/@prisma/client/runtime/client.mjs [app-client] (ecmascript) <locals>

Caused by:
- the chunking context (unknown) does not support external modules (request: node:module)

Debug info:
- An error occurred while generating the chunk item [project]/node_modules/@prisma/client/runtime/client.mjs [app-client] (ecmascript) <locals>
- Execution of <EcmascriptModuleLocalsModule as EcmascriptChunkPlaceable>::chunk_item_content failed
- Execution of *EcmascriptChunkItemContent::new failed
- Execution of EcmascriptModuleContent::new failed
- the chunking context (unknown) does not support external modules (request: node:module)

Import trace:
  Client Component Browser:
    ./node_modules/@prisma/client/runtime/client.mjs [Client Component Browser]
    ./app/generated/prisma/internal/prismaNamespace.ts [Client Component Browser]
    ./app/generated/prisma/client.ts [Client Component Browser]
    ./lib/prisma.ts [Client Component Browser]
    ./lib/cleanup.ts [Client Component Browser]
    ./app/(manager)/settings/page.tsx [Client Component Browser]
    ./app/(manager)/settings/page.tsx [Server Component] @ http://localhost:3000/_next/static/chunks/node_modules_next_dist_0u_w_5s._.js:1945
[   14682ms] [ERROR] ./node_modules/@prisma/client/runtime/client.mjs
Code generation for chunk item errored
An error occurred while generating the chunk item [project]/node_modules/@prisma/client/runtime/client.mjs [app-client] (ecmascript) <locals>

Caused by:
- the chunking context (unknown) does not support external modules (request: node:module)

Debug info:
- An error occurred while generating the chunk item [project]/node_modules/@prisma/client/runtime/client.mjs [app-client] (ecmascript) <locals>
- Execution of <EcmascriptModuleLocalsModule as EcmascriptChunkPlaceable>::chunk_item_content failed
- Execution of *EcmascriptChunkItemContent::new failed
- Execution of EcmascriptModuleContent::new failed
- the chunking context (unknown) does not support external modules (request: node:module)

Import trace:
  Client Component Browser:
    ./node_modules/@prisma/client/runtime/client.mjs [Client Component Browser]
    ./app/generated/prisma/internal/prismaNamespace.ts [Client Component Browser]
    ./app/generated/prisma/client.ts [Client Component Browser]
    ./lib/prisma.ts [Client Component Browser]
    ./lib/cleanup.ts [Client Component Browser]
    ./app/(manager)/settings/page.tsx [Client Component Browser]
    ./app/(manager)/settings/page.tsx [Server Component] @ http://localhost:3000/_next/static/chunks/node_modules_next_dist_0u_w_5s._.js:1945
[   14740ms] [ERROR] ./node_modules/@prisma/client/runtime/client.mjs
Code generation for chunk item errored
An error occurred while generating the chunk item [project]/node_modules/@prisma/client/runtime/client.mjs [app-client] (ecmascript) <locals>

Caused by:
- the chunking context (unknown) does not support external modules (request: node:module)

Debug info:
- An error occurred while generating the chunk item [project]/node_modules/@prisma/client/runtime/client.mjs [app-client] (ecmascript) <locals>
- Execution of <EcmascriptModuleLocalsModule as EcmascriptChunkPlaceable>::chunk_item_content failed
- Execution of *EcmascriptChunkItemContent::new failed
- Execution of EcmascriptModuleContent::new failed
- the chunking context (unknown) does not support external modules (request: node:module)

Import trace:
  Client Component Browser:
    ./node_modules/@prisma/client/runtime/client.mjs [Client Component Browser]
    ./app/generated/prisma/internal/prismaNamespace.ts [Client Component Browser]
    ./app/generated/prisma/client.ts [Client Component Browser]
    ./lib/prisma.ts [Client Component Browser]
    ./lib/cleanup.ts [Client Component Browser]
    ./app/(manager)/settings/page.tsx [Client Component Browser]
    ./app/(manager)/settings/page.tsx [Server Component] @ http://localhost:3000/_next/static/chunks/node_modules_next_dist_0u_w_5s._.js:1945
[   14801ms] [ERROR] ./node_modules/@prisma/client/runtime/client.mjs
Code generation for chunk item errored
An error occurred while generating the chunk item [project]/node_modules/@prisma/client/runtime/client.mjs [app-client] (ecmascript) <locals>

Caused by:
- the chunking context (unknown) does not support external modules (request: node:module)

Debug info:
- An error occurred while generating the chunk item [project]/node_modules/@prisma/client/runtime/client.mjs [app-client] (ecmascript) <locals>
- Execution of <EcmascriptModuleLocalsModule as EcmascriptChunkPlaceable>::chunk_item_content failed
- Execution of *EcmascriptChunkItemContent::new failed
- Execution of EcmascriptModuleContent::new failed
- the chunking context (unknown) does not support external modules (request: node:module)

Import trace:
  Client Component Browser:
    ./node_modules/@prisma/client/runtime/client.mjs [Client Component Browser]
    ./app/generated/prisma/internal/prismaNamespace.ts [Client Component Browser]
    ./app/generated/prisma/client.ts [Client Component Browser]
    ./lib/prisma.ts [Client Component Browser]
    ./lib/cleanup.ts [Client Component Browser]
    ./app/(manager)/settings/page.tsx [Client Component Browser]
    ./app/(manager)/settings/page.tsx [Server Component] @ http://localhost:3000/_next/static/chunks/node_modules_next_dist_0u_w_5s._.js:1945
[   14861ms] [ERROR] ./node_modules/@prisma/client/runtime/client.mjs
Code generation for chunk item errored
An error occurred while generating the chunk item [project]/node_modules/@prisma/client/runtime/client.mjs [app-client] (ecmascript) <locals>

Caused by:
- the chunking context (unknown) does not support external modules (request: node:module)

Debug info:
- An error occurred while generating the chunk item [project]/node_modules/@prisma/client/runtime/client.mjs [app-client] (ecmascript) <locals>
- Execution of <EcmascriptModuleLocalsModule as EcmascriptChunkPlaceable>::chunk_item_content failed
- Execution of *EcmascriptChunkItemContent::new failed
- Execution of EcmascriptModuleContent::new failed
- the chunking context (unknown) does not support external modules (request: node:module)

Import trace:
  Client Component Browser:
    ./node_modules/@prisma/client/runtime/client.mjs [Client Component Browser]
    ./app/generated/prisma/internal/prismaNamespace.ts [Client Component Browser]
    ./app/generated/prisma/client.ts [Client Component Browser]
    ./lib/prisma.ts [Client Component Browser]
    ./lib/cleanup.ts [Client Component Browser]
    ./app/(manager)/settings/page.tsx [Client Component Browser]
    ./app/(manager)/settings/page.tsx [Server Component] @ http://localhost:3000/_next/static/chunks/node_modules_next_dist_0u_w_5s._.js:1945
[   14917ms] [ERROR] ./node_modules/@prisma/client/runtime/client.mjs
Code generation for chunk item errored
An error occurred while generating the chunk item [project]/node_modules/@prisma/client/runtime/client.mjs [app-client] (ecmascript) <locals>

Caused by:
- the chunking context (unknown) does not support external modules (request: node:module)

Debug info:
- An error occurred while generating the chunk item [project]/node_modules/@prisma/client/runtime/client.mjs [app-client] (ecmascript) <locals>
- Execution of <EcmascriptModuleLocalsModule as EcmascriptChunkPlaceable>::chunk_item_content failed
- Execution of *EcmascriptChunkItemContent::new failed
- Execution of EcmascriptModuleContent::new failed
- the chunking context (unknown) does not support external modules (request: node:module)

Import trace:
  Client Component Browser:
    ./node_modules/@prisma/client/runtime/client.mjs [Client Component Browser]
    ./app/generated/prisma/internal/prismaNamespace.ts [Client Component Browser]
    ./app/generated/prisma/client.ts [Client Component Browser]
    ./lib/prisma.ts [Client Component Browser]
    ./lib/cleanup.ts [Client Component Browser]
    ./app/(manager)/settings/page.tsx [Client Component Browser]
    ./app/(manager)/settings/page.tsx [Server Component] @ http://localhost:3000/_next/static/chunks/node_modules_next_dist_0u_w_5s._.js:1945
[   14969ms] [ERROR] ./node_modules/@prisma/client/runtime/client.mjs
Code generation for chunk item errored
An error occurred while generating the chunk item [project]/node_modules/@prisma/client/runtime/client.mjs [app-client] (ecmascript) <locals>

Caused by:
- the chunking context (unknown) does not support external modules (request: node:module)

Debug info:
- An error occurred while generating the chunk item [project]/node_modules/@prisma/client/runtime/client.mjs [app-client] (ecmascript) <locals>
- Execution of <EcmascriptModuleLocalsModule as EcmascriptChunkPlaceable>::chunk_item_content failed
- Execution of *EcmascriptChunkItemContent::new failed
- Execution of EcmascriptModuleContent::new failed
- the chunking context (unknown) does not support external modules (request: node:module)

Import trace:
  Client Component Browser:
    ./node_modules/@prisma/client/runtime/client.mjs [Client Component Browser]
    ./app/generated/prisma/internal/prismaNamespace.ts [Client Component Browser]
    ./app/generated/prisma/client.ts [Client Component Browser]
    ./lib/prisma.ts [Client Component Browser]
    ./lib/cleanup.ts [Client Component Browser]
    ./app/(manager)/settings/page.tsx [Client Component Browser]
    ./app/(manager)/settings/page.tsx [Server Component] @ http://localhost:3000/_next/static/chunks/node_modules_next_dist_0u_w_5s._.js:1945
[   15021ms] [ERROR] ./node_modules/@prisma/client/runtime/client.mjs
Code generation for chunk item errored
An error occurred while generating the chunk item [project]/node_modules/@prisma/client/runtime/client.mjs [app-client] (ecmascript) <locals>

Caused by:
- the chunking context (unknown) does not support external modules (request: node:module)

Debug info:
- An error occurred while generating the chunk item [project]/node_modules/@prisma/client/runtime/client.mjs [app-client] (ecmascript) <locals>
- Execution of <EcmascriptModuleLocalsModule as EcmascriptChunkPlaceable>::chunk_item_content failed
- Execution of *EcmascriptChunkItemContent::new failed
- Execution of EcmascriptModuleContent::new failed
- the chunking context (unknown) does not support external modules (request: node:module)

Import trace:
  Client Component Browser:
    ./node_modules/@prisma/client/runtime/client.mjs [Client Component Browser]
    ./app/generated/prisma/internal/prismaNamespace.ts [Client Component Browser]
    ./app/generated/prisma/client.ts [Client Component Browser]
    ./lib/prisma.ts [Client Component Browser]
    ./lib/cleanup.ts [Client Component Browser]
    ./app/(manager)/settings/page.tsx [Client Component Browser]
    ./app/(manager)/settings/page.tsx [Server Component] @ http://localhost:3000/_next/static/chunks/node_modules_next_dist_0u_w_5s._.js:1945
[   15073ms] [ERROR] ./node_modules/@prisma/client/runtime/client.mjs
Code generation for chunk item errored
An error occurred while generating the chunk item [project]/node_modules/@prisma/client/runtime/client.mjs [app-client] (ecmascript) <locals>

Caused by:
- the chunking context (unknown) does not support external modules (request: node:module)

Debug info:
- An error occurred while generating the chunk item [project]/node_modules/@prisma/client/runtime/client.mjs [app-client] (ecmascript) <locals>
- Execution of <EcmascriptModuleLocalsModule as EcmascriptChunkPlaceable>::chunk_item_content failed
- Execution of *EcmascriptChunkItemContent::new failed
- Execution of EcmascriptModuleContent::new failed
- the chunking context (unknown) does not support external modules (request: node:module)

Import trace:
  Client Component Browser:
    ./node_modules/@prisma/client/runtime/client.mjs [Client Component Browser]
    ./app/generated/prisma/internal/prismaNamespace.ts [Client Component Browser]
    ./app/generated/prisma/client.ts [Client Component Browser]
    ./lib/prisma.ts [Client Component Browser]
    ./lib/cleanup.ts [Client Component Browser]
    ./app/(manager)/settings/page.tsx [Client Component Browser]
    ./app/(manager)/settings/page.tsx [Server Component] @ http://localhost:3000/_next/static/chunks/node_modules_next_dist_0u_w_5s._.js:1945
[   15125ms] [ERROR] ./node_modules/@prisma/client/runtime/client.mjs
Code generation for chunk item errored
An error occurred while generating the chunk item [project]/node_modules/@prisma/client/runtime/client.mjs [app-client] (ecmascript) <locals>

Caused by:
- the chunking context (unknown) does not support external modules (request: node:module)

Debug info:
- An error occurred while generating the chunk item [project]/node_modules/@prisma/client/runtime/client.mjs [app-client] (ecmascript) <locals>
- Execution of <EcmascriptModuleLocalsModule as EcmascriptChunkPlaceable>::chunk_item_content failed
- Execution of *EcmascriptChunkItemContent::new failed
- Execution of EcmascriptModuleContent::new failed
- the chunking context (unknown) does not support external modules (request: node:module)

Import trace:
  Client Component Browser:
    ./node_modules/@prisma/client/runtime/client.mjs [Client Component Browser]
    ./app/generated/prisma/internal/prismaNamespace.ts [Client Component Browser]
    ./app/generated/prisma/client.ts [Client Component Browser]
    ./lib/prisma.ts [Client Component Browser]
    ./lib/cleanup.ts [Client Component Browser]
    ./app/(manager)/settings/page.tsx [Client Component Browser]
    ./app/(manager)/settings/page.tsx [Server Component] @ http://localhost:3000/_next/static/chunks/node_modules_next_dist_0u_w_5s._.js:1945
[   15175ms] [ERROR] ./node_modules/@prisma/client/runtime/client.mjs
Code generation for chunk item errored
An error occurred while generating the chunk item [project]/node_modules/@prisma/client/runtime/client.mjs [app-client] (ecmascript) <locals>

Caused by:
- the chunking context (unknown) does not support external modules (request: node:module)

Debug info:
- An error occurred while generating the chunk item [project]/node_modules/@prisma/client/runtime/client.mjs [app-client] (ecmascript) <locals>
- Execution of <EcmascriptModuleLocalsModule as EcmascriptChunkPlaceable>::chunk_item_content failed
- Execution of *EcmascriptChunkItemContent::new failed
- Execution of EcmascriptModuleContent::new failed
- the chunking context (unknown) does not support external modules (request: node:module)

Import trace:
  Client Component Browser:
    ./node_modules/@prisma/client/runtime/client.mjs [Client Component Browser]
    ./app/generated/prisma/internal/prismaNamespace.ts [Client Component Browser]
    ./app/generated/prisma/client.ts [Client Component Browser]
    ./lib/prisma.ts [Client Component Browser]
    ./lib/cleanup.ts [Client Component Browser]
    ./app/(manager)/settings/page.tsx [Client Component Browser]
    ./app/(manager)/settings/page.tsx [Server Component] @ http://localhost:3000/_next/static/chunks/node_modules_next_dist_0u_w_5s._.js:1945
[   15226ms] [ERROR] ./node_modules/@prisma/client/runtime/client.mjs
Code generation for chunk item errored
An error occurred while generating the chunk item [project]/node_modules/@prisma/client/runtime/client.mjs [app-client] (ecmascript) <locals>

Caused by:
- the chunking context (unknown) does not support external modules (request: node:module)

Debug info:
- An error occurred while generating the chunk item [project]/node_modules/@prisma/client/runtime/client.mjs [app-client] (ecmascript) <locals>
- Execution of <EcmascriptModuleLocalsModule as EcmascriptChunkPlaceable>::chunk_item_content failed
- Execution of *EcmascriptChunkItemContent::new failed
- Execution of EcmascriptModuleContent::new failed
- the chunking context (unknown) does not support external modules (request: node:module)

Import trace:
  Client Component Browser:
    ./node_modules/@prisma/client/runtime/client.mjs [Client Component Browser]
    ./app/generated/prisma/internal/prismaNamespace.ts [Client Component Browser]
    ./app/generated/prisma/client.ts [Client Component Browser]
    ./lib/prisma.ts [Client Component Browser]
    ./lib/cleanup.ts [Client Component Browser]
    ./app/(manager)/settings/page.tsx [Client Component Browser]
    ./app/(manager)/settings/page.tsx [Server Component] @ http://localhost:3000/_next/static/chunks/node_modules_next_dist_0u_w_5s._.js:1945
[   15279ms] [ERROR] ./node_modules/@prisma/client/runtime/client.mjs
Code generation for chunk item errored
An error occurred while generating the chunk item [project]/node_modules/@prisma/client/runtime/client.mjs [app-client] (ecmascript) <locals>

Caused by:
- the chunking context (unknown) does not support external modules (request: node:module)

Debug info:
- An error occurred while generating the chunk item [project]/node_modules/@prisma/client/runtime/client.mjs [app-client] (ecmascript) <locals>
- Execution of <EcmascriptModuleLocalsModule as EcmascriptChunkPlaceable>::chunk_item_content failed
- Execution of *EcmascriptChunkItemContent::new failed
- Execution of EcmascriptModuleContent::new failed
- the chunking context (unknown) does not support external modules (request: node:module)

Import trace:
  Client Component Browser:
    ./node_modules/@prisma/client/runtime/client.mjs [Client Component Browser]
    ./app/generated/prisma/internal/prismaNamespace.ts [Client Component Browser]
    ./app/generated/prisma/client.ts [Client Component Browser]
    ./lib/prisma.ts [Client Component Browser]
    ./lib/cleanup.ts [Client Component Browser]
    ./app/(manager)/settings/page.tsx [Client Component Browser]
    ./app/(manager)/settings/page.tsx [Server Component] @ http://localhost:3000/_next/static/chunks/node_modules_next_dist_0u_w_5s._.js:1945
[   15330ms] [ERROR] ./node_modules/@prisma/client/runtime/client.mjs
Code generation for chunk item errored
An error occurred while generating the chunk item [project]/node_modules/@prisma/client/runtime/client.mjs [app-client] (ecmascript) <locals>

Caused by:
- the chunking context (unknown) does not support external modules (request: node:module)

Debug info:
- An error occurred while generating the chunk item [project]/node_modules/@prisma/client/runtime/client.mjs [app-client] (ecmascript) <locals>
- Execution of <EcmascriptModuleLocalsModule as EcmascriptChunkPlaceable>::chunk_item_content failed
- Execution of *EcmascriptChunkItemContent::new failed
- Execution of EcmascriptModuleContent::new failed
- the chunking context (unknown) does not support external modules (request: node:module)

Import trace:
  Client Component Browser:
    ./node_modules/@prisma/client/runtime/client.mjs [Client Component Browser]
    ./app/generated/prisma/internal/prismaNamespace.ts [Client Component Browser]
    ./app/generated/prisma/client.ts [Client Component Browser]
    ./lib/prisma.ts [Client Component Browser]
    ./lib/cleanup.ts [Client Component Browser]
    ./app/(manager)/settings/page.tsx [Client Component Browser]
    ./app/(manager)/settings/page.tsx [Server Component] @ http://localhost:3000/_next/static/chunks/node_modules_next_dist_0u_w_5s._.js:1945
[   15385ms] [ERROR] ./node_modules/@prisma/client/runtime/client.mjs
Code generation for chunk item errored
An error occurred while generating the chunk item [project]/node_modules/@prisma/client/runtime/client.mjs [app-client] (ecmascript) <locals>

Caused by:
- the chunking context (unknown) does not support external modules (request: node:module)

Debug info:
- An error occurred while generating the chunk item [project]/node_modules/@prisma/client/runtime/client.mjs [app-client] (ecmascript) <locals>
- Execution of <EcmascriptModuleLocalsModule as EcmascriptChunkPlaceable>::chunk_item_content failed
- Execution of *EcmascriptChunkItemContent::new failed
- Execution of EcmascriptModuleContent::new failed
- the chunking context (unknown) does not support external modules (request: node:module)

Import trace:
  Client Component Browser:
    ./node_modules/@prisma/client/runtime/client.mjs [Client Component Browser]
    ./app/generated/prisma/internal/prismaNamespace.ts [Client Component Browser]
    ./app/generated/prisma/client.ts [Client Component Browser]
    ./lib/prisma.ts [Client Component Browser]
    ./lib/cleanup.ts [Client Component Browser]
    ./app/(manager)/settings/page.tsx [Client Component Browser]
    ./app/(manager)/settings/page.tsx [Server Component] @ http://localhost:3000/_next/static/chunks/node_modules_next_dist_0u_w_5s._.js:1945
[   15441ms] [ERROR] ./node_modules/@prisma/client/runtime/client.mjs
Code generation for chunk item errored
An error occurred while generating the chunk item [project]/node_modules/@prisma/client/runtime/client.mjs [app-client] (ecmascript) <locals>

Caused by:
- the chunking context (unknown) does not support external modules (request: node:module)

Debug info:
- An error occurred while generating the chunk item [project]/node_modules/@prisma/client/runtime/client.mjs [app-client] (ecmascript) <locals>
- Execution of <EcmascriptModuleLocalsModule as EcmascriptChunkPlaceable>::chunk_item_content failed
- Execution of *EcmascriptChunkItemContent::new failed
- Execution of EcmascriptModuleContent::new failed
- the chunking context (unknown) does not support external modules (request: node:module)

Import trace:
  Client Component Browser:
    ./node_modules/@prisma/client/runtime/client.mjs [Client Component Browser]
    ./app/generated/prisma/internal/prismaNamespace.ts [Client Component Browser]
    ./app/generated/prisma/client.ts [Client Component Browser]
    ./lib/prisma.ts [Client Component Browser]
    ./lib/cleanup.ts [Client Component Browser]
    ./app/(manager)/settings/page.tsx [Client Component Browser]
    ./app/(manager)/settings/page.tsx [Server Component] @ http://localhost:3000/_next/static/chunks/node_modules_next_dist_0u_w_5s._.js:1945
[   15500ms] [ERROR] ./node_modules/@prisma/client/runtime/client.mjs
Code generation for chunk item errored
An error occurred while generating the chunk item [project]/node_modules/@prisma/client/runtime/client.mjs [app-client] (ecmascript) <locals>

Caused by:
- the chunking context (unknown) does not support external modules (request: node:module)

Debug info:
- An error occurred while generating the chunk item [project]/node_modules/@prisma/client/runtime/client.mjs [app-client] (ecmascript) <locals>
- Execution of <EcmascriptModuleLocalsModule as EcmascriptChunkPlaceable>::chunk_item_content failed
- Execution of *EcmascriptChunkItemContent::new failed
- Execution of EcmascriptModuleContent::new failed
- the chunking context (unknown) does not support external modules (request: node:module)

Import trace:
  Client Component Browser:
    ./node_modules/@prisma/client/runtime/client.mjs [Client Component Browser]
    ./app/generated/prisma/internal/prismaNamespace.ts [Client Component Browser]
    ./app/generated/prisma/client.ts [Client Component Browser]
    ./lib/prisma.ts [Client Component Browser]
    ./lib/cleanup.ts [Client Component Browser]
    ./app/(manager)/settings/page.tsx [Client Component Browser]
    ./app/(manager)/settings/page.tsx [Server Component] @ http://localhost:3000/_next/static/chunks/node_modules_next_dist_0u_w_5s._.js:1945
[   15564ms] [ERROR] ./node_modules/@prisma/client/runtime/client.mjs
Code generation for chunk item errored
An error occurred while generating the chunk item [project]/node_modules/@prisma/client/runtime/client.mjs [app-client] (ecmascript) <locals>

Caused by:
- the chunking context (unknown) does not support external modules (request: node:module)

Debug info:
- An error occurred while generating the chunk item [project]/node_modules/@prisma/client/runtime/client.mjs [app-client] (ecmascript) <locals>
- Execution of <EcmascriptModuleLocalsModule as EcmascriptChunkPlaceable>::chunk_item_content failed
- Execution of *EcmascriptChunkItemContent::new failed
- Execution of EcmascriptModuleContent::new failed
- the chunking context (unknown) does not support external modules (request: node:module)

Import trace:
  Client Component Browser:
    ./node_modules/@prisma/client/runtime/client.mjs [Client Component Browser]
    ./app/generated/prisma/internal/prismaNamespace.ts [Client Component Browser]
    ./app/generated/prisma/client.ts [Client Component Browser]
    ./lib/prisma.ts [Client Component Browser]
    ./lib/cleanup.ts [Client Component Browser]
    ./app/(manager)/settings/page.tsx [Client Component Browser]
    ./app/(manager)/settings/page.tsx [Server Component] @ http://localhost:3000/_next/static/chunks/node_modules_next_dist_0u_w_5s._.js:1945
[   15620ms] [ERROR] ./node_modules/@prisma/client/runtime/client.mjs
Code generation for chunk item errored
An error occurred while generating the chunk item [project]/node_modules/@prisma/client/runtime/client.mjs [app-client] (ecmascript) <locals>

Caused by:
- the chunking context (unknown) does not support external modules (request: node:module)

Debug info:
- An error occurred while generating the chunk item [project]/node_modules/@prisma/client/runtime/client.mjs [app-client] (ecmascript) <locals>
- Execution of <EcmascriptModuleLocalsModule as EcmascriptChunkPlaceable>::chunk_item_content failed
- Execution of *EcmascriptChunkItemContent::new failed
- Execution of EcmascriptModuleContent::new failed
- the chunking context (unknown) does not support external modules (request: node:module)

Import trace:
  Client Component Browser:
    ./node_modules/@prisma/client/runtime/client.mjs [Client Component Browser]
    ./app/generated/prisma/internal/prismaNamespace.ts [Client Component Browser]
    ./app/generated/prisma/client.ts [Client Component Browser]
    ./lib/prisma.ts [Client Component Browser]
    ./lib/cleanup.ts [Client Component Browser]
    ./app/(manager)/settings/page.tsx [Client Component Browser]
    ./app/(manager)/settings/page.tsx [Server Component] @ http://localhost:3000/_next/static/chunks/node_modules_next_dist_0u_w_5s._.js:1945
[   15681ms] [ERROR] ./node_modules/@prisma/client/runtime/client.mjs
Code generation for chunk item errored
An error occurred while generating the chunk item [project]/node_modules/@prisma/client/runtime/client.mjs [app-client] (ecmascript) <locals>

Caused by:
- the chunking context (unknown) does not support external modules (request: node:module)

Debug info:
- An error occurred while generating the chunk item [project]/node_modules/@prisma/client/runtime/client.mjs [app-client] (ecmascript) <locals>
- Execution of <EcmascriptModuleLocalsModule as EcmascriptChunkPlaceable>::chunk_item_content failed
- Execution of *EcmascriptChunkItemContent::new failed
- Execution of EcmascriptModuleContent::new failed
- the chunking context (unknown) does not support external modules (request: node:module)

Import trace:
  Client Component Browser:
    ./node_modules/@prisma/client/runtime/client.mjs [Client Component Browser]
    ./app/generated/prisma/internal/prismaNamespace.ts [Client Component Browser]
    ./app/generated/prisma/client.ts [Client Component Browser]
    ./lib/prisma.ts [Client Component Browser]
    ./lib/cleanup.ts [Client Component Browser]
    ./app/(manager)/settings/page.tsx [Client Component Browser]
    ./app/(manager)/settings/page.tsx [Server Component] @ http://localhost:3000/_next/static/chunks/node_modules_next_dist_0u_w_5s._.js:1945
[   15734ms] [ERROR] ./node_modules/@prisma/client/runtime/client.mjs
Code generation for chunk item errored
An error occurred while generating the chunk item [project]/node_modules/@prisma/client/runtime/client.mjs [app-client] (ecmascript) <locals>

Caused by:
- the chunking context (unknown) does not support external modules (request: node:module)

Debug info:
- An error occurred while generating the chunk item [project]/node_modules/@prisma/client/runtime/client.mjs [app-client] (ecmascript) <locals>
- Execution of <EcmascriptModuleLocalsModule as EcmascriptChunkPlaceable>::chunk_item_content failed
- Execution of *EcmascriptChunkItemContent::new failed
- Execution of EcmascriptModuleContent::new failed
- the chunking context (unknown) does not support external modules (request: node:module)

Import trace:
  Client Component Browser:
    ./node_modules/@prisma/client/runtime/client.mjs [Client Component Browser]
    ./app/generated/prisma/internal/prismaNamespace.ts [Client Component Browser]
    ./app/generated/prisma/client.ts [Client Component Browser]
    ./lib/prisma.ts [Client Component Browser]
    ./lib/cleanup.ts [Client Component Browser]
    ./app/(manager)/settings/page.tsx [Client Component Browser]
    ./app/(manager)/settings/page.tsx [Server Component] @ http://localhost:3000/_next/static/chunks/node_modules_next_dist_0u_w_5s._.js:1945
[   15786ms] [ERROR] ./node_modules/@prisma/client/runtime/client.mjs
Code generation for chunk item errored
An error occurred while generating the chunk item [project]/node_modules/@prisma/client/runtime/client.mjs [app-client] (ecmascript) <locals>

Caused by:
- the chunking context (unknown) does not support external modules (request: node:module)

Debug info:
- An error occurred while generating the chunk item [project]/node_modules/@prisma/client/runtime/client.mjs [app-client] (ecmascript) <locals>
- Execution of <EcmascriptModuleLocalsModule as EcmascriptChunkPlaceable>::chunk_item_content failed
- Execution of *EcmascriptChunkItemContent::new failed
- Execution of EcmascriptModuleContent::new failed
- the chunking context (unknown) does not support external modules (request: node:module)

Import trace:
  Client Component Browser:
    ./node_modules/@prisma/client/runtime/client.mjs [Client Component Browser]
    ./app/generated/prisma/internal/prismaNamespace.ts [Client Component Browser]
    ./app/generated/prisma/client.ts [Client Component Browser]
    ./lib/prisma.ts [Client Component Browser]
    ./lib/cleanup.ts [Client Component Browser]
    ./app/(manager)/settings/page.tsx [Client Component Browser]
    ./app/(manager)/settings/page.tsx [Server Component] @ http://localhost:3000/_next/static/chunks/node_modules_next_dist_0u_w_5s._.js:1945
[   15856ms] [ERROR] ./node_modules/@prisma/client/runtime/client.mjs
Code generation for chunk item errored
An error occurred while generating the chunk item [project]/node_modules/@prisma/client/runtime/client.mjs [app-client] (ecmascript) <locals>

Caused by:
- the chunking context (unknown) does not support external modules (request: node:module)

Debug info:
- An error occurred while generating the chunk item [project]/node_modules/@prisma/client/runtime/client.mjs [app-client] (ecmascript) <locals>
- Execution of <EcmascriptModuleLocalsModule as EcmascriptChunkPlaceable>::chunk_item_content failed
- Execution of *EcmascriptChunkItemContent::new failed
- Execution of EcmascriptModuleContent::new failed
- the chunking context (unknown) does not support external modules (request: node:module)

Import trace:
  Client Component Browser:
    ./node_modules/@prisma/client/runtime/client.mjs [Client Component Browser]
    ./app/generated/prisma/internal/prismaNamespace.ts [Client Component Browser]
    ./app/generated/prisma/client.ts [Client Component Browser]
    ./lib/prisma.ts [Client Component Browser]
    ./lib/cleanup.ts [Client Component Browser]
    ./app/(manager)/settings/page.tsx [Client Component Browser]
    ./app/(manager)/settings/page.tsx [Server Component] @ http://localhost:3000/_next/static/chunks/node_modules_next_dist_0u_w_5s._.js:1945
[   15908ms] [ERROR] ./node_modules/@prisma/client/runtime/client.mjs
Code generation for chunk item errored
An error occurred while generating the chunk item [project]/node_modules/@prisma/client/runtime/client.mjs [app-client] (ecmascript) <locals>

Caused by:
- the chunking context (unknown) does not support external modules (request: node:module)

Debug info:
- An error occurred while generating the chunk item [project]/node_modules/@prisma/client/runtime/client.mjs [app-client] (ecmascript) <locals>
- Execution of <EcmascriptModuleLocalsModule as EcmascriptChunkPlaceable>::chunk_item_content failed
- Execution of *EcmascriptChunkItemContent::new failed
- Execution of EcmascriptModuleContent::new failed
- the chunking context (unknown) does not support external modules (request: node:module)

Import trace:
  Client Component Browser:
    ./node_modules/@prisma/client/runtime/client.mjs [Client Component Browser]
    ./app/generated/prisma/internal/prismaNamespace.ts [Client Component Browser]
    ./app/generated/prisma/client.ts [Client Component Browser]
    ./lib/prisma.ts [Client Component Browser]
    ./lib/cleanup.ts [Client Component Browser]
    ./app/(manager)/settings/page.tsx [Client Component Browser]
    ./app/(manager)/settings/page.tsx [Server Component] @ http://localhost:3000/_next/static/chunks/node_modules_next_dist_0u_w_5s._.js:1945
[   15959ms] [ERROR] ./node_modules/@prisma/client/runtime/client.mjs
Code generation for chunk item errored
An error occurred while generating the chunk item [project]/node_modules/@prisma/client/runtime/client.mjs [app-client] (ecmascript) <locals>

Caused by:
- the chunking context (unknown) does not support external modules (request: node:module)

Debug info:
- An error occurred while generating the chunk item [project]/node_modules/@prisma/client/runtime/client.mjs [app-client] (ecmascript) <locals>
- Execution of <EcmascriptModuleLocalsModule as EcmascriptChunkPlaceable>::chunk_item_content failed
- Execution of *EcmascriptChunkItemContent::new failed
- Execution of EcmascriptModuleContent::new failed
- the chunking context (unknown) does not support external modules (request: node:module)

Import trace:
  Client Component Browser:
    ./node_modules/@prisma/client/runtime/client.mjs [Client Component Browser]
    ./app/generated/prisma/internal/prismaNamespace.ts [Client Component Browser]
    ./app/generated/prisma/client.ts [Client Component Browser]
    ./lib/prisma.ts [Client Component Browser]
    ./lib/cleanup.ts [Client Component Browser]
    ./app/(manager)/settings/page.tsx [Client Component Browser]
    ./app/(manager)/settings/page.tsx [Server Component] @ http://localhost:3000/_next/static/chunks/node_modules_next_dist_0u_w_5s._.js:1945
[   16011ms] [ERROR] ./node_modules/@prisma/client/runtime/client.mjs
Code generation for chunk item errored
An error occurred while generating the chunk item [project]/node_modules/@prisma/client/runtime/client.mjs [app-client] (ecmascript) <locals>

Caused by:
- the chunking context (unknown) does not support external modules (request: node:module)

Debug info:
- An error occurred while generating the chunk item [project]/node_modules/@prisma/client/runtime/client.mjs [app-client] (ecmascript) <locals>
- Execution of <EcmascriptModuleLocalsModule as EcmascriptChunkPlaceable>::chunk_item_content failed
- Execution of *EcmascriptChunkItemContent::new failed
- Execution of EcmascriptModuleContent::new failed
- the chunking context (unknown) does not support external modules (request: node:module)

Import trace:
  Client Component Browser:
    ./node_modules/@prisma/client/runtime/client.mjs [Client Component Browser]
    ./app/generated/prisma/internal/prismaNamespace.ts [Client Component Browser]
    ./app/generated/prisma/client.ts [Client Component Browser]
    ./lib/prisma.ts [Client Component Browser]
    ./lib/cleanup.ts [Client Component Browser]
    ./app/(manager)/settings/page.tsx [Client Component Browser]
    ./app/(manager)/settings/page.tsx [Server Component] @ http://localhost:3000/_next/static/chunks/node_modules_next_dist_0u_w_5s._.js:1945
[   16062ms] [ERROR] ./node_modules/@prisma/client/runtime/client.mjs
Code generation for chunk item errored
An error occurred while generating the chunk item [project]/node_modules/@prisma/client/runtime/client.mjs [app-client] (ecmascript) <locals>

Caused by:
- the chunking context (unknown) does not support external modules (request: node:module)

Debug info:
- An error occurred while generating the chunk item [project]/node_modules/@prisma/client/runtime/client.mjs [app-client] (ecmascript) <locals>
- Execution of <EcmascriptModuleLocalsModule as EcmascriptChunkPlaceable>::chunk_item_content failed
- Execution of *EcmascriptChunkItemContent::new failed
- Execution of EcmascriptModuleContent::new failed
- the chunking context (unknown) does not support external modules (request: node:module)

Import trace:
  Client Component Browser:
    ./node_modules/@prisma/client/runtime/client.mjs [Client Component Browser]
    ./app/generated/prisma/internal/prismaNamespace.ts [Client Component Browser]
    ./app/generated/prisma/client.ts [Client Component Browser]
    ./lib/prisma.ts [Client Component Browser]
    ./lib/cleanup.ts [Client Component Browser]
    ./app/(manager)/settings/page.tsx [Client Component Browser]
    ./app/(manager)/settings/page.tsx [Server Component] @ http://localhost:3000/_next/static/chunks/node_modules_next_dist_0u_w_5s._.js:1945
[   16113ms] [ERROR] ./node_modules/@prisma/client/runtime/client.mjs
Code generation for chunk item errored
An error occurred while generating the chunk item [project]/node_modules/@prisma/client/runtime/client.mjs [app-client] (ecmascript) <locals>

Caused by:
- the chunking context (unknown) does not support external modules (request: node:module)

Debug info:
- An error occurred while generating the chunk item [project]/node_modules/@prisma/client/runtime/client.mjs [app-client] (ecmascript) <locals>
- Execution of <EcmascriptModuleLocalsModule as EcmascriptChunkPlaceable>::chunk_item_content failed
- Execution of *EcmascriptChunkItemContent::new failed
- Execution of EcmascriptModuleContent::new failed
- the chunking context (unknown) does not support external modules (request: node:module)

Import trace:
  Client Component Browser:
    ./node_modules/@prisma/client/runtime/client.mjs [Client Component Browser]
    ./app/generated/prisma/internal/prismaNamespace.ts [Client Component Browser]
    ./app/generated/prisma/client.ts [Client Component Browser]
    ./lib/prisma.ts [Client Component Browser]
    ./lib/cleanup.ts [Client Component Browser]
    ./app/(manager)/settings/page.tsx [Client Component Browser]
    ./app/(manager)/settings/page.tsx [Server Component] @ http://localhost:3000/_next/static/chunks/node_modules_next_dist_0u_w_5s._.js:1945
[   16165ms] [ERROR] ./node_modules/@prisma/client/runtime/client.mjs
Code generation for chunk item errored
An error occurred while generating the chunk item [project]/node_modules/@prisma/client/runtime/client.mjs [app-client] (ecmascript) <locals>

Caused by:
- the chunking context (unknown) does not support external modules (request: node:module)

Debug info:
- An error occurred while generating the chunk item [project]/node_modules/@prisma/client/runtime/client.mjs [app-client] (ecmascript) <locals>
- Execution of <EcmascriptModuleLocalsModule as EcmascriptChunkPlaceable>::chunk_item_content failed
- Execution of *EcmascriptChunkItemContent::new failed
- Execution of EcmascriptModuleContent::new failed
- the chunking context (unknown) does not support external modules (request: node:module)

Import trace:
  Client Component Browser:
    ./node_modules/@prisma/client/runtime/client.mjs [Client Component Browser]
    ./app/generated/prisma/internal/prismaNamespace.ts [Client Component Browser]
    ./app/generated/prisma/client.ts [Client Component Browser]
    ./lib/prisma.ts [Client Component Browser]
    ./lib/cleanup.ts [Client Component Browser]
    ./app/(manager)/settings/page.tsx [Client Component Browser]
    ./app/(manager)/settings/page.tsx [Server Component] @ http://localhost:3000/_next/static/chunks/node_modules_next_dist_0u_w_5s._.js:1945
[   16218ms] [ERROR] ./node_modules/@prisma/client/runtime/client.mjs
Code generation for chunk item errored
An error occurred while generating the chunk item [project]/node_modules/@prisma/client/runtime/client.mjs [app-client] (ecmascript) <locals>

Caused by:
- the chunking context (unknown) does not support external modules (request: node:module)

Debug info:
- An error occurred while generating the chunk item [project]/node_modules/@prisma/client/runtime/client.mjs [app-client] (ecmascript) <locals>
- Execution of <EcmascriptModuleLocalsModule as EcmascriptChunkPlaceable>::chunk_item_content failed
- Execution of *EcmascriptChunkItemContent::new failed
- Execution of EcmascriptModuleContent::new failed
- the chunking context (unknown) does not support external modules (request: node:module)

Import trace:
  Client Component Browser:
    ./node_modules/@prisma/client/runtime/client.mjs [Client Component Browser]
    ./app/generated/prisma/internal/prismaNamespace.ts [Client Component Browser]
    ./app/generated/prisma/client.ts [Client Component Browser]
    ./lib/prisma.ts [Client Component Browser]
    ./lib/cleanup.ts [Client Component Browser]
    ./app/(manager)/settings/page.tsx [Client Component Browser]
    ./app/(manager)/settings/page.tsx [Server Component] @ http://localhost:3000/_next/static/chunks/node_modules_next_dist_0u_w_5s._.js:1945
[   16271ms] [ERROR] ./node_modules/@prisma/client/runtime/client.mjs
Code generation for chunk item errored
An error occurred while generating the chunk item [project]/node_modules/@prisma/client/runtime/client.mjs [app-client] (ecmascript) <locals>

Caused by:
- the chunking context (unknown) does not support external modules (request: node:module)

Debug info:
- An error occurred while generating the chunk item [project]/node_modules/@prisma/client/runtime/client.mjs [app-client] (ecmascript) <locals>
- Execution of <EcmascriptModuleLocalsModule as EcmascriptChunkPlaceable>::chunk_item_content failed
- Execution of *EcmascriptChunkItemContent::new failed
- Execution of EcmascriptModuleContent::new failed
- the chunking context (unknown) does not support external modules (request: node:module)

Import trace:
  Client Component Browser:
    ./node_modules/@prisma/client/runtime/client.mjs [Client Component Browser]
    ./app/generated/prisma/internal/prismaNamespace.ts [Client Component Browser]
    ./app/generated/prisma/client.ts [Client Component Browser]
    ./lib/prisma.ts [Client Component Browser]
    ./lib/cleanup.ts [Client Component Browser]
    ./app/(manager)/settings/page.tsx [Client Component Browser]
    ./app/(manager)/settings/page.tsx [Server Component] @ http://localhost:3000/_next/static/chunks/node_modules_next_dist_0u_w_5s._.js:1945
[   16322ms] [ERROR] ./node_modules/@prisma/client/runtime/client.mjs
Code generation for chunk item errored
An error occurred while generating the chunk item [project]/node_modules/@prisma/client/runtime/client.mjs [app-client] (ecmascript) <locals>

Caused by:
- the chunking context (unknown) does not support external modules (request: node:module)

Debug info:
- An error occurred while generating the chunk item [project]/node_modules/@prisma/client/runtime/client.mjs [app-client] (ecmascript) <locals>
- Execution of <EcmascriptModuleLocalsModule as EcmascriptChunkPlaceable>::chunk_item_content failed
- Execution of *EcmascriptChunkItemContent::new failed
- Execution of EcmascriptModuleContent::new failed
- the chunking context (unknown) does not support external modules (request: node:module)

Import trace:
  Client Component Browser:
    ./node_modules/@prisma/client/runtime/client.mjs [Client Component Browser]
    ./app/generated/prisma/internal/prismaNamespace.ts [Client Component Browser]
    ./app/generated/prisma/client.ts [Client Component Browser]
    ./lib/prisma.ts [Client Component Browser]
    ./lib/cleanup.ts [Client Component Browser]
    ./app/(manager)/settings/page.tsx [Client Component Browser]
    ./app/(manager)/settings/page.tsx [Server Component] @ http://localhost:3000/_next/static/chunks/node_modules_next_dist_0u_w_5s._.js:1945
[   16374ms] [ERROR] ./node_modules/@prisma/client/runtime/client.mjs
Code generation for chunk item errored
An error occurred while generating the chunk item [project]/node_modules/@prisma/client/runtime/client.mjs [app-client] (ecmascript) <locals>

Caused by:
- the chunking context (unknown) does not support external modules (request: node:module)

Debug info:
- An error occurred while generating the chunk item [project]/node_modules/@prisma/client/runtime/client.mjs [app-client] (ecmascript) <locals>
- Execution of <EcmascriptModuleLocalsModule as EcmascriptChunkPlaceable>::chunk_item_content failed
- Execution of *EcmascriptChunkItemContent::new failed
- Execution of EcmascriptModuleContent::new failed
- the chunking context (unknown) does not support external modules (request: node:module)

Import trace:
  Client Component Browser:
    ./node_modules/@prisma/client/runtime/client.mjs [Client Component Browser]
    ./app/generated/prisma/internal/prismaNamespace.ts [Client Component Browser]
    ./app/generated/prisma/client.ts [Client Component Browser]
    ./lib/prisma.ts [Client Component Browser]
    ./lib/cleanup.ts [Client Component Browser]
    ./app/(manager)/settings/page.tsx [Client Component Browser]
    ./app/(manager)/settings/page.tsx [Server Component] @ http://localhost:3000/_next/static/chunks/node_modules_next_dist_0u_w_5s._.js:1945
[   16430ms] [ERROR] ./node_modules/@prisma/client/runtime/client.mjs
Code generation for chunk item errored
An error occurred while generating the chunk item [project]/node_modules/@prisma/client/runtime/client.mjs [app-client] (ecmascript) <locals>

Caused by:
- the chunking context (unknown) does not support external modules (request: node:module)

Debug info:
- An error occurred while generating the chunk item [project]/node_modules/@prisma/client/runtime/client.mjs [app-client] (ecmascript) <locals>
- Execution of <EcmascriptModuleLocalsModule as EcmascriptChunkPlaceable>::chunk_item_content failed
- Execution of *EcmascriptChunkItemContent::new failed
- Execution of EcmascriptModuleContent::new failed
- the chunking context (unknown) does not support external modules (request: node:module)

Import trace:
  Client Component Browser:
    ./node_modules/@prisma/client/runtime/client.mjs [Client Component Browser]
    ./app/generated/prisma/internal/prismaNamespace.ts [Client Component Browser]
    ./app/generated/prisma/client.ts [Client Component Browser]
    ./lib/prisma.ts [Client Component Browser]
    ./lib/cleanup.ts [Client Component Browser]
    ./app/(manager)/settings/page.tsx [Client Component Browser]
    ./app/(manager)/settings/page.tsx [Server Component] @ http://localhost:3000/_next/static/chunks/node_modules_next_dist_0u_w_5s._.js:1945
[   16485ms] [ERROR] ./node_modules/@prisma/client/runtime/client.mjs
Code generation for chunk item errored
An error occurred while generating the chunk item [project]/node_modules/@prisma/client/runtime/client.mjs [app-client] (ecmascript) <locals>

Caused by:
- the chunking context (unknown) does not support external modules (request: node:module)

Debug info:
- An error occurred while generating the chunk item [project]/node_modules/@prisma/client/runtime/client.mjs [app-client] (ecmascript) <locals>
- Execution of <EcmascriptModuleLocalsModule as EcmascriptChunkPlaceable>::chunk_item_content failed
- Execution of *EcmascriptChunkItemContent::new failed
- Execution of EcmascriptModuleContent::new failed
- the chunking context (unknown) does not support external modules (request: node:module)

Import trace:
  Client Component Browser:
    ./node_modules/@prisma/client/runtime/client.mjs [Client Component Browser]
    ./app/generated/prisma/internal/prismaNamespace.ts [Client Component Browser]
    ./app/generated/prisma/client.ts [Client Component Browser]
    ./lib/prisma.ts [Client Component Browser]
    ./lib/cleanup.ts [Client Component Browser]
    ./app/(manager)/settings/page.tsx [Client Component Browser]
    ./app/(manager)/settings/page.tsx [Server Component] @ http://localhost:3000/_next/static/chunks/node_modules_next_dist_0u_w_5s._.js:1945
[   16540ms] [ERROR] ./node_modules/@prisma/client/runtime/client.mjs
Code generation for chunk item errored
An error occurred while generating the chunk item [project]/node_modules/@prisma/client/runtime/client.mjs [app-client] (ecmascript) <locals>

Caused by:
- the chunking context (unknown) does not support external modules (request: node:module)

Debug info:
- An error occurred while generating the chunk item [project]/node_modules/@prisma/client/runtime/client.mjs [app-client] (ecmascript) <locals>
- Execution of <EcmascriptModuleLocalsModule as EcmascriptChunkPlaceable>::chunk_item_content failed
- Execution of *EcmascriptChunkItemContent::new failed
- Execution of EcmascriptModuleContent::new failed
- the chunking context (unknown) does not support external modules (request: node:module)

Import trace:
  Client Component Browser:
    ./node_modules/@prisma/client/runtime/client.mjs [Client Component Browser]
    ./app/generated/prisma/internal/prismaNamespace.ts [Client Component Browser]
    ./app/generated/prisma/client.ts [Client Component Browser]
    ./lib/prisma.ts [Client Component Browser]
    ./lib/cleanup.ts [Client Component Browser]
    ./app/(manager)/settings/page.tsx [Client Component Browser]
    ./app/(manager)/settings/page.tsx [Server Component] @ http://localhost:3000/_next/static/chunks/node_modules_next_dist_0u_w_5s._.js:1945
[   16600ms] [ERROR] ./node_modules/@prisma/client/runtime/client.mjs
Code generation for chunk item errored
An error occurred while generating the chunk item [project]/node_modules/@prisma/client/runtime/client.mjs [app-client] (ecmascript) <locals>

Caused by:
- the chunking context (unknown) does not support external modules (request: node:module)

Debug info:
- An error occurred while generating the chunk item [project]/node_modules/@prisma/client/runtime/client.mjs [app-client] (ecmascript) <locals>
- Execution of <EcmascriptModuleLocalsModule as EcmascriptChunkPlaceable>::chunk_item_content failed
- Execution of *EcmascriptChunkItemContent::new failed
- Execution of EcmascriptModuleContent::new failed
- the chunking context (unknown) does not support external modules (request: node:module)

Import trace:
  Client Component Browser:
    ./node_modules/@prisma/client/runtime/client.mjs [Client Component Browser]
    ./app/generated/prisma/internal/prismaNamespace.ts [Client Component Browser]
    ./app/generated/prisma/client.ts [Client Component Browser]
    ./lib/prisma.ts [Client Component Browser]
    ./lib/cleanup.ts [Client Component Browser]
    ./app/(manager)/settings/page.tsx [Client Component Browser]
    ./app/(manager)/settings/page.tsx [Server Component] @ http://localhost:3000/_next/static/chunks/node_modules_next_dist_0u_w_5s._.js:1945
[   16660ms] [ERROR] ./node_modules/@prisma/client/runtime/client.mjs
Code generation for chunk item errored
An error occurred while generating the chunk item [project]/node_modules/@prisma/client/runtime/client.mjs [app-client] (ecmascript) <locals>

Caused by:
- the chunking context (unknown) does not support external modules (request: node:module)

Debug info:
- An error occurred while generating the chunk item [project]/node_modules/@prisma/client/runtime/client.mjs [app-client] (ecmascript) <locals>
- Execution of <EcmascriptModuleLocalsModule as EcmascriptChunkPlaceable>::chunk_item_content failed
- Execution of *EcmascriptChunkItemContent::new failed
- Execution of EcmascriptModuleContent::new failed
- the chunking context (unknown) does not support external modules (request: node:module)

Import trace:
  Client Component Browser:
    ./node_modules/@prisma/client/runtime/client.mjs [Client Component Browser]
    ./app/generated/prisma/internal/prismaNamespace.ts [Client Component Browser]
    ./app/generated/prisma/client.ts [Client Component Browser]
    ./lib/prisma.ts [Client Component Browser]
    ./lib/cleanup.ts [Client Component Browser]
    ./app/(manager)/settings/page.tsx [Client Component Browser]
    ./app/(manager)/settings/page.tsx [Server Component] @ http://localhost:3000/_next/static/chunks/node_modules_next_dist_0u_w_5s._.js:1945
[   16711ms] [ERROR] ./node_modules/@prisma/client/runtime/client.mjs
Code generation for chunk item errored
An error occurred while generating the chunk item [project]/node_modules/@prisma/client/runtime/client.mjs [app-client] (ecmascript) <locals>

Caused by:
- the chunking context (unknown) does not support external modules (request: node:module)

Debug info:
- An error occurred while generating the chunk item [project]/node_modules/@prisma/client/runtime/client.mjs [app-client] (ecmascript) <locals>
- Execution of <EcmascriptModuleLocalsModule as EcmascriptChunkPlaceable>::chunk_item_content failed
- Execution of *EcmascriptChunkItemContent::new failed
- Execution of EcmascriptModuleContent::new failed
- the chunking context (unknown) does not support external modules (request: node:module)

Import trace:
  Client Component Browser:
    ./node_modules/@prisma/client/runtime/client.mjs [Client Component Browser]
    ./app/generated/prisma/internal/prismaNamespace.ts [Client Component Browser]
    ./app/generated/prisma/client.ts [Client Component Browser]
    ./lib/prisma.ts [Client Component Browser]
    ./lib/cleanup.ts [Client Component Browser]
    ./app/(manager)/settings/page.tsx [Client Component Browser]
    ./app/(manager)/settings/page.tsx [Server Component] @ http://localhost:3000/_next/static/chunks/node_modules_next_dist_0u_w_5s._.js:1945
[   16762ms] [ERROR] ./node_modules/@prisma/client/runtime/client.mjs
Code generation for chunk item errored
An error occurred while generating the chunk item [project]/node_modules/@prisma/client/runtime/client.mjs [app-client] (ecmascript) <locals>

Caused by:
- the chunking context (unknown) does not support external modules (request: node:module)

Debug info:
- An error occurred while generating the chunk item [project]/node_modules/@prisma/client/runtime/client.mjs [app-client] (ecmascript) <locals>
- Execution of <EcmascriptModuleLocalsModule as EcmascriptChunkPlaceable>::chunk_item_content failed
- Execution of *EcmascriptChunkItemContent::new failed
- Execution of EcmascriptModuleContent::new failed
- the chunking context (unknown) does not support external modules (request: node:module)

Import trace:
  Client Component Browser:
    ./node_modules/@prisma/client/runtime/client.mjs [Client Component Browser]
    ./app/generated/prisma/internal/prismaNamespace.ts [Client Component Browser]
    ./app/generated/prisma/client.ts [Client Component Browser]
    ./lib/prisma.ts [Client Component Browser]
    ./lib/cleanup.ts [Client Component Browser]
    ./app/(manager)/settings/page.tsx [Client Component Browser]
    ./app/(manager)/settings/page.tsx [Server Component] @ http://localhost:3000/_next/static/chunks/node_modules_next_dist_0u_w_5s._.js:1945
[   16819ms] [ERROR] ./node_modules/@prisma/client/runtime/client.mjs
Code generation for chunk item errored
An error occurred while generating the chunk item [project]/node_modules/@prisma/client/runtime/client.mjs [app-client] (ecmascript) <locals>

Caused by:
- the chunking context (unknown) does not support external modules (request: node:module)

Debug info:
- An error occurred while generating the chunk item [project]/node_modules/@prisma/client/runtime/client.mjs [app-client] (ecmascript) <locals>
- Execution of <EcmascriptModuleLocalsModule as EcmascriptChunkPlaceable>::chunk_item_content failed
- Execution of *EcmascriptChunkItemContent::new failed
- Execution of EcmascriptModuleContent::new failed
- the chunking context (unknown) does not support external modules (request: node:module)

Import trace:
  Client Component Browser:
    ./node_modules/@prisma/client/runtime/client.mjs [Client Component Browser]
    ./app/generated/prisma/internal/prismaNamespace.ts [Client Component Browser]
    ./app/generated/prisma/client.ts [Client Component Browser]
    ./lib/prisma.ts [Client Component Browser]
    ./lib/cleanup.ts [Client Component Browser]
    ./app/(manager)/settings/page.tsx [Client Component Browser]
    ./app/(manager)/settings/page.tsx [Server Component] @ http://localhost:3000/_next/static/chunks/node_modules_next_dist_0u_w_5s._.js:1945
[   16879ms] [ERROR] ./node_modules/@prisma/client/runtime/client.mjs
Code generation for chunk item errored
An error occurred while generating the chunk item [project]/node_modules/@prisma/client/runtime/client.mjs [app-client] (ecmascript) <locals>

Caused by:
- the chunking context (unknown) does not support external modules (request: node:module)

Debug info:
- An error occurred while generating the chunk item [project]/node_modules/@prisma/client/runtime/client.mjs [app-client] (ecmascript) <locals>
- Execution of <EcmascriptModuleLocalsModule as EcmascriptChunkPlaceable>::chunk_item_content failed
- Execution of *EcmascriptChunkItemContent::new failed
- Execution of EcmascriptModuleContent::new failed
- the chunking context (unknown) does not support external modules (request: node:module)

Import trace:
  Client Component Browser:
    ./node_modules/@prisma/client/runtime/client.mjs [Client Component Browser]
    ./app/generated/prisma/internal/prismaNamespace.ts [Client Component Browser]
    ./app/generated/prisma/client.ts [Client Component Browser]
    ./lib/prisma.ts [Client Component Browser]
    ./lib/cleanup.ts [Client Component Browser]
    ./app/(manager)/settings/page.tsx [Client Component Browser]
    ./app/(manager)/settings/page.tsx [Server Component] @ http://localhost:3000/_next/static/chunks/node_modules_next_dist_0u_w_5s._.js:1945
[   16932ms] [ERROR] ./node_modules/@prisma/client/runtime/client.mjs
Code generation for chunk item errored
An error occurred while generating the chunk item [project]/node_modules/@prisma/client/runtime/client.mjs [app-client] (ecmascript) <locals>

Caused by:
- the chunking context (unknown) does not support external modules (request: node:module)

Debug info:
- An error occurred while generating the chunk item [project]/node_modules/@prisma/client/runtime/client.mjs [app-client] (ecmascript) <locals>
- Execution of <EcmascriptModuleLocalsModule as EcmascriptChunkPlaceable>::chunk_item_content failed
- Execution of *EcmascriptChunkItemContent::new failed
- Execution of EcmascriptModuleContent::new failed
- the chunking context (unknown) does not support external modules (request: node:module)

Import trace:
  Client Component Browser:
    ./node_modules/@prisma/client/runtime/client.mjs [Client Component Browser]
    ./app/generated/prisma/internal/prismaNamespace.ts [Client Component Browser]
    ./app/generated/prisma/client.ts [Client Component Browser]
    ./lib/prisma.ts [Client Component Browser]
    ./lib/cleanup.ts [Client Component Browser]
    ./app/(manager)/settings/page.tsx [Client Component Browser]
    ./app/(manager)/settings/page.tsx [Server Component] @ http://localhost:3000/_next/static/chunks/node_modules_next_dist_0u_w_5s._.js:1945
[   16985ms] [ERROR] ./node_modules/@prisma/client/runtime/client.mjs
Code generation for chunk item errored
An error occurred while generating the chunk item [project]/node_modules/@prisma/client/runtime/client.mjs [app-client] (ecmascript) <locals>

Caused by:
- the chunking context (unknown) does not support external modules (request: node:module)

Debug info:
- An error occurred while generating the chunk item [project]/node_modules/@prisma/client/runtime/client.mjs [app-client] (ecmascript) <locals>
- Execution of <EcmascriptModuleLocalsModule as EcmascriptChunkPlaceable>::chunk_item_content failed
- Execution of *EcmascriptChunkItemContent::new failed
- Execution of EcmascriptModuleContent::new failed
- the chunking context (unknown) does not support external modules (request: node:module)

Import trace:
  Client Component Browser:
    ./node_modules/@prisma/client/runtime/client.mjs [Client Component Browser]
    ./app/generated/prisma/internal/prismaNamespace.ts [Client Component Browser]
    ./app/generated/prisma/client.ts [Client Component Browser]
    ./lib/prisma.ts [Client Component Browser]
    ./lib/cleanup.ts [Client Component Browser]
    ./app/(manager)/settings/page.tsx [Client Component Browser]
    ./app/(manager)/settings/page.tsx [Server Component] @ http://localhost:3000/_next/static/chunks/node_modules_next_dist_0u_w_5s._.js:1945
[   17043ms] [ERROR] ./node_modules/@prisma/client/runtime/client.mjs
Code generation for chunk item errored
An error occurred while generating the chunk item [project]/node_modules/@prisma/client/runtime/client.mjs [app-client] (ecmascript) <locals>

Caused by:
- the chunking context (unknown) does not support external modules (request: node:module)

Debug info:
- An error occurred while generating the chunk item [project]/node_modules/@prisma/client/runtime/client.mjs [app-client] (ecmascript) <locals>
- Execution of <EcmascriptModuleLocalsModule as EcmascriptChunkPlaceable>::chunk_item_content failed
- Execution of *EcmascriptChunkItemContent::new failed
- Execution of EcmascriptModuleContent::new failed
- the chunking context (unknown) does not support external modules (request: node:module)

Import trace:
  Client Component Browser:
    ./node_modules/@prisma/client/runtime/client.mjs [Client Component Browser]
    ./app/generated/prisma/internal/prismaNamespace.ts [Client Component Browser]
    ./app/generated/prisma/client.ts [Client Component Browser]
    ./lib/prisma.ts [Client Component Browser]
    ./lib/cleanup.ts [Client Component Browser]
    ./app/(manager)/settings/page.tsx [Client Component Browser]
    ./app/(manager)/settings/page.tsx [Server Component] @ http://localhost:3000/_next/static/chunks/node_modules_next_dist_0u_w_5s._.js:1945
[   17099ms] [ERROR] ./node_modules/@prisma/client/runtime/client.mjs
Code generation for chunk item errored
An error occurred while generating the chunk item [project]/node_modules/@prisma/client/runtime/client.mjs [app-client] (ecmascript) <locals>

Caused by:
- the chunking context (unknown) does not support external modules (request: node:module)

Debug info:
- An error occurred while generating the chunk item [project]/node_modules/@prisma/client/runtime/client.mjs [app-client] (ecmascript) <locals>
- Execution of <EcmascriptModuleLocalsModule as EcmascriptChunkPlaceable>::chunk_item_content failed
- Execution of *EcmascriptChunkItemContent::new failed
- Execution of EcmascriptModuleContent::new failed
- the chunking context (unknown) does not support external modules (request: node:module)

Import trace:
  Client Component Browser:
    ./node_modules/@prisma/client/runtime/client.mjs [Client Component Browser]
    ./app/generated/prisma/internal/prismaNamespace.ts [Client Component Browser]
    ./app/generated/prisma/client.ts [Client Component Browser]
    ./lib/prisma.ts [Client Component Browser]
    ./lib/cleanup.ts [Client Component Browser]
    ./app/(manager)/settings/page.tsx [Client Component Browser]
    ./app/(manager)/settings/page.tsx [Server Component] @ http://localhost:3000/_next/static/chunks/node_modules_next_dist_0u_w_5s._.js:1945
[   17155ms] [ERROR] ./node_modules/@prisma/client/runtime/client.mjs
Code generation for chunk item errored
An error occurred while generating the chunk item [project]/node_modules/@prisma/client/runtime/client.mjs [app-client] (ecmascript) <locals>

Caused by:
- the chunking context (unknown) does not support external modules (request: node:module)

Debug info:
- An error occurred while generating the chunk item [project]/node_modules/@prisma/client/runtime/client.mjs [app-client] (ecmascript) <locals>
- Execution of <EcmascriptModuleLocalsModule as EcmascriptChunkPlaceable>::chunk_item_content failed
- Execution of *EcmascriptChunkItemContent::new failed
- Execution of EcmascriptModuleContent::new failed
- the chunking context (unknown) does not support external modules (request: node:module)

Import trace:
  Client Component Browser:
    ./node_modules/@prisma/client/runtime/client.mjs [Client Component Browser]
    ./app/generated/prisma/internal/prismaNamespace.ts [Client Component Browser]
    ./app/generated/prisma/client.ts [Client Component Browser]
    ./lib/prisma.ts [Client Component Browser]
    ./lib/cleanup.ts [Client Component Browser]
    ./app/(manager)/settings/page.tsx [Client Component Browser]
    ./app/(manager)/settings/page.tsx [Server Component] @ http://localhost:3000/_next/static/chunks/node_modules_next_dist_0u_w_5s._.js:1945
[   17210ms] [ERROR] ./node_modules/@prisma/client/runtime/client.mjs
Code generation for chunk item errored
An error occurred while generating the chunk item [project]/node_modules/@prisma/client/runtime/client.mjs [app-client] (ecmascript) <locals>

Caused by:
- the chunking context (unknown) does not support external modules (request: node:module)

Debug info:
- An error occurred while generating the chunk item [project]/node_modules/@prisma/client/runtime/client.mjs [app-client] (ecmascript) <locals>
- Execution of <EcmascriptModuleLocalsModule as EcmascriptChunkPlaceable>::chunk_item_content failed
- Execution of *EcmascriptChunkItemContent::new failed
- Execution of EcmascriptModuleContent::new failed
- the chunking context (unknown) does not support external modules (request: node:module)

Import trace:
  Client Component Browser:
    ./node_modules/@prisma/client/runtime/client.mjs [Client Component Browser]
    ./app/generated/prisma/internal/prismaNamespace.ts [Client Component Browser]
    ./app/generated/prisma/client.ts [Client Component Browser]
    ./lib/prisma.ts [Client Component Browser]
    ./lib/cleanup.ts [Client Component Browser]
    ./app/(manager)/settings/page.tsx [Client Component Browser]
    ./app/(manager)/settings/page.tsx [Server Component] @ http://localhost:3000/_next/static/chunks/node_modules_next_dist_0u_w_5s._.js:1945
[   17262ms] [ERROR] ./node_modules/@prisma/client/runtime/client.mjs
Code generation for chunk item errored
An error occurred while generating the chunk item [project]/node_modules/@prisma/client/runtime/client.mjs [app-client] (ecmascript) <locals>

Caused by:
- the chunking context (unknown) does not support external modules (request: node:module)

Debug info:
- An error occurred while generating the chunk item [project]/node_modules/@prisma/client/runtime/client.mjs [app-client] (ecmascript) <locals>
- Execution of <EcmascriptModuleLocalsModule as EcmascriptChunkPlaceable>::chunk_item_content failed
- Execution of *EcmascriptChunkItemContent::new failed
- Execution of EcmascriptModuleContent::new failed
- the chunking context (unknown) does not support external modules (request: node:module)

Import trace:
  Client Component Browser:
    ./node_modules/@prisma/client/runtime/client.mjs [Client Component Browser]
    ./app/generated/prisma/internal/prismaNamespace.ts [Client Component Browser]
    ./app/generated/prisma/client.ts [Client Component Browser]
    ./lib/prisma.ts [Client Component Browser]
    ./lib/cleanup.ts [Client Component Browser]
    ./app/(manager)/settings/page.tsx [Client Component Browser]
    ./app/(manager)/settings/page.tsx [Server Component] @ http://localhost:3000/_next/static/chunks/node_modules_next_dist_0u_w_5s._.js:1945
[   17321ms] [ERROR] ./node_modules/@prisma/client/runtime/client.mjs
Code generation for chunk item errored
An error occurred while generating the chunk item [project]/node_modules/@prisma/client/runtime/client.mjs [app-client] (ecmascript) <locals>

Caused by:
- the chunking context (unknown) does not support external modules (request: node:module)

Debug info:
- An error occurred while generating the chunk item [project]/node_modules/@prisma/client/runtime/client.mjs [app-client] (ecmascript) <locals>
- Execution of <EcmascriptModuleLocalsModule as EcmascriptChunkPlaceable>::chunk_item_content failed
- Execution of *EcmascriptChunkItemContent::new failed
- Execution of EcmascriptModuleContent::new failed
- the chunking context (unknown) does not support external modules (request: node:module)

Import trace:
  Client Component Browser:
    ./node_modules/@prisma/client/runtime/client.mjs [Client Component Browser]
    ./app/generated/prisma/internal/prismaNamespace.ts [Client Component Browser]
    ./app/generated/prisma/client.ts [Client Component Browser]
    ./lib/prisma.ts [Client Component Browser]
    ./lib/cleanup.ts [Client Component Browser]
    ./app/(manager)/settings/page.tsx [Client Component Browser]
    ./app/(manager)/settings/page.tsx [Server Component] @ http://localhost:3000/_next/static/chunks/node_modules_next_dist_0u_w_5s._.js:1945
[   17375ms] [ERROR] ./node_modules/@prisma/client/runtime/client.mjs
Code generation for chunk item errored
An error occurred while generating the chunk item [project]/node_modules/@prisma/client/runtime/client.mjs [app-client] (ecmascript) <locals>

Caused by:
- the chunking context (unknown) does not support external modules (request: node:module)

Debug info:
- An error occurred while generating the chunk item [project]/node_modules/@prisma/client/runtime/client.mjs [app-client] (ecmascript) <locals>
- Execution of <EcmascriptModuleLocalsModule as EcmascriptChunkPlaceable>::chunk_item_content failed
- Execution of *EcmascriptChunkItemContent::new failed
- Execution of EcmascriptModuleContent::new failed
- the chunking context (unknown) does not support external modules (request: node:module)

Import trace:
  Client Component Browser:
    ./node_modules/@prisma/client/runtime/client.mjs [Client Component Browser]
    ./app/generated/prisma/internal/prismaNamespace.ts [Client Component Browser]
    ./app/generated/prisma/client.ts [Client Component Browser]
    ./lib/prisma.ts [Client Component Browser]
    ./lib/cleanup.ts [Client Component Browser]
    ./app/(manager)/settings/page.tsx [Client Component Browser]
    ./app/(manager)/settings/page.tsx [Server Component] @ http://localhost:3000/_next/static/chunks/node_modules_next_dist_0u_w_5s._.js:1945
[   17429ms] [ERROR] ./node_modules/@prisma/client/runtime/client.mjs
Code generation for chunk item errored
An error occurred while generating the chunk item [project]/node_modules/@prisma/client/runtime/client.mjs [app-client] (ecmascript) <locals>

Caused by:
- the chunking context (unknown) does not support external modules (request: node:module)

Debug info:
- An error occurred while generating the chunk item [project]/node_modules/@prisma/client/runtime/client.mjs [app-client] (ecmascript) <locals>
- Execution of <EcmascriptModuleLocalsModule as EcmascriptChunkPlaceable>::chunk_item_content failed
- Execution of *EcmascriptChunkItemContent::new failed
- Execution of EcmascriptModuleContent::new failed
- the chunking context (unknown) does not support external modules (request: node:module)

Import trace:
  Client Component Browser:
    ./node_modules/@prisma/client/runtime/client.mjs [Client Component Browser]
    ./app/generated/prisma/internal/prismaNamespace.ts [Client Component Browser]
    ./app/generated/prisma/client.ts [Client Component Browser]
    ./lib/prisma.ts [Client Component Browser]
    ./lib/cleanup.ts [Client Component Browser]
    ./app/(manager)/settings/page.tsx [Client Component Browser]
    ./app/(manager)/settings/page.tsx [Server Component] @ http://localhost:3000/_next/static/chunks/node_modules_next_dist_0u_w_5s._.js:1945
[   17482ms] [ERROR] ./node_modules/@prisma/client/runtime/client.mjs
Code generation for chunk item errored
An error occurred while generating the chunk item [project]/node_modules/@prisma/client/runtime/client.mjs [app-client] (ecmascript) <locals>

Caused by:
- the chunking context (unknown) does not support external modules (request: node:module)

Debug info:
- An error occurred while generating the chunk item [project]/node_modules/@prisma/client/runtime/client.mjs [app-client] (ecmascript) <locals>
- Execution of <EcmascriptModuleLocalsModule as EcmascriptChunkPlaceable>::chunk_item_content failed
- Execution of *EcmascriptChunkItemContent::new failed
- Execution of EcmascriptModuleContent::new failed
- the chunking context (unknown) does not support external modules (request: node:module)

Import trace:
  Client Component Browser:
    ./node_modules/@prisma/client/runtime/client.mjs [Client Component Browser]
    ./app/generated/prisma/internal/prismaNamespace.ts [Client Component Browser]
    ./app/generated/prisma/client.ts [Client Component Browser]
    ./lib/prisma.ts [Client Component Browser]
    ./lib/cleanup.ts [Client Component Browser]
    ./app/(manager)/settings/page.tsx [Client Component Browser]
    ./app/(manager)/settings/page.tsx [Server Component] @ http://localhost:3000/_next/static/chunks/node_modules_next_dist_0u_w_5s._.js:1945
[   17539ms] [ERROR] ./node_modules/@prisma/client/runtime/client.mjs
Code generation for chunk item errored
An error occurred while generating the chunk item [project]/node_modules/@prisma/client/runtime/client.mjs [app-client] (ecmascript) <locals>

Caused by:
- the chunking context (unknown) does not support external modules (request: node:module)

Debug info:
- An error occurred while generating the chunk item [project]/node_modules/@prisma/client/runtime/client.mjs [app-client] (ecmascript) <locals>
- Execution of <EcmascriptModuleLocalsModule as EcmascriptChunkPlaceable>::chunk_item_content failed
- Execution of *EcmascriptChunkItemContent::new failed
- Execution of EcmascriptModuleContent::new failed
- the chunking context (unknown) does not support external modules (request: node:module)

Import trace:
  Client Component Browser:
    ./node_modules/@prisma/client/runtime/client.mjs [Client Component Browser]
    ./app/generated/prisma/internal/prismaNamespace.ts [Client Component Browser]
    ./app/generated/prisma/client.ts [Client Component Browser]
    ./lib/prisma.ts [Client Component Browser]
    ./lib/cleanup.ts [Client Component Browser]
    ./app/(manager)/settings/page.tsx [Client Component Browser]
    ./app/(manager)/settings/page.tsx [Server Component] @ http://localhost:3000/_next/static/chunks/node_modules_next_dist_0u_w_5s._.js:1945
[   17596ms] [ERROR] ./node_modules/@prisma/client/runtime/client.mjs
Code generation for chunk item errored
An error occurred while generating the chunk item [project]/node_modules/@prisma/client/runtime/client.mjs [app-client] (ecmascript) <locals>

Caused by:
- the chunking context (unknown) does not support external modules (request: node:module)

Debug info:
- An error occurred while generating the chunk item [project]/node_modules/@prisma/client/runtime/client.mjs [app-client] (ecmascript) <locals>
- Execution of <EcmascriptModuleLocalsModule as EcmascriptChunkPlaceable>::chunk_item_content failed
- Execution of *EcmascriptChunkItemContent::new failed
- Execution of EcmascriptModuleContent::new failed
- the chunking context (unknown) does not support external modules (request: node:module)

Import trace:
  Client Component Browser:
    ./node_modules/@prisma/client/runtime/client.mjs [Client Component Browser]
    ./app/generated/prisma/internal/prismaNamespace.ts [Client Component Browser]
    ./app/generated/prisma/client.ts [Client Component Browser]
    ./lib/prisma.ts [Client Component Browser]
    ./lib/cleanup.ts [Client Component Browser]
    ./app/(manager)/settings/page.tsx [Client Component Browser]
    ./app/(manager)/settings/page.tsx [Server Component] @ http://localhost:3000/_next/static/chunks/node_modules_next_dist_0u_w_5s._.js:1945
[   17652ms] [ERROR] ./node_modules/@prisma/client/runtime/client.mjs
Code generation for chunk item errored
An error occurred while generating the chunk item [project]/node_modules/@prisma/client/runtime/client.mjs [app-client] (ecmascript) <locals>

Caused by:
- the chunking context (unknown) does not support external modules (request: node:module)

Debug info:
- An error occurred while generating the chunk item [project]/node_modules/@prisma/client/runtime/client.mjs [app-client] (ecmascript) <locals>
- Execution of <EcmascriptModuleLocalsModule as EcmascriptChunkPlaceable>::chunk_item_content failed
- Execution of *EcmascriptChunkItemContent::new failed
- Execution of EcmascriptModuleContent::new failed
- the chunking context (unknown) does not support external modules (request: node:module)

Import trace:
  Client Component Browser:
    ./node_modules/@prisma/client/runtime/client.mjs [Client Component Browser]
    ./app/generated/prisma/internal/prismaNamespace.ts [Client Component Browser]
    ./app/generated/prisma/client.ts [Client Component Browser]
    ./lib/prisma.ts [Client Component Browser]
    ./lib/cleanup.ts [Client Component Browser]
    ./app/(manager)/settings/page.tsx [Client Component Browser]
    ./app/(manager)/settings/page.tsx [Server Component] @ http://localhost:3000/_next/static/chunks/node_modules_next_dist_0u_w_5s._.js:1945
[   17707ms] [ERROR] ./node_modules/@prisma/client/runtime/client.mjs
Code generation for chunk item errored
An error occurred while generating the chunk item [project]/node_modules/@prisma/client/runtime/client.mjs [app-client] (ecmascript) <locals>

Caused by:
- the chunking context (unknown) does not support external modules (request: node:module)

Debug info:
- An error occurred while generating the chunk item [project]/node_modules/@prisma/client/runtime/client.mjs [app-client] (ecmascript) <locals>
- Execution of <EcmascriptModuleLocalsModule as EcmascriptChunkPlaceable>::chunk_item_content failed
- Execution of *EcmascriptChunkItemContent::new failed
- Execution of EcmascriptModuleContent::new failed
- the chunking context (unknown) does not support external modules (request: node:module)

Import trace:
  Client Component Browser:
    ./node_modules/@prisma/client/runtime/client.mjs [Client Component Browser]
    ./app/generated/prisma/internal/prismaNamespace.ts [Client Component Browser]
    ./app/generated/prisma/client.ts [Client Component Browser]
    ./lib/prisma.ts [Client Component Browser]
    ./lib/cleanup.ts [Client Component Browser]
    ./app/(manager)/settings/page.tsx [Client Component Browser]
    ./app/(manager)/settings/page.tsx [Server Component] @ http://localhost:3000/_next/static/chunks/node_modules_next_dist_0u_w_5s._.js:1945
[   17764ms] [ERROR] ./node_modules/@prisma/client/runtime/client.mjs
Code generation for chunk item errored
An error occurred while generating the chunk item [project]/node_modules/@prisma/client/runtime/client.mjs [app-client] (ecmascript) <locals>

Caused by:
- the chunking context (unknown) does not support external modules (request: node:module)

Debug info:
- An error occurred while generating the chunk item [project]/node_modules/@prisma/client/runtime/client.mjs [app-client] (ecmascript) <locals>
- Execution of <EcmascriptModuleLocalsModule as EcmascriptChunkPlaceable>::chunk_item_content failed
- Execution of *EcmascriptChunkItemContent::new failed
- Execution of EcmascriptModuleContent::new failed
- the chunking context (unknown) does not support external modules (request: node:module)

Import trace:
  Client Component Browser:
    ./node_modules/@prisma/client/runtime/client.mjs [Client Component Browser]
    ./app/generated/prisma/internal/prismaNamespace.ts [Client Component Browser]
    ./app/generated/prisma/client.ts [Client Component Browser]
    ./lib/prisma.ts [Client Component Browser]
    ./lib/cleanup.ts [Client Component Browser]
    ./app/(manager)/settings/page.tsx [Client Component Browser]
    ./app/(manager)/settings/page.tsx [Server Component] @ http://localhost:3000/_next/static/chunks/node_modules_next_dist_0u_w_5s._.js:1945
[   17818ms] [ERROR] ./node_modules/@prisma/client/runtime/client.mjs
Code generation for chunk item errored
An error occurred while generating the chunk item [project]/node_modules/@prisma/client/runtime/client.mjs [app-client] (ecmascript) <locals>

Caused by:
- the chunking context (unknown) does not support external modules (request: node:module)

Debug info:
- An error occurred while generating the chunk item [project]/node_modules/@prisma/client/runtime/client.mjs [app-client] (ecmascript) <locals>
- Execution of <EcmascriptModuleLocalsModule as EcmascriptChunkPlaceable>::chunk_item_content failed
- Execution of *EcmascriptChunkItemContent::new failed
- Execution of EcmascriptModuleContent::new failed
- the chunking context (unknown) does not support external modules (request: node:module)

Import trace:
  Client Component Browser:
    ./node_modules/@prisma/client/runtime/client.mjs [Client Component Browser]
    ./app/generated/prisma/internal/prismaNamespace.ts [Client Component Browser]
    ./app/generated/prisma/client.ts [Client Component Browser]
    ./lib/prisma.ts [Client Component Browser]
    ./lib/cleanup.ts [Client Component Browser]
    ./app/(manager)/settings/page.tsx [Client Component Browser]
    ./app/(manager)/settings/page.tsx [Server Component] @ http://localhost:3000/_next/static/chunks/node_modules_next_dist_0u_w_5s._.js:1945
[   17872ms] [ERROR] ./node_modules/@prisma/client/runtime/client.mjs
Code generation for chunk item errored
An error occurred while generating the chunk item [project]/node_modules/@prisma/client/runtime/client.mjs [app-client] (ecmascript) <locals>

Caused by:
- the chunking context (unknown) does not support external modules (request: node:module)

Debug info:
- An error occurred while generating the chunk item [project]/node_modules/@prisma/client/runtime/client.mjs [app-client] (ecmascript) <locals>
- Execution of <EcmascriptModuleLocalsModule as EcmascriptChunkPlaceable>::chunk_item_content failed
- Execution of *EcmascriptChunkItemContent::new failed
- Execution of EcmascriptModuleContent::new failed
- the chunking context (unknown) does not support external modules (request: node:module)

Import trace:
  Client Component Browser:
    ./node_modules/@prisma/client/runtime/client.mjs [Client Component Browser]
    ./app/generated/prisma/internal/prismaNamespace.ts [Client Component Browser]
    ./app/generated/prisma/client.ts [Client Component Browser]
    ./lib/prisma.ts [Client Component Browser]
    ./lib/cleanup.ts [Client Component Browser]
    ./app/(manager)/settings/page.tsx [Client Component Browser]
    ./app/(manager)/settings/page.tsx [Server Component] @ http://localhost:3000/_next/static/chunks/node_modules_next_dist_0u_w_5s._.js:1945
[   17926ms] [ERROR] ./node_modules/@prisma/client/runtime/client.mjs
Code generation for chunk item errored
An error occurred while generating the chunk item [project]/node_modules/@prisma/client/runtime/client.mjs [app-client] (ecmascript) <locals>

Caused by:
- the chunking context (unknown) does not support external modules (request: node:module)

Debug info:
- An error occurred while generating the chunk item [project]/node_modules/@prisma/client/runtime/client.mjs [app-client] (ecmascript) <locals>
- Execution of <EcmascriptModuleLocalsModule as EcmascriptChunkPlaceable>::chunk_item_content failed
- Execution of *EcmascriptChunkItemContent::new failed
- Execution of EcmascriptModuleContent::new failed
- the chunking context (unknown) does not support external modules (request: node:module)

Import trace:
  Client Component Browser:
    ./node_modules/@prisma/client/runtime/client.mjs [Client Component Browser]
    ./app/generated/prisma/internal/prismaNamespace.ts [Client Component Browser]
    ./app/generated/prisma/client.ts [Client Component Browser]
    ./lib/prisma.ts [Client Component Browser]
    ./lib/cleanup.ts [Client Component Browser]
    ./app/(manager)/settings/page.tsx [Client Component Browser]
    ./app/(manager)/settings/page.tsx [Server Component] @ http://localhost:3000/_next/static/chunks/node_modules_next_dist_0u_w_5s._.js:1945
[   17977ms] [ERROR] ./node_modules/@prisma/client/runtime/client.mjs
Code generation for chunk item errored
An error occurred while generating the chunk item [project]/node_modules/@prisma/client/runtime/client.mjs [app-client] (ecmascript) <locals>

Caused by:
- the chunking context (unknown) does not support external modules (request: node:module)

Debug info:
- An error occurred while generating the chunk item [project]/node_modules/@prisma/client/runtime/client.mjs [app-client] (ecmascript) <locals>
- Execution of <EcmascriptModuleLocalsModule as EcmascriptChunkPlaceable>::chunk_item_content failed
- Execution of *EcmascriptChunkItemContent::new failed
- Execution of EcmascriptModuleContent::new failed
- the chunking context (unknown) does not support external modules (request: node:module)

Import trace:
  Client Component Browser:
    ./node_modules/@prisma/client/runtime/client.mjs [Client Component Browser]
    ./app/generated/prisma/internal/prismaNamespace.ts [Client Component Browser]
    ./app/generated/prisma/client.ts [Client Component Browser]
    ./lib/prisma.ts [Client Component Browser]
    ./lib/cleanup.ts [Client Component Browser]
    ./app/(manager)/settings/page.tsx [Client Component Browser]
    ./app/(manager)/settings/page.tsx [Server Component] @ http://localhost:3000/_next/static/chunks/node_modules_next_dist_0u_w_5s._.js:1945
[   18029ms] [ERROR] ./node_modules/@prisma/client/runtime/client.mjs
Code generation for chunk item errored
An error occurred while generating the chunk item [project]/node_modules/@prisma/client/runtime/client.mjs [app-client] (ecmascript) <locals>

Caused by:
- the chunking context (unknown) does not support external modules (request: node:module)

Debug info:
- An error occurred while generating the chunk item [project]/node_modules/@prisma/client/runtime/client.mjs [app-client] (ecmascript) <locals>
- Execution of <EcmascriptModuleLocalsModule as EcmascriptChunkPlaceable>::chunk_item_content failed
- Execution of *EcmascriptChunkItemContent::new failed
- Execution of EcmascriptModuleContent::new failed
- the chunking context (unknown) does not support external modules (request: node:module)

Import trace:
  Client Component Browser:
    ./node_modules/@prisma/client/runtime/client.mjs [Client Component Browser]
    ./app/generated/prisma/internal/prismaNamespace.ts [Client Component Browser]
    ./app/generated/prisma/client.ts [Client Component Browser]
    ./lib/prisma.ts [Client Component Browser]
    ./lib/cleanup.ts [Client Component Browser]
    ./app/(manager)/settings/page.tsx [Client Component Browser]
    ./app/(manager)/settings/page.tsx [Server Component] @ http://localhost:3000/_next/static/chunks/node_modules_next_dist_0u_w_5s._.js:1945
[   18080ms] [ERROR] ./node_modules/@prisma/client/runtime/client.mjs
Code generation for chunk item errored
An error occurred while generating the chunk item [project]/node_modules/@prisma/client/runtime/client.mjs [app-client] (ecmascript) <locals>

Caused by:
- the chunking context (unknown) does not support external modules (request: node:module)

Debug info:
- An error occurred while generating the chunk item [project]/node_modules/@prisma/client/runtime/client.mjs [app-client] (ecmascript) <locals>
- Execution of <EcmascriptModuleLocalsModule as EcmascriptChunkPlaceable>::chunk_item_content failed
- Execution of *EcmascriptChunkItemContent::new failed
- Execution of EcmascriptModuleContent::new failed
- the chunking context (unknown) does not support external modules (request: node:module)

Import trace:
  Client Component Browser:
    ./node_modules/@prisma/client/runtime/client.mjs [Client Component Browser]
    ./app/generated/prisma/internal/prismaNamespace.ts [Client Component Browser]
    ./app/generated/prisma/client.ts [Client Component Browser]
    ./lib/prisma.ts [Client Component Browser]
    ./lib/cleanup.ts [Client Component Browser]
    ./app/(manager)/settings/page.tsx [Client Component Browser]
    ./app/(manager)/settings/page.tsx [Server Component] @ http://localhost:3000/_next/static/chunks/node_modules_next_dist_0u_w_5s._.js:1945
[   18132ms] [ERROR] ./node_modules/@prisma/client/runtime/client.mjs
Code generation for chunk item errored
An error occurred while generating the chunk item [project]/node_modules/@prisma/client/runtime/client.mjs [app-client] (ecmascript) <locals>

Caused by:
- the chunking context (unknown) does not support external modules (request: node:module)

Debug info:
- An error occurred while generating the chunk item [project]/node_modules/@prisma/client/runtime/client.mjs [app-client] (ecmascript) <locals>
- Execution of <EcmascriptModuleLocalsModule as EcmascriptChunkPlaceable>::chunk_item_content failed
- Execution of *EcmascriptChunkItemContent::new failed
- Execution of EcmascriptModuleContent::new failed
- the chunking context (unknown) does not support external modules (request: node:module)

Import trace:
  Client Component Browser:
    ./node_modules/@prisma/client/runtime/client.mjs [Client Component Browser]
    ./app/generated/prisma/internal/prismaNamespace.ts [Client Component Browser]
    ./app/generated/prisma/client.ts [Client Component Browser]
    ./lib/prisma.ts [Client Component Browser]
    ./lib/cleanup.ts [Client Component Browser]
    ./app/(manager)/settings/page.tsx [Client Component Browser]
    ./app/(manager)/settings/page.tsx [Server Component] @ http://localhost:3000/_next/static/chunks/node_modules_next_dist_0u_w_5s._.js:1945
[   18185ms] [ERROR] ./node_modules/@prisma/client/runtime/client.mjs
Code generation for chunk item errored
An error occurred while generating the chunk item [project]/node_modules/@prisma/client/runtime/client.mjs [app-client] (ecmascript) <locals>

Caused by:
- the chunking context (unknown) does not support external modules (request: node:module)

Debug info:
- An error occurred while generating the chunk item [project]/node_modules/@prisma/client/runtime/client.mjs [app-client] (ecmascript) <locals>
- Execution of <EcmascriptModuleLocalsModule as EcmascriptChunkPlaceable>::chunk_item_content failed
- Execution of *EcmascriptChunkItemContent::new failed
- Execution of EcmascriptModuleContent::new failed
- the chunking context (unknown) does not support external modules (request: node:module)

Import trace:
  Client Component Browser:
    ./node_modules/@prisma/client/runtime/client.mjs [Client Component Browser]
    ./app/generated/prisma/internal/prismaNamespace.ts [Client Component Browser]
    ./app/generated/prisma/client.ts [Client Component Browser]
    ./lib/prisma.ts [Client Component Browser]
    ./lib/cleanup.ts [Client Component Browser]
    ./app/(manager)/settings/page.tsx [Client Component Browser]
    ./app/(manager)/settings/page.tsx [Server Component] @ http://localhost:3000/_next/static/chunks/node_modules_next_dist_0u_w_5s._.js:1945
[   18237ms] [ERROR] ./node_modules/@prisma/client/runtime/client.mjs
Code generation for chunk item errored
An error occurred while generating the chunk item [project]/node_modules/@prisma/client/runtime/client.mjs [app-client] (ecmascript) <locals>

Caused by:
- the chunking context (unknown) does not support external modules (request: node:module)

Debug info:
- An error occurred while generating the chunk item [project]/node_modules/@prisma/client/runtime/client.mjs [app-client] (ecmascript) <locals>
- Execution of <EcmascriptModuleLocalsModule as EcmascriptChunkPlaceable>::chunk_item_content failed
- Execution of *EcmascriptChunkItemContent::new failed
- Execution of EcmascriptModuleContent::new failed
- the chunking context (unknown) does not support external modules (request: node:module)

Import trace:
  Client Component Browser:
    ./node_modules/@prisma/client/runtime/client.mjs [Client Component Browser]
    ./app/generated/prisma/internal/prismaNamespace.ts [Client Component Browser]
    ./app/generated/prisma/client.ts [Client Component Browser]
    ./lib/prisma.ts [Client Component Browser]
    ./lib/cleanup.ts [Client Component Browser]
    ./app/(manager)/settings/page.tsx [Client Component Browser]
    ./app/(manager)/settings/page.tsx [Server Component] @ http://localhost:3000/_next/static/chunks/node_modules_next_dist_0u_w_5s._.js:1945
[   18296ms] [ERROR] ./node_modules/@prisma/client/runtime/client.mjs
Code generation for chunk item errored
An error occurred while generating the chunk item [project]/node_modules/@prisma/client/runtime/client.mjs [app-client] (ecmascript) <locals>

Caused by:
- the chunking context (unknown) does not support external modules (request: node:module)

Debug info:
- An error occurred while generating the chunk item [project]/node_modules/@prisma/client/runtime/client.mjs [app-client] (ecmascript) <locals>
- Execution of <EcmascriptModuleLocalsModule as EcmascriptChunkPlaceable>::chunk_item_content failed
- Execution of *EcmascriptChunkItemContent::new failed
- Execution of EcmascriptModuleContent::new failed
- the chunking context (unknown) does not support external modules (request: node:module)

Import trace:
  Client Component Browser:
    ./node_modules/@prisma/client/runtime/client.mjs [Client Component Browser]
    ./app/generated/prisma/internal/prismaNamespace.ts [Client Component Browser]
    ./app/generated/prisma/client.ts [Client Component Browser]
    ./lib/prisma.ts [Client Component Browser]
    ./lib/cleanup.ts [Client Component Browser]
    ./app/(manager)/settings/page.tsx [Client Component Browser]
    ./app/(manager)/settings/page.tsx [Server Component] @ http://localhost:3000/_next/static/chunks/node_modules_next_dist_0u_w_5s._.js:1945
[   18352ms] [ERROR] ./node_modules/@prisma/client/runtime/client.mjs
Code generation for chunk item errored
An error occurred while generating the chunk item [project]/node_modules/@prisma/client/runtime/client.mjs [app-client] (ecmascript) <locals>

Caused by:
- the chunking context (unknown) does not support external modules (request: node:module)

Debug info:
- An error occurred while generating the chunk item [project]/node_modules/@prisma/client/runtime/client.mjs [app-client] (ecmascript) <locals>
- Execution of <EcmascriptModuleLocalsModule as EcmascriptChunkPlaceable>::chunk_item_content failed
- Execution of *EcmascriptChunkItemContent::new failed
- Execution of EcmascriptModuleContent::new failed
- the chunking context (unknown) does not support external modules (request: node:module)

Import trace:
  Client Component Browser:
    ./node_modules/@prisma/client/runtime/client.mjs [Client Component Browser]
    ./app/generated/prisma/internal/prismaNamespace.ts [Client Component Browser]
    ./app/generated/prisma/client.ts [Client Component Browser]
    ./lib/prisma.ts [Client Component Browser]
    ./lib/cleanup.ts [Client Component Browser]
    ./app/(manager)/settings/page.tsx [Client Component Browser]
    ./app/(manager)/settings/page.tsx [Server Component] @ http://localhost:3000/_next/static/chunks/node_modules_next_dist_0u_w_5s._.js:1945
[   18409ms] [ERROR] ./node_modules/@prisma/client/runtime/client.mjs
Code generation for chunk item errored
An error occurred while generating the chunk item [project]/node_modules/@prisma/client/runtime/client.mjs [app-client] (ecmascript) <locals>

Caused by:
- the chunking context (unknown) does not support external modules (request: node:module)

Debug info:
- An error occurred while generating the chunk item [project]/node_modules/@prisma/client/runtime/client.mjs [app-client] (ecmascript) <locals>
- Execution of <EcmascriptModuleLocalsModule as EcmascriptChunkPlaceable>::chunk_item_content failed
- Execution of *EcmascriptChunkItemContent::new failed
- Execution of EcmascriptModuleContent::new failed
- the chunking context (unknown) does not support external modules (request: node:module)

Import trace:
  Client Component Browser:
    ./node_modules/@prisma/client/runtime/client.mjs [Client Component Browser]
    ./app/generated/prisma/internal/prismaNamespace.ts [Client Component Browser]
    ./app/generated/prisma/client.ts [Client Component Browser]
    ./lib/prisma.ts [Client Component Browser]
    ./lib/cleanup.ts [Client Component Browser]
    ./app/(manager)/settings/page.tsx [Client Component Browser]
    ./app/(manager)/settings/page.tsx [Server Component] @ http://localhost:3000/_next/static/chunks/node_modules_next_dist_0u_w_5s._.js:1945
[   18460ms] [ERROR] ./node_modules/@prisma/client/runtime/client.mjs
Code generation for chunk item errored
An error occurred while generating the chunk item [project]/node_modules/@prisma/client/runtime/client.mjs [app-client] (ecmascript) <locals>

Caused by:
- the chunking context (unknown) does not support external modules (request: node:module)

Debug info:
- An error occurred while generating the chunk item [project]/node_modules/@prisma/client/runtime/client.mjs [app-client] (ecmascript) <locals>
- Execution of <EcmascriptModuleLocalsModule as EcmascriptChunkPlaceable>::chunk_item_content failed
- Execution of *EcmascriptChunkItemContent::new failed
- Execution of EcmascriptModuleContent::new failed
- the chunking context (unknown) does not support external modules (request: node:module)

Import trace:
  Client Component Browser:
    ./node_modules/@prisma/client/runtime/client.mjs [Client Component Browser]
    ./app/generated/prisma/internal/prismaNamespace.ts [Client Component Browser]
    ./app/generated/prisma/client.ts [Client Component Browser]
    ./lib/prisma.ts [Client Component Browser]
    ./lib/cleanup.ts [Client Component Browser]
    ./app/(manager)/settings/page.tsx [Client Component Browser]
    ./app/(manager)/settings/page.tsx [Server Component] @ http://localhost:3000/_next/static/chunks/node_modules_next_dist_0u_w_5s._.js:1945
[   18512ms] [ERROR] ./node_modules/@prisma/client/runtime/client.mjs
Code generation for chunk item errored
An error occurred while generating the chunk item [project]/node_modules/@prisma/client/runtime/client.mjs [app-client] (ecmascript) <locals>

Caused by:
- the chunking context (unknown) does not support external modules (request: node:module)

Debug info:
- An error occurred while generating the chunk item [project]/node_modules/@prisma/client/runtime/client.mjs [app-client] (ecmascript) <locals>
- Execution of <EcmascriptModuleLocalsModule as EcmascriptChunkPlaceable>::chunk_item_content failed
- Execution of *EcmascriptChunkItemContent::new failed
- Execution of EcmascriptModuleContent::new failed
- the chunking context (unknown) does not support external modules (request: node:module)

Import trace:
  Client Component Browser:
    ./node_modules/@prisma/client/runtime/client.mjs [Client Component Browser]
    ./app/generated/prisma/internal/prismaNamespace.ts [Client Component Browser]
    ./app/generated/prisma/client.ts [Client Component Browser]
    ./lib/prisma.ts [Client Component Browser]
    ./lib/cleanup.ts [Client Component Browser]
    ./app/(manager)/settings/page.tsx [Client Component Browser]
    ./app/(manager)/settings/page.tsx [Server Component] @ http://localhost:3000/_next/static/chunks/node_modules_next_dist_0u_w_5s._.js:1945
[   18563ms] [ERROR] ./node_modules/@prisma/client/runtime/client.mjs
Code generation for chunk item errored
An error occurred while generating the chunk item [project]/node_modules/@prisma/client/runtime/client.mjs [app-client] (ecmascript) <locals>

Caused by:
- the chunking context (unknown) does not support external modules (request: node:module)

Debug info:
- An error occurred while generating the chunk item [project]/node_modules/@prisma/client/runtime/client.mjs [app-client] (ecmascript) <locals>
- Execution of <EcmascriptModuleLocalsModule as EcmascriptChunkPlaceable>::chunk_item_content failed
- Execution of *EcmascriptChunkItemContent::new failed
- Execution of EcmascriptModuleContent::new failed
- the chunking context (unknown) does not support external modules (request: node:module)

Import trace:
  Client Component Browser:
    ./node_modules/@prisma/client/runtime/client.mjs [Client Component Browser]
    ./app/generated/prisma/internal/prismaNamespace.ts [Client Component Browser]
    ./app/generated/prisma/client.ts [Client Component Browser]
    ./lib/prisma.ts [Client Component Browser]
    ./lib/cleanup.ts [Client Component Browser]
    ./app/(manager)/settings/page.tsx [Client Component Browser]
    ./app/(manager)/settings/page.tsx [Server Component] @ http://localhost:3000/_next/static/chunks/node_modules_next_dist_0u_w_5s._.js:1945
[   18618ms] [ERROR] ./node_modules/@prisma/client/runtime/client.mjs
Code generation for chunk item errored
An error occurred while generating the chunk item [project]/node_modules/@prisma/client/runtime/client.mjs [app-client] (ecmascript) <locals>

Caused by:
- the chunking context (unknown) does not support external modules (request: node:module)

Debug info:
- An error occurred while generating the chunk item [project]/node_modules/@prisma/client/runtime/client.mjs [app-client] (ecmascript) <locals>
- Execution of <EcmascriptModuleLocalsModule as EcmascriptChunkPlaceable>::chunk_item_content failed
- Execution of *EcmascriptChunkItemContent::new failed
- Execution of EcmascriptModuleContent::new failed
- the chunking context (unknown) does not support external modules (request: node:module)

Import trace:
  Client Component Browser:
    ./node_modules/@prisma/client/runtime/client.mjs [Client Component Browser]
    ./app/generated/prisma/internal/prismaNamespace.ts [Client Component Browser]
    ./app/generated/prisma/client.ts [Client Component Browser]
    ./lib/prisma.ts [Client Component Browser]
    ./lib/cleanup.ts [Client Component Browser]
    ./app/(manager)/settings/page.tsx [Client Component Browser]
    ./app/(manager)/settings/page.tsx [Server Component] @ http://localhost:3000/_next/static/chunks/node_modules_next_dist_0u_w_5s._.js:1945
[   18676ms] [ERROR] ./node_modules/@prisma/client/runtime/client.mjs
Code generation for chunk item errored
An error occurred while generating the chunk item [project]/node_modules/@prisma/client/runtime/client.mjs [app-client] (ecmascript) <locals>

Caused by:
- the chunking context (unknown) does not support external modules (request: node:module)

Debug info:
- An error occurred while generating the chunk item [project]/node_modules/@prisma/client/runtime/client.mjs [app-client] (ecmascript) <locals>
- Execution of <EcmascriptModuleLocalsModule as EcmascriptChunkPlaceable>::chunk_item_content failed
- Execution of *EcmascriptChunkItemContent::new failed
- Execution of EcmascriptModuleContent::new failed
- the chunking context (unknown) does not support external modules (request: node:module)

Import trace:
  Client Component Browser:
    ./node_modules/@prisma/client/runtime/client.mjs [Client Component Browser]
    ./app/generated/prisma/internal/prismaNamespace.ts [Client Component Browser]
    ./app/generated/prisma/client.ts [Client Component Browser]
    ./lib/prisma.ts [Client Component Browser]
    ./lib/cleanup.ts [Client Component Browser]
    ./app/(manager)/settings/page.tsx [Client Component Browser]
    ./app/(manager)/settings/page.tsx [Server Component] @ http://localhost:3000/_next/static/chunks/node_modules_next_dist_0u_w_5s._.js:1945
[   18729ms] [ERROR] ./node_modules/@prisma/client/runtime/client.mjs
Code generation for chunk item errored
An error occurred while generating the chunk item [project]/node_modules/@prisma/client/runtime/client.mjs [app-client] (ecmascript) <locals>

Caused by:
- the chunking context (unknown) does not support external modules (request: node:module)

Debug info:
- An error occurred while generating the chunk item [project]/node_modules/@prisma/client/runtime/client.mjs [app-client] (ecmascript) <locals>
- Execution of <EcmascriptModuleLocalsModule as EcmascriptChunkPlaceable>::chunk_item_content failed
- Execution of *EcmascriptChunkItemContent::new failed
- Execution of EcmascriptModuleContent::new failed
- the chunking context (unknown) does not support external modules (request: node:module)

Import trace:
  Client Component Browser:
    ./node_modules/@prisma/client/runtime/client.mjs [Client Component Browser]
    ./app/generated/prisma/internal/prismaNamespace.ts [Client Component Browser]
    ./app/generated/prisma/client.ts [Client Component Browser]
    ./lib/prisma.ts [Client Component Browser]
    ./lib/cleanup.ts [Client Component Browser]
    ./app/(manager)/settings/page.tsx [Client Component Browser]
    ./app/(manager)/settings/page.tsx [Server Component] @ http://localhost:3000/_next/static/chunks/node_modules_next_dist_0u_w_5s._.js:1945
[   18786ms] [ERROR] ./node_modules/@prisma/client/runtime/client.mjs
Code generation for chunk item errored
An error occurred while generating the chunk item [project]/node_modules/@prisma/client/runtime/client.mjs [app-client] (ecmascript) <locals>

Caused by:
- the chunking context (unknown) does not support external modules (request: node:module)

Debug info:
- An error occurred while generating the chunk item [project]/node_modules/@prisma/client/runtime/client.mjs [app-client] (ecmascript) <locals>
- Execution of <EcmascriptModuleLocalsModule as EcmascriptChunkPlaceable>::chunk_item_content failed
- Execution of *EcmascriptChunkItemContent::new failed
- Execution of EcmascriptModuleContent::new failed
- the chunking context (unknown) does not support external modules (request: node:module)

Import trace:
  Client Component Browser:
    ./node_modules/@prisma/client/runtime/client.mjs [Client Component Browser]
    ./app/generated/prisma/internal/prismaNamespace.ts [Client Component Browser]
    ./app/generated/prisma/client.ts [Client Component Browser]
    ./lib/prisma.ts [Client Component Browser]
    ./lib/cleanup.ts [Client Component Browser]
    ./app/(manager)/settings/page.tsx [Client Component Browser]
    ./app/(manager)/settings/page.tsx [Server Component] @ http://localhost:3000/_next/static/chunks/node_modules_next_dist_0u_w_5s._.js:1945
[   18845ms] [ERROR] ./node_modules/@prisma/client/runtime/client.mjs
Code generation for chunk item errored
An error occurred while generating the chunk item [project]/node_modules/@prisma/client/runtime/client.mjs [app-client] (ecmascript) <locals>

Caused by:
- the chunking context (unknown) does not support external modules (request: node:module)

Debug info:
- An error occurred while generating the chunk item [project]/node_modules/@prisma/client/runtime/client.mjs [app-client] (ecmascript) <locals>
- Execution of <EcmascriptModuleLocalsModule as EcmascriptChunkPlaceable>::chunk_item_content failed
- Execution of *EcmascriptChunkItemContent::new failed
- Execution of EcmascriptModuleContent::new failed
- the chunking context (unknown) does not support external modules (request: node:module)

Import trace:
  Client Component Browser:
    ./node_modules/@prisma/client/runtime/client.mjs [Client Component Browser]
    ./app/generated/prisma/internal/prismaNamespace.ts [Client Component Browser]
    ./app/generated/prisma/client.ts [Client Component Browser]
    ./lib/prisma.ts [Client Component Browser]
    ./lib/cleanup.ts [Client Component Browser]
    ./app/(manager)/settings/page.tsx [Client Component Browser]
    ./app/(manager)/settings/page.tsx [Server Component] @ http://localhost:3000/_next/static/chunks/node_modules_next_dist_0u_w_5s._.js:1945
[   18900ms] [ERROR] ./node_modules/@prisma/client/runtime/client.mjs
Code generation for chunk item errored
An error occurred while generating the chunk item [project]/node_modules/@prisma/client/runtime/client.mjs [app-client] (ecmascript) <locals>

Caused by:
- the chunking context (unknown) does not support external modules (request: node:module)

Debug info:
- An error occurred while generating the chunk item [project]/node_modules/@prisma/client/runtime/client.mjs [app-client] (ecmascript) <locals>
- Execution of <EcmascriptModuleLocalsModule as EcmascriptChunkPlaceable>::chunk_item_content failed
- Execution of *EcmascriptChunkItemContent::new failed
- Execution of EcmascriptModuleContent::new failed
- the chunking context (unknown) does not support external modules (request: node:module)

Import trace:
  Client Component Browser:
    ./node_modules/@prisma/client/runtime/client.mjs [Client Component Browser]
    ./app/generated/prisma/internal/prismaNamespace.ts [Client Component Browser]
    ./app/generated/prisma/client.ts [Client Component Browser]
    ./lib/prisma.ts [Client Component Browser]
    ./lib/cleanup.ts [Client Component Browser]
    ./app/(manager)/settings/page.tsx [Client Component Browser]
    ./app/(manager)/settings/page.tsx [Server Component] @ http://localhost:3000/_next/static/chunks/node_modules_next_dist_0u_w_5s._.js:1945
[   18960ms] [ERROR] ./node_modules/@prisma/client/runtime/client.mjs
Code generation for chunk item errored
An error occurred while generating the chunk item [project]/node_modules/@prisma/client/runtime/client.mjs [app-client] (ecmascript) <locals>

Caused by:
- the chunking context (unknown) does not support external modules (request: node:module)

Debug info:
- An error occurred while generating the chunk item [project]/node_modules/@prisma/client/runtime/client.mjs [app-client] (ecmascript) <locals>
- Execution of <EcmascriptModuleLocalsModule as EcmascriptChunkPlaceable>::chunk_item_content failed
- Execution of *EcmascriptChunkItemContent::new failed
- Execution of EcmascriptModuleContent::new failed
- the chunking context (unknown) does not support external modules (request: node:module)

Import trace:
  Client Component Browser:
    ./node_modules/@prisma/client/runtime/client.mjs [Client Component Browser]
    ./app/generated/prisma/internal/prismaNamespace.ts [Client Component Browser]
    ./app/generated/prisma/client.ts [Client Component Browser]
    ./lib/prisma.ts [Client Component Browser]
    ./lib/cleanup.ts [Client Component Browser]
    ./app/(manager)/settings/page.tsx [Client Component Browser]
    ./app/(manager)/settings/page.tsx [Server Component] @ http://localhost:3000/_next/static/chunks/node_modules_next_dist_0u_w_5s._.js:1945
[   19025ms] [ERROR] ./node_modules/@prisma/client/runtime/client.mjs
Code generation for chunk item errored
An error occurred while generating the chunk item [project]/node_modules/@prisma/client/runtime/client.mjs [app-client] (ecmascript) <locals>

Caused by:
- the chunking context (unknown) does not support external modules (request: node:module)

Debug info:
- An error occurred while generating the chunk item [project]/node_modules/@prisma/client/runtime/client.mjs [app-client] (ecmascript) <locals>
- Execution of <EcmascriptModuleLocalsModule as EcmascriptChunkPlaceable>::chunk_item_content failed
- Execution of *EcmascriptChunkItemContent::new failed
- Execution of EcmascriptModuleContent::new failed
- the chunking context (unknown) does not support external modules (request: node:module)

Import trace:
  Client Component Browser:
    ./node_modules/@prisma/client/runtime/client.mjs [Client Component Browser]
    ./app/generated/prisma/internal/prismaNamespace.ts [Client Component Browser]
    ./app/generated/prisma/client.ts [Client Component Browser]
    ./lib/prisma.ts [Client Component Browser]
    ./lib/cleanup.ts [Client Component Browser]
    ./app/(manager)/settings/page.tsx [Client Component Browser]
    ./app/(manager)/settings/page.tsx [Server Component] @ http://localhost:3000/_next/static/chunks/node_modules_next_dist_0u_w_5s._.js:1945
[   19082ms] [ERROR] ./node_modules/@prisma/client/runtime/client.mjs
Code generation for chunk item errored
An error occurred while generating the chunk item [project]/node_modules/@prisma/client/runtime/client.mjs [app-client] (ecmascript) <locals>

Caused by:
- the chunking context (unknown) does not support external modules (request: node:module)

Debug info:
- An error occurred while generating the chunk item [project]/node_modules/@prisma/client/runtime/client.mjs [app-client] (ecmascript) <locals>
- Execution of <EcmascriptModuleLocalsModule as EcmascriptChunkPlaceable>::chunk_item_content failed
- Execution of *EcmascriptChunkItemContent::new failed
- Execution of EcmascriptModuleContent::new failed
- the chunking context (unknown) does not support external modules (request: node:module)

Import trace:
  Client Component Browser:
    ./node_modules/@prisma/client/runtime/client.mjs [Client Component Browser]
    ./app/generated/prisma/internal/prismaNamespace.ts [Client Component Browser]
    ./app/generated/prisma/client.ts [Client Component Browser]
    ./lib/prisma.ts [Client Component Browser]
    ./lib/cleanup.ts [Client Component Browser]
    ./app/(manager)/settings/page.tsx [Client Component Browser]
    ./app/(manager)/settings/page.tsx [Server Component] @ http://localhost:3000/_next/static/chunks/node_modules_next_dist_0u_w_5s._.js:1945
[   19139ms] [ERROR] ./node_modules/@prisma/client/runtime/client.mjs
Code generation for chunk item errored
An error occurred while generating the chunk item [project]/node_modules/@prisma/client/runtime/client.mjs [app-client] (ecmascript) <locals>

Caused by:
- the chunking context (unknown) does not support external modules (request: node:module)

Debug info:
- An error occurred while generating the chunk item [project]/node_modules/@prisma/client/runtime/client.mjs [app-client] (ecmascript) <locals>
- Execution of <EcmascriptModuleLocalsModule as EcmascriptChunkPlaceable>::chunk_item_content failed
- Execution of *EcmascriptChunkItemContent::new failed
- Execution of EcmascriptModuleContent::new failed
- the chunking context (unknown) does not support external modules (request: node:module)

Import trace:
  Client Component Browser:
    ./node_modules/@prisma/client/runtime/client.mjs [Client Component Browser]
    ./app/generated/prisma/internal/prismaNamespace.ts [Client Component Browser]
    ./app/generated/prisma/client.ts [Client Component Browser]
    ./lib/prisma.ts [Client Component Browser]
    ./lib/cleanup.ts [Client Component Browser]
    ./app/(manager)/settings/page.tsx [Client Component Browser]
    ./app/(manager)/settings/page.tsx [Server Component] @ http://localhost:3000/_next/static/chunks/node_modules_next_dist_0u_w_5s._.js:1945
[   19192ms] [ERROR] ./node_modules/@prisma/client/runtime/client.mjs
Code generation for chunk item errored
An error occurred while generating the chunk item [project]/node_modules/@prisma/client/runtime/client.mjs [app-client] (ecmascript) <locals>

Caused by:
- the chunking context (unknown) does not support external modules (request: node:module)

Debug info:
- An error occurred while generating the chunk item [project]/node_modules/@prisma/client/runtime/client.mjs [app-client] (ecmascript) <locals>
- Execution of <EcmascriptModuleLocalsModule as EcmascriptChunkPlaceable>::chunk_item_content failed
- Execution of *EcmascriptChunkItemContent::new failed
- Execution of EcmascriptModuleContent::new failed
- the chunking context (unknown) does not support external modules (request: node:module)

Import trace:
  Client Component Browser:
    ./node_modules/@prisma/client/runtime/client.mjs [Client Component Browser]
    ./app/generated/prisma/internal/prismaNamespace.ts [Client Component Browser]
    ./app/generated/prisma/client.ts [Client Component Browser]
    ./lib/prisma.ts [Client Component Browser]
    ./lib/cleanup.ts [Client Component Browser]
    ./app/(manager)/settings/page.tsx [Client Component Browser]
    ./app/(manager)/settings/page.tsx [Server Component] @ http://localhost:3000/_next/static/chunks/node_modules_next_dist_0u_w_5s._.js:1945
[   19247ms] [ERROR] ./node_modules/@prisma/client/runtime/client.mjs
Code generation for chunk item errored
An error occurred while generating the chunk item [project]/node_modules/@prisma/client/runtime/client.mjs [app-client] (ecmascript) <locals>

Caused by:
- the chunking context (unknown) does not support external modules (request: node:module)

Debug info:
- An error occurred while generating the chunk item [project]/node_modules/@prisma/client/runtime/client.mjs [app-client] (ecmascript) <locals>
- Execution of <EcmascriptModuleLocalsModule as EcmascriptChunkPlaceable>::chunk_item_content failed
- Execution of *EcmascriptChunkItemContent::new failed
- Execution of EcmascriptModuleContent::new failed
- the chunking context (unknown) does not support external modules (request: node:module)

Import trace:
  Client Component Browser:
    ./node_modules/@prisma/client/runtime/client.mjs [Client Component Browser]
    ./app/generated/prisma/internal/prismaNamespace.ts [Client Component Browser]
    ./app/generated/prisma/client.ts [Client Component Browser]
    ./lib/prisma.ts [Client Component Browser]
    ./lib/cleanup.ts [Client Component Browser]
    ./app/(manager)/settings/page.tsx [Client Component Browser]
    ./app/(manager)/settings/page.tsx [Server Component] @ http://localhost:3000/_next/static/chunks/node_modules_next_dist_0u_w_5s._.js:1945
[   19303ms] [ERROR] ./node_modules/@prisma/client/runtime/client.mjs
Code generation for chunk item errored
An error occurred while generating the chunk item [project]/node_modules/@prisma/client/runtime/client.mjs [app-client] (ecmascript) <locals>

Caused by:
- the chunking context (unknown) does not support external modules (request: node:module)

Debug info:
- An error occurred while generating the chunk item [project]/node_modules/@prisma/client/runtime/client.mjs [app-client] (ecmascript) <locals>
- Execution of <EcmascriptModuleLocalsModule as EcmascriptChunkPlaceable>::chunk_item_content failed
- Execution of *EcmascriptChunkItemContent::new failed
- Execution of EcmascriptModuleContent::new failed
- the chunking context (unknown) does not support external modules (request: node:module)

Import trace:
  Client Component Browser:
    ./node_modules/@prisma/client/runtime/client.mjs [Client Component Browser]
    ./app/generated/prisma/internal/prismaNamespace.ts [Client Component Browser]
    ./app/generated/prisma/client.ts [Client Component Browser]
    ./lib/prisma.ts [Client Component Browser]
    ./lib/cleanup.ts [Client Component Browser]
    ./app/(manager)/settings/page.tsx [Client Component Browser]
    ./app/(manager)/settings/page.tsx [Server Component] @ http://localhost:3000/_next/static/chunks/node_modules_next_dist_0u_w_5s._.js:1945
[   19360ms] [ERROR] ./node_modules/@prisma/client/runtime/client.mjs
Code generation for chunk item errored
An error occurred while generating the chunk item [project]/node_modules/@prisma/client/runtime/client.mjs [app-client] (ecmascript) <locals>

Caused by:
- the chunking context (unknown) does not support external modules (request: node:module)

Debug info:
- An error occurred while generating the chunk item [project]/node_modules/@prisma/client/runtime/client.mjs [app-client] (ecmascript) <locals>
- Execution of <EcmascriptModuleLocalsModule as EcmascriptChunkPlaceable>::chunk_item_content failed
- Execution of *EcmascriptChunkItemContent::new failed
- Execution of EcmascriptModuleContent::new failed
- the chunking context (unknown) does not support external modules (request: node:module)

Import trace:
  Client Component Browser:
    ./node_modules/@prisma/client/runtime/client.mjs [Client Component Browser]
    ./app/generated/prisma/internal/prismaNamespace.ts [Client Component Browser]
    ./app/generated/prisma/client.ts [Client Component Browser]
    ./lib/prisma.ts [Client Component Browser]
    ./lib/cleanup.ts [Client Component Browser]
    ./app/(manager)/settings/page.tsx [Client Component Browser]
    ./app/(manager)/settings/page.tsx [Server Component] @ http://localhost:3000/_next/static/chunks/node_modules_next_dist_0u_w_5s._.js:1945
[   19429ms] [ERROR] ./node_modules/@prisma/client/runtime/client.mjs
Code generation for chunk item errored
An error occurred while generating the chunk item [project]/node_modules/@prisma/client/runtime/client.mjs [app-client] (ecmascript) <locals>

Caused by:
- the chunking context (unknown) does not support external modules (request: node:module)

Debug info:
- An error occurred while generating the chunk item [project]/node_modules/@prisma/client/runtime/client.mjs [app-client] (ecmascript) <locals>
- Execution of <EcmascriptModuleLocalsModule as EcmascriptChunkPlaceable>::chunk_item_content failed
- Execution of *EcmascriptChunkItemContent::new failed
- Execution of EcmascriptModuleContent::new failed
- the chunking context (unknown) does not support external modules (request: node:module)

Import trace:
  Client Component Browser:
    ./node_modules/@prisma/client/runtime/client.mjs [Client Component Browser]
    ./app/generated/prisma/internal/prismaNamespace.ts [Client Component Browser]
    ./app/generated/prisma/client.ts [Client Component Browser]
    ./lib/prisma.ts [Client Component Browser]
    ./lib/cleanup.ts [Client Component Browser]
    ./app/(manager)/settings/page.tsx [Client Component Browser]
    ./app/(manager)/settings/page.tsx [Server Component] @ http://localhost:3000/_next/static/chunks/node_modules_next_dist_0u_w_5s._.js:1945
[   19484ms] [ERROR] ./node_modules/@prisma/client/runtime/client.mjs
Code generation for chunk item errored
An error occurred while generating the chunk item [project]/node_modules/@prisma/client/runtime/client.mjs [app-client] (ecmascript) <locals>

Caused by:
- the chunking context (unknown) does not support external modules (request: node:module)

Debug info:
- An error occurred while generating the chunk item [project]/node_modules/@prisma/client/runtime/client.mjs [app-client] (ecmascript) <locals>
- Execution of <EcmascriptModuleLocalsModule as EcmascriptChunkPlaceable>::chunk_item_content failed
- Execution of *EcmascriptChunkItemContent::new failed
- Execution of EcmascriptModuleContent::new failed
- the chunking context (unknown) does not support external modules (request: node:module)

Import trace:
  Client Component Browser:
    ./node_modules/@prisma/client/runtime/client.mjs [Client Component Browser]
    ./app/generated/prisma/internal/prismaNamespace.ts [Client Component Browser]
    ./app/generated/prisma/client.ts [Client Component Browser]
    ./lib/prisma.ts [Client Component Browser]
    ./lib/cleanup.ts [Client Component Browser]
    ./app/(manager)/settings/page.tsx [Client Component Browser]
    ./app/(manager)/settings/page.tsx [Server Component] @ http://localhost:3000/_next/static/chunks/node_modules_next_dist_0u_w_5s._.js:1945
[   19541ms] [ERROR] ./node_modules/@prisma/client/runtime/client.mjs
Code generation for chunk item errored
An error occurred while generating the chunk item [project]/node_modules/@prisma/client/runtime/client.mjs [app-client] (ecmascript) <locals>

Caused by:
- the chunking context (unknown) does not support external modules (request: node:module)

Debug info:
- An error occurred while generating the chunk item [project]/node_modules/@prisma/client/runtime/client.mjs [app-client] (ecmascript) <locals>
- Execution of <EcmascriptModuleLocalsModule as EcmascriptChunkPlaceable>::chunk_item_content failed
- Execution of *EcmascriptChunkItemContent::new failed
- Execution of EcmascriptModuleContent::new failed
- the chunking context (unknown) does not support external modules (request: node:module)

Import trace:
  Client Component Browser:
    ./node_modules/@prisma/client/runtime/client.mjs [Client Component Browser]
    ./app/generated/prisma/internal/prismaNamespace.ts [Client Component Browser]
    ./app/generated/prisma/client.ts [Client Component Browser]
    ./lib/prisma.ts [Client Component Browser]
    ./lib/cleanup.ts [Client Component Browser]
    ./app/(manager)/settings/page.tsx [Client Component Browser]
    ./app/(manager)/settings/page.tsx [Server Component] @ http://localhost:3000/_next/static/chunks/node_modules_next_dist_0u_w_5s._.js:1945
[   19597ms] [ERROR] ./node_modules/@prisma/client/runtime/client.mjs
Code generation for chunk item errored
An error occurred while generating the chunk item [project]/node_modules/@prisma/client/runtime/client.mjs [app-client] (ecmascript) <locals>

Caused by:
- the chunking context (unknown) does not support external modules (request: node:module)

Debug info:
- An error occurred while generating the chunk item [project]/node_modules/@prisma/client/runtime/client.mjs [app-client] (ecmascript) <locals>
- Execution of <EcmascriptModuleLocalsModule as EcmascriptChunkPlaceable>::chunk_item_content failed
- Execution of *EcmascriptChunkItemContent::new failed
- Execution of EcmascriptModuleContent::new failed
- the chunking context (unknown) does not support external modules (request: node:module)

Import trace:
  Client Component Browser:
    ./node_modules/@prisma/client/runtime/client.mjs [Client Component Browser]
    ./app/generated/prisma/internal/prismaNamespace.ts [Client Component Browser]
    ./app/generated/prisma/client.ts [Client Component Browser]
    ./lib/prisma.ts [Client Component Browser]
    ./lib/cleanup.ts [Client Component Browser]
    ./app/(manager)/settings/page.tsx [Client Component Browser]
    ./app/(manager)/settings/page.tsx [Server Component] @ http://localhost:3000/_next/static/chunks/node_modules_next_dist_0u_w_5s._.js:1945
[   19651ms] [ERROR] ./node_modules/@prisma/client/runtime/client.mjs
Code generation for chunk item errored
An error occurred while generating the chunk item [project]/node_modules/@prisma/client/runtime/client.mjs [app-client] (ecmascript) <locals>

Caused by:
- the chunking context (unknown) does not support external modules (request: node:module)

Debug info:
- An error occurred while generating the chunk item [project]/node_modules/@prisma/client/runtime/client.mjs [app-client] (ecmascript) <locals>
- Execution of <EcmascriptModuleLocalsModule as EcmascriptChunkPlaceable>::chunk_item_content failed
- Execution of *EcmascriptChunkItemContent::new failed
- Execution of EcmascriptModuleContent::new failed
- the chunking context (unknown) does not support external modules (request: node:module)

Import trace:
  Client Component Browser:
    ./node_modules/@prisma/client/runtime/client.mjs [Client Component Browser]
    ./app/generated/prisma/internal/prismaNamespace.ts [Client Component Browser]
    ./app/generated/prisma/client.ts [Client Component Browser]
    ./lib/prisma.ts [Client Component Browser]
    ./lib/cleanup.ts [Client Component Browser]
    ./app/(manager)/settings/page.tsx [Client Component Browser]
    ./app/(manager)/settings/page.tsx [Server Component] @ http://localhost:3000/_next/static/chunks/node_modules_next_dist_0u_w_5s._.js:1945
[   19707ms] [ERROR] ./node_modules/@prisma/client/runtime/client.mjs
Code generation for chunk item errored
An error occurred while generating the chunk item [project]/node_modules/@prisma/client/runtime/client.mjs [app-client] (ecmascript) <locals>

Caused by:
- the chunking context (unknown) does not support external modules (request: node:module)

Debug info:
- An error occurred while generating the chunk item [project]/node_modules/@prisma/client/runtime/client.mjs [app-client] (ecmascript) <locals>
- Execution of <EcmascriptModuleLocalsModule as EcmascriptChunkPlaceable>::chunk_item_content failed
- Execution of *EcmascriptChunkItemContent::new failed
- Execution of EcmascriptModuleContent::new failed
- the chunking context (unknown) does not support external modules (request: node:module)

Import trace:
  Client Component Browser:
    ./node_modules/@prisma/client/runtime/client.mjs [Client Component Browser]
    ./app/generated/prisma/internal/prismaNamespace.ts [Client Component Browser]
    ./app/generated/prisma/client.ts [Client Component Browser]
    ./lib/prisma.ts [Client Component Browser]
    ./lib/cleanup.ts [Client Component Browser]
    ./app/(manager)/settings/page.tsx [Client Component Browser]
    ./app/(manager)/settings/page.tsx [Server Component] @ http://localhost:3000/_next/static/chunks/node_modules_next_dist_0u_w_5s._.js:1945
[   19765ms] [ERROR] ./node_modules/@prisma/client/runtime/client.mjs
Code generation for chunk item errored
An error occurred while generating the chunk item [project]/node_modules/@prisma/client/runtime/client.mjs [app-client] (ecmascript) <locals>

Caused by:
- the chunking context (unknown) does not support external modules (request: node:module)

Debug info:
- An error occurred while generating the chunk item [project]/node_modules/@prisma/client/runtime/client.mjs [app-client] (ecmascript) <locals>
- Execution of <EcmascriptModuleLocalsModule as EcmascriptChunkPlaceable>::chunk_item_content failed
- Execution of *EcmascriptChunkItemContent::new failed
- Execution of EcmascriptModuleContent::new failed
- the chunking context (unknown) does not support external modules (request: node:module)

Import trace:
  Client Component Browser:
    ./node_modules/@prisma/client/runtime/client.mjs [Client Component Browser]
    ./app/generated/prisma/internal/prismaNamespace.ts [Client Component Browser]
    ./app/generated/prisma/client.ts [Client Component Browser]
    ./lib/prisma.ts [Client Component Browser]
    ./lib/cleanup.ts [Client Component Browser]
    ./app/(manager)/settings/page.tsx [Client Component Browser]
    ./app/(manager)/settings/page.tsx [Server Component] @ http://localhost:3000/_next/static/chunks/node_modules_next_dist_0u_w_5s._.js:1945
[   19822ms] [ERROR] ./node_modules/@prisma/client/runtime/client.mjs
Code generation for chunk item errored
An error occurred while generating the chunk item [project]/node_modules/@prisma/client/runtime/client.mjs [app-client] (ecmascript) <locals>

Caused by:
- the chunking context (unknown) does not support external modules (request: node:module)

Debug info:
- An error occurred while generating the chunk item [project]/node_modules/@prisma/client/runtime/client.mjs [app-client] (ecmascript) <locals>
- Execution of <EcmascriptModuleLocalsModule as EcmascriptChunkPlaceable>::chunk_item_content failed
- Execution of *EcmascriptChunkItemContent::new failed
- Execution of EcmascriptModuleContent::new failed
- the chunking context (unknown) does not support external modules (request: node:module)

Import trace:
  Client Component Browser:
    ./node_modules/@prisma/client/runtime/client.mjs [Client Component Browser]
    ./app/generated/prisma/internal/prismaNamespace.ts [Client Component Browser]
    ./app/generated/prisma/client.ts [Client Component Browser]
    ./lib/prisma.ts [Client Component Browser]
    ./lib/cleanup.ts [Client Component Browser]
    ./app/(manager)/settings/page.tsx [Client Component Browser]
    ./app/(manager)/settings/page.tsx [Server Component] @ http://localhost:3000/_next/static/chunks/node_modules_next_dist_0u_w_5s._.js:1945
[   19879ms] [ERROR] ./node_modules/@prisma/client/runtime/client.mjs
Code generation for chunk item errored
An error occurred while generating the chunk item [project]/node_modules/@prisma/client/runtime/client.mjs [app-client] (ecmascript) <locals>

Caused by:
- the chunking context (unknown) does not support external modules (request: node:module)

Debug info:
- An error occurred while generating the chunk item [project]/node_modules/@prisma/client/runtime/client.mjs [app-client] (ecmascript) <locals>
- Execution of <EcmascriptModuleLocalsModule as EcmascriptChunkPlaceable>::chunk_item_content failed
- Execution of *EcmascriptChunkItemContent::new failed
- Execution of EcmascriptModuleContent::new failed
- the chunking context (unknown) does not support external modules (request: node:module)

Import trace:
  Client Component Browser:
    ./node_modules/@prisma/client/runtime/client.mjs [Client Component Browser]
    ./app/generated/prisma/internal/prismaNamespace.ts [Client Component Browser]
    ./app/generated/prisma/client.ts [Client Component Browser]
    ./lib/prisma.ts [Client Component Browser]
    ./lib/cleanup.ts [Client Component Browser]
    ./app/(manager)/settings/page.tsx [Client Component Browser]
    ./app/(manager)/settings/page.tsx [Server Component] @ http://localhost:3000/_next/static/chunks/node_modules_next_dist_0u_w_5s._.js:1945
[   19933ms] [ERROR] ./node_modules/@prisma/client/runtime/client.mjs
Code generation for chunk item errored
An error occurred while generating the chunk item [project]/node_modules/@prisma/client/runtime/client.mjs [app-client] (ecmascript) <locals>

Caused by:
- the chunking context (unknown) does not support external modules (request: node:module)

Debug info:
- An error occurred while generating the chunk item [project]/node_modules/@prisma/client/runtime/client.mjs [app-client] (ecmascript) <locals>
- Execution of <EcmascriptModuleLocalsModule as EcmascriptChunkPlaceable>::chunk_item_content failed
- Execution of *EcmascriptChunkItemContent::new failed
- Execution of EcmascriptModuleContent::new failed
- the chunking context (unknown) does not support external modules (request: node:module)

Import trace:
  Client Component Browser:
    ./node_modules/@prisma/client/runtime/client.mjs [Client Component Browser]
    ./app/generated/prisma/internal/prismaNamespace.ts [Client Component Browser]
    ./app/generated/prisma/client.ts [Client Component Browser]
    ./lib/prisma.ts [Client Component Browser]
    ./lib/cleanup.ts [Client Component Browser]
    ./app/(manager)/settings/page.tsx [Client Component Browser]
    ./app/(manager)/settings/page.tsx [Server Component] @ http://localhost:3000/_next/static/chunks/node_modules_next_dist_0u_w_5s._.js:1945
[   19986ms] [ERROR] ./node_modules/@prisma/client/runtime/client.mjs
Code generation for chunk item errored
An error occurred while generating the chunk item [project]/node_modules/@prisma/client/runtime/client.mjs [app-client] (ecmascript) <locals>

Caused by:
- the chunking context (unknown) does not support external modules (request: node:module)

Debug info:
- An error occurred while generating the chunk item [project]/node_modules/@prisma/client/runtime/client.mjs [app-client] (ecmascript) <locals>
- Execution of <EcmascriptModuleLocalsModule as EcmascriptChunkPlaceable>::chunk_item_content failed
- Execution of *EcmascriptChunkItemContent::new failed
- Execution of EcmascriptModuleContent::new failed
- the chunking context (unknown) does not support external modules (request: node:module)

Import trace:
  Client Component Browser:
    ./node_modules/@prisma/client/runtime/client.mjs [Client Component Browser]
    ./app/generated/prisma/internal/prismaNamespace.ts [Client Component Browser]
    ./app/generated/prisma/client.ts [Client Component Browser]
    ./lib/prisma.ts [Client Component Browser]
    ./lib/cleanup.ts [Client Component Browser]
    ./app/(manager)/settings/page.tsx [Client Component Browser]
    ./app/(manager)/settings/page.tsx [Server Component] @ http://localhost:3000/_next/static/chunks/node_modules_next_dist_0u_w_5s._.js:1945
[   20042ms] [ERROR] ./node_modules/@prisma/client/runtime/client.mjs
Code generation for chunk item errored
An error occurred while generating the chunk item [project]/node_modules/@prisma/client/runtime/client.mjs [app-client] (ecmascript) <locals>

Caused by:
- the chunking context (unknown) does not support external modules (request: node:module)

Debug info:
- An error occurred while generating the chunk item [project]/node_modules/@prisma/client/runtime/client.mjs [app-client] (ecmascript) <locals>
- Execution of <EcmascriptModuleLocalsModule as EcmascriptChunkPlaceable>::chunk_item_content failed
- Execution of *EcmascriptChunkItemContent::new failed
- Execution of EcmascriptModuleContent::new failed
- the chunking context (unknown) does not support external modules (request: node:module)

Import trace:
  Client Component Browser:
    ./node_modules/@prisma/client/runtime/client.mjs [Client Component Browser]
    ./app/generated/prisma/internal/prismaNamespace.ts [Client Component Browser]
    ./app/generated/prisma/client.ts [Client Component Browser]
    ./lib/prisma.ts [Client Component Browser]
    ./lib/cleanup.ts [Client Component Browser]
    ./app/(manager)/settings/page.tsx [Client Component Browser]
    ./app/(manager)/settings/page.tsx [Server Component] @ http://localhost:3000/_next/static/chunks/node_modules_next_dist_0u_w_5s._.js:1945
[   20099ms] [ERROR] ./node_modules/@prisma/client/runtime/client.mjs
Code generation for chunk item errored
An error occurred while generating the chunk item [project]/node_modules/@prisma/client/runtime/client.mjs [app-client] (ecmascript) <locals>

Caused by:
- the chunking context (unknown) does not support external modules (request: node:module)

Debug info:
- An error occurred while generating the chunk item [project]/node_modules/@prisma/client/runtime/client.mjs [app-client] (ecmascript) <locals>
- Execution of <EcmascriptModuleLocalsModule as EcmascriptChunkPlaceable>::chunk_item_content failed
- Execution of *EcmascriptChunkItemContent::new failed
- Execution of EcmascriptModuleContent::new failed
- the chunking context (unknown) does not support external modules (request: node:module)

Import trace:
  Client Component Browser:
    ./node_modules/@prisma/client/runtime/client.mjs [Client Component Browser]
    ./app/generated/prisma/internal/prismaNamespace.ts [Client Component Browser]
    ./app/generated/prisma/client.ts [Client Component Browser]
    ./lib/prisma.ts [Client Component Browser]
    ./lib/cleanup.ts [Client Component Browser]
    ./app/(manager)/settings/page.tsx [Client Component Browser]
    ./app/(manager)/settings/page.tsx [Server Component] @ http://localhost:3000/_next/static/chunks/node_modules_next_dist_0u_w_5s._.js:1945
[   20154ms] [ERROR] ./node_modules/@prisma/client/runtime/client.mjs
Code generation for chunk item errored
An error occurred while generating the chunk item [project]/node_modules/@prisma/client/runtime/client.mjs [app-client] (ecmascript) <locals>

Caused by:
- the chunking context (unknown) does not support external modules (request: node:module)

Debug info:
- An error occurred while generating the chunk item [project]/node_modules/@prisma/client/runtime/client.mjs [app-client] (ecmascript) <locals>
- Execution of <EcmascriptModuleLocalsModule as EcmascriptChunkPlaceable>::chunk_item_content failed
- Execution of *EcmascriptChunkItemContent::new failed
- Execution of EcmascriptModuleContent::new failed
- the chunking context (unknown) does not support external modules (request: node:module)

Import trace:
  Client Component Browser:
    ./node_modules/@prisma/client/runtime/client.mjs [Client Component Browser]
    ./app/generated/prisma/internal/prismaNamespace.ts [Client Component Browser]
    ./app/generated/prisma/client.ts [Client Component Browser]
    ./lib/prisma.ts [Client Component Browser]
    ./lib/cleanup.ts [Client Component Browser]
    ./app/(manager)/settings/page.tsx [Client Component Browser]
    ./app/(manager)/settings/page.tsx [Server Component] @ http://localhost:3000/_next/static/chunks/node_modules_next_dist_0u_w_5s._.js:1945
[   20210ms] [ERROR] ./node_modules/@prisma/client/runtime/client.mjs
Code generation for chunk item errored
An error occurred while generating the chunk item [project]/node_modules/@prisma/client/runtime/client.mjs [app-client] (ecmascript) <locals>

Caused by:
- the chunking context (unknown) does not support external modules (request: node:module)

Debug info:
- An error occurred while generating the chunk item [project]/node_modules/@prisma/client/runtime/client.mjs [app-client] (ecmascript) <locals>
- Execution of <EcmascriptModuleLocalsModule as EcmascriptChunkPlaceable>::chunk_item_content failed
- Execution of *EcmascriptChunkItemContent::new failed
- Execution of EcmascriptModuleContent::new failed
- the chunking context (unknown) does not support external modules (request: node:module)

Import trace:
  Client Component Browser:
    ./node_modules/@prisma/client/runtime/client.mjs [Client Component Browser]
    ./app/generated/prisma/internal/prismaNamespace.ts [Client Component Browser]
    ./app/generated/prisma/client.ts [Client Component Browser]
    ./lib/prisma.ts [Client Component Browser]
    ./lib/cleanup.ts [Client Component Browser]
    ./app/(manager)/settings/page.tsx [Client Component Browser]
    ./app/(manager)/settings/page.tsx [Server Component] @ http://localhost:3000/_next/static/chunks/node_modules_next_dist_0u_w_5s._.js:1945
[   20265ms] [ERROR] ./node_modules/@prisma/client/runtime/client.mjs
Code generation for chunk item errored
An error occurred while generating the chunk item [project]/node_modules/@prisma/client/runtime/client.mjs [app-client] (ecmascript) <locals>

Caused by:
- the chunking context (unknown) does not support external modules (request: node:module)

Debug info:
- An error occurred while generating the chunk item [project]/node_modules/@prisma/client/runtime/client.mjs [app-client] (ecmascript) <locals>
- Execution of <EcmascriptModuleLocalsModule as EcmascriptChunkPlaceable>::chunk_item_content failed
- Execution of *EcmascriptChunkItemContent::new failed
- Execution of EcmascriptModuleContent::new failed
- the chunking context (unknown) does not support external modules (request: node:module)

Import trace:
  Client Component Browser:
    ./node_modules/@prisma/client/runtime/client.mjs [Client Component Browser]
    ./app/generated/prisma/internal/prismaNamespace.ts [Client Component Browser]
    ./app/generated/prisma/client.ts [Client Component Browser]
    ./lib/prisma.ts [Client Component Browser]
    ./lib/cleanup.ts [Client Component Browser]
    ./app/(manager)/settings/page.tsx [Client Component Browser]
    ./app/(manager)/settings/page.tsx [Server Component] @ http://localhost:3000/_next/static/chunks/node_modules_next_dist_0u_w_5s._.js:1945
[   20322ms] [ERROR] ./node_modules/@prisma/client/runtime/client.mjs
Code generation for chunk item errored
An error occurred while generating the chunk item [project]/node_modules/@prisma/client/runtime/client.mjs [app-client] (ecmascript) <locals>

Caused by:
- the chunking context (unknown) does not support external modules (request: node:module)

Debug info:
- An error occurred while generating the chunk item [project]/node_modules/@prisma/client/runtime/client.mjs [app-client] (ecmascript) <locals>
- Execution of <EcmascriptModuleLocalsModule as EcmascriptChunkPlaceable>::chunk_item_content failed
- Execution of *EcmascriptChunkItemContent::new failed
- Execution of EcmascriptModuleContent::new failed
- the chunking context (unknown) does not support external modules (request: node:module)

Import trace:
  Client Component Browser:
    ./node_modules/@prisma/client/runtime/client.mjs [Client Component Browser]
    ./app/generated/prisma/internal/prismaNamespace.ts [Client Component Browser]
    ./app/generated/prisma/client.ts [Client Component Browser]
    ./lib/prisma.ts [Client Component Browser]
    ./lib/cleanup.ts [Client Component Browser]
    ./app/(manager)/settings/page.tsx [Client Component Browser]
    ./app/(manager)/settings/page.tsx [Server Component] @ http://localhost:3000/_next/static/chunks/node_modules_next_dist_0u_w_5s._.js:1945
[   20378ms] [ERROR] ./node_modules/@prisma/client/runtime/client.mjs
Code generation for chunk item errored
An error occurred while generating the chunk item [project]/node_modules/@prisma/client/runtime/client.mjs [app-client] (ecmascript) <locals>

Caused by:
- the chunking context (unknown) does not support external modules (request: node:module)

Debug info:
- An error occurred while generating the chunk item [project]/node_modules/@prisma/client/runtime/client.mjs [app-client] (ecmascript) <locals>
- Execution of <EcmascriptModuleLocalsModule as EcmascriptChunkPlaceable>::chunk_item_content failed
- Execution of *EcmascriptChunkItemContent::new failed
- Execution of EcmascriptModuleContent::new failed
- the chunking context (unknown) does not support external modules (request: node:module)

Import trace:
  Client Component Browser:
    ./node_modules/@prisma/client/runtime/client.mjs [Client Component Browser]
    ./app/generated/prisma/internal/prismaNamespace.ts [Client Component Browser]
    ./app/generated/prisma/client.ts [Client Component Browser]
    ./lib/prisma.ts [Client Component Browser]
    ./lib/cleanup.ts [Client Component Browser]
    ./app/(manager)/settings/page.tsx [Client Component Browser]
    ./app/(manager)/settings/page.tsx [Server Component] @ http://localhost:3000/_next/static/chunks/node_modules_next_dist_0u_w_5s._.js:1945
[   20433ms] [ERROR] ./node_modules/@prisma/client/runtime/client.mjs
Code generation for chunk item errored
An error occurred while generating the chunk item [project]/node_modules/@prisma/client/runtime/client.mjs [app-client] (ecmascript) <locals>

Caused by:
- the chunking context (unknown) does not support external modules (request: node:module)

Debug info:
- An error occurred while generating the chunk item [project]/node_modules/@prisma/client/runtime/client.mjs [app-client] (ecmascript) <locals>
- Execution of <EcmascriptModuleLocalsModule as EcmascriptChunkPlaceable>::chunk_item_content failed
- Execution of *EcmascriptChunkItemContent::new failed
- Execution of EcmascriptModuleContent::new failed
- the chunking context (unknown) does not support external modules (request: node:module)

Import trace:
  Client Component Browser:
    ./node_modules/@prisma/client/runtime/client.mjs [Client Component Browser]
    ./app/generated/prisma/internal/prismaNamespace.ts [Client Component Browser]
    ./app/generated/prisma/client.ts [Client Component Browser]
    ./lib/prisma.ts [Client Component Browser]
    ./lib/cleanup.ts [Client Component Browser]
    ./app/(manager)/settings/page.tsx [Client Component Browser]
    ./app/(manager)/settings/page.tsx [Server Component] @ http://localhost:3000/_next/static/chunks/node_modules_next_dist_0u_w_5s._.js:1945
[   20487ms] [ERROR] ./node_modules/@prisma/client/runtime/client.mjs
Code generation for chunk item errored
An error occurred while generating the chunk item [project]/node_modules/@prisma/client/runtime/client.mjs [app-client] (ecmascript) <locals>

Caused by:
- the chunking context (unknown) does not support external modules (request: node:module)

Debug info:
- An error occurred while generating the chunk item [project]/node_modules/@prisma/client/runtime/client.mjs [app-client] (ecmascript) <locals>
- Execution of <EcmascriptModuleLocalsModule as EcmascriptChunkPlaceable>::chunk_item_content failed
- Execution of *EcmascriptChunkItemContent::new failed
- Execution of EcmascriptModuleContent::new failed
- the chunking context (unknown) does not support external modules (request: node:module)

Import trace:
  Client Component Browser:
    ./node_modules/@prisma/client/runtime/client.mjs [Client Component Browser]
    ./app/generated/prisma/internal/prismaNamespace.ts [Client Component Browser]
    ./app/generated/prisma/client.ts [Client Component Browser]
    ./lib/prisma.ts [Client Component Browser]
    ./lib/cleanup.ts [Client Component Browser]
    ./app/(manager)/settings/page.tsx [Client Component Browser]
    ./app/(manager)/settings/page.tsx [Server Component] @ http://localhost:3000/_next/static/chunks/node_modules_next_dist_0u_w_5s._.js:1945
[   20545ms] [ERROR] ./node_modules/@prisma/client/runtime/client.mjs
Code generation for chunk item errored
An error occurred while generating the chunk item [project]/node_modules/@prisma/client/runtime/client.mjs [app-client] (ecmascript) <locals>

Caused by:
- the chunking context (unknown) does not support external modules (request: node:module)

Debug info:
- An error occurred while generating the chunk item [project]/node_modules/@prisma/client/runtime/client.mjs [app-client] (ecmascript) <locals>
- Execution of <EcmascriptModuleLocalsModule as EcmascriptChunkPlaceable>::chunk_item_content failed
- Execution of *EcmascriptChunkItemContent::new failed
- Execution of EcmascriptModuleContent::new failed
- the chunking context (unknown) does not support external modules (request: node:module)

Import trace:
  Client Component Browser:
    ./node_modules/@prisma/client/runtime/client.mjs [Client Component Browser]
    ./app/generated/prisma/internal/prismaNamespace.ts [Client Component Browser]
    ./app/generated/prisma/client.ts [Client Component Browser]
    ./lib/prisma.ts [Client Component Browser]
    ./lib/cleanup.ts [Client Component Browser]
    ./app/(manager)/settings/page.tsx [Client Component Browser]
    ./app/(manager)/settings/page.tsx [Server Component] @ http://localhost:3000/_next/static/chunks/node_modules_next_dist_0u_w_5s._.js:1945
[   20597ms] [ERROR] ./node_modules/@prisma/client/runtime/client.mjs
Code generation for chunk item errored
An error occurred while generating the chunk item [project]/node_modules/@prisma/client/runtime/client.mjs [app-client] (ecmascript) <locals>

Caused by:
- the chunking context (unknown) does not support external modules (request: node:module)

Debug info:
- An error occurred while generating the chunk item [project]/node_modules/@prisma/client/runtime/client.mjs [app-client] (ecmascript) <locals>
- Execution of <EcmascriptModuleLocalsModule as EcmascriptChunkPlaceable>::chunk_item_content failed
- Execution of *EcmascriptChunkItemContent::new failed
- Execution of EcmascriptModuleContent::new failed
- the chunking context (unknown) does not support external modules (request: node:module)

Import trace:
  Client Component Browser:
    ./node_modules/@prisma/client/runtime/client.mjs [Client Component Browser]
    ./app/generated/prisma/internal/prismaNamespace.ts [Client Component Browser]
    ./app/generated/prisma/client.ts [Client Component Browser]
    ./lib/prisma.ts [Client Component Browser]
    ./lib/cleanup.ts [Client Component Browser]
    ./app/(manager)/settings/page.tsx [Client Component Browser]
    ./app/(manager)/settings/page.tsx [Server Component] @ http://localhost:3000/_next/static/chunks/node_modules_next_dist_0u_w_5s._.js:1945
[   20652ms] [ERROR] ./node_modules/@prisma/client/runtime/client.mjs
Code generation for chunk item errored
An error occurred while generating the chunk item [project]/node_modules/@prisma/client/runtime/client.mjs [app-client] (ecmascript) <locals>

Caused by:
- the chunking context (unknown) does not support external modules (request: node:module)

Debug info:
- An error occurred while generating the chunk item [project]/node_modules/@prisma/client/runtime/client.mjs [app-client] (ecmascript) <locals>
- Execution of <EcmascriptModuleLocalsModule as EcmascriptChunkPlaceable>::chunk_item_content failed
- Execution of *EcmascriptChunkItemContent::new failed
- Execution of EcmascriptModuleContent::new failed
- the chunking context (unknown) does not support external modules (request: node:module)

Import trace:
  Client Component Browser:
    ./node_modules/@prisma/client/runtime/client.mjs [Client Component Browser]
    ./app/generated/prisma/internal/prismaNamespace.ts [Client Component Browser]
    ./app/generated/prisma/client.ts [Client Component Browser]
    ./lib/prisma.ts [Client Component Browser]
    ./lib/cleanup.ts [Client Component Browser]
    ./app/(manager)/settings/page.tsx [Client Component Browser]
    ./app/(manager)/settings/page.tsx [Server Component] @ http://localhost:3000/_next/static/chunks/node_modules_next_dist_0u_w_5s._.js:1945
[   20708ms] [ERROR] ./node_modules/@prisma/client/runtime/client.mjs
Code generation for chunk item errored
An error occurred while generating the chunk item [project]/node_modules/@prisma/client/runtime/client.mjs [app-client] (ecmascript) <locals>

Caused by:
- the chunking context (unknown) does not support external modules (request: node:module)

Debug info:
- An error occurred while generating the chunk item [project]/node_modules/@prisma/client/runtime/client.mjs [app-client] (ecmascript) <locals>
- Execution of <EcmascriptModuleLocalsModule as EcmascriptChunkPlaceable>::chunk_item_content failed
- Execution of *EcmascriptChunkItemContent::new failed
- Execution of EcmascriptModuleContent::new failed
- the chunking context (unknown) does not support external modules (request: node:module)

Import trace:
  Client Component Browser:
    ./node_modules/@prisma/client/runtime/client.mjs [Client Component Browser]
    ./app/generated/prisma/internal/prismaNamespace.ts [Client Component Browser]
    ./app/generated/prisma/client.ts [Client Component Browser]
    ./lib/prisma.ts [Client Component Browser]
    ./lib/cleanup.ts [Client Component Browser]
    ./app/(manager)/settings/page.tsx [Client Component Browser]
    ./app/(manager)/settings/page.tsx [Server Component] @ http://localhost:3000/_next/static/chunks/node_modules_next_dist_0u_w_5s._.js:1945
[   20763ms] [ERROR] ./node_modules/@prisma/client/runtime/client.mjs
Code generation for chunk item errored
An error occurred while generating the chunk item [project]/node_modules/@prisma/client/runtime/client.mjs [app-client] (ecmascript) <locals>

Caused by:
- the chunking context (unknown) does not support external modules (request: node:module)

Debug info:
- An error occurred while generating the chunk item [project]/node_modules/@prisma/client/runtime/client.mjs [app-client] (ecmascript) <locals>
- Execution of <EcmascriptModuleLocalsModule as EcmascriptChunkPlaceable>::chunk_item_content failed
- Execution of *EcmascriptChunkItemContent::new failed
- Execution of EcmascriptModuleContent::new failed
- the chunking context (unknown) does not support external modules (request: node:module)

Import trace:
  Client Component Browser:
    ./node_modules/@prisma/client/runtime/client.mjs [Client Component Browser]
    ./app/generated/prisma/internal/prismaNamespace.ts [Client Component Browser]
    ./app/generated/prisma/client.ts [Client Component Browser]
    ./lib/prisma.ts [Client Component Browser]
    ./lib/cleanup.ts [Client Component Browser]
    ./app/(manager)/settings/page.tsx [Client Component Browser]
    ./app/(manager)/settings/page.tsx [Server Component] @ http://localhost:3000/_next/static/chunks/node_modules_next_dist_0u_w_5s._.js:1945
[   20818ms] [ERROR] ./node_modules/@prisma/client/runtime/client.mjs
Code generation for chunk item errored
An error occurred while generating the chunk item [project]/node_modules/@prisma/client/runtime/client.mjs [app-client] (ecmascript) <locals>

Caused by:
- the chunking context (unknown) does not support external modules (request: node:module)

Debug info:
- An error occurred while generating the chunk item [project]/node_modules/@prisma/client/runtime/client.mjs [app-client] (ecmascript) <locals>
- Execution of <EcmascriptModuleLocalsModule as EcmascriptChunkPlaceable>::chunk_item_content failed
- Execution of *EcmascriptChunkItemContent::new failed
- Execution of EcmascriptModuleContent::new failed
- the chunking context (unknown) does not support external modules (request: node:module)

Import trace:
  Client Component Browser:
    ./node_modules/@prisma/client/runtime/client.mjs [Client Component Browser]
    ./app/generated/prisma/internal/prismaNamespace.ts [Client Component Browser]
    ./app/generated/prisma/client.ts [Client Component Browser]
    ./lib/prisma.ts [Client Component Browser]
    ./lib/cleanup.ts [Client Component Browser]
    ./app/(manager)/settings/page.tsx [Client Component Browser]
    ./app/(manager)/settings/page.tsx [Server Component] @ http://localhost:3000/_next/static/chunks/node_modules_next_dist_0u_w_5s._.js:1945
[   20882ms] [ERROR] ./node_modules/@prisma/client/runtime/client.mjs
Code generation for chunk item errored
An error occurred while generating the chunk item [project]/node_modules/@prisma/client/runtime/client.mjs [app-client] (ecmascript) <locals>

Caused by:
- the chunking context (unknown) does not support external modules (request: node:module)

Debug info:
- An error occurred while generating the chunk item [project]/node_modules/@prisma/client/runtime/client.mjs [app-client] (ecmascript) <locals>
- Execution of <EcmascriptModuleLocalsModule as EcmascriptChunkPlaceable>::chunk_item_content failed
- Execution of *EcmascriptChunkItemContent::new failed
- Execution of EcmascriptModuleContent::new failed
- the chunking context (unknown) does not support external modules (request: node:module)

Import trace:
  Client Component Browser:
    ./node_modules/@prisma/client/runtime/client.mjs [Client Component Browser]
    ./app/generated/prisma/internal/prismaNamespace.ts [Client Component Browser]
    ./app/generated/prisma/client.ts [Client Component Browser]
    ./lib/prisma.ts [Client Component Browser]
    ./lib/cleanup.ts [Client Component Browser]
    ./app/(manager)/settings/page.tsx [Client Component Browser]
    ./app/(manager)/settings/page.tsx [Server Component] @ http://localhost:3000/_next/static/chunks/node_modules_next_dist_0u_w_5s._.js:1945
[   20939ms] [ERROR] ./node_modules/@prisma/client/runtime/client.mjs
Code generation for chunk item errored
An error occurred while generating the chunk item [project]/node_modules/@prisma/client/runtime/client.mjs [app-client] (ecmascript) <locals>

Caused by:
- the chunking context (unknown) does not support external modules (request: node:module)

Debug info:
- An error occurred while generating the chunk item [project]/node_modules/@prisma/client/runtime/client.mjs [app-client] (ecmascript) <locals>
- Execution of <EcmascriptModuleLocalsModule as EcmascriptChunkPlaceable>::chunk_item_content failed
- Execution of *EcmascriptChunkItemContent::new failed
- Execution of EcmascriptModuleContent::new failed
- the chunking context (unknown) does not support external modules (request: node:module)

Import trace:
  Client Component Browser:
    ./node_modules/@prisma/client/runtime/client.mjs [Client Component Browser]
    ./app/generated/prisma/internal/prismaNamespace.ts [Client Component Browser]
    ./app/generated/prisma/client.ts [Client Component Browser]
    ./lib/prisma.ts [Client Component Browser]
    ./lib/cleanup.ts [Client Component Browser]
    ./app/(manager)/settings/page.tsx [Client Component Browser]
    ./app/(manager)/settings/page.tsx [Server Component] @ http://localhost:3000/_next/static/chunks/node_modules_next_dist_0u_w_5s._.js:1945
[   20993ms] [ERROR] ./node_modules/@prisma/client/runtime/client.mjs
Code generation for chunk item errored
An error occurred while generating the chunk item [project]/node_modules/@prisma/client/runtime/client.mjs [app-client] (ecmascript) <locals>

Caused by:
- the chunking context (unknown) does not support external modules (request: node:module)

Debug info:
- An error occurred while generating the chunk item [project]/node_modules/@prisma/client/runtime/client.mjs [app-client] (ecmascript) <locals>
- Execution of <EcmascriptModuleLocalsModule as EcmascriptChunkPlaceable>::chunk_item_content failed
- Execution of *EcmascriptChunkItemContent::new failed
- Execution of EcmascriptModuleContent::new failed
- the chunking context (unknown) does not support external modules (request: node:module)

Import trace:
  Client Component Browser:
    ./node_modules/@prisma/client/runtime/client.mjs [Client Component Browser]
    ./app/generated/prisma/internal/prismaNamespace.ts [Client Component Browser]
    ./app/generated/prisma/client.ts [Client Component Browser]
    ./lib/prisma.ts [Client Component Browser]
    ./lib/cleanup.ts [Client Component Browser]
    ./app/(manager)/settings/page.tsx [Client Component Browser]
    ./app/(manager)/settings/page.tsx [Server Component] @ http://localhost:3000/_next/static/chunks/node_modules_next_dist_0u_w_5s._.js:1945
[   21049ms] [ERROR] ./node_modules/@prisma/client/runtime/client.mjs
Code generation for chunk item errored
An error occurred while generating the chunk item [project]/node_modules/@prisma/client/runtime/client.mjs [app-client] (ecmascript) <locals>

Caused by:
- the chunking context (unknown) does not support external modules (request: node:module)

Debug info:
- An error occurred while generating the chunk item [project]/node_modules/@prisma/client/runtime/client.mjs [app-client] (ecmascript) <locals>
- Execution of <EcmascriptModuleLocalsModule as EcmascriptChunkPlaceable>::chunk_item_content failed
- Execution of *EcmascriptChunkItemContent::new failed
- Execution of EcmascriptModuleContent::new failed
- the chunking context (unknown) does not support external modules (request: node:module)

Import trace:
  Client Component Browser:
    ./node_modules/@prisma/client/runtime/client.mjs [Client Component Browser]
    ./app/generated/prisma/internal/prismaNamespace.ts [Client Component Browser]
    ./app/generated/prisma/client.ts [Client Component Browser]
    ./lib/prisma.ts [Client Component Browser]
    ./lib/cleanup.ts [Client Component Browser]
    ./app/(manager)/settings/page.tsx [Client Component Browser]
    ./app/(manager)/settings/page.tsx [Server Component] @ http://localhost:3000/_next/static/chunks/node_modules_next_dist_0u_w_5s._.js:1945
[   21104ms] [ERROR] ./node_modules/@prisma/client/runtime/client.mjs
Code generation for chunk item errored
An error occurred while generating the chunk item [project]/node_modules/@prisma/client/runtime/client.mjs [app-client] (ecmascript) <locals>

Caused by:
- the chunking context (unknown) does not support external modules (request: node:module)

Debug info:
- An error occurred while generating the chunk item [project]/node_modules/@prisma/client/runtime/client.mjs [app-client] (ecmascript) <locals>
- Execution of <EcmascriptModuleLocalsModule as EcmascriptChunkPlaceable>::chunk_item_content failed
- Execution of *EcmascriptChunkItemContent::new failed
- Execution of EcmascriptModuleContent::new failed
- the chunking context (unknown) does not support external modules (request: node:module)

Import trace:
  Client Component Browser:
    ./node_modules/@prisma/client/runtime/client.mjs [Client Component Browser]
    ./app/generated/prisma/internal/prismaNamespace.ts [Client Component Browser]
    ./app/generated/prisma/client.ts [Client Component Browser]
    ./lib/prisma.ts [Client Component Browser]
    ./lib/cleanup.ts [Client Component Browser]
    ./app/(manager)/settings/page.tsx [Client Component Browser]
    ./app/(manager)/settings/page.tsx [Server Component] @ http://localhost:3000/_next/static/chunks/node_modules_next_dist_0u_w_5s._.js:1945
[   21161ms] [ERROR] ./node_modules/@prisma/client/runtime/client.mjs
Code generation for chunk item errored
An error occurred while generating the chunk item [project]/node_modules/@prisma/client/runtime/client.mjs [app-client] (ecmascript) <locals>

Caused by:
- the chunking context (unknown) does not support external modules (request: node:module)

Debug info:
- An error occurred while generating the chunk item [project]/node_modules/@prisma/client/runtime/client.mjs [app-client] (ecmascript) <locals>
- Execution of <EcmascriptModuleLocalsModule as EcmascriptChunkPlaceable>::chunk_item_content failed
- Execution of *EcmascriptChunkItemContent::new failed
- Execution of EcmascriptModuleContent::new failed
- the chunking context (unknown) does not support external modules (request: node:module)

Import trace:
  Client Component Browser:
    ./node_modules/@prisma/client/runtime/client.mjs [Client Component Browser]
    ./app/generated/prisma/internal/prismaNamespace.ts [Client Component Browser]
    ./app/generated/prisma/client.ts [Client Component Browser]
    ./lib/prisma.ts [Client Component Browser]
    ./lib/cleanup.ts [Client Component Browser]
    ./app/(manager)/settings/page.tsx [Client Component Browser]
    ./app/(manager)/settings/page.tsx [Server Component] @ http://localhost:3000/_next/static/chunks/node_modules_next_dist_0u_w_5s._.js:1945
[   21220ms] [ERROR] ./node_modules/@prisma/client/runtime/client.mjs
Code generation for chunk item errored
An error occurred while generating the chunk item [project]/node_modules/@prisma/client/runtime/client.mjs [app-client] (ecmascript) <locals>

Caused by:
- the chunking context (unknown) does not support external modules (request: node:module)

Debug info:
- An error occurred while generating the chunk item [project]/node_modules/@prisma/client/runtime/client.mjs [app-client] (ecmascript) <locals>
- Execution of <EcmascriptModuleLocalsModule as EcmascriptChunkPlaceable>::chunk_item_content failed
- Execution of *EcmascriptChunkItemContent::new failed
- Execution of EcmascriptModuleContent::new failed
- the chunking context (unknown) does not support external modules (request: node:module)

Import trace:
  Client Component Browser:
    ./node_modules/@prisma/client/runtime/client.mjs [Client Component Browser]
    ./app/generated/prisma/internal/prismaNamespace.ts [Client Component Browser]
    ./app/generated/prisma/client.ts [Client Component Browser]
    ./lib/prisma.ts [Client Component Browser]
    ./lib/cleanup.ts [Client Component Browser]
    ./app/(manager)/settings/page.tsx [Client Component Browser]
    ./app/(manager)/settings/page.tsx [Server Component] @ http://localhost:3000/_next/static/chunks/node_modules_next_dist_0u_w_5s._.js:1945
[   21265ms] [ERROR] ./node_modules/@prisma/client/runtime/client.mjs
Code generation for chunk item errored
An error occurred while generating the chunk item [project]/node_modules/@prisma/client/runtime/client.mjs [app-client] (ecmascript) <locals>

Caused by:
- the chunking context (unknown) does not support external modules (request: node:module)

Debug info:
- An error occurred while generating the chunk item [project]/node_modules/@prisma/client/runtime/client.mjs [app-client] (ecmascript) <locals>
- Execution of <EcmascriptModuleLocalsModule as EcmascriptChunkPlaceable>::chunk_item_content failed
- Execution of *EcmascriptChunkItemContent::new failed
- Execution of EcmascriptModuleContent::new failed
- the chunking context (unknown) does not support external modules (request: node:module)

Import trace:
  Client Component Browser:
    ./node_modules/@prisma/client/runtime/client.mjs [Client Component Browser]
    ./app/generated/prisma/internal/prismaNamespace.ts [Client Component Browser]
    ./app/generated/prisma/client.ts [Client Component Browser]
    ./lib/prisma.ts [Client Component Browser]
    ./lib/cleanup.ts [Client Component Browser]
    ./app/(manager)/settings/page.tsx [Client Component Browser]
    ./app/(manager)/settings/page.tsx [Server Component] @ http://localhost:3000/_next/static/chunks/node_modules_next_dist_0u_w_5s._.js:1945
[   21323ms] [ERROR] ./node_modules/@prisma/client/runtime/client.mjs
Code generation for chunk item errored
An error occurred while generating the chunk item [project]/node_modules/@prisma/client/runtime/client.mjs [app-client] (ecmascript) <locals>

Caused by:
- the chunking context (unknown) does not support external modules (request: node:module)

Debug info:
- An error occurred while generating the chunk item [project]/node_modules/@prisma/client/runtime/client.mjs [app-client] (ecmascript) <locals>
- Execution of <EcmascriptModuleLocalsModule as EcmascriptChunkPlaceable>::chunk_item_content failed
- Execution of *EcmascriptChunkItemContent::new failed
- Execution of EcmascriptModuleContent::new failed
- the chunking context (unknown) does not support external modules (request: node:module)

Import trace:
  Client Component Browser:
    ./node_modules/@prisma/client/runtime/client.mjs [Client Component Browser]
    ./app/generated/prisma/internal/prismaNamespace.ts [Client Component Browser]
    ./app/generated/prisma/client.ts [Client Component Browser]
    ./lib/prisma.ts [Client Component Browser]
    ./lib/cleanup.ts [Client Component Browser]
    ./app/(manager)/settings/page.tsx [Client Component Browser]
    ./app/(manager)/settings/page.tsx [Server Component] @ http://localhost:3000/_next/static/chunks/node_modules_next_dist_0u_w_5s._.js:1945
[   21379ms] [ERROR] ./node_modules/@prisma/client/runtime/client.mjs
Code generation for chunk item errored
An error occurred while generating the chunk item [project]/node_modules/@prisma/client/runtime/client.mjs [app-client] (ecmascript) <locals>

Caused by:
- the chunking context (unknown) does not support external modules (request: node:module)

Debug info:
- An error occurred while generating the chunk item [project]/node_modules/@prisma/client/runtime/client.mjs [app-client] (ecmascript) <locals>
- Execution of <EcmascriptModuleLocalsModule as EcmascriptChunkPlaceable>::chunk_item_content failed
- Execution of *EcmascriptChunkItemContent::new failed
- Execution of EcmascriptModuleContent::new failed
- the chunking context (unknown) does not support external modules (request: node:module)

Import trace:
  Client Component Browser:
    ./node_modules/@prisma/client/runtime/client.mjs [Client Component Browser]
    ./app/generated/prisma/internal/prismaNamespace.ts [Client Component Browser]
    ./app/generated/prisma/client.ts [Client Component Browser]
    ./lib/prisma.ts [Client Component Browser]
    ./lib/cleanup.ts [Client Component Browser]
    ./app/(manager)/settings/page.tsx [Client Component Browser]
    ./app/(manager)/settings/page.tsx [Server Component] @ http://localhost:3000/_next/static/chunks/node_modules_next_dist_0u_w_5s._.js:1945
[   21435ms] [ERROR] ./node_modules/@prisma/client/runtime/client.mjs
Code generation for chunk item errored
An error occurred while generating the chunk item [project]/node_modules/@prisma/client/runtime/client.mjs [app-client] (ecmascript) <locals>

Caused by:
- the chunking context (unknown) does not support external modules (request: node:module)

Debug info:
- An error occurred while generating the chunk item [project]/node_modules/@prisma/client/runtime/client.mjs [app-client] (ecmascript) <locals>
- Execution of <EcmascriptModuleLocalsModule as EcmascriptChunkPlaceable>::chunk_item_content failed
- Execution of *EcmascriptChunkItemContent::new failed
- Execution of EcmascriptModuleContent::new failed
- the chunking context (unknown) does not support external modules (request: node:module)

Import trace:
  Client Component Browser:
    ./node_modules/@prisma/client/runtime/client.mjs [Client Component Browser]
    ./app/generated/prisma/internal/prismaNamespace.ts [Client Component Browser]
    ./app/generated/prisma/client.ts [Client Component Browser]
    ./lib/prisma.ts [Client Component Browser]
    ./lib/cleanup.ts [Client Component Browser]
    ./app/(manager)/settings/page.tsx [Client Component Browser]
    ./app/(manager)/settings/page.tsx [Server Component] @ http://localhost:3000/_next/static/chunks/node_modules_next_dist_0u_w_5s._.js:1945
[   21491ms] [ERROR] ./node_modules/@prisma/client/runtime/client.mjs
Code generation for chunk item errored
An error occurred while generating the chunk item [project]/node_modules/@prisma/client/runtime/client.mjs [app-client] (ecmascript) <locals>

Caused by:
- the chunking context (unknown) does not support external modules (request: node:module)

Debug info:
- An error occurred while generating the chunk item [project]/node_modules/@prisma/client/runtime/client.mjs [app-client] (ecmascript) <locals>
- Execution of <EcmascriptModuleLocalsModule as EcmascriptChunkPlaceable>::chunk_item_content failed
- Execution of *EcmascriptChunkItemContent::new failed
- Execution of EcmascriptModuleContent::new failed
- the chunking context (unknown) does not support external modules (request: node:module)

Import trace:
  Client Component Browser:
    ./node_modules/@prisma/client/runtime/client.mjs [Client Component Browser]
    ./app/generated/prisma/internal/prismaNamespace.ts [Client Component Browser]
    ./app/generated/prisma/client.ts [Client Component Browser]
    ./lib/prisma.ts [Client Component Browser]
    ./lib/cleanup.ts [Client Component Browser]
    ./app/(manager)/settings/page.tsx [Client Component Browser]
    ./app/(manager)/settings/page.tsx [Server Component] @ http://localhost:3000/_next/static/chunks/node_modules_next_dist_0u_w_5s._.js:1945
[   21545ms] [ERROR] ./node_modules/@prisma/client/runtime/client.mjs
Code generation for chunk item errored
An error occurred while generating the chunk item [project]/node_modules/@prisma/client/runtime/client.mjs [app-client] (ecmascript) <locals>

Caused by:
- the chunking context (unknown) does not support external modules (request: node:module)

Debug info:
- An error occurred while generating the chunk item [project]/node_modules/@prisma/client/runtime/client.mjs [app-client] (ecmascript) <locals>
- Execution of <EcmascriptModuleLocalsModule as EcmascriptChunkPlaceable>::chunk_item_content failed
- Execution of *EcmascriptChunkItemContent::new failed
- Execution of EcmascriptModuleContent::new failed
- the chunking context (unknown) does not support external modules (request: node:module)

Import trace:
  Client Component Browser:
    ./node_modules/@prisma/client/runtime/client.mjs [Client Component Browser]
    ./app/generated/prisma/internal/prismaNamespace.ts [Client Component Browser]
    ./app/generated/prisma/client.ts [Client Component Browser]
    ./lib/prisma.ts [Client Component Browser]
    ./lib/cleanup.ts [Client Component Browser]
    ./app/(manager)/settings/page.tsx [Client Component Browser]
    ./app/(manager)/settings/page.tsx [Server Component] @ http://localhost:3000/_next/static/chunks/node_modules_next_dist_0u_w_5s._.js:1945
[   21608ms] [ERROR] ./node_modules/@prisma/client/runtime/client.mjs
Code generation for chunk item errored
An error occurred while generating the chunk item [project]/node_modules/@prisma/client/runtime/client.mjs [app-client] (ecmascript) <locals>

Caused by:
- the chunking context (unknown) does not support external modules (request: node:module)

Debug info:
- An error occurred while generating the chunk item [project]/node_modules/@prisma/client/runtime/client.mjs [app-client] (ecmascript) <locals>
- Execution of <EcmascriptModuleLocalsModule as EcmascriptChunkPlaceable>::chunk_item_content failed
- Execution of *EcmascriptChunkItemContent::new failed
- Execution of EcmascriptModuleContent::new failed
- the chunking context (unknown) does not support external modules (request: node:module)

Import trace:
  Client Component Browser:
    ./node_modules/@prisma/client/runtime/client.mjs [Client Component Browser]
    ./app/generated/prisma/internal/prismaNamespace.ts [Client Component Browser]
    ./app/generated/prisma/client.ts [Client Component Browser]
    ./lib/prisma.ts [Client Component Browser]
    ./lib/cleanup.ts [Client Component Browser]
    ./app/(manager)/settings/page.tsx [Client Component Browser]
    ./app/(manager)/settings/page.tsx [Server Component] @ http://localhost:3000/_next/static/chunks/node_modules_next_dist_0u_w_5s._.js:1945
[   21664ms] [ERROR] ./node_modules/@prisma/client/runtime/client.mjs
Code generation for chunk item errored
An error occurred while generating the chunk item [project]/node_modules/@prisma/client/runtime/client.mjs [app-client] (ecmascript) <locals>

Caused by:
- the chunking context (unknown) does not support external modules (request: node:module)

Debug info:
- An error occurred while generating the chunk item [project]/node_modules/@prisma/client/runtime/client.mjs [app-client] (ecmascript) <locals>
- Execution of <EcmascriptModuleLocalsModule as EcmascriptChunkPlaceable>::chunk_item_content failed
- Execution of *EcmascriptChunkItemContent::new failed
- Execution of EcmascriptModuleContent::new failed
- the chunking context (unknown) does not support external modules (request: node:module)

Import trace:
  Client Component Browser:
    ./node_modules/@prisma/client/runtime/client.mjs [Client Component Browser]
    ./app/generated/prisma/internal/prismaNamespace.ts [Client Component Browser]
    ./app/generated/prisma/client.ts [Client Component Browser]
    ./lib/prisma.ts [Client Component Browser]
    ./lib/cleanup.ts [Client Component Browser]
    ./app/(manager)/settings/page.tsx [Client Component Browser]
    ./app/(manager)/settings/page.tsx [Server Component] @ http://localhost:3000/_next/static/chunks/node_modules_next_dist_0u_w_5s._.js:1945
[   21719ms] [ERROR] ./node_modules/@prisma/client/runtime/client.mjs
Code generation for chunk item errored
An error occurred while generating the chunk item [project]/node_modules/@prisma/client/runtime/client.mjs [app-client] (ecmascript) <locals>

Caused by:
- the chunking context (unknown) does not support external modules (request: node:module)

Debug info:
- An error occurred while generating the chunk item [project]/node_modules/@prisma/client/runtime/client.mjs [app-client] (ecmascript) <locals>
- Execution of <EcmascriptModuleLocalsModule as EcmascriptChunkPlaceable>::chunk_item_content failed
- Execution of *EcmascriptChunkItemContent::new failed
- Execution of EcmascriptModuleContent::new failed
- the chunking context (unknown) does not support external modules (request: node:module)

Import trace:
  Client Component Browser:
    ./node_modules/@prisma/client/runtime/client.mjs [Client Component Browser]
    ./app/generated/prisma/internal/prismaNamespace.ts [Client Component Browser]
    ./app/generated/prisma/client.ts [Client Component Browser]
    ./lib/prisma.ts [Client Component Browser]
    ./lib/cleanup.ts [Client Component Browser]
    ./app/(manager)/settings/page.tsx [Client Component Browser]
    ./app/(manager)/settings/page.tsx [Server Component] @ http://localhost:3000/_next/static/chunks/node_modules_next_dist_0u_w_5s._.js:1945
[   21780ms] [ERROR] ./node_modules/@prisma/client/runtime/client.mjs
Code generation for chunk item errored
An error occurred while generating the chunk item [project]/node_modules/@prisma/client/runtime/client.mjs [app-client] (ecmascript) <locals>

Caused by:
- the chunking context (unknown) does not support external modules (request: node:module)

Debug info:
- An error occurred while generating the chunk item [project]/node_modules/@prisma/client/runtime/client.mjs [app-client] (ecmascript) <locals>
- Execution of <EcmascriptModuleLocalsModule as EcmascriptChunkPlaceable>::chunk_item_content failed
- Execution of *EcmascriptChunkItemContent::new failed
- Execution of EcmascriptModuleContent::new failed
- the chunking context (unknown) does not support external modules (request: node:module)

Import trace:
  Client Component Browser:
    ./node_modules/@prisma/client/runtime/client.mjs [Client Component Browser]
    ./app/generated/prisma/internal/prismaNamespace.ts [Client Component Browser]
    ./app/generated/prisma/client.ts [Client Component Browser]
    ./lib/prisma.ts [Client Component Browser]
    ./lib/cleanup.ts [Client Component Browser]
    ./app/(manager)/settings/page.tsx [Client Component Browser]
    ./app/(manager)/settings/page.tsx [Server Component] @ http://localhost:3000/_next/static/chunks/node_modules_next_dist_0u_w_5s._.js:1945
[   21832ms] [ERROR] ./node_modules/@prisma/client/runtime/client.mjs
Code generation for chunk item errored
An error occurred while generating the chunk item [project]/node_modules/@prisma/client/runtime/client.mjs [app-client] (ecmascript) <locals>

Caused by:
- the chunking context (unknown) does not support external modules (request: node:module)

Debug info:
- An error occurred while generating the chunk item [project]/node_modules/@prisma/client/runtime/client.mjs [app-client] (ecmascript) <locals>
- Execution of <EcmascriptModuleLocalsModule as EcmascriptChunkPlaceable>::chunk_item_content failed
- Execution of *EcmascriptChunkItemContent::new failed
- Execution of EcmascriptModuleContent::new failed
- the chunking context (unknown) does not support external modules (request: node:module)

Import trace:
  Client Component Browser:
    ./node_modules/@prisma/client/runtime/client.mjs [Client Component Browser]
    ./app/generated/prisma/internal/prismaNamespace.ts [Client Component Browser]
    ./app/generated/prisma/client.ts [Client Component Browser]
    ./lib/prisma.ts [Client Component Browser]
    ./lib/cleanup.ts [Client Component Browser]
    ./app/(manager)/settings/page.tsx [Client Component Browser]
    ./app/(manager)/settings/page.tsx [Server Component] @ http://localhost:3000/_next/static/chunks/node_modules_next_dist_0u_w_5s._.js:1945
[   21885ms] [ERROR] ./node_modules/@prisma/client/runtime/client.mjs
Code generation for chunk item errored
An error occurred while generating the chunk item [project]/node_modules/@prisma/client/runtime/client.mjs [app-client] (ecmascript) <locals>

Caused by:
- the chunking context (unknown) does not support external modules (request: node:module)

Debug info:
- An error occurred while generating the chunk item [project]/node_modules/@prisma/client/runtime/client.mjs [app-client] (ecmascript) <locals>
- Execution of <EcmascriptModuleLocalsModule as EcmascriptChunkPlaceable>::chunk_item_content failed
- Execution of *EcmascriptChunkItemContent::new failed
- Execution of EcmascriptModuleContent::new failed
- the chunking context (unknown) does not support external modules (request: node:module)

Import trace:
  Client Component Browser:
    ./node_modules/@prisma/client/runtime/client.mjs [Client Component Browser]
    ./app/generated/prisma/internal/prismaNamespace.ts [Client Component Browser]
    ./app/generated/prisma/client.ts [Client Component Browser]
    ./lib/prisma.ts [Client Component Browser]
    ./lib/cleanup.ts [Client Component Browser]
    ./app/(manager)/settings/page.tsx [Client Component Browser]
    ./app/(manager)/settings/page.tsx [Server Component] @ http://localhost:3000/_next/static/chunks/node_modules_next_dist_0u_w_5s._.js:1945
[   21941ms] [ERROR] ./node_modules/@prisma/client/runtime/client.mjs
Code generation for chunk item errored
An error occurred while generating the chunk item [project]/node_modules/@prisma/client/runtime/client.mjs [app-client] (ecmascript) <locals>

Caused by:
- the chunking context (unknown) does not support external modules (request: node:module)

Debug info:
- An error occurred while generating the chunk item [project]/node_modules/@prisma/client/runtime/client.mjs [app-client] (ecmascript) <locals>
- Execution of <EcmascriptModuleLocalsModule as EcmascriptChunkPlaceable>::chunk_item_content failed
- Execution of *EcmascriptChunkItemContent::new failed
- Execution of EcmascriptModuleContent::new failed
- the chunking context (unknown) does not support external modules (request: node:module)

Import trace:
  Client Component Browser:
    ./node_modules/@prisma/client/runtime/client.mjs [Client Component Browser]
    ./app/generated/prisma/internal/prismaNamespace.ts [Client Component Browser]
    ./app/generated/prisma/client.ts [Client Component Browser]
    ./lib/prisma.ts [Client Component Browser]
    ./lib/cleanup.ts [Client Component Browser]
    ./app/(manager)/settings/page.tsx [Client Component Browser]
    ./app/(manager)/settings/page.tsx [Server Component] @ http://localhost:3000/_next/static/chunks/node_modules_next_dist_0u_w_5s._.js:1945
[   21997ms] [ERROR] ./node_modules/@prisma/client/runtime/client.mjs
Code generation for chunk item errored
An error occurred while generating the chunk item [project]/node_modules/@prisma/client/runtime/client.mjs [app-client] (ecmascript) <locals>

Caused by:
- the chunking context (unknown) does not support external modules (request: node:module)

Debug info:
- An error occurred while generating the chunk item [project]/node_modules/@prisma/client/runtime/client.mjs [app-client] (ecmascript) <locals>
- Execution of <EcmascriptModuleLocalsModule as EcmascriptChunkPlaceable>::chunk_item_content failed
- Execution of *EcmascriptChunkItemContent::new failed
- Execution of EcmascriptModuleContent::new failed
- the chunking context (unknown) does not support external modules (request: node:module)

Import trace:
  Client Component Browser:
    ./node_modules/@prisma/client/runtime/client.mjs [Client Component Browser]
    ./app/generated/prisma/internal/prismaNamespace.ts [Client Component Browser]
    ./app/generated/prisma/client.ts [Client Component Browser]
    ./lib/prisma.ts [Client Component Browser]
    ./lib/cleanup.ts [Client Component Browser]
    ./app/(manager)/settings/page.tsx [Client Component Browser]
    ./app/(manager)/settings/page.tsx [Server Component] @ http://localhost:3000/_next/static/chunks/node_modules_next_dist_0u_w_5s._.js:1945
[   22050ms] [ERROR] ./node_modules/@prisma/client/runtime/client.mjs
Code generation for chunk item errored
An error occurred while generating the chunk item [project]/node_modules/@prisma/client/runtime/client.mjs [app-client] (ecmascript) <locals>

Caused by:
- the chunking context (unknown) does not support external modules (request: node:module)

Debug info:
- An error occurred while generating the chunk item [project]/node_modules/@prisma/client/runtime/client.mjs [app-client] (ecmascript) <locals>
- Execution of <EcmascriptModuleLocalsModule as EcmascriptChunkPlaceable>::chunk_item_content failed
- Execution of *EcmascriptChunkItemContent::new failed
- Execution of EcmascriptModuleContent::new failed
- the chunking context (unknown) does not support external modules (request: node:module)

Import trace:
  Client Component Browser:
    ./node_modules/@prisma/client/runtime/client.mjs [Client Component Browser]
    ./app/generated/prisma/internal/prismaNamespace.ts [Client Component Browser]
    ./app/generated/prisma/client.ts [Client Component Browser]
    ./lib/prisma.ts [Client Component Browser]
    ./lib/cleanup.ts [Client Component Browser]
    ./app/(manager)/settings/page.tsx [Client Component Browser]
    ./app/(manager)/settings/page.tsx [Server Component] @ http://localhost:3000/_next/static/chunks/node_modules_next_dist_0u_w_5s._.js:1945
[   22112ms] [ERROR] ./node_modules/@prisma/client/runtime/client.mjs
Code generation for chunk item errored
An error occurred while generating the chunk item [project]/node_modules/@prisma/client/runtime/client.mjs [app-client] (ecmascript) <locals>

Caused by:
- the chunking context (unknown) does not support external modules (request: node:module)

Debug info:
- An error occurred while generating the chunk item [project]/node_modules/@prisma/client/runtime/client.mjs [app-client] (ecmascript) <locals>
- Execution of <EcmascriptModuleLocalsModule as EcmascriptChunkPlaceable>::chunk_item_content failed
- Execution of *EcmascriptChunkItemContent::new failed
- Execution of EcmascriptModuleContent::new failed
- the chunking context (unknown) does not support external modules (request: node:module)

Import trace:
  Client Component Browser:
    ./node_modules/@prisma/client/runtime/client.mjs [Client Component Browser]
    ./app/generated/prisma/internal/prismaNamespace.ts [Client Component Browser]
    ./app/generated/prisma/client.ts [Client Component Browser]
    ./lib/prisma.ts [Client Component Browser]
    ./lib/cleanup.ts [Client Component Browser]
    ./app/(manager)/settings/page.tsx [Client Component Browser]
    ./app/(manager)/settings/page.tsx [Server Component] @ http://localhost:3000/_next/static/chunks/node_modules_next_dist_0u_w_5s._.js:1945
[   22168ms] [ERROR] ./node_modules/@prisma/client/runtime/client.mjs
Code generation for chunk item errored
An error occurred while generating the chunk item [project]/node_modules/@prisma/client/runtime/client.mjs [app-client] (ecmascript) <locals>

Caused by:
- the chunking context (unknown) does not support external modules (request: node:module)

Debug info:
- An error occurred while generating the chunk item [project]/node_modules/@prisma/client/runtime/client.mjs [app-client] (ecmascript) <locals>
- Execution of <EcmascriptModuleLocalsModule as EcmascriptChunkPlaceable>::chunk_item_content failed
- Execution of *EcmascriptChunkItemContent::new failed
- Execution of EcmascriptModuleContent::new failed
- the chunking context (unknown) does not support external modules (request: node:module)

Import trace:
  Client Component Browser:
    ./node_modules/@prisma/client/runtime/client.mjs [Client Component Browser]
    ./app/generated/prisma/internal/prismaNamespace.ts [Client Component Browser]
    ./app/generated/prisma/client.ts [Client Component Browser]
    ./lib/prisma.ts [Client Component Browser]
    ./lib/cleanup.ts [Client Component Browser]
    ./app/(manager)/settings/page.tsx [Client Component Browser]
    ./app/(manager)/settings/page.tsx [Server Component] @ http://localhost:3000/_next/static/chunks/node_modules_next_dist_0u_w_5s._.js:1945
[   22221ms] [ERROR] ./node_modules/@prisma/client/runtime/client.mjs
Code generation for chunk item errored
An error occurred while generating the chunk item [project]/node_modules/@prisma/client/runtime/client.mjs [app-client] (ecmascript) <locals>

Caused by:
- the chunking context (unknown) does not support external modules (request: node:module)

Debug info:
- An error occurred while generating the chunk item [project]/node_modules/@prisma/client/runtime/client.mjs [app-client] (ecmascript) <locals>
- Execution of <EcmascriptModuleLocalsModule as EcmascriptChunkPlaceable>::chunk_item_content failed
- Execution of *EcmascriptChunkItemContent::new failed
- Execution of EcmascriptModuleContent::new failed
- the chunking context (unknown) does not support external modules (request: node:module)

Import trace:
  Client Component Browser:
    ./node_modules/@prisma/client/runtime/client.mjs [Client Component Browser]
    ./app/generated/prisma/internal/prismaNamespace.ts [Client Component Browser]
    ./app/generated/prisma/client.ts [Client Component Browser]
    ./lib/prisma.ts [Client Component Browser]
    ./lib/cleanup.ts [Client Component Browser]
    ./app/(manager)/settings/page.tsx [Client Component Browser]
    ./app/(manager)/settings/page.tsx [Server Component] @ http://localhost:3000/_next/static/chunks/node_modules_next_dist_0u_w_5s._.js:1945
[   22278ms] [ERROR] ./node_modules/@prisma/client/runtime/client.mjs
Code generation for chunk item errored
An error occurred while generating the chunk item [project]/node_modules/@prisma/client/runtime/client.mjs [app-client] (ecmascript) <locals>

Caused by:
- the chunking context (unknown) does not support external modules (request: node:module)

Debug info:
- An error occurred while generating the chunk item [project]/node_modules/@prisma/client/runtime/client.mjs [app-client] (ecmascript) <locals>
- Execution of <EcmascriptModuleLocalsModule as EcmascriptChunkPlaceable>::chunk_item_content failed
- Execution of *EcmascriptChunkItemContent::new failed
- Execution of EcmascriptModuleContent::new failed
- the chunking context (unknown) does not support external modules (request: node:module)

Import trace:
  Client Component Browser:
    ./node_modules/@prisma/client/runtime/client.mjs [Client Component Browser]
    ./app/generated/prisma/internal/prismaNamespace.ts [Client Component Browser]
    ./app/generated/prisma/client.ts [Client Component Browser]
    ./lib/prisma.ts [Client Component Browser]
    ./lib/cleanup.ts [Client Component Browser]
    ./app/(manager)/settings/page.tsx [Client Component Browser]
    ./app/(manager)/settings/page.tsx [Server Component] @ http://localhost:3000/_next/static/chunks/node_modules_next_dist_0u_w_5s._.js:1945
[   22334ms] [ERROR] ./node_modules/@prisma/client/runtime/client.mjs
Code generation for chunk item errored
An error occurred while generating the chunk item [project]/node_modules/@prisma/client/runtime/client.mjs [app-client] (ecmascript) <locals>

Caused by:
- the chunking context (unknown) does not support external modules (request: node:module)

Debug info:
- An error occurred while generating the chunk item [project]/node_modules/@prisma/client/runtime/client.mjs [app-client] (ecmascript) <locals>
- Execution of <EcmascriptModuleLocalsModule as EcmascriptChunkPlaceable>::chunk_item_content failed
- Execution of *EcmascriptChunkItemContent::new failed
- Execution of EcmascriptModuleContent::new failed
- the chunking context (unknown) does not support external modules (request: node:module)

Import trace:
  Client Component Browser:
    ./node_modules/@prisma/client/runtime/client.mjs [Client Component Browser]
    ./app/generated/prisma/internal/prismaNamespace.ts [Client Component Browser]
    ./app/generated/prisma/client.ts [Client Component Browser]
    ./lib/prisma.ts [Client Component Browser]
    ./lib/cleanup.ts [Client Component Browser]
    ./app/(manager)/settings/page.tsx [Client Component Browser]
    ./app/(manager)/settings/page.tsx [Server Component] @ http://localhost:3000/_next/static/chunks/node_modules_next_dist_0u_w_5s._.js:1945
[   22389ms] [ERROR] ./node_modules/@prisma/client/runtime/client.mjs
Code generation for chunk item errored
An error occurred while generating the chunk item [project]/node_modules/@prisma/client/runtime/client.mjs [app-client] (ecmascript) <locals>

Caused by:
- the chunking context (unknown) does not support external modules (request: node:module)

Debug info:
- An error occurred while generating the chunk item [project]/node_modules/@prisma/client/runtime/client.mjs [app-client] (ecmascript) <locals>
- Execution of <EcmascriptModuleLocalsModule as EcmascriptChunkPlaceable>::chunk_item_content failed
- Execution of *EcmascriptChunkItemContent::new failed
- Execution of EcmascriptModuleContent::new failed
- the chunking context (unknown) does not support external modules (request: node:module)

Import trace:
  Client Component Browser:
    ./node_modules/@prisma/client/runtime/client.mjs [Client Component Browser]
    ./app/generated/prisma/internal/prismaNamespace.ts [Client Component Browser]
    ./app/generated/prisma/client.ts [Client Component Browser]
    ./lib/prisma.ts [Client Component Browser]
    ./lib/cleanup.ts [Client Component Browser]
    ./app/(manager)/settings/page.tsx [Client Component Browser]
    ./app/(manager)/settings/page.tsx [Server Component] @ http://localhost:3000/_next/static/chunks/node_modules_next_dist_0u_w_5s._.js:1945
[   22453ms] [ERROR] ./node_modules/@prisma/client/runtime/client.mjs
Code generation for chunk item errored
An error occurred while generating the chunk item [project]/node_modules/@prisma/client/runtime/client.mjs [app-client] (ecmascript) <locals>

Caused by:
- the chunking context (unknown) does not support external modules (request: node:module)

Debug info:
- An error occurred while generating the chunk item [project]/node_modules/@prisma/client/runtime/client.mjs [app-client] (ecmascript) <locals>
- Execution of <EcmascriptModuleLocalsModule as EcmascriptChunkPlaceable>::chunk_item_content failed
- Execution of *EcmascriptChunkItemContent::new failed
- Execution of EcmascriptModuleContent::new failed
- the chunking context (unknown) does not support external modules (request: node:module)

Import trace:
  Client Component Browser:
    ./node_modules/@prisma/client/runtime/client.mjs [Client Component Browser]
    ./app/generated/prisma/internal/prismaNamespace.ts [Client Component Browser]
    ./app/generated/prisma/client.ts [Client Component Browser]
    ./lib/prisma.ts [Client Component Browser]
    ./lib/cleanup.ts [Client Component Browser]
    ./app/(manager)/settings/page.tsx [Client Component Browser]
    ./app/(manager)/settings/page.tsx [Server Component] @ http://localhost:3000/_next/static/chunks/node_modules_next_dist_0u_w_5s._.js:1945
[   22507ms] [ERROR] ./node_modules/@prisma/client/runtime/client.mjs
Code generation for chunk item errored
An error occurred while generating the chunk item [project]/node_modules/@prisma/client/runtime/client.mjs [app-client] (ecmascript) <locals>

Caused by:
- the chunking context (unknown) does not support external modules (request: node:module)

Debug info:
- An error occurred while generating the chunk item [project]/node_modules/@prisma/client/runtime/client.mjs [app-client] (ecmascript) <locals>
- Execution of <EcmascriptModuleLocalsModule as EcmascriptChunkPlaceable>::chunk_item_content failed
- Execution of *EcmascriptChunkItemContent::new failed
- Execution of EcmascriptModuleContent::new failed
- the chunking context (unknown) does not support external modules (request: node:module)

Import trace:
  Client Component Browser:
    ./node_modules/@prisma/client/runtime/client.mjs [Client Component Browser]
    ./app/generated/prisma/internal/prismaNamespace.ts [Client Component Browser]
    ./app/generated/prisma/client.ts [Client Component Browser]
    ./lib/prisma.ts [Client Component Browser]
    ./lib/cleanup.ts [Client Component Browser]
    ./app/(manager)/settings/page.tsx [Client Component Browser]
    ./app/(manager)/settings/page.tsx [Server Component] @ http://localhost:3000/_next/static/chunks/node_modules_next_dist_0u_w_5s._.js:1945
[   22562ms] [ERROR] ./node_modules/@prisma/client/runtime/client.mjs
Code generation for chunk item errored
An error occurred while generating the chunk item [project]/node_modules/@prisma/client/runtime/client.mjs [app-client] (ecmascript) <locals>

Caused by:
- the chunking context (unknown) does not support external modules (request: node:module)

Debug info:
- An error occurred while generating the chunk item [project]/node_modules/@prisma/client/runtime/client.mjs [app-client] (ecmascript) <locals>
- Execution of <EcmascriptModuleLocalsModule as EcmascriptChunkPlaceable>::chunk_item_content failed
- Execution of *EcmascriptChunkItemContent::new failed
- Execution of EcmascriptModuleContent::new failed
- the chunking context (unknown) does not support external modules (request: node:module)

Import trace:
  Client Component Browser:
    ./node_modules/@prisma/client/runtime/client.mjs [Client Component Browser]
    ./app/generated/prisma/internal/prismaNamespace.ts [Client Component Browser]
    ./app/generated/prisma/client.ts [Client Component Browser]
    ./lib/prisma.ts [Client Component Browser]
    ./lib/cleanup.ts [Client Component Browser]
    ./app/(manager)/settings/page.tsx [Client Component Browser]
    ./app/(manager)/settings/page.tsx [Server Component] @ http://localhost:3000/_next/static/chunks/node_modules_next_dist_0u_w_5s._.js:1945
[   22626ms] [ERROR] ./node_modules/@prisma/client/runtime/client.mjs
Code generation for chunk item errored
An error occurred while generating the chunk item [project]/node_modules/@prisma/client/runtime/client.mjs [app-client] (ecmascript) <locals>

Caused by:
- the chunking context (unknown) does not support external modules (request: node:module)

Debug info:
- An error occurred while generating the chunk item [project]/node_modules/@prisma/client/runtime/client.mjs [app-client] (ecmascript) <locals>
- Execution of <EcmascriptModuleLocalsModule as EcmascriptChunkPlaceable>::chunk_item_content failed
- Execution of *EcmascriptChunkItemContent::new failed
- Execution of EcmascriptModuleContent::new failed
- the chunking context (unknown) does not support external modules (request: node:module)

Import trace:
  Client Component Browser:
    ./node_modules/@prisma/client/runtime/client.mjs [Client Component Browser]
    ./app/generated/prisma/internal/prismaNamespace.ts [Client Component Browser]
    ./app/generated/prisma/client.ts [Client Component Browser]
    ./lib/prisma.ts [Client Component Browser]
    ./lib/cleanup.ts [Client Component Browser]
    ./app/(manager)/settings/page.tsx [Client Component Browser]
    ./app/(manager)/settings/page.tsx [Server Component] @ http://localhost:3000/_next/static/chunks/node_modules_next_dist_0u_w_5s._.js:1945
[   22678ms] [ERROR] ./node_modules/@prisma/client/runtime/client.mjs
Code generation for chunk item errored
An error occurred while generating the chunk item [project]/node_modules/@prisma/client/runtime/client.mjs [app-client] (ecmascript) <locals>

Caused by:
- the chunking context (unknown) does not support external modules (request: node:module)

Debug info:
- An error occurred while generating the chunk item [project]/node_modules/@prisma/client/runtime/client.mjs [app-client] (ecmascript) <locals>
- Execution of <EcmascriptModuleLocalsModule as EcmascriptChunkPlaceable>::chunk_item_content failed
- Execution of *EcmascriptChunkItemContent::new failed
- Execution of EcmascriptModuleContent::new failed
- the chunking context (unknown) does not support external modules (request: node:module)

Import trace:
  Client Component Browser:
    ./node_modules/@prisma/client/runtime/client.mjs [Client Component Browser]
    ./app/generated/prisma/internal/prismaNamespace.ts [Client Component Browser]
    ./app/generated/prisma/client.ts [Client Component Browser]
    ./lib/prisma.ts [Client Component Browser]
    ./lib/cleanup.ts [Client Component Browser]
    ./app/(manager)/settings/page.tsx [Client Component Browser]
    ./app/(manager)/settings/page.tsx [Server Component] @ http://localhost:3000/_next/static/chunks/node_modules_next_dist_0u_w_5s._.js:1945
[   22738ms] [ERROR] ./node_modules/@prisma/client/runtime/client.mjs
Code generation for chunk item errored
An error occurred while generating the chunk item [project]/node_modules/@prisma/client/runtime/client.mjs [app-client] (ecmascript) <locals>

Caused by:
- the chunking context (unknown) does not support external modules (request: node:module)

Debug info:
- An error occurred while generating the chunk item [project]/node_modules/@prisma/client/runtime/client.mjs [app-client] (ecmascript) <locals>
- Execution of <EcmascriptModuleLocalsModule as EcmascriptChunkPlaceable>::chunk_item_content failed
- Execution of *EcmascriptChunkItemContent::new failed
- Execution of EcmascriptModuleContent::new failed
- the chunking context (unknown) does not support external modules (request: node:module)

Import trace:
  Client Component Browser:
    ./node_modules/@prisma/client/runtime/client.mjs [Client Component Browser]
    ./app/generated/prisma/internal/prismaNamespace.ts [Client Component Browser]
    ./app/generated/prisma/client.ts [Client Component Browser]
    ./lib/prisma.ts [Client Component Browser]
    ./lib/cleanup.ts [Client Component Browser]
    ./app/(manager)/settings/page.tsx [Client Component Browser]
    ./app/(manager)/settings/page.tsx [Server Component] @ http://localhost:3000/_next/static/chunks/node_modules_next_dist_0u_w_5s._.js:1945
[   22794ms] [ERROR] ./node_modules/@prisma/client/runtime/client.mjs
Code generation for chunk item errored
An error occurred while generating the chunk item [project]/node_modules/@prisma/client/runtime/client.mjs [app-client] (ecmascript) <locals>

Caused by:
- the chunking context (unknown) does not support external modules (request: node:module)

Debug info:
- An error occurred while generating the chunk item [project]/node_modules/@prisma/client/runtime/client.mjs [app-client] (ecmascript) <locals>
- Execution of <EcmascriptModuleLocalsModule as EcmascriptChunkPlaceable>::chunk_item_content failed
- Execution of *EcmascriptChunkItemContent::new failed
- Execution of EcmascriptModuleContent::new failed
- the chunking context (unknown) does not support external modules (request: node:module)

Import trace:
  Client Component Browser:
    ./node_modules/@prisma/client/runtime/client.mjs [Client Component Browser]
    ./app/generated/prisma/internal/prismaNamespace.ts [Client Component Browser]
    ./app/generated/prisma/client.ts [Client Component Browser]
    ./lib/prisma.ts [Client Component Browser]
    ./lib/cleanup.ts [Client Component Browser]
    ./app/(manager)/settings/page.tsx [Client Component Browser]
    ./app/(manager)/settings/page.tsx [Server Component] @ http://localhost:3000/_next/static/chunks/node_modules_next_dist_0u_w_5s._.js:1945
[   22848ms] [ERROR] ./node_modules/@prisma/client/runtime/client.mjs
Code generation for chunk item errored
An error occurred while generating the chunk item [project]/node_modules/@prisma/client/runtime/client.mjs [app-client] (ecmascript) <locals>

Caused by:
- the chunking context (unknown) does not support external modules (request: node:module)

Debug info:
- An error occurred while generating the chunk item [project]/node_modules/@prisma/client/runtime/client.mjs [app-client] (ecmascript) <locals>
- Execution of <EcmascriptModuleLocalsModule as EcmascriptChunkPlaceable>::chunk_item_content failed
- Execution of *EcmascriptChunkItemContent::new failed
- Execution of EcmascriptModuleContent::new failed
- the chunking context (unknown) does not support external modules (request: node:module)

Import trace:
  Client Component Browser:
    ./node_modules/@prisma/client/runtime/client.mjs [Client Component Browser]
    ./app/generated/prisma/internal/prismaNamespace.ts [Client Component Browser]
    ./app/generated/prisma/client.ts [Client Component Browser]
    ./lib/prisma.ts [Client Component Browser]
    ./lib/cleanup.ts [Client Component Browser]
    ./app/(manager)/settings/page.tsx [Client Component Browser]
    ./app/(manager)/settings/page.tsx [Server Component] @ http://localhost:3000/_next/static/chunks/node_modules_next_dist_0u_w_5s._.js:1945
[   22905ms] [ERROR] ./node_modules/@prisma/client/runtime/client.mjs
Code generation for chunk item errored
An error occurred while generating the chunk item [project]/node_modules/@prisma/client/runtime/client.mjs [app-client] (ecmascript) <locals>

Caused by:
- the chunking context (unknown) does not support external modules (request: node:module)

Debug info:
- An error occurred while generating the chunk item [project]/node_modules/@prisma/client/runtime/client.mjs [app-client] (ecmascript) <locals>
- Execution of <EcmascriptModuleLocalsModule as EcmascriptChunkPlaceable>::chunk_item_content failed
- Execution of *EcmascriptChunkItemContent::new failed
- Execution of EcmascriptModuleContent::new failed
- the chunking context (unknown) does not support external modules (request: node:module)

Import trace:
  Client Component Browser:
    ./node_modules/@prisma/client/runtime/client.mjs [Client Component Browser]
    ./app/generated/prisma/internal/prismaNamespace.ts [Client Component Browser]
    ./app/generated/prisma/client.ts [Client Component Browser]
    ./lib/prisma.ts [Client Component Browser]
    ./lib/cleanup.ts [Client Component Browser]
    ./app/(manager)/settings/page.tsx [Client Component Browser]
    ./app/(manager)/settings/page.tsx [Server Component] @ http://localhost:3000/_next/static/chunks/node_modules_next_dist_0u_w_5s._.js:1945
[   22958ms] [ERROR] ./node_modules/@prisma/client/runtime/client.mjs
Code generation for chunk item errored
An error occurred while generating the chunk item [project]/node_modules/@prisma/client/runtime/client.mjs [app-client] (ecmascript) <locals>

Caused by:
- the chunking context (unknown) does not support external modules (request: node:module)

Debug info:
- An error occurred while generating the chunk item [project]/node_modules/@prisma/client/runtime/client.mjs [app-client] (ecmascript) <locals>
- Execution of <EcmascriptModuleLocalsModule as EcmascriptChunkPlaceable>::chunk_item_content failed
- Execution of *EcmascriptChunkItemContent::new failed
- Execution of EcmascriptModuleContent::new failed
- the chunking context (unknown) does not support external modules (request: node:module)

Import trace:
  Client Component Browser:
    ./node_modules/@prisma/client/runtime/client.mjs [Client Component Browser]
    ./app/generated/prisma/internal/prismaNamespace.ts [Client Component Browser]
    ./app/generated/prisma/client.ts [Client Component Browser]
    ./lib/prisma.ts [Client Component Browser]
    ./lib/cleanup.ts [Client Component Browser]
    ./app/(manager)/settings/page.tsx [Client Component Browser]
    ./app/(manager)/settings/page.tsx [Server Component] @ http://localhost:3000/_next/static/chunks/node_modules_next_dist_0u_w_5s._.js:1945
[   23017ms] [ERROR] ./node_modules/@prisma/client/runtime/client.mjs
Code generation for chunk item errored
An error occurred while generating the chunk item [project]/node_modules/@prisma/client/runtime/client.mjs [app-client] (ecmascript) <locals>

Caused by:
- the chunking context (unknown) does not support external modules (request: node:module)

Debug info:
- An error occurred while generating the chunk item [project]/node_modules/@prisma/client/runtime/client.mjs [app-client] (ecmascript) <locals>
- Execution of <EcmascriptModuleLocalsModule as EcmascriptChunkPlaceable>::chunk_item_content failed
- Execution of *EcmascriptChunkItemContent::new failed
- Execution of EcmascriptModuleContent::new failed
- the chunking context (unknown) does not support external modules (request: node:module)

Import trace:
  Client Component Browser:
    ./node_modules/@prisma/client/runtime/client.mjs [Client Component Browser]
    ./app/generated/prisma/internal/prismaNamespace.ts [Client Component Browser]
    ./app/generated/prisma/client.ts [Client Component Browser]
    ./lib/prisma.ts [Client Component Browser]
    ./lib/cleanup.ts [Client Component Browser]
    ./app/(manager)/settings/page.tsx [Client Component Browser]
    ./app/(manager)/settings/page.tsx [Server Component] @ http://localhost:3000/_next/static/chunks/node_modules_next_dist_0u_w_5s._.js:1945
[   23070ms] [ERROR] ./node_modules/@prisma/client/runtime/client.mjs
Code generation for chunk item errored
An error occurred while generating the chunk item [project]/node_modules/@prisma/client/runtime/client.mjs [app-client] (ecmascript) <locals>

Caused by:
- the chunking context (unknown) does not support external modules (request: node:module)

Debug info:
- An error occurred while generating the chunk item [project]/node_modules/@prisma/client/runtime/client.mjs [app-client] (ecmascript) <locals>
- Execution of <EcmascriptModuleLocalsModule as EcmascriptChunkPlaceable>::chunk_item_content failed
- Execution of *EcmascriptChunkItemContent::new failed
- Execution of EcmascriptModuleContent::new failed
- the chunking context (unknown) does not support external modules (request: node:module)

Import trace:
  Client Component Browser:
    ./node_modules/@prisma/client/runtime/client.mjs [Client Component Browser]
    ./app/generated/prisma/internal/prismaNamespace.ts [Client Component Browser]
    ./app/generated/prisma/client.ts [Client Component Browser]
    ./lib/prisma.ts [Client Component Browser]
    ./lib/cleanup.ts [Client Component Browser]
    ./app/(manager)/settings/page.tsx [Client Component Browser]
    ./app/(manager)/settings/page.tsx [Server Component] @ http://localhost:3000/_next/static/chunks/node_modules_next_dist_0u_w_5s._.js:1945
[   23123ms] [ERROR] ./node_modules/@prisma/client/runtime/client.mjs
Code generation for chunk item errored
An error occurred while generating the chunk item [project]/node_modules/@prisma/client/runtime/client.mjs [app-client] (ecmascript) <locals>

Caused by:
- the chunking context (unknown) does not support external modules (request: node:module)

Debug info:
- An error occurred while generating the chunk item [project]/node_modules/@prisma/client/runtime/client.mjs [app-client] (ecmascript) <locals>
- Execution of <EcmascriptModuleLocalsModule as EcmascriptChunkPlaceable>::chunk_item_content failed
- Execution of *EcmascriptChunkItemContent::new failed
- Execution of EcmascriptModuleContent::new failed
- the chunking context (unknown) does not support external modules (request: node:module)

Import trace:
  Client Component Browser:
    ./node_modules/@prisma/client/runtime/client.mjs [Client Component Browser]
    ./app/generated/prisma/internal/prismaNamespace.ts [Client Component Browser]
    ./app/generated/prisma/client.ts [Client Component Browser]
    ./lib/prisma.ts [Client Component Browser]
    ./lib/cleanup.ts [Client Component Browser]
    ./app/(manager)/settings/page.tsx [Client Component Browser]
    ./app/(manager)/settings/page.tsx [Server Component] @ http://localhost:3000/_next/static/chunks/node_modules_next_dist_0u_w_5s._.js:1945
[   23179ms] [ERROR] ./node_modules/@prisma/client/runtime/client.mjs
Code generation for chunk item errored
An error occurred while generating the chunk item [project]/node_modules/@prisma/client/runtime/client.mjs [app-client] (ecmascript) <locals>

Caused by:
- the chunking context (unknown) does not support external modules (request: node:module)

Debug info:
- An error occurred while generating the chunk item [project]/node_modules/@prisma/client/runtime/client.mjs [app-client] (ecmascript) <locals>
- Execution of <EcmascriptModuleLocalsModule as EcmascriptChunkPlaceable>::chunk_item_content failed
- Execution of *EcmascriptChunkItemContent::new failed
- Execution of EcmascriptModuleContent::new failed
- the chunking context (unknown) does not support external modules (request: node:module)

Import trace:
  Client Component Browser:
    ./node_modules/@prisma/client/runtime/client.mjs [Client Component Browser]
    ./app/generated/prisma/internal/prismaNamespace.ts [Client Component Browser]
    ./app/generated/prisma/client.ts [Client Component Browser]
    ./lib/prisma.ts [Client Component Browser]
    ./lib/cleanup.ts [Client Component Browser]
    ./app/(manager)/settings/page.tsx [Client Component Browser]
    ./app/(manager)/settings/page.tsx [Server Component] @ http://localhost:3000/_next/static/chunks/node_modules_next_dist_0u_w_5s._.js:1945
[   23234ms] [ERROR] ./node_modules/@prisma/client/runtime/client.mjs
Code generation for chunk item errored
An error occurred while generating the chunk item [project]/node_modules/@prisma/client/runtime/client.mjs [app-client] (ecmascript) <locals>

Caused by:
- the chunking context (unknown) does not support external modules (request: node:module)

Debug info:
- An error occurred while generating the chunk item [project]/node_modules/@prisma/client/runtime/client.mjs [app-client] (ecmascript) <locals>
- Execution of <EcmascriptModuleLocalsModule as EcmascriptChunkPlaceable>::chunk_item_content failed
- Execution of *EcmascriptChunkItemContent::new failed
- Execution of EcmascriptModuleContent::new failed
- the chunking context (unknown) does not support external modules (request: node:module)

Import trace:
  Client Component Browser:
    ./node_modules/@prisma/client/runtime/client.mjs [Client Component Browser]
    ./app/generated/prisma/internal/prismaNamespace.ts [Client Component Browser]
    ./app/generated/prisma/client.ts [Client Component Browser]
    ./lib/prisma.ts [Client Component Browser]
    ./lib/cleanup.ts [Client Component Browser]
    ./app/(manager)/settings/page.tsx [Client Component Browser]
    ./app/(manager)/settings/page.tsx [Server Component] @ http://localhost:3000/_next/static/chunks/node_modules_next_dist_0u_w_5s._.js:1945
[   23279ms] [ERROR] ./node_modules/@prisma/client/runtime/client.mjs
Code generation for chunk item errored
An error occurred while generating the chunk item [project]/node_modules/@prisma/client/runtime/client.mjs [app-client] (ecmascript) <locals>

Caused by:
- the chunking context (unknown) does not support external modules (request: node:module)

Debug info:
- An error occurred while generating the chunk item [project]/node_modules/@prisma/client/runtime/client.mjs [app-client] (ecmascript) <locals>
- Execution of <EcmascriptModuleLocalsModule as EcmascriptChunkPlaceable>::chunk_item_content failed
- Execution of *EcmascriptChunkItemContent::new failed
- Execution of EcmascriptModuleContent::new failed
- the chunking context (unknown) does not support external modules (request: node:module)

Import trace:
  Client Component Browser:
    ./node_modules/@prisma/client/runtime/client.mjs [Client Component Browser]
    ./app/generated/prisma/internal/prismaNamespace.ts [Client Component Browser]
    ./app/generated/prisma/client.ts [Client Component Browser]
    ./lib/prisma.ts [Client Component Browser]
    ./lib/cleanup.ts [Client Component Browser]
    ./app/(manager)/settings/page.tsx [Client Component Browser]
    ./app/(manager)/settings/page.tsx [Server Component] @ http://localhost:3000/_next/static/chunks/node_modules_next_dist_0u_w_5s._.js:1945
[   23337ms] [ERROR] ./node_modules/@prisma/client/runtime/client.mjs
Code generation for chunk item errored
An error occurred while generating the chunk item [project]/node_modules/@prisma/client/runtime/client.mjs [app-client] (ecmascript) <locals>

Caused by:
- the chunking context (unknown) does not support external modules (request: node:module)

Debug info:
- An error occurred while generating the chunk item [project]/node_modules/@prisma/client/runtime/client.mjs [app-client] (ecmascript) <locals>
- Execution of <EcmascriptModuleLocalsModule as EcmascriptChunkPlaceable>::chunk_item_content failed
- Execution of *EcmascriptChunkItemContent::new failed
- Execution of EcmascriptModuleContent::new failed
- the chunking context (unknown) does not support external modules (request: node:module)

Import trace:
  Client Component Browser:
    ./node_modules/@prisma/client/runtime/client.mjs [Client Component Browser]
    ./app/generated/prisma/internal/prismaNamespace.ts [Client Component Browser]
    ./app/generated/prisma/client.ts [Client Component Browser]
    ./lib/prisma.ts [Client Component Browser]
    ./lib/cleanup.ts [Client Component Browser]
    ./app/(manager)/settings/page.tsx [Client Component Browser]
    ./app/(manager)/settings/page.tsx [Server Component] @ http://localhost:3000/_next/static/chunks/node_modules_next_dist_0u_w_5s._.js:1945
[   23395ms] [ERROR] ./node_modules/@prisma/client/runtime/client.mjs
Code generation for chunk item errored
An error occurred while generating the chunk item [project]/node_modules/@prisma/client/runtime/client.mjs [app-client] (ecmascript) <locals>

Caused by:
- the chunking context (unknown) does not support external modules (request: node:module)

Debug info:
- An error occurred while generating the chunk item [project]/node_modules/@prisma/client/runtime/client.mjs [app-client] (ecmascript) <locals>
- Execution of <EcmascriptModuleLocalsModule as EcmascriptChunkPlaceable>::chunk_item_content failed
- Execution of *EcmascriptChunkItemContent::new failed
- Execution of EcmascriptModuleContent::new failed
- the chunking context (unknown) does not support external modules (request: node:module)

Import trace:
  Client Component Browser:
    ./node_modules/@prisma/client/runtime/client.mjs [Client Component Browser]
    ./app/generated/prisma/internal/prismaNamespace.ts [Client Component Browser]
    ./app/generated/prisma/client.ts [Client Component Browser]
    ./lib/prisma.ts [Client Component Browser]
    ./lib/cleanup.ts [Client Component Browser]
    ./app/(manager)/settings/page.tsx [Client Component Browser]
    ./app/(manager)/settings/page.tsx [Server Component] @ http://localhost:3000/_next/static/chunks/node_modules_next_dist_0u_w_5s._.js:1945
[   23452ms] [ERROR] ./node_modules/@prisma/client/runtime/client.mjs
Code generation for chunk item errored
An error occurred while generating the chunk item [project]/node_modules/@prisma/client/runtime/client.mjs [app-client] (ecmascript) <locals>

Caused by:
- the chunking context (unknown) does not support external modules (request: node:module)

Debug info:
- An error occurred while generating the chunk item [project]/node_modules/@prisma/client/runtime/client.mjs [app-client] (ecmascript) <locals>
- Execution of <EcmascriptModuleLocalsModule as EcmascriptChunkPlaceable>::chunk_item_content failed
- Execution of *EcmascriptChunkItemContent::new failed
- Execution of EcmascriptModuleContent::new failed
- the chunking context (unknown) does not support external modules (request: node:module)

Import trace:
  Client Component Browser:
    ./node_modules/@prisma/client/runtime/client.mjs [Client Component Browser]
    ./app/generated/prisma/internal/prismaNamespace.ts [Client Component Browser]
    ./app/generated/prisma/client.ts [Client Component Browser]
    ./lib/prisma.ts [Client Component Browser]
    ./lib/cleanup.ts [Client Component Browser]
    ./app/(manager)/settings/page.tsx [Client Component Browser]
    ./app/(manager)/settings/page.tsx [Server Component] @ http://localhost:3000/_next/static/chunks/node_modules_next_dist_0u_w_5s._.js:1945
[   23507ms] [ERROR] ./node_modules/@prisma/client/runtime/client.mjs
Code generation for chunk item errored
An error occurred while generating the chunk item [project]/node_modules/@prisma/client/runtime/client.mjs [app-client] (ecmascript) <locals>

Caused by:
- the chunking context (unknown) does not support external modules (request: node:module)

Debug info:
- An error occurred while generating the chunk item [project]/node_modules/@prisma/client/runtime/client.mjs [app-client] (ecmascript) <locals>
- Execution of <EcmascriptModuleLocalsModule as EcmascriptChunkPlaceable>::chunk_item_content failed
- Execution of *EcmascriptChunkItemContent::new failed
- Execution of EcmascriptModuleContent::new failed
- the chunking context (unknown) does not support external modules (request: node:module)

Import trace:
  Client Component Browser:
    ./node_modules/@prisma/client/runtime/client.mjs [Client Component Browser]
    ./app/generated/prisma/internal/prismaNamespace.ts [Client Component Browser]
    ./app/generated/prisma/client.ts [Client Component Browser]
    ./lib/prisma.ts [Client Component Browser]
    ./lib/cleanup.ts [Client Component Browser]
    ./app/(manager)/settings/page.tsx [Client Component Browser]
    ./app/(manager)/settings/page.tsx [Server Component] @ http://localhost:3000/_next/static/chunks/node_modules_next_dist_0u_w_5s._.js:1945
[   23563ms] [ERROR] ./node_modules/@prisma/client/runtime/client.mjs
Code generation for chunk item errored
An error occurred while generating the chunk item [project]/node_modules/@prisma/client/runtime/client.mjs [app-client] (ecmascript) <locals>

Caused by:
- the chunking context (unknown) does not support external modules (request: node:module)

Debug info:
- An error occurred while generating the chunk item [project]/node_modules/@prisma/client/runtime/client.mjs [app-client] (ecmascript) <locals>
- Execution of <EcmascriptModuleLocalsModule as EcmascriptChunkPlaceable>::chunk_item_content failed
- Execution of *EcmascriptChunkItemContent::new failed
- Execution of EcmascriptModuleContent::new failed
- the chunking context (unknown) does not support external modules (request: node:module)

Import trace:
  Client Component Browser:
    ./node_modules/@prisma/client/runtime/client.mjs [Client Component Browser]
    ./app/generated/prisma/internal/prismaNamespace.ts [Client Component Browser]
    ./app/generated/prisma/client.ts [Client Component Browser]
    ./lib/prisma.ts [Client Component Browser]
    ./lib/cleanup.ts [Client Component Browser]
    ./app/(manager)/settings/page.tsx [Client Component Browser]
    ./app/(manager)/settings/page.tsx [Server Component] @ http://localhost:3000/_next/static/chunks/node_modules_next_dist_0u_w_5s._.js:1945
[   23619ms] [ERROR] ./node_modules/@prisma/client/runtime/client.mjs
Code generation for chunk item errored
An error occurred while generating the chunk item [project]/node_modules/@prisma/client/runtime/client.mjs [app-client] (ecmascript) <locals>

Caused by:
- the chunking context (unknown) does not support external modules (request: node:module)

Debug info:
- An error occurred while generating the chunk item [project]/node_modules/@prisma/client/runtime/client.mjs [app-client] (ecmascript) <locals>
- Execution of <EcmascriptModuleLocalsModule as EcmascriptChunkPlaceable>::chunk_item_content failed
- Execution of *EcmascriptChunkItemContent::new failed
- Execution of EcmascriptModuleContent::new failed
- the chunking context (unknown) does not support external modules (request: node:module)

Import trace:
  Client Component Browser:
    ./node_modules/@prisma/client/runtime/client.mjs [Client Component Browser]
    ./app/generated/prisma/internal/prismaNamespace.ts [Client Component Browser]
    ./app/generated/prisma/client.ts [Client Component Browser]
    ./lib/prisma.ts [Client Component Browser]
    ./lib/cleanup.ts [Client Component Browser]
    ./app/(manager)/settings/page.tsx [Client Component Browser]
    ./app/(manager)/settings/page.tsx [Server Component] @ http://localhost:3000/_next/static/chunks/node_modules_next_dist_0u_w_5s._.js:1945
[   23680ms] [ERROR] ./node_modules/@prisma/client/runtime/client.mjs
Code generation for chunk item errored
An error occurred while generating the chunk item [project]/node_modules/@prisma/client/runtime/client.mjs [app-client] (ecmascript) <locals>

Caused by:
- the chunking context (unknown) does not support external modules (request: node:module)

Debug info:
- An error occurred while generating the chunk item [project]/node_modules/@prisma/client/runtime/client.mjs [app-client] (ecmascript) <locals>
- Execution of <EcmascriptModuleLocalsModule as EcmascriptChunkPlaceable>::chunk_item_content failed
- Execution of *EcmascriptChunkItemContent::new failed
- Execution of EcmascriptModuleContent::new failed
- the chunking context (unknown) does not support external modules (request: node:module)

Import trace:
  Client Component Browser:
    ./node_modules/@prisma/client/runtime/client.mjs [Client Component Browser]
    ./app/generated/prisma/internal/prismaNamespace.ts [Client Component Browser]
    ./app/generated/prisma/client.ts [Client Component Browser]
    ./lib/prisma.ts [Client Component Browser]
    ./lib/cleanup.ts [Client Component Browser]
    ./app/(manager)/settings/page.tsx [Client Component Browser]
    ./app/(manager)/settings/page.tsx [Server Component] @ http://localhost:3000/_next/static/chunks/node_modules_next_dist_0u_w_5s._.js:1945
[   23732ms] [ERROR] ./node_modules/@prisma/client/runtime/client.mjs
Code generation for chunk item errored
An error occurred while generating the chunk item [project]/node_modules/@prisma/client/runtime/client.mjs [app-client] (ecmascript) <locals>

Caused by:
- the chunking context (unknown) does not support external modules (request: node:module)

Debug info:
- An error occurred while generating the chunk item [project]/node_modules/@prisma/client/runtime/client.mjs [app-client] (ecmascript) <locals>
- Execution of <EcmascriptModuleLocalsModule as EcmascriptChunkPlaceable>::chunk_item_content failed
- Execution of *EcmascriptChunkItemContent::new failed
- Execution of EcmascriptModuleContent::new failed
- the chunking context (unknown) does not support external modules (request: node:module)

Import trace:
  Client Component Browser:
    ./node_modules/@prisma/client/runtime/client.mjs [Client Component Browser]
    ./app/generated/prisma/internal/prismaNamespace.ts [Client Component Browser]
    ./app/generated/prisma/client.ts [Client Component Browser]
    ./lib/prisma.ts [Client Component Browser]
    ./lib/cleanup.ts [Client Component Browser]
    ./app/(manager)/settings/page.tsx [Client Component Browser]
    ./app/(manager)/settings/page.tsx [Server Component] @ http://localhost:3000/_next/static/chunks/node_modules_next_dist_0u_w_5s._.js:1945
[   23792ms] [ERROR] ./node_modules/@prisma/client/runtime/client.mjs
Code generation for chunk item errored
An error occurred while generating the chunk item [project]/node_modules/@prisma/client/runtime/client.mjs [app-client] (ecmascript) <locals>

Caused by:
- the chunking context (unknown) does not support external modules (request: node:module)

Debug info:
- An error occurred while generating the chunk item [project]/node_modules/@prisma/client/runtime/client.mjs [app-client] (ecmascript) <locals>
- Execution of <EcmascriptModuleLocalsModule as EcmascriptChunkPlaceable>::chunk_item_content failed
- Execution of *EcmascriptChunkItemContent::new failed
- Execution of EcmascriptModuleContent::new failed
- the chunking context (unknown) does not support external modules (request: node:module)

Import trace:
  Client Component Browser:
    ./node_modules/@prisma/client/runtime/client.mjs [Client Component Browser]
    ./app/generated/prisma/internal/prismaNamespace.ts [Client Component Browser]
    ./app/generated/prisma/client.ts [Client Component Browser]
    ./lib/prisma.ts [Client Component Browser]
    ./lib/cleanup.ts [Client Component Browser]
    ./app/(manager)/settings/page.tsx [Client Component Browser]
    ./app/(manager)/settings/page.tsx [Server Component] @ http://localhost:3000/_next/static/chunks/node_modules_next_dist_0u_w_5s._.js:1945
[   23850ms] [ERROR] ./node_modules/@prisma/client/runtime/client.mjs
Code generation for chunk item errored
An error occurred while generating the chunk item [project]/node_modules/@prisma/client/runtime/client.mjs [app-client] (ecmascript) <locals>

Caused by:
- the chunking context (unknown) does not support external modules (request: node:module)

Debug info:
- An error occurred while generating the chunk item [project]/node_modules/@prisma/client/runtime/client.mjs [app-client] (ecmascript) <locals>
- Execution of <EcmascriptModuleLocalsModule as EcmascriptChunkPlaceable>::chunk_item_content failed
- Execution of *EcmascriptChunkItemContent::new failed
- Execution of EcmascriptModuleContent::new failed
- the chunking context (unknown) does not support external modules (request: node:module)

Import trace:
  Client Component Browser:
    ./node_modules/@prisma/client/runtime/client.mjs [Client Component Browser]
    ./app/generated/prisma/internal/prismaNamespace.ts [Client Component Browser]
    ./app/generated/prisma/client.ts [Client Component Browser]
    ./lib/prisma.ts [Client Component Browser]
    ./lib/cleanup.ts [Client Component Browser]
    ./app/(manager)/settings/page.tsx [Client Component Browser]
    ./app/(manager)/settings/page.tsx [Server Component] @ http://localhost:3000/_next/static/chunks/node_modules_next_dist_0u_w_5s._.js:1945
[   23905ms] [ERROR] ./node_modules/@prisma/client/runtime/client.mjs
Code generation for chunk item errored
An error occurred while generating the chunk item [project]/node_modules/@prisma/client/runtime/client.mjs [app-client] (ecmascript) <locals>

Caused by:
- the chunking context (unknown) does not support external modules (request: node:module)

Debug info:
- An error occurred while generating the chunk item [project]/node_modules/@prisma/client/runtime/client.mjs [app-client] (ecmascript) <locals>
- Execution of <EcmascriptModuleLocalsModule as EcmascriptChunkPlaceable>::chunk_item_content failed
- Execution of *EcmascriptChunkItemContent::new failed
- Execution of EcmascriptModuleContent::new failed
- the chunking context (unknown) does not support external modules (request: node:module)

Import trace:
  Client Component Browser:
    ./node_modules/@prisma/client/runtime/client.mjs [Client Component Browser]
    ./app/generated/prisma/internal/prismaNamespace.ts [Client Component Browser]
    ./app/generated/prisma/client.ts [Client Component Browser]
    ./lib/prisma.ts [Client Component Browser]
    ./lib/cleanup.ts [Client Component Browser]
    ./app/(manager)/settings/page.tsx [Client Component Browser]
    ./app/(manager)/settings/page.tsx [Server Component] @ http://localhost:3000/_next/static/chunks/node_modules_next_dist_0u_w_5s._.js:1945
[   23961ms] [ERROR] ./node_modules/@prisma/client/runtime/client.mjs
Code generation for chunk item errored
An error occurred while generating the chunk item [project]/node_modules/@prisma/client/runtime/client.mjs [app-client] (ecmascript) <locals>

Caused by:
- the chunking context (unknown) does not support external modules (request: node:module)

Debug info:
- An error occurred while generating the chunk item [project]/node_modules/@prisma/client/runtime/client.mjs [app-client] (ecmascript) <locals>
- Execution of <EcmascriptModuleLocalsModule as EcmascriptChunkPlaceable>::chunk_item_content failed
- Execution of *EcmascriptChunkItemContent::new failed
- Execution of EcmascriptModuleContent::new failed
- the chunking context (unknown) does not support external modules (request: node:module)

Import trace:
  Client Component Browser:
    ./node_modules/@prisma/client/runtime/client.mjs [Client Component Browser]
    ./app/generated/prisma/internal/prismaNamespace.ts [Client Component Browser]
    ./app/generated/prisma/client.ts [Client Component Browser]
    ./lib/prisma.ts [Client Component Browser]
    ./lib/cleanup.ts [Client Component Browser]
    ./app/(manager)/settings/page.tsx [Client Component Browser]
    ./app/(manager)/settings/page.tsx [Server Component] @ http://localhost:3000/_next/static/chunks/node_modules_next_dist_0u_w_5s._.js:1945
[   24021ms] [ERROR] ./node_modules/@prisma/client/runtime/client.mjs
Code generation for chunk item errored
An error occurred while generating the chunk item [project]/node_modules/@prisma/client/runtime/client.mjs [app-client] (ecmascript) <locals>

Caused by:
- the chunking context (unknown) does not support external modules (request: node:module)

Debug info:
- An error occurred while generating the chunk item [project]/node_modules/@prisma/client/runtime/client.mjs [app-client] (ecmascript) <locals>
- Execution of <EcmascriptModuleLocalsModule as EcmascriptChunkPlaceable>::chunk_item_content failed
- Execution of *EcmascriptChunkItemContent::new failed
- Execution of EcmascriptModuleContent::new failed
- the chunking context (unknown) does not support external modules (request: node:module)

Import trace:
  Client Component Browser:
    ./node_modules/@prisma/client/runtime/client.mjs [Client Component Browser]
    ./app/generated/prisma/internal/prismaNamespace.ts [Client Component Browser]
    ./app/generated/prisma/client.ts [Client Component Browser]
    ./lib/prisma.ts [Client Component Browser]
    ./lib/cleanup.ts [Client Component Browser]
    ./app/(manager)/settings/page.tsx [Client Component Browser]
    ./app/(manager)/settings/page.tsx [Server Component] @ http://localhost:3000/_next/static/chunks/node_modules_next_dist_0u_w_5s._.js:1945
[   24078ms] [ERROR] ./node_modules/@prisma/client/runtime/client.mjs
Code generation for chunk item errored
An error occurred while generating the chunk item [project]/node_modules/@prisma/client/runtime/client.mjs [app-client] (ecmascript) <locals>

Caused by:
- the chunking context (unknown) does not support external modules (request: node:module)

Debug info:
- An error occurred while generating the chunk item [project]/node_modules/@prisma/client/runtime/client.mjs [app-client] (ecmascript) <locals>
- Execution of <EcmascriptModuleLocalsModule as EcmascriptChunkPlaceable>::chunk_item_content failed
- Execution of *EcmascriptChunkItemContent::new failed
- Execution of EcmascriptModuleContent::new failed
- the chunking context (unknown) does not support external modules (request: node:module)

Import trace:
  Client Component Browser:
    ./node_modules/@prisma/client/runtime/client.mjs [Client Component Browser]
    ./app/generated/prisma/internal/prismaNamespace.ts [Client Component Browser]
    ./app/generated/prisma/client.ts [Client Component Browser]
    ./lib/prisma.ts [Client Component Browser]
    ./lib/cleanup.ts [Client Component Browser]
    ./app/(manager)/settings/page.tsx [Client Component Browser]
    ./app/(manager)/settings/page.tsx [Server Component] @ http://localhost:3000/_next/static/chunks/node_modules_next_dist_0u_w_5s._.js:1945
[   24131ms] [ERROR] ./node_modules/@prisma/client/runtime/client.mjs
Code generation for chunk item errored
An error occurred while generating the chunk item [project]/node_modules/@prisma/client/runtime/client.mjs [app-client] (ecmascript) <locals>

Caused by:
- the chunking context (unknown) does not support external modules (request: node:module)

Debug info:
- An error occurred while generating the chunk item [project]/node_modules/@prisma/client/runtime/client.mjs [app-client] (ecmascript) <locals>
- Execution of <EcmascriptModuleLocalsModule as EcmascriptChunkPlaceable>::chunk_item_content failed
- Execution of *EcmascriptChunkItemContent::new failed
- Execution of EcmascriptModuleContent::new failed
- the chunking context (unknown) does not support external modules (request: node:module)

Import trace:
  Client Component Browser:
    ./node_modules/@prisma/client/runtime/client.mjs [Client Component Browser]
    ./app/generated/prisma/internal/prismaNamespace.ts [Client Component Browser]
    ./app/generated/prisma/client.ts [Client Component Browser]
    ./lib/prisma.ts [Client Component Browser]
    ./lib/cleanup.ts [Client Component Browser]
    ./app/(manager)/settings/page.tsx [Client Component Browser]
    ./app/(manager)/settings/page.tsx [Server Component] @ http://localhost:3000/_next/static/chunks/node_modules_next_dist_0u_w_5s._.js:1945
[   24186ms] [ERROR] ./node_modules/@prisma/client/runtime/client.mjs
Code generation for chunk item errored
An error occurred while generating the chunk item [project]/node_modules/@prisma/client/runtime/client.mjs [app-client] (ecmascript) <locals>

Caused by:
- the chunking context (unknown) does not support external modules (request: node:module)

Debug info:
- An error occurred while generating the chunk item [project]/node_modules/@prisma/client/runtime/client.mjs [app-client] (ecmascript) <locals>
- Execution of <EcmascriptModuleLocalsModule as EcmascriptChunkPlaceable>::chunk_item_content failed
- Execution of *EcmascriptChunkItemContent::new failed
- Execution of EcmascriptModuleContent::new failed
- the chunking context (unknown) does not support external modules (request: node:module)

Import trace:
  Client Component Browser:
    ./node_modules/@prisma/client/runtime/client.mjs [Client Component Browser]
    ./app/generated/prisma/internal/prismaNamespace.ts [Client Component Browser]
    ./app/generated/prisma/client.ts [Client Component Browser]
    ./lib/prisma.ts [Client Component Browser]
    ./lib/cleanup.ts [Client Component Browser]
    ./app/(manager)/settings/page.tsx [Client Component Browser]
    ./app/(manager)/settings/page.tsx [Server Component] @ http://localhost:3000/_next/static/chunks/node_modules_next_dist_0u_w_5s._.js:1945
[   24239ms] [ERROR] ./node_modules/@prisma/client/runtime/client.mjs
Code generation for chunk item errored
An error occurred while generating the chunk item [project]/node_modules/@prisma/client/runtime/client.mjs [app-client] (ecmascript) <locals>

Caused by:
- the chunking context (unknown) does not support external modules (request: node:module)

Debug info:
- An error occurred while generating the chunk item [project]/node_modules/@prisma/client/runtime/client.mjs [app-client] (ecmascript) <locals>
- Execution of <EcmascriptModuleLocalsModule as EcmascriptChunkPlaceable>::chunk_item_content failed
- Execution of *EcmascriptChunkItemContent::new failed
- Execution of EcmascriptModuleContent::new failed
- the chunking context (unknown) does not support external modules (request: node:module)

Import trace:
  Client Component Browser:
    ./node_modules/@prisma/client/runtime/client.mjs [Client Component Browser]
    ./app/generated/prisma/internal/prismaNamespace.ts [Client Component Browser]
    ./app/generated/prisma/client.ts [Client Component Browser]
    ./lib/prisma.ts [Client Component Browser]
    ./lib/cleanup.ts [Client Component Browser]
    ./app/(manager)/settings/page.tsx [Client Component Browser]
    ./app/(manager)/settings/page.tsx [Server Component] @ http://localhost:3000/_next/static/chunks/node_modules_next_dist_0u_w_5s._.js:1945
[   24299ms] [ERROR] ./node_modules/@prisma/client/runtime/client.mjs
Code generation for chunk item errored
An error occurred while generating the chunk item [project]/node_modules/@prisma/client/runtime/client.mjs [app-client] (ecmascript) <locals>

Caused by:
- the chunking context (unknown) does not support external modules (request: node:module)

Debug info:
- An error occurred while generating the chunk item [project]/node_modules/@prisma/client/runtime/client.mjs [app-client] (ecmascript) <locals>
- Execution of <EcmascriptModuleLocalsModule as EcmascriptChunkPlaceable>::chunk_item_content failed
- Execution of *EcmascriptChunkItemContent::new failed
- Execution of EcmascriptModuleContent::new failed
- the chunking context (unknown) does not support external modules (request: node:module)

Import trace:
  Client Component Browser:
    ./node_modules/@prisma/client/runtime/client.mjs [Client Component Browser]
    ./app/generated/prisma/internal/prismaNamespace.ts [Client Component Browser]
    ./app/generated/prisma/client.ts [Client Component Browser]
    ./lib/prisma.ts [Client Component Browser]
    ./lib/cleanup.ts [Client Component Browser]
    ./app/(manager)/settings/page.tsx [Client Component Browser]
    ./app/(manager)/settings/page.tsx [Server Component] @ http://localhost:3000/_next/static/chunks/node_modules_next_dist_0u_w_5s._.js:1945
[   24353ms] [ERROR] ./node_modules/@prisma/client/runtime/client.mjs
Code generation for chunk item errored
An error occurred while generating the chunk item [project]/node_modules/@prisma/client/runtime/client.mjs [app-client] (ecmascript) <locals>

Caused by:
- the chunking context (unknown) does not support external modules (request: node:module)

Debug info:
- An error occurred while generating the chunk item [project]/node_modules/@prisma/client/runtime/client.mjs [app-client] (ecmascript) <locals>
- Execution of <EcmascriptModuleLocalsModule as EcmascriptChunkPlaceable>::chunk_item_content failed
- Execution of *EcmascriptChunkItemContent::new failed
- Execution of EcmascriptModuleContent::new failed
- the chunking context (unknown) does not support external modules (request: node:module)

Import trace:
  Client Component Browser:
    ./node_modules/@prisma/client/runtime/client.mjs [Client Component Browser]
    ./app/generated/prisma/internal/prismaNamespace.ts [Client Component Browser]
    ./app/generated/prisma/client.ts [Client Component Browser]
    ./lib/prisma.ts [Client Component Browser]
    ./lib/cleanup.ts [Client Component Browser]
    ./app/(manager)/settings/page.tsx [Client Component Browser]
    ./app/(manager)/settings/page.tsx [Server Component] @ http://localhost:3000/_next/static/chunks/node_modules_next_dist_0u_w_5s._.js:1945
[   24410ms] [ERROR] ./node_modules/@prisma/client/runtime/client.mjs
Code generation for chunk item errored
An error occurred while generating the chunk item [project]/node_modules/@prisma/client/runtime/client.mjs [app-client] (ecmascript) <locals>

Caused by:
- the chunking context (unknown) does not support external modules (request: node:module)

Debug info:
- An error occurred while generating the chunk item [project]/node_modules/@prisma/client/runtime/client.mjs [app-client] (ecmascript) <locals>
- Execution of <EcmascriptModuleLocalsModule as EcmascriptChunkPlaceable>::chunk_item_content failed
- Execution of *EcmascriptChunkItemContent::new failed
- Execution of EcmascriptModuleContent::new failed
- the chunking context (unknown) does not support external modules (request: node:module)

Import trace:
  Client Component Browser:
    ./node_modules/@prisma/client/runtime/client.mjs [Client Component Browser]
    ./app/generated/prisma/internal/prismaNamespace.ts [Client Component Browser]
    ./app/generated/prisma/client.ts [Client Component Browser]
    ./lib/prisma.ts [Client Component Browser]
    ./lib/cleanup.ts [Client Component Browser]
    ./app/(manager)/settings/page.tsx [Client Component Browser]
    ./app/(manager)/settings/page.tsx [Server Component] @ http://localhost:3000/_next/static/chunks/node_modules_next_dist_0u_w_5s._.js:1945
[   24464ms] [ERROR] ./node_modules/@prisma/client/runtime/client.mjs
Code generation for chunk item errored
An error occurred while generating the chunk item [project]/node_modules/@prisma/client/runtime/client.mjs [app-client] (ecmascript) <locals>

Caused by:
- the chunking context (unknown) does not support external modules (request: node:module)

Debug info:
- An error occurred while generating the chunk item [project]/node_modules/@prisma/client/runtime/client.mjs [app-client] (ecmascript) <locals>
- Execution of <EcmascriptModuleLocalsModule as EcmascriptChunkPlaceable>::chunk_item_content failed
- Execution of *EcmascriptChunkItemContent::new failed
- Execution of EcmascriptModuleContent::new failed
- the chunking context (unknown) does not support external modules (request: node:module)

Import trace:
  Client Component Browser:
    ./node_modules/@prisma/client/runtime/client.mjs [Client Component Browser]
    ./app/generated/prisma/internal/prismaNamespace.ts [Client Component Browser]
    ./app/generated/prisma/client.ts [Client Component Browser]
    ./lib/prisma.ts [Client Component Browser]
    ./lib/cleanup.ts [Client Component Browser]
    ./app/(manager)/settings/page.tsx [Client Component Browser]
    ./app/(manager)/settings/page.tsx [Server Component] @ http://localhost:3000/_next/static/chunks/node_modules_next_dist_0u_w_5s._.js:1945
[   24507ms] [ERROR] ./node_modules/@prisma/client/runtime/client.mjs
Code generation for chunk item errored
An error occurred while generating the chunk item [project]/node_modules/@prisma/client/runtime/client.mjs [app-client] (ecmascript) <locals>

Caused by:
- the chunking context (unknown) does not support external modules (request: node:module)

Debug info:
- An error occurred while generating the chunk item [project]/node_modules/@prisma/client/runtime/client.mjs [app-client] (ecmascript) <locals>
- Execution of <EcmascriptModuleLocalsModule as EcmascriptChunkPlaceable>::chunk_item_content failed
- Execution of *EcmascriptChunkItemContent::new failed
- Execution of EcmascriptModuleContent::new failed
- the chunking context (unknown) does not support external modules (request: node:module)

Import trace:
  Client Component Browser:
    ./node_modules/@prisma/client/runtime/client.mjs [Client Component Browser]
    ./app/generated/prisma/internal/prismaNamespace.ts [Client Component Browser]
    ./app/generated/prisma/client.ts [Client Component Browser]
    ./lib/prisma.ts [Client Component Browser]
    ./lib/cleanup.ts [Client Component Browser]
    ./app/(manager)/settings/page.tsx [Client Component Browser]
    ./app/(manager)/settings/page.tsx [Server Component] @ http://localhost:3000/_next/static/chunks/node_modules_next_dist_0u_w_5s._.js:1945
[   24557ms] [ERROR] ./node_modules/@prisma/client/runtime/client.mjs
Code generation for chunk item errored
An error occurred while generating the chunk item [project]/node_modules/@prisma/client/runtime/client.mjs [app-client] (ecmascript) <locals>

Caused by:
- the chunking context (unknown) does not support external modules (request: node:module)

Debug info:
- An error occurred while generating the chunk item [project]/node_modules/@prisma/client/runtime/client.mjs [app-client] (ecmascript) <locals>
- Execution of <EcmascriptModuleLocalsModule as EcmascriptChunkPlaceable>::chunk_item_content failed
- Execution of *EcmascriptChunkItemContent::new failed
- Execution of EcmascriptModuleContent::new failed
- the chunking context (unknown) does not support external modules (request: node:module)

Import trace:
  Client Component Browser:
    ./node_modules/@prisma/client/runtime/client.mjs [Client Component Browser]
    ./app/generated/prisma/internal/prismaNamespace.ts [Client Component Browser]
    ./app/generated/prisma/client.ts [Client Component Browser]
    ./lib/prisma.ts [Client Component Browser]
    ./lib/cleanup.ts [Client Component Browser]
    ./app/(manager)/settings/page.tsx [Client Component Browser]
    ./app/(manager)/settings/page.tsx [Server Component] @ http://localhost:3000/_next/static/chunks/node_modules_next_dist_0u_w_5s._.js:1945
[   24616ms] [ERROR] ./node_modules/@prisma/client/runtime/client.mjs
Code generation for chunk item errored
An error occurred while generating the chunk item [project]/node_modules/@prisma/client/runtime/client.mjs [app-client] (ecmascript) <locals>

Caused by:
- the chunking context (unknown) does not support external modules (request: node:module)

Debug info:
- An error occurred while generating the chunk item [project]/node_modules/@prisma/client/runtime/client.mjs [app-client] (ecmascript) <locals>
- Execution of <EcmascriptModuleLocalsModule as EcmascriptChunkPlaceable>::chunk_item_content failed
- Execution of *EcmascriptChunkItemContent::new failed
- Execution of EcmascriptModuleContent::new failed
- the chunking context (unknown) does not support external modules (request: node:module)

Import trace:
  Client Component Browser:
    ./node_modules/@prisma/client/runtime/client.mjs [Client Component Browser]
    ./app/generated/prisma/internal/prismaNamespace.ts [Client Component Browser]
    ./app/generated/prisma/client.ts [Client Component Browser]
    ./lib/prisma.ts [Client Component Browser]
    ./lib/cleanup.ts [Client Component Browser]
    ./app/(manager)/settings/page.tsx [Client Component Browser]
    ./app/(manager)/settings/page.tsx [Server Component] @ http://localhost:3000/_next/static/chunks/node_modules_next_dist_0u_w_5s._.js:1945
[   24671ms] [ERROR] ./node_modules/@prisma/client/runtime/client.mjs
Code generation for chunk item errored
An error occurred while generating the chunk item [project]/node_modules/@prisma/client/runtime/client.mjs [app-client] (ecmascript) <locals>

Caused by:
- the chunking context (unknown) does not support external modules (request: node:module)

Debug info:
- An error occurred while generating the chunk item [project]/node_modules/@prisma/client/runtime/client.mjs [app-client] (ecmascript) <locals>
- Execution of <EcmascriptModuleLocalsModule as EcmascriptChunkPlaceable>::chunk_item_content failed
- Execution of *EcmascriptChunkItemContent::new failed
- Execution of EcmascriptModuleContent::new failed
- the chunking context (unknown) does not support external modules (request: node:module)

Import trace:
  Client Component Browser:
    ./node_modules/@prisma/client/runtime/client.mjs [Client Component Browser]
    ./app/generated/prisma/internal/prismaNamespace.ts [Client Component Browser]
    ./app/generated/prisma/client.ts [Client Component Browser]
    ./lib/prisma.ts [Client Component Browser]
    ./lib/cleanup.ts [Client Component Browser]
    ./app/(manager)/settings/page.tsx [Client Component Browser]
    ./app/(manager)/settings/page.tsx [Server Component] @ http://localhost:3000/_next/static/chunks/node_modules_next_dist_0u_w_5s._.js:1945
[   24728ms] [ERROR] ./node_modules/@prisma/client/runtime/client.mjs
Code generation for chunk item errored
An error occurred while generating the chunk item [project]/node_modules/@prisma/client/runtime/client.mjs [app-client] (ecmascript) <locals>

Caused by:
- the chunking context (unknown) does not support external modules (request: node:module)

Debug info:
- An error occurred while generating the chunk item [project]/node_modules/@prisma/client/runtime/client.mjs [app-client] (ecmascript) <locals>
- Execution of <EcmascriptModuleLocalsModule as EcmascriptChunkPlaceable>::chunk_item_content failed
- Execution of *EcmascriptChunkItemContent::new failed
- Execution of EcmascriptModuleContent::new failed
- the chunking context (unknown) does not support external modules (request: node:module)

Import trace:
  Client Component Browser:
    ./node_modules/@prisma/client/runtime/client.mjs [Client Component Browser]
    ./app/generated/prisma/internal/prismaNamespace.ts [Client Component Browser]
    ./app/generated/prisma/client.ts [Client Component Browser]
    ./lib/prisma.ts [Client Component Browser]
    ./lib/cleanup.ts [Client Component Browser]
    ./app/(manager)/settings/page.tsx [Client Component Browser]
    ./app/(manager)/settings/page.tsx [Server Component] @ http://localhost:3000/_next/static/chunks/node_modules_next_dist_0u_w_5s._.js:1945
[   24794ms] [ERROR] ./node_modules/@prisma/client/runtime/client.mjs
Code generation for chunk item errored
An error occurred while generating the chunk item [project]/node_modules/@prisma/client/runtime/client.mjs [app-client] (ecmascript) <locals>

Caused by:
- the chunking context (unknown) does not support external modules (request: node:module)

Debug info:
- An error occurred while generating the chunk item [project]/node_modules/@prisma/client/runtime/client.mjs [app-client] (ecmascript) <locals>
- Execution of <EcmascriptModuleLocalsModule as EcmascriptChunkPlaceable>::chunk_item_content failed
- Execution of *EcmascriptChunkItemContent::new failed
- Execution of EcmascriptModuleContent::new failed
- the chunking context (unknown) does not support external modules (request: node:module)

Import trace:
  Client Component Browser:
    ./node_modules/@prisma/client/runtime/client.mjs [Client Component Browser]
    ./app/generated/prisma/internal/prismaNamespace.ts [Client Component Browser]
    ./app/generated/prisma/client.ts [Client Component Browser]
    ./lib/prisma.ts [Client Component Browser]
    ./lib/cleanup.ts [Client Component Browser]
    ./app/(manager)/settings/page.tsx [Client Component Browser]
    ./app/(manager)/settings/page.tsx [Server Component] @ http://localhost:3000/_next/static/chunks/node_modules_next_dist_0u_w_5s._.js:1945
[   24849ms] [ERROR] ./node_modules/@prisma/client/runtime/client.mjs
Code generation for chunk item errored
An error occurred while generating the chunk item [project]/node_modules/@prisma/client/runtime/client.mjs [app-client] (ecmascript) <locals>

Caused by:
- the chunking context (unknown) does not support external modules (request: node:module)

Debug info:
- An error occurred while generating the chunk item [project]/node_modules/@prisma/client/runtime/client.mjs [app-client] (ecmascript) <locals>
- Execution of <EcmascriptModuleLocalsModule as EcmascriptChunkPlaceable>::chunk_item_content failed
- Execution of *EcmascriptChunkItemContent::new failed
- Execution of EcmascriptModuleContent::new failed
- the chunking context (unknown) does not support external modules (request: node:module)

Import trace:
  Client Component Browser:
    ./node_modules/@prisma/client/runtime/client.mjs [Client Component Browser]
    ./app/generated/prisma/internal/prismaNamespace.ts [Client Component Browser]
    ./app/generated/prisma/client.ts [Client Component Browser]
    ./lib/prisma.ts [Client Component Browser]
    ./lib/cleanup.ts [Client Component Browser]
    ./app/(manager)/settings/page.tsx [Client Component Browser]
    ./app/(manager)/settings/page.tsx [Server Component] @ http://localhost:3000/_next/static/chunks/node_modules_next_dist_0u_w_5s._.js:1945
[   24899ms] [ERROR] ./node_modules/@prisma/client/runtime/client.mjs
Code generation for chunk item errored
An error occurred while generating the chunk item [project]/node_modules/@prisma/client/runtime/client.mjs [app-client] (ecmascript) <locals>

Caused by:
- the chunking context (unknown) does not support external modules (request: node:module)

Debug info:
- An error occurred while generating the chunk item [project]/node_modules/@prisma/client/runtime/client.mjs [app-client] (ecmascript) <locals>
- Execution of <EcmascriptModuleLocalsModule as EcmascriptChunkPlaceable>::chunk_item_content failed
- Execution of *EcmascriptChunkItemContent::new failed
- Execution of EcmascriptModuleContent::new failed
- the chunking context (unknown) does not support external modules (request: node:module)

Import trace:
  Client Component Browser:
    ./node_modules/@prisma/client/runtime/client.mjs [Client Component Browser]
    ./app/generated/prisma/internal/prismaNamespace.ts [Client Component Browser]
    ./app/generated/prisma/client.ts [Client Component Browser]
    ./lib/prisma.ts [Client Component Browser]
    ./lib/cleanup.ts [Client Component Browser]
    ./app/(manager)/settings/page.tsx [Client Component Browser]
    ./app/(manager)/settings/page.tsx [Server Component] @ http://localhost:3000/_next/static/chunks/node_modules_next_dist_0u_w_5s._.js:1945
[   24955ms] [ERROR] ./node_modules/@prisma/client/runtime/client.mjs
Code generation for chunk item errored
An error occurred while generating the chunk item [project]/node_modules/@prisma/client/runtime/client.mjs [app-client] (ecmascript) <locals>

Caused by:
- the chunking context (unknown) does not support external modules (request: node:module)

Debug info:
- An error occurred while generating the chunk item [project]/node_modules/@prisma/client/runtime/client.mjs [app-client] (ecmascript) <locals>
- Execution of <EcmascriptModuleLocalsModule as EcmascriptChunkPlaceable>::chunk_item_content failed
- Execution of *EcmascriptChunkItemContent::new failed
- Execution of EcmascriptModuleContent::new failed
- the chunking context (unknown) does not support external modules (request: node:module)

Import trace:
  Client Component Browser:
    ./node_modules/@prisma/client/runtime/client.mjs [Client Component Browser]
    ./app/generated/prisma/internal/prismaNamespace.ts [Client Component Browser]
    ./app/generated/prisma/client.ts [Client Component Browser]
    ./lib/prisma.ts [Client Component Browser]
    ./lib/cleanup.ts [Client Component Browser]
    ./app/(manager)/settings/page.tsx [Client Component Browser]
    ./app/(manager)/settings/page.tsx [Server Component] @ http://localhost:3000/_next/static/chunks/node_modules_next_dist_0u_w_5s._.js:1945
[   25013ms] [ERROR] ./node_modules/@prisma/client/runtime/client.mjs
Code generation for chunk item errored
An error occurred while generating the chunk item [project]/node_modules/@prisma/client/runtime/client.mjs [app-client] (ecmascript) <locals>

Caused by:
- the chunking context (unknown) does not support external modules (request: node:module)

Debug info:
- An error occurred while generating the chunk item [project]/node_modules/@prisma/client/runtime/client.mjs [app-client] (ecmascript) <locals>
- Execution of <EcmascriptModuleLocalsModule as EcmascriptChunkPlaceable>::chunk_item_content failed
- Execution of *EcmascriptChunkItemContent::new failed
- Execution of EcmascriptModuleContent::new failed
- the chunking context (unknown) does not support external modules (request: node:module)

Import trace:
  Client Component Browser:
    ./node_modules/@prisma/client/runtime/client.mjs [Client Component Browser]
    ./app/generated/prisma/internal/prismaNamespace.ts [Client Component Browser]
    ./app/generated/prisma/client.ts [Client Component Browser]
    ./lib/prisma.ts [Client Component Browser]
    ./lib/cleanup.ts [Client Component Browser]
    ./app/(manager)/settings/page.tsx [Client Component Browser]
    ./app/(manager)/settings/page.tsx [Server Component] @ http://localhost:3000/_next/static/chunks/node_modules_next_dist_0u_w_5s._.js:1945
[   25070ms] [ERROR] ./node_modules/@prisma/client/runtime/client.mjs
Code generation for chunk item errored
An error occurred while generating the chunk item [project]/node_modules/@prisma/client/runtime/client.mjs [app-client] (ecmascript) <locals>

Caused by:
- the chunking context (unknown) does not support external modules (request: node:module)

Debug info:
- An error occurred while generating the chunk item [project]/node_modules/@prisma/client/runtime/client.mjs [app-client] (ecmascript) <locals>
- Execution of <EcmascriptModuleLocalsModule as EcmascriptChunkPlaceable>::chunk_item_content failed
- Execution of *EcmascriptChunkItemContent::new failed
- Execution of EcmascriptModuleContent::new failed
- the chunking context (unknown) does not support external modules (request: node:module)

Import trace:
  Client Component Browser:
    ./node_modules/@prisma/client/runtime/client.mjs [Client Component Browser]
    ./app/generated/prisma/internal/prismaNamespace.ts [Client Component Browser]
    ./app/generated/prisma/client.ts [Client Component Browser]
    ./lib/prisma.ts [Client Component Browser]
    ./lib/cleanup.ts [Client Component Browser]
    ./app/(manager)/settings/page.tsx [Client Component Browser]
    ./app/(manager)/settings/page.tsx [Server Component] @ http://localhost:3000/_next/static/chunks/node_modules_next_dist_0u_w_5s._.js:1945
[   25126ms] [ERROR] ./node_modules/@prisma/client/runtime/client.mjs
Code generation for chunk item errored
An error occurred while generating the chunk item [project]/node_modules/@prisma/client/runtime/client.mjs [app-client] (ecmascript) <locals>

Caused by:
- the chunking context (unknown) does not support external modules (request: node:module)

Debug info:
- An error occurred while generating the chunk item [project]/node_modules/@prisma/client/runtime/client.mjs [app-client] (ecmascript) <locals>
- Execution of <EcmascriptModuleLocalsModule as EcmascriptChunkPlaceable>::chunk_item_content failed
- Execution of *EcmascriptChunkItemContent::new failed
- Execution of EcmascriptModuleContent::new failed
- the chunking context (unknown) does not support external modules (request: node:module)

Import trace:
  Client Component Browser:
    ./node_modules/@prisma/client/runtime/client.mjs [Client Component Browser]
    ./app/generated/prisma/internal/prismaNamespace.ts [Client Component Browser]
    ./app/generated/prisma/client.ts [Client Component Browser]
    ./lib/prisma.ts [Client Component Browser]
    ./lib/cleanup.ts [Client Component Browser]
    ./app/(manager)/settings/page.tsx [Client Component Browser]
    ./app/(manager)/settings/page.tsx [Server Component] @ http://localhost:3000/_next/static/chunks/node_modules_next_dist_0u_w_5s._.js:1945
[   25180ms] [ERROR] ./node_modules/@prisma/client/runtime/client.mjs
Code generation for chunk item errored
An error occurred while generating the chunk item [project]/node_modules/@prisma/client/runtime/client.mjs [app-client] (ecmascript) <locals>

Caused by:
- the chunking context (unknown) does not support external modules (request: node:module)

Debug info:
- An error occurred while generating the chunk item [project]/node_modules/@prisma/client/runtime/client.mjs [app-client] (ecmascript) <locals>
- Execution of <EcmascriptModuleLocalsModule as EcmascriptChunkPlaceable>::chunk_item_content failed
- Execution of *EcmascriptChunkItemContent::new failed
- Execution of EcmascriptModuleContent::new failed
- the chunking context (unknown) does not support external modules (request: node:module)

Import trace:
  Client Component Browser:
    ./node_modules/@prisma/client/runtime/client.mjs [Client Component Browser]
    ./app/generated/prisma/internal/prismaNamespace.ts [Client Component Browser]
    ./app/generated/prisma/client.ts [Client Component Browser]
    ./lib/prisma.ts [Client Component Browser]
    ./lib/cleanup.ts [Client Component Browser]
    ./app/(manager)/settings/page.tsx [Client Component Browser]
    ./app/(manager)/settings/page.tsx [Server Component] @ http://localhost:3000/_next/static/chunks/node_modules_next_dist_0u_w_5s._.js:1945
[   25236ms] [ERROR] ./node_modules/@prisma/client/runtime/client.mjs
Code generation for chunk item errored
An error occurred while generating the chunk item [project]/node_modules/@prisma/client/runtime/client.mjs [app-client] (ecmascript) <locals>

Caused by:
- the chunking context (unknown) does not support external modules (request: node:module)

Debug info:
- An error occurred while generating the chunk item [project]/node_modules/@prisma/client/runtime/client.mjs [app-client] (ecmascript) <locals>
- Execution of <EcmascriptModuleLocalsModule as EcmascriptChunkPlaceable>::chunk_item_content failed
- Execution of *EcmascriptChunkItemContent::new failed
- Execution of EcmascriptModuleContent::new failed
- the chunking context (unknown) does not support external modules (request: node:module)

Import trace:
  Client Component Browser:
    ./node_modules/@prisma/client/runtime/client.mjs [Client Component Browser]
    ./app/generated/prisma/internal/prismaNamespace.ts [Client Component Browser]
    ./app/generated/prisma/client.ts [Client Component Browser]
    ./lib/prisma.ts [Client Component Browser]
    ./lib/cleanup.ts [Client Component Browser]
    ./app/(manager)/settings/page.tsx [Client Component Browser]
    ./app/(manager)/settings/page.tsx [Server Component] @ http://localhost:3000/_next/static/chunks/node_modules_next_dist_0u_w_5s._.js:1945
[   25290ms] [ERROR] ./node_modules/@prisma/client/runtime/client.mjs
Code generation for chunk item errored
An error occurred while generating the chunk item [project]/node_modules/@prisma/client/runtime/client.mjs [app-client] (ecmascript) <locals>

Caused by:
- the chunking context (unknown) does not support external modules (request: node:module)

Debug info:
- An error occurred while generating the chunk item [project]/node_modules/@prisma/client/runtime/client.mjs [app-client] (ecmascript) <locals>
- Execution of <EcmascriptModuleLocalsModule as EcmascriptChunkPlaceable>::chunk_item_content failed
- Execution of *EcmascriptChunkItemContent::new failed
- Execution of EcmascriptModuleContent::new failed
- the chunking context (unknown) does not support external modules (request: node:module)

Import trace:
  Client Component Browser:
    ./node_modules/@prisma/client/runtime/client.mjs [Client Component Browser]
    ./app/generated/prisma/internal/prismaNamespace.ts [Client Component Browser]
    ./app/generated/prisma/client.ts [Client Component Browser]
    ./lib/prisma.ts [Client Component Browser]
    ./lib/cleanup.ts [Client Component Browser]
    ./app/(manager)/settings/page.tsx [Client Component Browser]
    ./app/(manager)/settings/page.tsx [Server Component] @ http://localhost:3000/_next/static/chunks/node_modules_next_dist_0u_w_5s._.js:1945
[   25345ms] [ERROR] ./node_modules/@prisma/client/runtime/client.mjs
Code generation for chunk item errored
An error occurred while generating the chunk item [project]/node_modules/@prisma/client/runtime/client.mjs [app-client] (ecmascript) <locals>

Caused by:
- the chunking context (unknown) does not support external modules (request: node:module)

Debug info:
- An error occurred while generating the chunk item [project]/node_modules/@prisma/client/runtime/client.mjs [app-client] (ecmascript) <locals>
- Execution of <EcmascriptModuleLocalsModule as EcmascriptChunkPlaceable>::chunk_item_content failed
- Execution of *EcmascriptChunkItemContent::new failed
- Execution of EcmascriptModuleContent::new failed
- the chunking context (unknown) does not support external modules (request: node:module)

Import trace:
  Client Component Browser:
    ./node_modules/@prisma/client/runtime/client.mjs [Client Component Browser]
    ./app/generated/prisma/internal/prismaNamespace.ts [Client Component Browser]
    ./app/generated/prisma/client.ts [Client Component Browser]
    ./lib/prisma.ts [Client Component Browser]
    ./lib/cleanup.ts [Client Component Browser]
    ./app/(manager)/settings/page.tsx [Client Component Browser]
    ./app/(manager)/settings/page.tsx [Server Component] @ http://localhost:3000/_next/static/chunks/node_modules_next_dist_0u_w_5s._.js:1945
[   25398ms] [ERROR] ./node_modules/@prisma/client/runtime/client.mjs
Code generation for chunk item errored
An error occurred while generating the chunk item [project]/node_modules/@prisma/client/runtime/client.mjs [app-client] (ecmascript) <locals>

Caused by:
- the chunking context (unknown) does not support external modules (request: node:module)

Debug info:
- An error occurred while generating the chunk item [project]/node_modules/@prisma/client/runtime/client.mjs [app-client] (ecmascript) <locals>
- Execution of <EcmascriptModuleLocalsModule as EcmascriptChunkPlaceable>::chunk_item_content failed
- Execution of *EcmascriptChunkItemContent::new failed
- Execution of EcmascriptModuleContent::new failed
- the chunking context (unknown) does not support external modules (request: node:module)

Import trace:
  Client Component Browser:
    ./node_modules/@prisma/client/runtime/client.mjs [Client Component Browser]
    ./app/generated/prisma/internal/prismaNamespace.ts [Client Component Browser]
    ./app/generated/prisma/client.ts [Client Component Browser]
    ./lib/prisma.ts [Client Component Browser]
    ./lib/cleanup.ts [Client Component Browser]
    ./app/(manager)/settings/page.tsx [Client Component Browser]
    ./app/(manager)/settings/page.tsx [Server Component] @ http://localhost:3000/_next/static/chunks/node_modules_next_dist_0u_w_5s._.js:1945
[   25450ms] [ERROR] ./node_modules/@prisma/client/runtime/client.mjs
Code generation for chunk item errored
An error occurred while generating the chunk item [project]/node_modules/@prisma/client/runtime/client.mjs [app-client] (ecmascript) <locals>

Caused by:
- the chunking context (unknown) does not support external modules (request: node:module)

Debug info:
- An error occurred while generating the chunk item [project]/node_modules/@prisma/client/runtime/client.mjs [app-client] (ecmascript) <locals>
- Execution of <EcmascriptModuleLocalsModule as EcmascriptChunkPlaceable>::chunk_item_content failed
- Execution of *EcmascriptChunkItemContent::new failed
- Execution of EcmascriptModuleContent::new failed
- the chunking context (unknown) does not support external modules (request: node:module)

Import trace:
  Client Component Browser:
    ./node_modules/@prisma/client/runtime/client.mjs [Client Component Browser]
    ./app/generated/prisma/internal/prismaNamespace.ts [Client Component Browser]
    ./app/generated/prisma/client.ts [Client Component Browser]
    ./lib/prisma.ts [Client Component Browser]
    ./lib/cleanup.ts [Client Component Browser]
    ./app/(manager)/settings/page.tsx [Client Component Browser]
    ./app/(manager)/settings/page.tsx [Server Component] @ http://localhost:3000/_next/static/chunks/node_modules_next_dist_0u_w_5s._.js:1945
[   25505ms] [ERROR] ./node_modules/@prisma/client/runtime/client.mjs
Code generation for chunk item errored
An error occurred while generating the chunk item [project]/node_modules/@prisma/client/runtime/client.mjs [app-client] (ecmascript) <locals>

Caused by:
- the chunking context (unknown) does not support external modules (request: node:module)

Debug info:
- An error occurred while generating the chunk item [project]/node_modules/@prisma/client/runtime/client.mjs [app-client] (ecmascript) <locals>
- Execution of <EcmascriptModuleLocalsModule as EcmascriptChunkPlaceable>::chunk_item_content failed
- Execution of *EcmascriptChunkItemContent::new failed
- Execution of EcmascriptModuleContent::new failed
- the chunking context (unknown) does not support external modules (request: node:module)

Import trace:
  Client Component Browser:
    ./node_modules/@prisma/client/runtime/client.mjs [Client Component Browser]
    ./app/generated/prisma/internal/prismaNamespace.ts [Client Component Browser]
    ./app/generated/prisma/client.ts [Client Component Browser]
    ./lib/prisma.ts [Client Component Browser]
    ./lib/cleanup.ts [Client Component Browser]
    ./app/(manager)/settings/page.tsx [Client Component Browser]
    ./app/(manager)/settings/page.tsx [Server Component] @ http://localhost:3000/_next/static/chunks/node_modules_next_dist_0u_w_5s._.js:1945
[   25561ms] [ERROR] ./node_modules/@prisma/client/runtime/client.mjs
Code generation for chunk item errored
An error occurred while generating the chunk item [project]/node_modules/@prisma/client/runtime/client.mjs [app-client] (ecmascript) <locals>

Caused by:
- the chunking context (unknown) does not support external modules (request: node:module)

Debug info:
- An error occurred while generating the chunk item [project]/node_modules/@prisma/client/runtime/client.mjs [app-client] (ecmascript) <locals>
- Execution of <EcmascriptModuleLocalsModule as EcmascriptChunkPlaceable>::chunk_item_content failed
- Execution of *EcmascriptChunkItemContent::new failed
- Execution of EcmascriptModuleContent::new failed
- the chunking context (unknown) does not support external modules (request: node:module)

Import trace:
  Client Component Browser:
    ./node_modules/@prisma/client/runtime/client.mjs [Client Component Browser]
    ./app/generated/prisma/internal/prismaNamespace.ts [Client Component Browser]
    ./app/generated/prisma/client.ts [Client Component Browser]
    ./lib/prisma.ts [Client Component Browser]
    ./lib/cleanup.ts [Client Component Browser]
    ./app/(manager)/settings/page.tsx [Client Component Browser]
    ./app/(manager)/settings/page.tsx [Server Component] @ http://localhost:3000/_next/static/chunks/node_modules_next_dist_0u_w_5s._.js:1945
[   25615ms] [ERROR] ./node_modules/@prisma/client/runtime/client.mjs
Code generation for chunk item errored
An error occurred while generating the chunk item [project]/node_modules/@prisma/client/runtime/client.mjs [app-client] (ecmascript) <locals>

Caused by:
- the chunking context (unknown) does not support external modules (request: node:module)

Debug info:
- An error occurred while generating the chunk item [project]/node_modules/@prisma/client/runtime/client.mjs [app-client] (ecmascript) <locals>
- Execution of <EcmascriptModuleLocalsModule as EcmascriptChunkPlaceable>::chunk_item_content failed
- Execution of *EcmascriptChunkItemContent::new failed
- Execution of EcmascriptModuleContent::new failed
- the chunking context (unknown) does not support external modules (request: node:module)

Import trace:
  Client Component Browser:
    ./node_modules/@prisma/client/runtime/client.mjs [Client Component Browser]
    ./app/generated/prisma/internal/prismaNamespace.ts [Client Component Browser]
    ./app/generated/prisma/client.ts [Client Component Browser]
    ./lib/prisma.ts [Client Component Browser]
    ./lib/cleanup.ts [Client Component Browser]
    ./app/(manager)/settings/page.tsx [Client Component Browser]
    ./app/(manager)/settings/page.tsx [Server Component] @ http://localhost:3000/_next/static/chunks/node_modules_next_dist_0u_w_5s._.js:1945
[   25671ms] [ERROR] ./node_modules/@prisma/client/runtime/client.mjs
Code generation for chunk item errored
An error occurred while generating the chunk item [project]/node_modules/@prisma/client/runtime/client.mjs [app-client] (ecmascript) <locals>

Caused by:
- the chunking context (unknown) does not support external modules (request: node:module)

Debug info:
- An error occurred while generating the chunk item [project]/node_modules/@prisma/client/runtime/client.mjs [app-client] (ecmascript) <locals>
- Execution of <EcmascriptModuleLocalsModule as EcmascriptChunkPlaceable>::chunk_item_content failed
- Execution of *EcmascriptChunkItemContent::new failed
- Execution of EcmascriptModuleContent::new failed
- the chunking context (unknown) does not support external modules (request: node:module)

Import trace:
  Client Component Browser:
    ./node_modules/@prisma/client/runtime/client.mjs [Client Component Browser]
    ./app/generated/prisma/internal/prismaNamespace.ts [Client Component Browser]
    ./app/generated/prisma/client.ts [Client Component Browser]
    ./lib/prisma.ts [Client Component Browser]
    ./lib/cleanup.ts [Client Component Browser]
    ./app/(manager)/settings/page.tsx [Client Component Browser]
    ./app/(manager)/settings/page.tsx [Server Component] @ http://localhost:3000/_next/static/chunks/node_modules_next_dist_0u_w_5s._.js:1945
[   25727ms] [ERROR] ./node_modules/@prisma/client/runtime/client.mjs
Code generation for chunk item errored
An error occurred while generating the chunk item [project]/node_modules/@prisma/client/runtime/client.mjs [app-client] (ecmascript) <locals>

Caused by:
- the chunking context (unknown) does not support external modules (request: node:module)

Debug info:
- An error occurred while generating the chunk item [project]/node_modules/@prisma/client/runtime/client.mjs [app-client] (ecmascript) <locals>
- Execution of <EcmascriptModuleLocalsModule as EcmascriptChunkPlaceable>::chunk_item_content failed
- Execution of *EcmascriptChunkItemContent::new failed
- Execution of EcmascriptModuleContent::new failed
- the chunking context (unknown) does not support external modules (request: node:module)

Import trace:
  Client Component Browser:
    ./node_modules/@prisma/client/runtime/client.mjs [Client Component Browser]
    ./app/generated/prisma/internal/prismaNamespace.ts [Client Component Browser]
    ./app/generated/prisma/client.ts [Client Component Browser]
    ./lib/prisma.ts [Client Component Browser]
    ./lib/cleanup.ts [Client Component Browser]
    ./app/(manager)/settings/page.tsx [Client Component Browser]
    ./app/(manager)/settings/page.tsx [Server Component] @ http://localhost:3000/_next/static/chunks/node_modules_next_dist_0u_w_5s._.js:1945
[   25783ms] [ERROR] ./node_modules/@prisma/client/runtime/client.mjs
Code generation for chunk item errored
An error occurred while generating the chunk item [project]/node_modules/@prisma/client/runtime/client.mjs [app-client] (ecmascript) <locals>

Caused by:
- the chunking context (unknown) does not support external modules (request: node:module)

Debug info:
- An error occurred while generating the chunk item [project]/node_modules/@prisma/client/runtime/client.mjs [app-client] (ecmascript) <locals>
- Execution of <EcmascriptModuleLocalsModule as EcmascriptChunkPlaceable>::chunk_item_content failed
- Execution of *EcmascriptChunkItemContent::new failed
- Execution of EcmascriptModuleContent::new failed
- the chunking context (unknown) does not support external modules (request: node:module)

Import trace:
  Client Component Browser:
    ./node_modules/@prisma/client/runtime/client.mjs [Client Component Browser]
    ./app/generated/prisma/internal/prismaNamespace.ts [Client Component Browser]
    ./app/generated/prisma/client.ts [Client Component Browser]
    ./lib/prisma.ts [Client Component Browser]
    ./lib/cleanup.ts [Client Component Browser]
    ./app/(manager)/settings/page.tsx [Client Component Browser]
    ./app/(manager)/settings/page.tsx [Server Component] @ http://localhost:3000/_next/static/chunks/node_modules_next_dist_0u_w_5s._.js:1945
[   25843ms] [ERROR] ./node_modules/@prisma/client/runtime/client.mjs
Code generation for chunk item errored
An error occurred while generating the chunk item [project]/node_modules/@prisma/client/runtime/client.mjs [app-client] (ecmascript) <locals>

Caused by:
- the chunking context (unknown) does not support external modules (request: node:module)

Debug info:
- An error occurred while generating the chunk item [project]/node_modules/@prisma/client/runtime/client.mjs [app-client] (ecmascript) <locals>
- Execution of <EcmascriptModuleLocalsModule as EcmascriptChunkPlaceable>::chunk_item_content failed
- Execution of *EcmascriptChunkItemContent::new failed
- Execution of EcmascriptModuleContent::new failed
- the chunking context (unknown) does not support external modules (request: node:module)

Import trace:
  Client Component Browser:
    ./node_modules/@prisma/client/runtime/client.mjs [Client Component Browser]
    ./app/generated/prisma/internal/prismaNamespace.ts [Client Component Browser]
    ./app/generated/prisma/client.ts [Client Component Browser]
    ./lib/prisma.ts [Client Component Browser]
    ./lib/cleanup.ts [Client Component Browser]
    ./app/(manager)/settings/page.tsx [Client Component Browser]
    ./app/(manager)/settings/page.tsx [Server Component] @ http://localhost:3000/_next/static/chunks/node_modules_next_dist_0u_w_5s._.js:1945
[   25897ms] [ERROR] ./node_modules/@prisma/client/runtime/client.mjs
Code generation for chunk item errored
An error occurred while generating the chunk item [project]/node_modules/@prisma/client/runtime/client.mjs [app-client] (ecmascript) <locals>

Caused by:
- the chunking context (unknown) does not support external modules (request: node:module)

Debug info:
- An error occurred while generating the chunk item [project]/node_modules/@prisma/client/runtime/client.mjs [app-client] (ecmascript) <locals>
- Execution of <EcmascriptModuleLocalsModule as EcmascriptChunkPlaceable>::chunk_item_content failed
- Execution of *EcmascriptChunkItemContent::new failed
- Execution of EcmascriptModuleContent::new failed
- the chunking context (unknown) does not support external modules (request: node:module)

Import trace:
  Client Component Browser:
    ./node_modules/@prisma/client/runtime/client.mjs [Client Component Browser]
    ./app/generated/prisma/internal/prismaNamespace.ts [Client Component Browser]
    ./app/generated/prisma/client.ts [Client Component Browser]
    ./lib/prisma.ts [Client Component Browser]
    ./lib/cleanup.ts [Client Component Browser]
    ./app/(manager)/settings/page.tsx [Client Component Browser]
    ./app/(manager)/settings/page.tsx [Server Component] @ http://localhost:3000/_next/static/chunks/node_modules_next_dist_0u_w_5s._.js:1945
[   25952ms] [ERROR] ./node_modules/@prisma/client/runtime/client.mjs
Code generation for chunk item errored
An error occurred while generating the chunk item [project]/node_modules/@prisma/client/runtime/client.mjs [app-client] (ecmascript) <locals>

Caused by:
- the chunking context (unknown) does not support external modules (request: node:module)

Debug info:
- An error occurred while generating the chunk item [project]/node_modules/@prisma/client/runtime/client.mjs [app-client] (ecmascript) <locals>
- Execution of <EcmascriptModuleLocalsModule as EcmascriptChunkPlaceable>::chunk_item_content failed
- Execution of *EcmascriptChunkItemContent::new failed
- Execution of EcmascriptModuleContent::new failed
- the chunking context (unknown) does not support external modules (request: node:module)

Import trace:
  Client Component Browser:
    ./node_modules/@prisma/client/runtime/client.mjs [Client Component Browser]
    ./app/generated/prisma/internal/prismaNamespace.ts [Client Component Browser]
    ./app/generated/prisma/client.ts [Client Component Browser]
    ./lib/prisma.ts [Client Component Browser]
    ./lib/cleanup.ts [Client Component Browser]
    ./app/(manager)/settings/page.tsx [Client Component Browser]
    ./app/(manager)/settings/page.tsx [Server Component] @ http://localhost:3000/_next/static/chunks/node_modules_next_dist_0u_w_5s._.js:1945
[   26007ms] [ERROR] ./node_modules/@prisma/client/runtime/client.mjs
Code generation for chunk item errored
An error occurred while generating the chunk item [project]/node_modules/@prisma/client/runtime/client.mjs [app-client] (ecmascript) <locals>

Caused by:
- the chunking context (unknown) does not support external modules (request: node:module)

Debug info:
- An error occurred while generating the chunk item [project]/node_modules/@prisma/client/runtime/client.mjs [app-client] (ecmascript) <locals>
- Execution of <EcmascriptModuleLocalsModule as EcmascriptChunkPlaceable>::chunk_item_content failed
- Execution of *EcmascriptChunkItemContent::new failed
- Execution of EcmascriptModuleContent::new failed
- the chunking context (unknown) does not support external modules (request: node:module)

Import trace:
  Client Component Browser:
    ./node_modules/@prisma/client/runtime/client.mjs [Client Component Browser]
    ./app/generated/prisma/internal/prismaNamespace.ts [Client Component Browser]
    ./app/generated/prisma/client.ts [Client Component Browser]
    ./lib/prisma.ts [Client Component Browser]
    ./lib/cleanup.ts [Client Component Browser]
    ./app/(manager)/settings/page.tsx [Client Component Browser]
    ./app/(manager)/settings/page.tsx [Server Component] @ http://localhost:3000/_next/static/chunks/node_modules_next_dist_0u_w_5s._.js:1945
[   26060ms] [ERROR] ./node_modules/@prisma/client/runtime/client.mjs
Code generation for chunk item errored
An error occurred while generating the chunk item [project]/node_modules/@prisma/client/runtime/client.mjs [app-client] (ecmascript) <locals>

Caused by:
- the chunking context (unknown) does not support external modules (request: node:module)

Debug info:
- An error occurred while generating the chunk item [project]/node_modules/@prisma/client/runtime/client.mjs [app-client] (ecmascript) <locals>
- Execution of <EcmascriptModuleLocalsModule as EcmascriptChunkPlaceable>::chunk_item_content failed
- Execution of *EcmascriptChunkItemContent::new failed
- Execution of EcmascriptModuleContent::new failed
- the chunking context (unknown) does not support external modules (request: node:module)

Import trace:
  Client Component Browser:
    ./node_modules/@prisma/client/runtime/client.mjs [Client Component Browser]
    ./app/generated/prisma/internal/prismaNamespace.ts [Client Component Browser]
    ./app/generated/prisma/client.ts [Client Component Browser]
    ./lib/prisma.ts [Client Component Browser]
    ./lib/cleanup.ts [Client Component Browser]
    ./app/(manager)/settings/page.tsx [Client Component Browser]
    ./app/(manager)/settings/page.tsx [Server Component] @ http://localhost:3000/_next/static/chunks/node_modules_next_dist_0u_w_5s._.js:1945
[   26118ms] [ERROR] ./node_modules/@prisma/client/runtime/client.mjs
Code generation for chunk item errored
An error occurred while generating the chunk item [project]/node_modules/@prisma/client/runtime/client.mjs [app-client] (ecmascript) <locals>

Caused by:
- the chunking context (unknown) does not support external modules (request: node:module)

Debug info:
- An error occurred while generating the chunk item [project]/node_modules/@prisma/client/runtime/client.mjs [app-client] (ecmascript) <locals>
- Execution of <EcmascriptModuleLocalsModule as EcmascriptChunkPlaceable>::chunk_item_content failed
- Execution of *EcmascriptChunkItemContent::new failed
- Execution of EcmascriptModuleContent::new failed
- the chunking context (unknown) does not support external modules (request: node:module)

Import trace:
  Client Component Browser:
    ./node_modules/@prisma/client/runtime/client.mjs [Client Component Browser]
    ./app/generated/prisma/internal/prismaNamespace.ts [Client Component Browser]
    ./app/generated/prisma/client.ts [Client Component Browser]
    ./lib/prisma.ts [Client Component Browser]
    ./lib/cleanup.ts [Client Component Browser]
    ./app/(manager)/settings/page.tsx [Client Component Browser]
    ./app/(manager)/settings/page.tsx [Server Component] @ http://localhost:3000/_next/static/chunks/node_modules_next_dist_0u_w_5s._.js:1945
[   26176ms] [ERROR] ./node_modules/@prisma/client/runtime/client.mjs
Code generation for chunk item errored
An error occurred while generating the chunk item [project]/node_modules/@prisma/client/runtime/client.mjs [app-client] (ecmascript) <locals>

Caused by:
- the chunking context (unknown) does not support external modules (request: node:module)

Debug info:
- An error occurred while generating the chunk item [project]/node_modules/@prisma/client/runtime/client.mjs [app-client] (ecmascript) <locals>
- Execution of <EcmascriptModuleLocalsModule as EcmascriptChunkPlaceable>::chunk_item_content failed
- Execution of *EcmascriptChunkItemContent::new failed
- Execution of EcmascriptModuleContent::new failed
- the chunking context (unknown) does not support external modules (request: node:module)

Import trace:
  Client Component Browser:
    ./node_modules/@prisma/client/runtime/client.mjs [Client Component Browser]
    ./app/generated/prisma/internal/prismaNamespace.ts [Client Component Browser]
    ./app/generated/prisma/client.ts [Client Component Browser]
    ./lib/prisma.ts [Client Component Browser]
    ./lib/cleanup.ts [Client Component Browser]
    ./app/(manager)/settings/page.tsx [Client Component Browser]
    ./app/(manager)/settings/page.tsx [Server Component] @ http://localhost:3000/_next/static/chunks/node_modules_next_dist_0u_w_5s._.js:1945
[   26232ms] [ERROR] ./node_modules/@prisma/client/runtime/client.mjs
Code generation for chunk item errored
An error occurred while generating the chunk item [project]/node_modules/@prisma/client/runtime/client.mjs [app-client] (ecmascript) <locals>

Caused by:
- the chunking context (unknown) does not support external modules (request: node:module)

Debug info:
- An error occurred while generating the chunk item [project]/node_modules/@prisma/client/runtime/client.mjs [app-client] (ecmascript) <locals>
- Execution of <EcmascriptModuleLocalsModule as EcmascriptChunkPlaceable>::chunk_item_content failed
- Execution of *EcmascriptChunkItemContent::new failed
- Execution of EcmascriptModuleContent::new failed
- the chunking context (unknown) does not support external modules (request: node:module)

Import trace:
  Client Component Browser:
    ./node_modules/@prisma/client/runtime/client.mjs [Client Component Browser]
    ./app/generated/prisma/internal/prismaNamespace.ts [Client Component Browser]
    ./app/generated/prisma/client.ts [Client Component Browser]
    ./lib/prisma.ts [Client Component Browser]
    ./lib/cleanup.ts [Client Component Browser]
    ./app/(manager)/settings/page.tsx [Client Component Browser]
    ./app/(manager)/settings/page.tsx [Server Component] @ http://localhost:3000/_next/static/chunks/node_modules_next_dist_0u_w_5s._.js:1945
[   26286ms] [ERROR] ./node_modules/@prisma/client/runtime/client.mjs
Code generation for chunk item errored
An error occurred while generating the chunk item [project]/node_modules/@prisma/client/runtime/client.mjs [app-client] (ecmascript) <locals>

Caused by:
- the chunking context (unknown) does not support external modules (request: node:module)

Debug info:
- An error occurred while generating the chunk item [project]/node_modules/@prisma/client/runtime/client.mjs [app-client] (ecmascript) <locals>
- Execution of <EcmascriptModuleLocalsModule as EcmascriptChunkPlaceable>::chunk_item_content failed
- Execution of *EcmascriptChunkItemContent::new failed
- Execution of EcmascriptModuleContent::new failed
- the chunking context (unknown) does not support external modules (request: node:module)

Import trace:
  Client Component Browser:
    ./node_modules/@prisma/client/runtime/client.mjs [Client Component Browser]
    ./app/generated/prisma/internal/prismaNamespace.ts [Client Component Browser]
    ./app/generated/prisma/client.ts [Client Component Browser]
    ./lib/prisma.ts [Client Component Browser]
    ./lib/cleanup.ts [Client Component Browser]
    ./app/(manager)/settings/page.tsx [Client Component Browser]
    ./app/(manager)/settings/page.tsx [Server Component] @ http://localhost:3000/_next/static/chunks/node_modules_next_dist_0u_w_5s._.js:1945
[   26341ms] [ERROR] ./node_modules/@prisma/client/runtime/client.mjs
Code generation for chunk item errored
An error occurred while generating the chunk item [project]/node_modules/@prisma/client/runtime/client.mjs [app-client] (ecmascript) <locals>

Caused by:
- the chunking context (unknown) does not support external modules (request: node:module)

Debug info:
- An error occurred while generating the chunk item [project]/node_modules/@prisma/client/runtime/client.mjs [app-client] (ecmascript) <locals>
- Execution of <EcmascriptModuleLocalsModule as EcmascriptChunkPlaceable>::chunk_item_content failed
- Execution of *EcmascriptChunkItemContent::new failed
- Execution of EcmascriptModuleContent::new failed
- the chunking context (unknown) does not support external modules (request: node:module)

Import trace:
  Client Component Browser:
    ./node_modules/@prisma/client/runtime/client.mjs [Client Component Browser]
    ./app/generated/prisma/internal/prismaNamespace.ts [Client Component Browser]
    ./app/generated/prisma/client.ts [Client Component Browser]
    ./lib/prisma.ts [Client Component Browser]
    ./lib/cleanup.ts [Client Component Browser]
    ./app/(manager)/settings/page.tsx [Client Component Browser]
    ./app/(manager)/settings/page.tsx [Server Component] @ http://localhost:3000/_next/static/chunks/node_modules_next_dist_0u_w_5s._.js:1945
[   26398ms] [ERROR] ./node_modules/@prisma/client/runtime/client.mjs
Code generation for chunk item errored
An error occurred while generating the chunk item [project]/node_modules/@prisma/client/runtime/client.mjs [app-client] (ecmascript) <locals>

Caused by:
- the chunking context (unknown) does not support external modules (request: node:module)

Debug info:
- An error occurred while generating the chunk item [project]/node_modules/@prisma/client/runtime/client.mjs [app-client] (ecmascript) <locals>
- Execution of <EcmascriptModuleLocalsModule as EcmascriptChunkPlaceable>::chunk_item_content failed
- Execution of *EcmascriptChunkItemContent::new failed
- Execution of EcmascriptModuleContent::new failed
- the chunking context (unknown) does not support external modules (request: node:module)

Import trace:
  Client Component Browser:
    ./node_modules/@prisma/client/runtime/client.mjs [Client Component Browser]
    ./app/generated/prisma/internal/prismaNamespace.ts [Client Component Browser]
    ./app/generated/prisma/client.ts [Client Component Browser]
    ./lib/prisma.ts [Client Component Browser]
    ./lib/cleanup.ts [Client Component Browser]
    ./app/(manager)/settings/page.tsx [Client Component Browser]
    ./app/(manager)/settings/page.tsx [Server Component] @ http://localhost:3000/_next/static/chunks/node_modules_next_dist_0u_w_5s._.js:1945
[   26460ms] [ERROR] ./node_modules/@prisma/client/runtime/client.mjs
Code generation for chunk item errored
An error occurred while generating the chunk item [project]/node_modules/@prisma/client/runtime/client.mjs [app-client] (ecmascript) <locals>

Caused by:
- the chunking context (unknown) does not support external modules (request: node:module)

Debug info:
- An error occurred while generating the chunk item [project]/node_modules/@prisma/client/runtime/client.mjs [app-client] (ecmascript) <locals>
- Execution of <EcmascriptModuleLocalsModule as EcmascriptChunkPlaceable>::chunk_item_content failed
- Execution of *EcmascriptChunkItemContent::new failed
- Execution of EcmascriptModuleContent::new failed
- the chunking context (unknown) does not support external modules (request: node:module)

Import trace:
  Client Component Browser:
    ./node_modules/@prisma/client/runtime/client.mjs [Client Component Browser]
    ./app/generated/prisma/internal/prismaNamespace.ts [Client Component Browser]
    ./app/generated/prisma/client.ts [Client Component Browser]
    ./lib/prisma.ts [Client Component Browser]
    ./lib/cleanup.ts [Client Component Browser]
    ./app/(manager)/settings/page.tsx [Client Component Browser]
    ./app/(manager)/settings/page.tsx [Server Component] @ http://localhost:3000/_next/static/chunks/node_modules_next_dist_0u_w_5s._.js:1945
[   26520ms] [ERROR] ./node_modules/@prisma/client/runtime/client.mjs
Code generation for chunk item errored
An error occurred while generating the chunk item [project]/node_modules/@prisma/client/runtime/client.mjs [app-client] (ecmascript) <locals>

Caused by:
- the chunking context (unknown) does not support external modules (request: node:module)

Debug info:
- An error occurred while generating the chunk item [project]/node_modules/@prisma/client/runtime/client.mjs [app-client] (ecmascript) <locals>
- Execution of <EcmascriptModuleLocalsModule as EcmascriptChunkPlaceable>::chunk_item_content failed
- Execution of *EcmascriptChunkItemContent::new failed
- Execution of EcmascriptModuleContent::new failed
- the chunking context (unknown) does not support external modules (request: node:module)

Import trace:
  Client Component Browser:
    ./node_modules/@prisma/client/runtime/client.mjs [Client Component Browser]
    ./app/generated/prisma/internal/prismaNamespace.ts [Client Component Browser]
    ./app/generated/prisma/client.ts [Client Component Browser]
    ./lib/prisma.ts [Client Component Browser]
    ./lib/cleanup.ts [Client Component Browser]
    ./app/(manager)/settings/page.tsx [Client Component Browser]
    ./app/(manager)/settings/page.tsx [Server Component] @ http://localhost:3000/_next/static/chunks/node_modules_next_dist_0u_w_5s._.js:1945
[   26576ms] [ERROR] ./node_modules/@prisma/client/runtime/client.mjs
Code generation for chunk item errored
An error occurred while generating the chunk item [project]/node_modules/@prisma/client/runtime/client.mjs [app-client] (ecmascript) <locals>

Caused by:
- the chunking context (unknown) does not support external modules (request: node:module)

Debug info:
- An error occurred while generating the chunk item [project]/node_modules/@prisma/client/runtime/client.mjs [app-client] (ecmascript) <locals>
- Execution of <EcmascriptModuleLocalsModule as EcmascriptChunkPlaceable>::chunk_item_content failed
- Execution of *EcmascriptChunkItemContent::new failed
- Execution of EcmascriptModuleContent::new failed
- the chunking context (unknown) does not support external modules (request: node:module)

Import trace:
  Client Component Browser:
    ./node_modules/@prisma/client/runtime/client.mjs [Client Component Browser]
    ./app/generated/prisma/internal/prismaNamespace.ts [Client Component Browser]
    ./app/generated/prisma/client.ts [Client Component Browser]
    ./lib/prisma.ts [Client Component Browser]
    ./lib/cleanup.ts [Client Component Browser]
    ./app/(manager)/settings/page.tsx [Client Component Browser]
    ./app/(manager)/settings/page.tsx [Server Component] @ http://localhost:3000/_next/static/chunks/node_modules_next_dist_0u_w_5s._.js:1945
[   26630ms] [ERROR] ./node_modules/@prisma/client/runtime/client.mjs
Code generation for chunk item errored
An error occurred while generating the chunk item [project]/node_modules/@prisma/client/runtime/client.mjs [app-client] (ecmascript) <locals>

Caused by:
- the chunking context (unknown) does not support external modules (request: node:module)

Debug info:
- An error occurred while generating the chunk item [project]/node_modules/@prisma/client/runtime/client.mjs [app-client] (ecmascript) <locals>
- Execution of <EcmascriptModuleLocalsModule as EcmascriptChunkPlaceable>::chunk_item_content failed
- Execution of *EcmascriptChunkItemContent::new failed
- Execution of EcmascriptModuleContent::new failed
- the chunking context (unknown) does not support external modules (request: node:module)

Import trace:
  Client Component Browser:
    ./node_modules/@prisma/client/runtime/client.mjs [Client Component Browser]
    ./app/generated/prisma/internal/prismaNamespace.ts [Client Component Browser]
    ./app/generated/prisma/client.ts [Client Component Browser]
    ./lib/prisma.ts [Client Component Browser]
    ./lib/cleanup.ts [Client Component Browser]
    ./app/(manager)/settings/page.tsx [Client Component Browser]
    ./app/(manager)/settings/page.tsx [Server Component] @ http://localhost:3000/_next/static/chunks/node_modules_next_dist_0u_w_5s._.js:1945
[   26683ms] [ERROR] ./node_modules/@prisma/client/runtime/client.mjs
Code generation for chunk item errored
An error occurred while generating the chunk item [project]/node_modules/@prisma/client/runtime/client.mjs [app-client] (ecmascript) <locals>

Caused by:
- the chunking context (unknown) does not support external modules (request: node:module)

Debug info:
- An error occurred while generating the chunk item [project]/node_modules/@prisma/client/runtime/client.mjs [app-client] (ecmascript) <locals>
- Execution of <EcmascriptModuleLocalsModule as EcmascriptChunkPlaceable>::chunk_item_content failed
- Execution of *EcmascriptChunkItemContent::new failed
- Execution of EcmascriptModuleContent::new failed
- the chunking context (unknown) does not support external modules (request: node:module)

Import trace:
  Client Component Browser:
    ./node_modules/@prisma/client/runtime/client.mjs [Client Component Browser]
    ./app/generated/prisma/internal/prismaNamespace.ts [Client Component Browser]
    ./app/generated/prisma/client.ts [Client Component Browser]
    ./lib/prisma.ts [Client Component Browser]
    ./lib/cleanup.ts [Client Component Browser]
    ./app/(manager)/settings/page.tsx [Client Component Browser]
    ./app/(manager)/settings/page.tsx [Server Component] @ http://localhost:3000/_next/static/chunks/node_modules_next_dist_0u_w_5s._.js:1945
[   26739ms] [ERROR] ./node_modules/@prisma/client/runtime/client.mjs
Code generation for chunk item errored
An error occurred while generating the chunk item [project]/node_modules/@prisma/client/runtime/client.mjs [app-client] (ecmascript) <locals>

Caused by:
- the chunking context (unknown) does not support external modules (request: node:module)

Debug info:
- An error occurred while generating the chunk item [project]/node_modules/@prisma/client/runtime/client.mjs [app-client] (ecmascript) <locals>
- Execution of <EcmascriptModuleLocalsModule as EcmascriptChunkPlaceable>::chunk_item_content failed
- Execution of *EcmascriptChunkItemContent::new failed
- Execution of EcmascriptModuleContent::new failed
- the chunking context (unknown) does not support external modules (request: node:module)

Import trace:
  Client Component Browser:
    ./node_modules/@prisma/client/runtime/client.mjs [Client Component Browser]
    ./app/generated/prisma/internal/prismaNamespace.ts [Client Component Browser]
    ./app/generated/prisma/client.ts [Client Component Browser]
    ./lib/prisma.ts [Client Component Browser]
    ./lib/cleanup.ts [Client Component Browser]
    ./app/(manager)/settings/page.tsx [Client Component Browser]
    ./app/(manager)/settings/page.tsx [Server Component] @ http://localhost:3000/_next/static/chunks/node_modules_next_dist_0u_w_5s._.js:1945
[   26797ms] [ERROR] ./node_modules/@prisma/client/runtime/client.mjs
Code generation for chunk item errored
An error occurred while generating the chunk item [project]/node_modules/@prisma/client/runtime/client.mjs [app-client] (ecmascript) <locals>

Caused by:
- the chunking context (unknown) does not support external modules (request: node:module)

Debug info:
- An error occurred while generating the chunk item [project]/node_modules/@prisma/client/runtime/client.mjs [app-client] (ecmascript) <locals>
- Execution of <EcmascriptModuleLocalsModule as EcmascriptChunkPlaceable>::chunk_item_content failed
- Execution of *EcmascriptChunkItemContent::new failed
- Execution of EcmascriptModuleContent::new failed
- the chunking context (unknown) does not support external modules (request: node:module)

Import trace:
  Client Component Browser:
    ./node_modules/@prisma/client/runtime/client.mjs [Client Component Browser]
    ./app/generated/prisma/internal/prismaNamespace.ts [Client Component Browser]
    ./app/generated/prisma/client.ts [Client Component Browser]
    ./lib/prisma.ts [Client Component Browser]
    ./lib/cleanup.ts [Client Component Browser]
    ./app/(manager)/settings/page.tsx [Client Component Browser]
    ./app/(manager)/settings/page.tsx [Server Component] @ http://localhost:3000/_next/static/chunks/node_modules_next_dist_0u_w_5s._.js:1945
[   26851ms] [ERROR] ./node_modules/@prisma/client/runtime/client.mjs
Code generation for chunk item errored
An error occurred while generating the chunk item [project]/node_modules/@prisma/client/runtime/client.mjs [app-client] (ecmascript) <locals>

Caused by:
- the chunking context (unknown) does not support external modules (request: node:module)

Debug info:
- An error occurred while generating the chunk item [project]/node_modules/@prisma/client/runtime/client.mjs [app-client] (ecmascript) <locals>
- Execution of <EcmascriptModuleLocalsModule as EcmascriptChunkPlaceable>::chunk_item_content failed
- Execution of *EcmascriptChunkItemContent::new failed
- Execution of EcmascriptModuleContent::new failed
- the chunking context (unknown) does not support external modules (request: node:module)

Import trace:
  Client Component Browser:
    ./node_modules/@prisma/client/runtime/client.mjs [Client Component Browser]
    ./app/generated/prisma/internal/prismaNamespace.ts [Client Component Browser]
    ./app/generated/prisma/client.ts [Client Component Browser]
    ./lib/prisma.ts [Client Component Browser]
    ./lib/cleanup.ts [Client Component Browser]
    ./app/(manager)/settings/page.tsx [Client Component Browser]
    ./app/(manager)/settings/page.tsx [Server Component] @ http://localhost:3000/_next/static/chunks/node_modules_next_dist_0u_w_5s._.js:1945
[   26906ms] [ERROR] ./node_modules/@prisma/client/runtime/client.mjs
Code generation for chunk item errored
An error occurred while generating the chunk item [project]/node_modules/@prisma/client/runtime/client.mjs [app-client] (ecmascript) <locals>

Caused by:
- the chunking context (unknown) does not support external modules (request: node:module)

Debug info:
- An error occurred while generating the chunk item [project]/node_modules/@prisma/client/runtime/client.mjs [app-client] (ecmascript) <locals>
- Execution of <EcmascriptModuleLocalsModule as EcmascriptChunkPlaceable>::chunk_item_content failed
- Execution of *EcmascriptChunkItemContent::new failed
- Execution of EcmascriptModuleContent::new failed
- the chunking context (unknown) does not support external modules (request: node:module)

Import trace:
  Client Component Browser:
    ./node_modules/@prisma/client/runtime/client.mjs [Client Component Browser]
    ./app/generated/prisma/internal/prismaNamespace.ts [Client Component Browser]
    ./app/generated/prisma/client.ts [Client Component Browser]
    ./lib/prisma.ts [Client Component Browser]
    ./lib/cleanup.ts [Client Component Browser]
    ./app/(manager)/settings/page.tsx [Client Component Browser]
    ./app/(manager)/settings/page.tsx [Server Component] @ http://localhost:3000/_next/static/chunks/node_modules_next_dist_0u_w_5s._.js:1945
[   26962ms] [ERROR] ./node_modules/@prisma/client/runtime/client.mjs
Code generation for chunk item errored
An error occurred while generating the chunk item [project]/node_modules/@prisma/client/runtime/client.mjs [app-client] (ecmascript) <locals>

Caused by:
- the chunking context (unknown) does not support external modules (request: node:module)

Debug info:
- An error occurred while generating the chunk item [project]/node_modules/@prisma/client/runtime/client.mjs [app-client] (ecmascript) <locals>
- Execution of <EcmascriptModuleLocalsModule as EcmascriptChunkPlaceable>::chunk_item_content failed
- Execution of *EcmascriptChunkItemContent::new failed
- Execution of EcmascriptModuleContent::new failed
- the chunking context (unknown) does not support external modules (request: node:module)

Import trace:
  Client Component Browser:
    ./node_modules/@prisma/client/runtime/client.mjs [Client Component Browser]
    ./app/generated/prisma/internal/prismaNamespace.ts [Client Component Browser]
    ./app/generated/prisma/client.ts [Client Component Browser]
    ./lib/prisma.ts [Client Component Browser]
    ./lib/cleanup.ts [Client Component Browser]
    ./app/(manager)/settings/page.tsx [Client Component Browser]
    ./app/(manager)/settings/page.tsx [Server Component] @ http://localhost:3000/_next/static/chunks/node_modules_next_dist_0u_w_5s._.js:1945
[   27022ms] [ERROR] ./node_modules/@prisma/client/runtime/client.mjs
Code generation for chunk item errored
An error occurred while generating the chunk item [project]/node_modules/@prisma/client/runtime/client.mjs [app-client] (ecmascript) <locals>

Caused by:
- the chunking context (unknown) does not support external modules (request: node:module)

Debug info:
- An error occurred while generating the chunk item [project]/node_modules/@prisma/client/runtime/client.mjs [app-client] (ecmascript) <locals>
- Execution of <EcmascriptModuleLocalsModule as EcmascriptChunkPlaceable>::chunk_item_content failed
- Execution of *EcmascriptChunkItemContent::new failed
- Execution of EcmascriptModuleContent::new failed
- the chunking context (unknown) does not support external modules (request: node:module)

Import trace:
  Client Component Browser:
    ./node_modules/@prisma/client/runtime/client.mjs [Client Component Browser]
    ./app/generated/prisma/internal/prismaNamespace.ts [Client Component Browser]
    ./app/generated/prisma/client.ts [Client Component Browser]
    ./lib/prisma.ts [Client Component Browser]
    ./lib/cleanup.ts [Client Component Browser]
    ./app/(manager)/settings/page.tsx [Client Component Browser]
    ./app/(manager)/settings/page.tsx [Server Component] @ http://localhost:3000/_next/static/chunks/node_modules_next_dist_0u_w_5s._.js:1945
[   27079ms] [ERROR] ./node_modules/@prisma/client/runtime/client.mjs
Code generation for chunk item errored
An error occurred while generating the chunk item [project]/node_modules/@prisma/client/runtime/client.mjs [app-client] (ecmascript) <locals>

Caused by:
- the chunking context (unknown) does not support external modules (request: node:module)

Debug info:
- An error occurred while generating the chunk item [project]/node_modules/@prisma/client/runtime/client.mjs [app-client] (ecmascript) <locals>
- Execution of <EcmascriptModuleLocalsModule as EcmascriptChunkPlaceable>::chunk_item_content failed
- Execution of *EcmascriptChunkItemContent::new failed
- Execution of EcmascriptModuleContent::new failed
- the chunking context (unknown) does not support external modules (request: node:module)

Import trace:
  Client Component Browser:
    ./node_modules/@prisma/client/runtime/client.mjs [Client Component Browser]
    ./app/generated/prisma/internal/prismaNamespace.ts [Client Component Browser]
    ./app/generated/prisma/client.ts [Client Component Browser]
    ./lib/prisma.ts [Client Component Browser]
    ./lib/cleanup.ts [Client Component Browser]
    ./app/(manager)/settings/page.tsx [Client Component Browser]
    ./app/(manager)/settings/page.tsx [Server Component] @ http://localhost:3000/_next/static/chunks/node_modules_next_dist_0u_w_5s._.js:1945
[   27136ms] [ERROR] ./node_modules/@prisma/client/runtime/client.mjs
Code generation for chunk item errored
An error occurred while generating the chunk item [project]/node_modules/@prisma/client/runtime/client.mjs [app-client] (ecmascript) <locals>

Caused by:
- the chunking context (unknown) does not support external modules (request: node:module)

Debug info:
- An error occurred while generating the chunk item [project]/node_modules/@prisma/client/runtime/client.mjs [app-client] (ecmascript) <locals>
- Execution of <EcmascriptModuleLocalsModule as EcmascriptChunkPlaceable>::chunk_item_content failed
- Execution of *EcmascriptChunkItemContent::new failed
- Execution of EcmascriptModuleContent::new failed
- the chunking context (unknown) does not support external modules (request: node:module)

Import trace:
  Client Component Browser:
    ./node_modules/@prisma/client/runtime/client.mjs [Client Component Browser]
    ./app/generated/prisma/internal/prismaNamespace.ts [Client Component Browser]
    ./app/generated/prisma/client.ts [Client Component Browser]
    ./lib/prisma.ts [Client Component Browser]
    ./lib/cleanup.ts [Client Component Browser]
    ./app/(manager)/settings/page.tsx [Client Component Browser]
    ./app/(manager)/settings/page.tsx [Server Component] @ http://localhost:3000/_next/static/chunks/node_modules_next_dist_0u_w_5s._.js:1945
[   27190ms] [ERROR] ./node_modules/@prisma/client/runtime/client.mjs
Code generation for chunk item errored
An error occurred while generating the chunk item [project]/node_modules/@prisma/client/runtime/client.mjs [app-client] (ecmascript) <locals>

Caused by:
- the chunking context (unknown) does not support external modules (request: node:module)

Debug info:
- An error occurred while generating the chunk item [project]/node_modules/@prisma/client/runtime/client.mjs [app-client] (ecmascript) <locals>
- Execution of <EcmascriptModuleLocalsModule as EcmascriptChunkPlaceable>::chunk_item_content failed
- Execution of *EcmascriptChunkItemContent::new failed
- Execution of EcmascriptModuleContent::new failed
- the chunking context (unknown) does not support external modules (request: node:module)

Import trace:
  Client Component Browser:
    ./node_modules/@prisma/client/runtime/client.mjs [Client Component Browser]
    ./app/generated/prisma/internal/prismaNamespace.ts [Client Component Browser]
    ./app/generated/prisma/client.ts [Client Component Browser]
    ./lib/prisma.ts [Client Component Browser]
    ./lib/cleanup.ts [Client Component Browser]
    ./app/(manager)/settings/page.tsx [Client Component Browser]
    ./app/(manager)/settings/page.tsx [Server Component] @ http://localhost:3000/_next/static/chunks/node_modules_next_dist_0u_w_5s._.js:1945
[   27245ms] [ERROR] ./node_modules/@prisma/client/runtime/client.mjs
Code generation for chunk item errored
An error occurred while generating the chunk item [project]/node_modules/@prisma/client/runtime/client.mjs [app-client] (ecmascript) <locals>

Caused by:
- the chunking context (unknown) does not support external modules (request: node:module)

Debug info:
- An error occurred while generating the chunk item [project]/node_modules/@prisma/client/runtime/client.mjs [app-client] (ecmascript) <locals>
- Execution of <EcmascriptModuleLocalsModule as EcmascriptChunkPlaceable>::chunk_item_content failed
- Execution of *EcmascriptChunkItemContent::new failed
- Execution of EcmascriptModuleContent::new failed
- the chunking context (unknown) does not support external modules (request: node:module)

Import trace:
  Client Component Browser:
    ./node_modules/@prisma/client/runtime/client.mjs [Client Component Browser]
    ./app/generated/prisma/internal/prismaNamespace.ts [Client Component Browser]
    ./app/generated/prisma/client.ts [Client Component Browser]
    ./lib/prisma.ts [Client Component Browser]
    ./lib/cleanup.ts [Client Component Browser]
    ./app/(manager)/settings/page.tsx [Client Component Browser]
    ./app/(manager)/settings/page.tsx [Server Component] @ http://localhost:3000/_next/static/chunks/node_modules_next_dist_0u_w_5s._.js:1945
[   27302ms] [ERROR] ./node_modules/@prisma/client/runtime/client.mjs
Code generation for chunk item errored
An error occurred while generating the chunk item [project]/node_modules/@prisma/client/runtime/client.mjs [app-client] (ecmascript) <locals>

Caused by:
- the chunking context (unknown) does not support external modules (request: node:module)

Debug info:
- An error occurred while generating the chunk item [project]/node_modules/@prisma/client/runtime/client.mjs [app-client] (ecmascript) <locals>
- Execution of <EcmascriptModuleLocalsModule as EcmascriptChunkPlaceable>::chunk_item_content failed
- Execution of *EcmascriptChunkItemContent::new failed
- Execution of EcmascriptModuleContent::new failed
- the chunking context (unknown) does not support external modules (request: node:module)

Import trace:
  Client Component Browser:
    ./node_modules/@prisma/client/runtime/client.mjs [Client Component Browser]
    ./app/generated/prisma/internal/prismaNamespace.ts [Client Component Browser]
    ./app/generated/prisma/client.ts [Client Component Browser]
    ./lib/prisma.ts [Client Component Browser]
    ./lib/cleanup.ts [Client Component Browser]
    ./app/(manager)/settings/page.tsx [Client Component Browser]
    ./app/(manager)/settings/page.tsx [Server Component] @ http://localhost:3000/_next/static/chunks/node_modules_next_dist_0u_w_5s._.js:1945
[   27359ms] [ERROR] ./node_modules/@prisma/client/runtime/client.mjs
Code generation for chunk item errored
An error occurred while generating the chunk item [project]/node_modules/@prisma/client/runtime/client.mjs [app-client] (ecmascript) <locals>

Caused by:
- the chunking context (unknown) does not support external modules (request: node:module)

Debug info:
- An error occurred while generating the chunk item [project]/node_modules/@prisma/client/runtime/client.mjs [app-client] (ecmascript) <locals>
- Execution of <EcmascriptModuleLocalsModule as EcmascriptChunkPlaceable>::chunk_item_content failed
- Execution of *EcmascriptChunkItemContent::new failed
- Execution of EcmascriptModuleContent::new failed
- the chunking context (unknown) does not support external modules (request: node:module)

Import trace:
  Client Component Browser:
    ./node_modules/@prisma/client/runtime/client.mjs [Client Component Browser]
    ./app/generated/prisma/internal/prismaNamespace.ts [Client Component Browser]
    ./app/generated/prisma/client.ts [Client Component Browser]
    ./lib/prisma.ts [Client Component Browser]
    ./lib/cleanup.ts [Client Component Browser]
    ./app/(manager)/settings/page.tsx [Client Component Browser]
    ./app/(manager)/settings/page.tsx [Server Component] @ http://localhost:3000/_next/static/chunks/node_modules_next_dist_0u_w_5s._.js:1945
[   27417ms] [ERROR] ./node_modules/@prisma/client/runtime/client.mjs
Code generation for chunk item errored
An error occurred while generating the chunk item [project]/node_modules/@prisma/client/runtime/client.mjs [app-client] (ecmascript) <locals>

Caused by:
- the chunking context (unknown) does not support external modules (request: node:module)

Debug info:
- An error occurred while generating the chunk item [project]/node_modules/@prisma/client/runtime/client.mjs [app-client] (ecmascript) <locals>
- Execution of <EcmascriptModuleLocalsModule as EcmascriptChunkPlaceable>::chunk_item_content failed
- Execution of *EcmascriptChunkItemContent::new failed
- Execution of EcmascriptModuleContent::new failed
- the chunking context (unknown) does not support external modules (request: node:module)

Import trace:
  Client Component Browser:
    ./node_modules/@prisma/client/runtime/client.mjs [Client Component Browser]
    ./app/generated/prisma/internal/prismaNamespace.ts [Client Component Browser]
    ./app/generated/prisma/client.ts [Client Component Browser]
    ./lib/prisma.ts [Client Component Browser]
    ./lib/cleanup.ts [Client Component Browser]
    ./app/(manager)/settings/page.tsx [Client Component Browser]
    ./app/(manager)/settings/page.tsx [Server Component] @ http://localhost:3000/_next/static/chunks/node_modules_next_dist_0u_w_5s._.js:1945
[   27471ms] [ERROR] ./node_modules/@prisma/client/runtime/client.mjs
Code generation for chunk item errored
An error occurred while generating the chunk item [project]/node_modules/@prisma/client/runtime/client.mjs [app-client] (ecmascript) <locals>

Caused by:
- the chunking context (unknown) does not support external modules (request: node:module)

Debug info:
- An error occurred while generating the chunk item [project]/node_modules/@prisma/client/runtime/client.mjs [app-client] (ecmascript) <locals>
- Execution of <EcmascriptModuleLocalsModule as EcmascriptChunkPlaceable>::chunk_item_content failed
- Execution of *EcmascriptChunkItemContent::new failed
- Execution of EcmascriptModuleContent::new failed
- the chunking context (unknown) does not support external modules (request: node:module)

Import trace:
  Client Component Browser:
    ./node_modules/@prisma/client/runtime/client.mjs [Client Component Browser]
    ./app/generated/prisma/internal/prismaNamespace.ts [Client Component Browser]
    ./app/generated/prisma/client.ts [Client Component Browser]
    ./lib/prisma.ts [Client Component Browser]
    ./lib/cleanup.ts [Client Component Browser]
    ./app/(manager)/settings/page.tsx [Client Component Browser]
    ./app/(manager)/settings/page.tsx [Server Component] @ http://localhost:3000/_next/static/chunks/node_modules_next_dist_0u_w_5s._.js:1945
[   27523ms] [ERROR] ./node_modules/@prisma/client/runtime/client.mjs
Code generation for chunk item errored
An error occurred while generating the chunk item [project]/node_modules/@prisma/client/runtime/client.mjs [app-client] (ecmascript) <locals>

Caused by:
- the chunking context (unknown) does not support external modules (request: node:module)

Debug info:
- An error occurred while generating the chunk item [project]/node_modules/@prisma/client/runtime/client.mjs [app-client] (ecmascript) <locals>
- Execution of <EcmascriptModuleLocalsModule as EcmascriptChunkPlaceable>::chunk_item_content failed
- Execution of *EcmascriptChunkItemContent::new failed
- Execution of EcmascriptModuleContent::new failed
- the chunking context (unknown) does not support external modules (request: node:module)

Import trace:
  Client Component Browser:
    ./node_modules/@prisma/client/runtime/client.mjs [Client Component Browser]
    ./app/generated/prisma/internal/prismaNamespace.ts [Client Component Browser]
    ./app/generated/prisma/client.ts [Client Component Browser]
    ./lib/prisma.ts [Client Component Browser]
    ./lib/cleanup.ts [Client Component Browser]
    ./app/(manager)/settings/page.tsx [Client Component Browser]
    ./app/(manager)/settings/page.tsx [Server Component] @ http://localhost:3000/_next/static/chunks/node_modules_next_dist_0u_w_5s._.js:1945
[   27580ms] [ERROR] ./node_modules/@prisma/client/runtime/client.mjs
Code generation for chunk item errored
An error occurred while generating the chunk item [project]/node_modules/@prisma/client/runtime/client.mjs [app-client] (ecmascript) <locals>

Caused by:
- the chunking context (unknown) does not support external modules (request: node:module)

Debug info:
- An error occurred while generating the chunk item [project]/node_modules/@prisma/client/runtime/client.mjs [app-client] (ecmascript) <locals>
- Execution of <EcmascriptModuleLocalsModule as EcmascriptChunkPlaceable>::chunk_item_content failed
- Execution of *EcmascriptChunkItemContent::new failed
- Execution of EcmascriptModuleContent::new failed
- the chunking context (unknown) does not support external modules (request: node:module)

Import trace:
  Client Component Browser:
    ./node_modules/@prisma/client/runtime/client.mjs [Client Component Browser]
    ./app/generated/prisma/internal/prismaNamespace.ts [Client Component Browser]
    ./app/generated/prisma/client.ts [Client Component Browser]
    ./lib/prisma.ts [Client Component Browser]
    ./lib/cleanup.ts [Client Component Browser]
    ./app/(manager)/settings/page.tsx [Client Component Browser]
    ./app/(manager)/settings/page.tsx [Server Component] @ http://localhost:3000/_next/static/chunks/node_modules_next_dist_0u_w_5s._.js:1945
[   27635ms] [ERROR] ./node_modules/@prisma/client/runtime/client.mjs
Code generation for chunk item errored
An error occurred while generating the chunk item [project]/node_modules/@prisma/client/runtime/client.mjs [app-client] (ecmascript) <locals>

Caused by:
- the chunking context (unknown) does not support external modules (request: node:module)

Debug info:
- An error occurred while generating the chunk item [project]/node_modules/@prisma/client/runtime/client.mjs [app-client] (ecmascript) <locals>
- Execution of <EcmascriptModuleLocalsModule as EcmascriptChunkPlaceable>::chunk_item_content failed
- Execution of *EcmascriptChunkItemContent::new failed
- Execution of EcmascriptModuleContent::new failed
- the chunking context (unknown) does not support external modules (request: node:module)

Import trace:
  Client Component Browser:
    ./node_modules/@prisma/client/runtime/client.mjs [Client Component Browser]
    ./app/generated/prisma/internal/prismaNamespace.ts [Client Component Browser]
    ./app/generated/prisma/client.ts [Client Component Browser]
    ./lib/prisma.ts [Client Component Browser]
    ./lib/cleanup.ts [Client Component Browser]
    ./app/(manager)/settings/page.tsx [Client Component Browser]
    ./app/(manager)/settings/page.tsx [Server Component] @ http://localhost:3000/_next/static/chunks/node_modules_next_dist_0u_w_5s._.js:1945
[   27690ms] [ERROR] ./node_modules/@prisma/client/runtime/client.mjs
Code generation for chunk item errored
An error occurred while generating the chunk item [project]/node_modules/@prisma/client/runtime/client.mjs [app-client] (ecmascript) <locals>

Caused by:
- the chunking context (unknown) does not support external modules (request: node:module)

Debug info:
- An error occurred while generating the chunk item [project]/node_modules/@prisma/client/runtime/client.mjs [app-client] (ecmascript) <locals>
- Execution of <EcmascriptModuleLocalsModule as EcmascriptChunkPlaceable>::chunk_item_content failed
- Execution of *EcmascriptChunkItemContent::new failed
- Execution of EcmascriptModuleContent::new failed
- the chunking context (unknown) does not support external modules (request: node:module)

Import trace:
  Client Component Browser:
    ./node_modules/@prisma/client/runtime/client.mjs [Client Component Browser]
    ./app/generated/prisma/internal/prismaNamespace.ts [Client Component Browser]
    ./app/generated/prisma/client.ts [Client Component Browser]
    ./lib/prisma.ts [Client Component Browser]
    ./lib/cleanup.ts [Client Component Browser]
    ./app/(manager)/settings/page.tsx [Client Component Browser]
    ./app/(manager)/settings/page.tsx [Server Component] @ http://localhost:3000/_next/static/chunks/node_modules_next_dist_0u_w_5s._.js:1945
[   27746ms] [ERROR] ./node_modules/@prisma/client/runtime/client.mjs
Code generation for chunk item errored
An error occurred while generating the chunk item [project]/node_modules/@prisma/client/runtime/client.mjs [app-client] (ecmascript) <locals>

Caused by:
- the chunking context (unknown) does not support external modules (request: node:module)

Debug info:
- An error occurred while generating the chunk item [project]/node_modules/@prisma/client/runtime/client.mjs [app-client] (ecmascript) <locals>
- Execution of <EcmascriptModuleLocalsModule as EcmascriptChunkPlaceable>::chunk_item_content failed
- Execution of *EcmascriptChunkItemContent::new failed
- Execution of EcmascriptModuleContent::new failed
- the chunking context (unknown) does not support external modules (request: node:module)

Import trace:
  Client Component Browser:
    ./node_modules/@prisma/client/runtime/client.mjs [Client Component Browser]
    ./app/generated/prisma/internal/prismaNamespace.ts [Client Component Browser]
    ./app/generated/prisma/client.ts [Client Component Browser]
    ./lib/prisma.ts [Client Component Browser]
    ./lib/cleanup.ts [Client Component Browser]
    ./app/(manager)/settings/page.tsx [Client Component Browser]
    ./app/(manager)/settings/page.tsx [Server Component] @ http://localhost:3000/_next/static/chunks/node_modules_next_dist_0u_w_5s._.js:1945
[   27800ms] [ERROR] ./node_modules/@prisma/client/runtime/client.mjs
Code generation for chunk item errored
An error occurred while generating the chunk item [project]/node_modules/@prisma/client/runtime/client.mjs [app-client] (ecmascript) <locals>

Caused by:
- the chunking context (unknown) does not support external modules (request: node:module)

Debug info:
- An error occurred while generating the chunk item [project]/node_modules/@prisma/client/runtime/client.mjs [app-client] (ecmascript) <locals>
- Execution of <EcmascriptModuleLocalsModule as EcmascriptChunkPlaceable>::chunk_item_content failed
- Execution of *EcmascriptChunkItemContent::new failed
- Execution of EcmascriptModuleContent::new failed
- the chunking context (unknown) does not support external modules (request: node:module)

Import trace:
  Client Component Browser:
    ./node_modules/@prisma/client/runtime/client.mjs [Client Component Browser]
    ./app/generated/prisma/internal/prismaNamespace.ts [Client Component Browser]
    ./app/generated/prisma/client.ts [Client Component Browser]
    ./lib/prisma.ts [Client Component Browser]
    ./lib/cleanup.ts [Client Component Browser]
    ./app/(manager)/settings/page.tsx [Client Component Browser]
    ./app/(manager)/settings/page.tsx [Server Component] @ http://localhost:3000/_next/static/chunks/node_modules_next_dist_0u_w_5s._.js:1945
[   27857ms] [ERROR] ./node_modules/@prisma/client/runtime/client.mjs
Code generation for chunk item errored
An error occurred while generating the chunk item [project]/node_modules/@prisma/client/runtime/client.mjs [app-client] (ecmascript) <locals>

Caused by:
- the chunking context (unknown) does not support external modules (request: node:module)

Debug info:
- An error occurred while generating the chunk item [project]/node_modules/@prisma/client/runtime/client.mjs [app-client] (ecmascript) <locals>
- Execution of <EcmascriptModuleLocalsModule as EcmascriptChunkPlaceable>::chunk_item_content failed
- Execution of *EcmascriptChunkItemContent::new failed
- Execution of EcmascriptModuleContent::new failed
- the chunking context (unknown) does not support external modules (request: node:module)

Import trace:
  Client Component Browser:
    ./node_modules/@prisma/client/runtime/client.mjs [Client Component Browser]
    ./app/generated/prisma/internal/prismaNamespace.ts [Client Component Browser]
    ./app/generated/prisma/client.ts [Client Component Browser]
    ./lib/prisma.ts [Client Component Browser]
    ./lib/cleanup.ts [Client Component Browser]
    ./app/(manager)/settings/page.tsx [Client Component Browser]
    ./app/(manager)/settings/page.tsx [Server Component] @ http://localhost:3000/_next/static/chunks/node_modules_next_dist_0u_w_5s._.js:1945
[   27913ms] [ERROR] ./node_modules/@prisma/client/runtime/client.mjs
Code generation for chunk item errored
An error occurred while generating the chunk item [project]/node_modules/@prisma/client/runtime/client.mjs [app-client] (ecmascript) <locals>

Caused by:
- the chunking context (unknown) does not support external modules (request: node:module)

Debug info:
- An error occurred while generating the chunk item [project]/node_modules/@prisma/client/runtime/client.mjs [app-client] (ecmascript) <locals>
- Execution of <EcmascriptModuleLocalsModule as EcmascriptChunkPlaceable>::chunk_item_content failed
- Execution of *EcmascriptChunkItemContent::new failed
- Execution of EcmascriptModuleContent::new failed
- the chunking context (unknown) does not support external modules (request: node:module)

Import trace:
  Client Component Browser:
    ./node_modules/@prisma/client/runtime/client.mjs [Client Component Browser]
    ./app/generated/prisma/internal/prismaNamespace.ts [Client Component Browser]
    ./app/generated/prisma/client.ts [Client Component Browser]
    ./lib/prisma.ts [Client Component Browser]
    ./lib/cleanup.ts [Client Component Browser]
    ./app/(manager)/settings/page.tsx [Client Component Browser]
    ./app/(manager)/settings/page.tsx [Server Component] @ http://localhost:3000/_next/static/chunks/node_modules_next_dist_0u_w_5s._.js:1945
[   27979ms] [ERROR] ./node_modules/@prisma/client/runtime/client.mjs
Code generation for chunk item errored
An error occurred while generating the chunk item [project]/node_modules/@prisma/client/runtime/client.mjs [app-client] (ecmascript) <locals>

Caused by:
- the chunking context (unknown) does not support external modules (request: node:module)

Debug info:
- An error occurred while generating the chunk item [project]/node_modules/@prisma/client/runtime/client.mjs [app-client] (ecmascript) <locals>
- Execution of <EcmascriptModuleLocalsModule as EcmascriptChunkPlaceable>::chunk_item_content failed
- Execution of *EcmascriptChunkItemContent::new failed
- Execution of EcmascriptModuleContent::new failed
- the chunking context (unknown) does not support external modules (request: node:module)

Import trace:
  Client Component Browser:
    ./node_modules/@prisma/client/runtime/client.mjs [Client Component Browser]
    ./app/generated/prisma/internal/prismaNamespace.ts [Client Component Browser]
    ./app/generated/prisma/client.ts [Client Component Browser]
    ./lib/prisma.ts [Client Component Browser]
    ./lib/cleanup.ts [Client Component Browser]
    ./app/(manager)/settings/page.tsx [Client Component Browser]
    ./app/(manager)/settings/page.tsx [Server Component] @ http://localhost:3000/_next/static/chunks/node_modules_next_dist_0u_w_5s._.js:1945
[   28035ms] [ERROR] ./node_modules/@prisma/client/runtime/client.mjs
Code generation for chunk item errored
An error occurred while generating the chunk item [project]/node_modules/@prisma/client/runtime/client.mjs [app-client] (ecmascript) <locals>

Caused by:
- the chunking context (unknown) does not support external modules (request: node:module)

Debug info:
- An error occurred while generating the chunk item [project]/node_modules/@prisma/client/runtime/client.mjs [app-client] (ecmascript) <locals>
- Execution of <EcmascriptModuleLocalsModule as EcmascriptChunkPlaceable>::chunk_item_content failed
- Execution of *EcmascriptChunkItemContent::new failed
- Execution of EcmascriptModuleContent::new failed
- the chunking context (unknown) does not support external modules (request: node:module)

Import trace:
  Client Component Browser:
    ./node_modules/@prisma/client/runtime/client.mjs [Client Component Browser]
    ./app/generated/prisma/internal/prismaNamespace.ts [Client Component Browser]
    ./app/generated/prisma/client.ts [Client Component Browser]
    ./lib/prisma.ts [Client Component Browser]
    ./lib/cleanup.ts [Client Component Browser]
    ./app/(manager)/settings/page.tsx [Client Component Browser]
    ./app/(manager)/settings/page.tsx [Server Component] @ http://localhost:3000/_next/static/chunks/node_modules_next_dist_0u_w_5s._.js:1945
[   28089ms] [ERROR] ./node_modules/@prisma/client/runtime/client.mjs
Code generation for chunk item errored
An error occurred while generating the chunk item [project]/node_modules/@prisma/client/runtime/client.mjs [app-client] (ecmascript) <locals>

Caused by:
- the chunking context (unknown) does not support external modules (request: node:module)

Debug info:
- An error occurred while generating the chunk item [project]/node_modules/@prisma/client/runtime/client.mjs [app-client] (ecmascript) <locals>
- Execution of <EcmascriptModuleLocalsModule as EcmascriptChunkPlaceable>::chunk_item_content failed
- Execution of *EcmascriptChunkItemContent::new failed
- Execution of EcmascriptModuleContent::new failed
- the chunking context (unknown) does not support external modules (request: node:module)

Import trace:
  Client Component Browser:
    ./node_modules/@prisma/client/runtime/client.mjs [Client Component Browser]
    ./app/generated/prisma/internal/prismaNamespace.ts [Client Component Browser]
    ./app/generated/prisma/client.ts [Client Component Browser]
    ./lib/prisma.ts [Client Component Browser]
    ./lib/cleanup.ts [Client Component Browser]
    ./app/(manager)/settings/page.tsx [Client Component Browser]
    ./app/(manager)/settings/page.tsx [Server Component] @ http://localhost:3000/_next/static/chunks/node_modules_next_dist_0u_w_5s._.js:1945
[   28147ms] [ERROR] ./node_modules/@prisma/client/runtime/client.mjs
Code generation for chunk item errored
An error occurred while generating the chunk item [project]/node_modules/@prisma/client/runtime/client.mjs [app-client] (ecmascript) <locals>

Caused by:
- the chunking context (unknown) does not support external modules (request: node:module)

Debug info:
- An error occurred while generating the chunk item [project]/node_modules/@prisma/client/runtime/client.mjs [app-client] (ecmascript) <locals>
- Execution of <EcmascriptModuleLocalsModule as EcmascriptChunkPlaceable>::chunk_item_content failed
- Execution of *EcmascriptChunkItemContent::new failed
- Execution of EcmascriptModuleContent::new failed
- the chunking context (unknown) does not support external modules (request: node:module)

Import trace:
  Client Component Browser:
    ./node_modules/@prisma/client/runtime/client.mjs [Client Component Browser]
    ./app/generated/prisma/internal/prismaNamespace.ts [Client Component Browser]
    ./app/generated/prisma/client.ts [Client Component Browser]
    ./lib/prisma.ts [Client Component Browser]
    ./lib/cleanup.ts [Client Component Browser]
    ./app/(manager)/settings/page.tsx [Client Component Browser]
    ./app/(manager)/settings/page.tsx [Server Component] @ http://localhost:3000/_next/static/chunks/node_modules_next_dist_0u_w_5s._.js:1945
[   28201ms] [ERROR] ./node_modules/@prisma/client/runtime/client.mjs
Code generation for chunk item errored
An error occurred while generating the chunk item [project]/node_modules/@prisma/client/runtime/client.mjs [app-client] (ecmascript) <locals>

Caused by:
- the chunking context (unknown) does not support external modules (request: node:module)

Debug info:
- An error occurred while generating the chunk item [project]/node_modules/@prisma/client/runtime/client.mjs [app-client] (ecmascript) <locals>
- Execution of <EcmascriptModuleLocalsModule as EcmascriptChunkPlaceable>::chunk_item_content failed
- Execution of *EcmascriptChunkItemContent::new failed
- Execution of EcmascriptModuleContent::new failed
- the chunking context (unknown) does not support external modules (request: node:module)

Import trace:
  Client Component Browser:
    ./node_modules/@prisma/client/runtime/client.mjs [Client Component Browser]
    ./app/generated/prisma/internal/prismaNamespace.ts [Client Component Browser]
    ./app/generated/prisma/client.ts [Client Component Browser]
    ./lib/prisma.ts [Client Component Browser]
    ./lib/cleanup.ts [Client Component Browser]
    ./app/(manager)/settings/page.tsx [Client Component Browser]
    ./app/(manager)/settings/page.tsx [Server Component] @ http://localhost:3000/_next/static/chunks/node_modules_next_dist_0u_w_5s._.js:1945
[   28258ms] [ERROR] ./node_modules/@prisma/client/runtime/client.mjs
Code generation for chunk item errored
An error occurred while generating the chunk item [project]/node_modules/@prisma/client/runtime/client.mjs [app-client] (ecmascript) <locals>

Caused by:
- the chunking context (unknown) does not support external modules (request: node:module)

Debug info:
- An error occurred while generating the chunk item [project]/node_modules/@prisma/client/runtime/client.mjs [app-client] (ecmascript) <locals>
- Execution of <EcmascriptModuleLocalsModule as EcmascriptChunkPlaceable>::chunk_item_content failed
- Execution of *EcmascriptChunkItemContent::new failed
- Execution of EcmascriptModuleContent::new failed
- the chunking context (unknown) does not support external modules (request: node:module)

Import trace:
  Client Component Browser:
    ./node_modules/@prisma/client/runtime/client.mjs [Client Component Browser]
    ./app/generated/prisma/internal/prismaNamespace.ts [Client Component Browser]
    ./app/generated/prisma/client.ts [Client Component Browser]
    ./lib/prisma.ts [Client Component Browser]
    ./lib/cleanup.ts [Client Component Browser]
    ./app/(manager)/settings/page.tsx [Client Component Browser]
    ./app/(manager)/settings/page.tsx [Server Component] @ http://localhost:3000/_next/static/chunks/node_modules_next_dist_0u_w_5s._.js:1945
[   28314ms] [ERROR] ./node_modules/@prisma/client/runtime/client.mjs
Code generation for chunk item errored
An error occurred while generating the chunk item [project]/node_modules/@prisma/client/runtime/client.mjs [app-client] (ecmascript) <locals>

Caused by:
- the chunking context (unknown) does not support external modules (request: node:module)

Debug info:
- An error occurred while generating the chunk item [project]/node_modules/@prisma/client/runtime/client.mjs [app-client] (ecmascript) <locals>
- Execution of <EcmascriptModuleLocalsModule as EcmascriptChunkPlaceable>::chunk_item_content failed
- Execution of *EcmascriptChunkItemContent::new failed
- Execution of EcmascriptModuleContent::new failed
- the chunking context (unknown) does not support external modules (request: node:module)

Import trace:
  Client Component Browser:
    ./node_modules/@prisma/client/runtime/client.mjs [Client Component Browser]
    ./app/generated/prisma/internal/prismaNamespace.ts [Client Component Browser]
    ./app/generated/prisma/client.ts [Client Component Browser]
    ./lib/prisma.ts [Client Component Browser]
    ./lib/cleanup.ts [Client Component Browser]
    ./app/(manager)/settings/page.tsx [Client Component Browser]
    ./app/(manager)/settings/page.tsx [Server Component] @ http://localhost:3000/_next/static/chunks/node_modules_next_dist_0u_w_5s._.js:1945
[   28366ms] [ERROR] ./node_modules/@prisma/client/runtime/client.mjs
Code generation for chunk item errored
An error occurred while generating the chunk item [project]/node_modules/@prisma/client/runtime/client.mjs [app-client] (ecmascript) <locals>

Caused by:
- the chunking context (unknown) does not support external modules (request: node:module)

Debug info:
- An error occurred while generating the chunk item [project]/node_modules/@prisma/client/runtime/client.mjs [app-client] (ecmascript) <locals>
- Execution of <EcmascriptModuleLocalsModule as EcmascriptChunkPlaceable>::chunk_item_content failed
- Execution of *EcmascriptChunkItemContent::new failed
- Execution of EcmascriptModuleContent::new failed
- the chunking context (unknown) does not support external modules (request: node:module)

Import trace:
  Client Component Browser:
    ./node_modules/@prisma/client/runtime/client.mjs [Client Component Browser]
    ./app/generated/prisma/internal/prismaNamespace.ts [Client Component Browser]
    ./app/generated/prisma/client.ts [Client Component Browser]
    ./lib/prisma.ts [Client Component Browser]
    ./lib/cleanup.ts [Client Component Browser]
    ./app/(manager)/settings/page.tsx [Client Component Browser]
    ./app/(manager)/settings/page.tsx [Server Component] @ http://localhost:3000/_next/static/chunks/node_modules_next_dist_0u_w_5s._.js:1945
[   28418ms] [ERROR] ./node_modules/@prisma/client/runtime/client.mjs
Code generation for chunk item errored
An error occurred while generating the chunk item [project]/node_modules/@prisma/client/runtime/client.mjs [app-client] (ecmascript) <locals>

Caused by:
- the chunking context (unknown) does not support external modules (request: node:module)

Debug info:
- An error occurred while generating the chunk item [project]/node_modules/@prisma/client/runtime/client.mjs [app-client] (ecmascript) <locals>
- Execution of <EcmascriptModuleLocalsModule as EcmascriptChunkPlaceable>::chunk_item_content failed
- Execution of *EcmascriptChunkItemContent::new failed
- Execution of EcmascriptModuleContent::new failed
- the chunking context (unknown) does not support external modules (request: node:module)

Import trace:
  Client Component Browser:
    ./node_modules/@prisma/client/runtime/client.mjs [Client Component Browser]
    ./app/generated/prisma/internal/prismaNamespace.ts [Client Component Browser]
    ./app/generated/prisma/client.ts [Client Component Browser]
    ./lib/prisma.ts [Client Component Browser]
    ./lib/cleanup.ts [Client Component Browser]
    ./app/(manager)/settings/page.tsx [Client Component Browser]
    ./app/(manager)/settings/page.tsx [Server Component] @ http://localhost:3000/_next/static/chunks/node_modules_next_dist_0u_w_5s._.js:1945
[   28471ms] [ERROR] ./node_modules/@prisma/client/runtime/client.mjs
Code generation for chunk item errored
An error occurred while generating the chunk item [project]/node_modules/@prisma/client/runtime/client.mjs [app-client] (ecmascript) <locals>

Caused by:
- the chunking context (unknown) does not support external modules (request: node:module)

Debug info:
- An error occurred while generating the chunk item [project]/node_modules/@prisma/client/runtime/client.mjs [app-client] (ecmascript) <locals>
- Execution of <EcmascriptModuleLocalsModule as EcmascriptChunkPlaceable>::chunk_item_content failed
- Execution of *EcmascriptChunkItemContent::new failed
- Execution of EcmascriptModuleContent::new failed
- the chunking context (unknown) does not support external modules (request: node:module)

Import trace:
  Client Component Browser:
    ./node_modules/@prisma/client/runtime/client.mjs [Client Component Browser]
    ./app/generated/prisma/internal/prismaNamespace.ts [Client Component Browser]
    ./app/generated/prisma/client.ts [Client Component Browser]
    ./lib/prisma.ts [Client Component Browser]
    ./lib/cleanup.ts [Client Component Browser]
    ./app/(manager)/settings/page.tsx [Client Component Browser]
    ./app/(manager)/settings/page.tsx [Server Component] @ http://localhost:3000/_next/static/chunks/node_modules_next_dist_0u_w_5s._.js:1945
[   28522ms] [ERROR] ./node_modules/@prisma/client/runtime/client.mjs
Code generation for chunk item errored
An error occurred while generating the chunk item [project]/node_modules/@prisma/client/runtime/client.mjs [app-client] (ecmascript) <locals>

Caused by:
- the chunking context (unknown) does not support external modules (request: node:module)

Debug info:
- An error occurred while generating the chunk item [project]/node_modules/@prisma/client/runtime/client.mjs [app-client] (ecmascript) <locals>
- Execution of <EcmascriptModuleLocalsModule as EcmascriptChunkPlaceable>::chunk_item_content failed
- Execution of *EcmascriptChunkItemContent::new failed
- Execution of EcmascriptModuleContent::new failed
- the chunking context (unknown) does not support external modules (request: node:module)

Import trace:
  Client Component Browser:
    ./node_modules/@prisma/client/runtime/client.mjs [Client Component Browser]
    ./app/generated/prisma/internal/prismaNamespace.ts [Client Component Browser]
    ./app/generated/prisma/client.ts [Client Component Browser]
    ./lib/prisma.ts [Client Component Browser]
    ./lib/cleanup.ts [Client Component Browser]
    ./app/(manager)/settings/page.tsx [Client Component Browser]
    ./app/(manager)/settings/page.tsx [Server Component] @ http://localhost:3000/_next/static/chunks/node_modules_next_dist_0u_w_5s._.js:1945
[   28576ms] [ERROR] ./node_modules/@prisma/client/runtime/client.mjs
Code generation for chunk item errored
An error occurred while generating the chunk item [project]/node_modules/@prisma/client/runtime/client.mjs [app-client] (ecmascript) <locals>

Caused by:
- the chunking context (unknown) does not support external modules (request: node:module)

Debug info:
- An error occurred while generating the chunk item [project]/node_modules/@prisma/client/runtime/client.mjs [app-client] (ecmascript) <locals>
- Execution of <EcmascriptModuleLocalsModule as EcmascriptChunkPlaceable>::chunk_item_content failed
- Execution of *EcmascriptChunkItemContent::new failed
- Execution of EcmascriptModuleContent::new failed
- the chunking context (unknown) does not support external modules (request: node:module)

Import trace:
  Client Component Browser:
    ./node_modules/@prisma/client/runtime/client.mjs [Client Component Browser]
    ./app/generated/prisma/internal/prismaNamespace.ts [Client Component Browser]
    ./app/generated/prisma/client.ts [Client Component Browser]
    ./lib/prisma.ts [Client Component Browser]
    ./lib/cleanup.ts [Client Component Browser]
    ./app/(manager)/settings/page.tsx [Client Component Browser]
    ./app/(manager)/settings/page.tsx [Server Component] @ http://localhost:3000/_next/static/chunks/node_modules_next_dist_0u_w_5s._.js:1945
[   28636ms] [ERROR] ./node_modules/@prisma/client/runtime/client.mjs
Code generation for chunk item errored
An error occurred while generating the chunk item [project]/node_modules/@prisma/client/runtime/client.mjs [app-client] (ecmascript) <locals>

Caused by:
- the chunking context (unknown) does not support external modules (request: node:module)

Debug info:
- An error occurred while generating the chunk item [project]/node_modules/@prisma/client/runtime/client.mjs [app-client] (ecmascript) <locals>
- Execution of <EcmascriptModuleLocalsModule as EcmascriptChunkPlaceable>::chunk_item_content failed
- Execution of *EcmascriptChunkItemContent::new failed
- Execution of EcmascriptModuleContent::new failed
- the chunking context (unknown) does not support external modules (request: node:module)

Import trace:
  Client Component Browser:
    ./node_modules/@prisma/client/runtime/client.mjs [Client Component Browser]
    ./app/generated/prisma/internal/prismaNamespace.ts [Client Component Browser]
    ./app/generated/prisma/client.ts [Client Component Browser]
    ./lib/prisma.ts [Client Component Browser]
    ./lib/cleanup.ts [Client Component Browser]
    ./app/(manager)/settings/page.tsx [Client Component Browser]
    ./app/(manager)/settings/page.tsx [Server Component] @ http://localhost:3000/_next/static/chunks/node_modules_next_dist_0u_w_5s._.js:1945
[   28689ms] [ERROR] ./node_modules/@prisma/client/runtime/client.mjs
Code generation for chunk item errored
An error occurred while generating the chunk item [project]/node_modules/@prisma/client/runtime/client.mjs [app-client] (ecmascript) <locals>

Caused by:
- the chunking context (unknown) does not support external modules (request: node:module)

Debug info:
- An error occurred while generating the chunk item [project]/node_modules/@prisma/client/runtime/client.mjs [app-client] (ecmascript) <locals>
- Execution of <EcmascriptModuleLocalsModule as EcmascriptChunkPlaceable>::chunk_item_content failed
- Execution of *EcmascriptChunkItemContent::new failed
- Execution of EcmascriptModuleContent::new failed
- the chunking context (unknown) does not support external modules (request: node:module)

Import trace:
  Client Component Browser:
    ./node_modules/@prisma/client/runtime/client.mjs [Client Component Browser]
    ./app/generated/prisma/internal/prismaNamespace.ts [Client Component Browser]
    ./app/generated/prisma/client.ts [Client Component Browser]
    ./lib/prisma.ts [Client Component Browser]
    ./lib/cleanup.ts [Client Component Browser]
    ./app/(manager)/settings/page.tsx [Client Component Browser]
    ./app/(manager)/settings/page.tsx [Server Component] @ http://localhost:3000/_next/static/chunks/node_modules_next_dist_0u_w_5s._.js:1945
[   28745ms] [ERROR] ./node_modules/@prisma/client/runtime/client.mjs
Code generation for chunk item errored
An error occurred while generating the chunk item [project]/node_modules/@prisma/client/runtime/client.mjs [app-client] (ecmascript) <locals>

Caused by:
- the chunking context (unknown) does not support external modules (request: node:module)

Debug info:
- An error occurred while generating the chunk item [project]/node_modules/@prisma/client/runtime/client.mjs [app-client] (ecmascript) <locals>
- Execution of <EcmascriptModuleLocalsModule as EcmascriptChunkPlaceable>::chunk_item_content failed
- Execution of *EcmascriptChunkItemContent::new failed
- Execution of EcmascriptModuleContent::new failed
- the chunking context (unknown) does not support external modules (request: node:module)

Import trace:
  Client Component Browser:
    ./node_modules/@prisma/client/runtime/client.mjs [Client Component Browser]
    ./app/generated/prisma/internal/prismaNamespace.ts [Client Component Browser]
    ./app/generated/prisma/client.ts [Client Component Browser]
    ./lib/prisma.ts [Client Component Browser]
    ./lib/cleanup.ts [Client Component Browser]
    ./app/(manager)/settings/page.tsx [Client Component Browser]
    ./app/(manager)/settings/page.tsx [Server Component] @ http://localhost:3000/_next/static/chunks/node_modules_next_dist_0u_w_5s._.js:1945
[   28800ms] [ERROR] ./node_modules/@prisma/client/runtime/client.mjs
Code generation for chunk item errored
An error occurred while generating the chunk item [project]/node_modules/@prisma/client/runtime/client.mjs [app-client] (ecmascript) <locals>

Caused by:
- the chunking context (unknown) does not support external modules (request: node:module)

Debug info:
- An error occurred while generating the chunk item [project]/node_modules/@prisma/client/runtime/client.mjs [app-client] (ecmascript) <locals>
- Execution of <EcmascriptModuleLocalsModule as EcmascriptChunkPlaceable>::chunk_item_content failed
- Execution of *EcmascriptChunkItemContent::new failed
- Execution of EcmascriptModuleContent::new failed
- the chunking context (unknown) does not support external modules (request: node:module)

Import trace:
  Client Component Browser:
    ./node_modules/@prisma/client/runtime/client.mjs [Client Component Browser]
    ./app/generated/prisma/internal/prismaNamespace.ts [Client Component Browser]
    ./app/generated/prisma/client.ts [Client Component Browser]
    ./lib/prisma.ts [Client Component Browser]
    ./lib/cleanup.ts [Client Component Browser]
    ./app/(manager)/settings/page.tsx [Client Component Browser]
    ./app/(manager)/settings/page.tsx [Server Component] @ http://localhost:3000/_next/static/chunks/node_modules_next_dist_0u_w_5s._.js:1945
[   28857ms] [ERROR] ./node_modules/@prisma/client/runtime/client.mjs
Code generation for chunk item errored
An error occurred while generating the chunk item [project]/node_modules/@prisma/client/runtime/client.mjs [app-client] (ecmascript) <locals>

Caused by:
- the chunking context (unknown) does not support external modules (request: node:module)

Debug info:
- An error occurred while generating the chunk item [project]/node_modules/@prisma/client/runtime/client.mjs [app-client] (ecmascript) <locals>
- Execution of <EcmascriptModuleLocalsModule as EcmascriptChunkPlaceable>::chunk_item_content failed
- Execution of *EcmascriptChunkItemContent::new failed
- Execution of EcmascriptModuleContent::new failed
- the chunking context (unknown) does not support external modules (request: node:module)

Import trace:
  Client Component Browser:
    ./node_modules/@prisma/client/runtime/client.mjs [Client Component Browser]
    ./app/generated/prisma/internal/prismaNamespace.ts [Client Component Browser]
    ./app/generated/prisma/client.ts [Client Component Browser]
    ./lib/prisma.ts [Client Component Browser]
    ./lib/cleanup.ts [Client Component Browser]
    ./app/(manager)/settings/page.tsx [Client Component Browser]
    ./app/(manager)/settings/page.tsx [Server Component] @ http://localhost:3000/_next/static/chunks/node_modules_next_dist_0u_w_5s._.js:1945
[   28911ms] [ERROR] ./node_modules/@prisma/client/runtime/client.mjs
Code generation for chunk item errored
An error occurred while generating the chunk item [project]/node_modules/@prisma/client/runtime/client.mjs [app-client] (ecmascript) <locals>

Caused by:
- the chunking context (unknown) does not support external modules (request: node:module)

Debug info:
- An error occurred while generating the chunk item [project]/node_modules/@prisma/client/runtime/client.mjs [app-client] (ecmascript) <locals>
- Execution of <EcmascriptModuleLocalsModule as EcmascriptChunkPlaceable>::chunk_item_content failed
- Execution of *EcmascriptChunkItemContent::new failed
- Execution of EcmascriptModuleContent::new failed
- the chunking context (unknown) does not support external modules (request: node:module)

Import trace:
  Client Component Browser:
    ./node_modules/@prisma/client/runtime/client.mjs [Client Component Browser]
    ./app/generated/prisma/internal/prismaNamespace.ts [Client Component Browser]
    ./app/generated/prisma/client.ts [Client Component Browser]
    ./lib/prisma.ts [Client Component Browser]
    ./lib/cleanup.ts [Client Component Browser]
    ./app/(manager)/settings/page.tsx [Client Component Browser]
    ./app/(manager)/settings/page.tsx [Server Component] @ http://localhost:3000/_next/static/chunks/node_modules_next_dist_0u_w_5s._.js:1945
[   28969ms] [ERROR] ./node_modules/@prisma/client/runtime/client.mjs
Code generation for chunk item errored
An error occurred while generating the chunk item [project]/node_modules/@prisma/client/runtime/client.mjs [app-client] (ecmascript) <locals>

Caused by:
- the chunking context (unknown) does not support external modules (request: node:module)

Debug info:
- An error occurred while generating the chunk item [project]/node_modules/@prisma/client/runtime/client.mjs [app-client] (ecmascript) <locals>
- Execution of <EcmascriptModuleLocalsModule as EcmascriptChunkPlaceable>::chunk_item_content failed
- Execution of *EcmascriptChunkItemContent::new failed
- Execution of EcmascriptModuleContent::new failed
- the chunking context (unknown) does not support external modules (request: node:module)

Import trace:
  Client Component Browser:
    ./node_modules/@prisma/client/runtime/client.mjs [Client Component Browser]
    ./app/generated/prisma/internal/prismaNamespace.ts [Client Component Browser]
    ./app/generated/prisma/client.ts [Client Component Browser]
    ./lib/prisma.ts [Client Component Browser]
    ./lib/cleanup.ts [Client Component Browser]
    ./app/(manager)/settings/page.tsx [Client Component Browser]
    ./app/(manager)/settings/page.tsx [Server Component] @ http://localhost:3000/_next/static/chunks/node_modules_next_dist_0u_w_5s._.js:1945
[   29027ms] [ERROR] ./node_modules/@prisma/client/runtime/client.mjs
Code generation for chunk item errored
An error occurred while generating the chunk item [project]/node_modules/@prisma/client/runtime/client.mjs [app-client] (ecmascript) <locals>

Caused by:
- the chunking context (unknown) does not support external modules (request: node:module)

Debug info:
- An error occurred while generating the chunk item [project]/node_modules/@prisma/client/runtime/client.mjs [app-client] (ecmascript) <locals>
- Execution of <EcmascriptModuleLocalsModule as EcmascriptChunkPlaceable>::chunk_item_content failed
- Execution of *EcmascriptChunkItemContent::new failed
- Execution of EcmascriptModuleContent::new failed
- the chunking context (unknown) does not support external modules (request: node:module)

Import trace:
  Client Component Browser:
    ./node_modules/@prisma/client/runtime/client.mjs [Client Component Browser]
    ./app/generated/prisma/internal/prismaNamespace.ts [Client Component Browser]
    ./app/generated/prisma/client.ts [Client Component Browser]
    ./lib/prisma.ts [Client Component Browser]
    ./lib/cleanup.ts [Client Component Browser]
    ./app/(manager)/settings/page.tsx [Client Component Browser]
    ./app/(manager)/settings/page.tsx [Server Component] @ http://localhost:3000/_next/static/chunks/node_modules_next_dist_0u_w_5s._.js:1945
[   29080ms] [ERROR] ./node_modules/@prisma/client/runtime/client.mjs
Code generation for chunk item errored
An error occurred while generating the chunk item [project]/node_modules/@prisma/client/runtime/client.mjs [app-client] (ecmascript) <locals>

Caused by:
- the chunking context (unknown) does not support external modules (request: node:module)

Debug info:
- An error occurred while generating the chunk item [project]/node_modules/@prisma/client/runtime/client.mjs [app-client] (ecmascript) <locals>
- Execution of <EcmascriptModuleLocalsModule as EcmascriptChunkPlaceable>::chunk_item_content failed
- Execution of *EcmascriptChunkItemContent::new failed
- Execution of EcmascriptModuleContent::new failed
- the chunking context (unknown) does not support external modules (request: node:module)

Import trace:
  Client Component Browser:
    ./node_modules/@prisma/client/runtime/client.mjs [Client Component Browser]
    ./app/generated/prisma/internal/prismaNamespace.ts [Client Component Browser]
    ./app/generated/prisma/client.ts [Client Component Browser]
    ./lib/prisma.ts [Client Component Browser]
    ./lib/cleanup.ts [Client Component Browser]
    ./app/(manager)/settings/page.tsx [Client Component Browser]
    ./app/(manager)/settings/page.tsx [Server Component] @ http://localhost:3000/_next/static/chunks/node_modules_next_dist_0u_w_5s._.js:1945
[   29136ms] [ERROR] ./node_modules/@prisma/client/runtime/client.mjs
Code generation for chunk item errored
An error occurred while generating the chunk item [project]/node_modules/@prisma/client/runtime/client.mjs [app-client] (ecmascript) <locals>

Caused by:
- the chunking context (unknown) does not support external modules (request: node:module)

Debug info:
- An error occurred while generating the chunk item [project]/node_modules/@prisma/client/runtime/client.mjs [app-client] (ecmascript) <locals>
- Execution of <EcmascriptModuleLocalsModule as EcmascriptChunkPlaceable>::chunk_item_content failed
- Execution of *EcmascriptChunkItemContent::new failed
- Execution of EcmascriptModuleContent::new failed
- the chunking context (unknown) does not support external modules (request: node:module)

Import trace:
  Client Component Browser:
    ./node_modules/@prisma/client/runtime/client.mjs [Client Component Browser]
    ./app/generated/prisma/internal/prismaNamespace.ts [Client Component Browser]
    ./app/generated/prisma/client.ts [Client Component Browser]
    ./lib/prisma.ts [Client Component Browser]
    ./lib/cleanup.ts [Client Component Browser]
    ./app/(manager)/settings/page.tsx [Client Component Browser]
    ./app/(manager)/settings/page.tsx [Server Component] @ http://localhost:3000/_next/static/chunks/node_modules_next_dist_0u_w_5s._.js:1945
[   29192ms] [ERROR] ./node_modules/@prisma/client/runtime/client.mjs
Code generation for chunk item errored
An error occurred while generating the chunk item [project]/node_modules/@prisma/client/runtime/client.mjs [app-client] (ecmascript) <locals>

Caused by:
- the chunking context (unknown) does not support external modules (request: node:module)

Debug info:
- An error occurred while generating the chunk item [project]/node_modules/@prisma/client/runtime/client.mjs [app-client] (ecmascript) <locals>
- Execution of <EcmascriptModuleLocalsModule as EcmascriptChunkPlaceable>::chunk_item_content failed
- Execution of *EcmascriptChunkItemContent::new failed
- Execution of EcmascriptModuleContent::new failed
- the chunking context (unknown) does not support external modules (request: node:module)

Import trace:
  Client Component Browser:
    ./node_modules/@prisma/client/runtime/client.mjs [Client Component Browser]
    ./app/generated/prisma/internal/prismaNamespace.ts [Client Component Browser]
    ./app/generated/prisma/client.ts [Client Component Browser]
    ./lib/prisma.ts [Client Component Browser]
    ./lib/cleanup.ts [Client Component Browser]
    ./app/(manager)/settings/page.tsx [Client Component Browser]
    ./app/(manager)/settings/page.tsx [Server Component] @ http://localhost:3000/_next/static/chunks/node_modules_next_dist_0u_w_5s._.js:1945
[   29309ms] [LOG] [Fast Refresh] rebuilding @ http://localhost:3000/_next/static/chunks/node_modules_next_dist_0u_w_5s._.js:1226
[   29372ms] [ERROR] ./node_modules/@prisma/client/runtime/client.mjs
Code generation for chunk item errored
An error occurred while generating the chunk item [project]/node_modules/@prisma/client/runtime/client.mjs [app-client] (ecmascript) <locals>

Caused by:
- the chunking context (unknown) does not support external modules (request: node:module)

Debug info:
- An error occurred while generating the chunk item [project]/node_modules/@prisma/client/runtime/client.mjs [app-client] (ecmascript) <locals>
- Execution of <EcmascriptModuleLocalsModule as EcmascriptChunkPlaceable>::chunk_item_content failed
- Execution of *EcmascriptChunkItemContent::new failed
- Execution of EcmascriptModuleContent::new failed
- the chunking context (unknown) does not support external modules (request: node:module)

Import trace:
  Client Component Browser:
    ./node_modules/@prisma/client/runtime/client.mjs [Client Component Browser]
    ./app/generated/prisma/internal/prismaNamespace.ts [Client Component Browser]
    ./app/generated/prisma/client.ts [Client Component Browser]
    ./lib/prisma.ts [Client Component Browser]
    ./lib/cleanup.ts [Client Component Browser]
    ./app/(manager)/settings/page.tsx [Client Component Browser]
    ./app/(manager)/settings/page.tsx [Server Component] @ http://localhost:3000/_next/static/chunks/node_modules_next_dist_0u_w_5s._.js:1945
[   29459ms] [ERROR] ./node_modules/@prisma/client/runtime/client.mjs
Code generation for chunk item errored
An error occurred while generating the chunk item [project]/node_modules/@prisma/client/runtime/client.mjs [app-client] (ecmascript) <locals>

Caused by:
- the chunking context (unknown) does not support external modules (request: node:module)

Debug info:
- An error occurred while generating the chunk item [project]/node_modules/@prisma/client/runtime/client.mjs [app-client] (ecmascript) <locals>
- Execution of <EcmascriptModuleLocalsModule as EcmascriptChunkPlaceable>::chunk_item_content failed
- Execution of *EcmascriptChunkItemContent::new failed
- Execution of EcmascriptModuleContent::new failed
- the chunking context (unknown) does not support external modules (request: node:module)

Import trace:
  Client Component Browser:
    ./node_modules/@prisma/client/runtime/client.mjs [Client Component Browser]
    ./app/generated/prisma/internal/prismaNamespace.ts [Client Component Browser]
    ./app/generated/prisma/client.ts [Client Component Browser]
    ./lib/prisma.ts [Client Component Browser]
    ./lib/cleanup.ts [Client Component Browser]
    ./app/(manager)/settings/page.tsx [Client Component Browser]
    ./app/(manager)/settings/page.tsx [Server Component] @ http://localhost:3000/_next/static/chunks/node_modules_next_dist_0u_w_5s._.js:1945
[   29508ms] [ERROR] Failed to load resource: the server responded with a status of 500 (Internal Server Error) @ http://localhost:3000/settings:0
[   29568ms] [INFO] %cDownload the React DevTools for a better development experience: https://react.dev/link/react-devtools font-weight:bold @ http://localhost:3000/_next/static/chunks/node_modules_react-dom_0bruynb._.js:15305
[   29578ms] Error: ./node_modules/@prisma/client/runtime/client.mjs
Code generation for chunk item errored
An error occurred while generating the chunk item [project]/node_modules/@prisma/client/runtime/client.mjs [app-client] (ecmascript) <locals>

Caused by:
- the chunking context (unknown) does not support external modules (request: node:module)

Debug info:
- An error occurred while generating the chunk item [project]/node_modules/@prisma/client/runtime/client.mjs [app-client] (ecmascript) <locals>
- Execution of <EcmascriptModuleLocalsModule as EcmascriptChunkPlaceable>::chunk_item_content failed
- Execution of *EcmascriptChunkItemContent::new failed
- Execution of EcmascriptModuleContent::new failed
- the chunking context (unknown) does not support external modules (request: node:module)

Import trace:
  Client Component Browser:
    ./node_modules/@prisma/client/runtime/client.mjs [Client Component Browser]
    ./app/generated/prisma/internal/prismaNamespace.ts [Client Component Browser]
    ./app/generated/prisma/client.ts [Client Component Browser]
    ./lib/prisma.ts [Client Component Browser]
    ./lib/cleanup.ts [Client Component Browser]
    ./app/(manager)/settings/page.tsx [Client Component Browser]
    ./app/(manager)/settings/page.tsx [Server Component]


    at Object.getCompilationErrors (file:///Users/caspergamborg/Desktop/skemaka/node_modules/next/dist/server/dev/hot-reloader-turbopack.js:1186:59)
    at DevBundlerService.getCompilationError (file:///Users/caspergamborg/Desktop/skemaka/node_modules/next/dist/server/lib/dev-bundler-service.js:44:55)
    at DevServer.getCompilationError (file:///Users/caspergamborg/Desktop/skemaka/node_modules/next/dist/server/dev/next-dev-server.js:720:42)
    at DevServer.findPageComponents (file:///Users/caspergamborg/Desktop/skemaka/node_modules/next/dist/server/dev/next-dev-server.js:690:43)
    at async DevServer.renderErrorToResponseImpl (file:///Users/caspergamborg/Desktop/skemaka/node_modules/next/dist/server/base-server.js:1753:26)
[   29589ms] [LOG] [HMR] connected @ http://localhost:3000/_next/static/chunks/node_modules_next_dist_0u_w_5s._.js:1226
[   29612ms] [ERROR] ./node_modules/@prisma/client/runtime/client.mjs
Code generation for chunk item errored
An error occurred while generating the chunk item [project]/node_modules/@prisma/client/runtime/client.mjs [app-client] (ecmascript) <locals>

Caused by:
- the chunking context (unknown) does not support external modules (request: node:module)

Debug info:
- An error occurred while generating the chunk item [project]/node_modules/@prisma/client/runtime/client.mjs [app-client] (ecmascript) <locals>
- Execution of <EcmascriptModuleLocalsModule as EcmascriptChunkPlaceable>::chunk_item_content failed
- Execution of *EcmascriptChunkItemContent::new failed
- Execution of EcmascriptModuleContent::new failed
- the chunking context (unknown) does not support external modules (request: node:module)

Import trace:
  Client Component Browser:
    ./node_modules/@prisma/client/runtime/client.mjs [Client Component Browser]
    ./app/generated/prisma/internal/prismaNamespace.ts [Client Component Browser]
    ./app/generated/prisma/client.ts [Client Component Browser]
    ./lib/prisma.ts [Client Component Browser]
    ./lib/cleanup.ts [Client Component Browser]
    ./app/(manager)/settings/page.tsx [Client Component Browser]
    ./app/(manager)/settings/page.tsx [Server Component] @ http://localhost:3000/_next/static/chunks/node_modules_next_dist_0u_w_5s._.js:1945
[   29631ms] [ERROR] Refused to execute script from 'http://localhost:3000/_next/static/development/_clientMiddlewareManifest.js' because its MIME type ('application/json') is not executable, and strict MIME type checking is enabled. @ http://localhost:3000/settings:0
[   29726ms] [ERROR] ./node_modules/@prisma/client/runtime/client.mjs
Code generation for chunk item errored
An error occurred while generating the chunk item [project]/node_modules/@prisma/client/runtime/client.mjs [app-client] (ecmascript) <locals>

Caused by:
- the chunking context (unknown) does not support external modules (request: node:module)

Debug info:
- An error occurred while generating the chunk item [project]/node_modules/@prisma/client/runtime/client.mjs [app-client] (ecmascript) <locals>
- Execution of <EcmascriptModuleLocalsModule as EcmascriptChunkPlaceable>::chunk_item_content failed
- Execution of *EcmascriptChunkItemContent::new failed
- Execution of EcmascriptModuleContent::new failed
- the chunking context (unknown) does not support external modules (request: node:module)

Import trace:
  Client Component Browser:
    ./node_modules/@prisma/client/runtime/client.mjs [Client Component Browser]
    ./app/generated/prisma/internal/prismaNamespace.ts [Client Component Browser]
    ./app/generated/prisma/client.ts [Client Component Browser]
    ./lib/prisma.ts [Client Component Browser]
    ./lib/cleanup.ts [Client Component Browser]
    ./app/(manager)/settings/page.tsx [Client Component Browser]
    ./app/(manager)/settings/page.tsx [Server Component] @ http://localhost:3000/_next/static/chunks/node_modules_next_dist_0u_w_5s._.js:1945
[   29807ms] [ERROR] ./node_modules/@prisma/client/runtime/client.mjs
Code generation for chunk item errored
An error occurred while generating the chunk item [project]/node_modules/@prisma/client/runtime/client.mjs [app-client] (ecmascript) <locals>

Caused by:
- the chunking context (unknown) does not support external modules (request: node:module)

Debug info:
- An error occurred while generating the chunk item [project]/node_modules/@prisma/client/runtime/client.mjs [app-client] (ecmascript) <locals>
- Execution of <EcmascriptModuleLocalsModule as EcmascriptChunkPlaceable>::chunk_item_content failed
- Execution of *EcmascriptChunkItemContent::new failed
- Execution of EcmascriptModuleContent::new failed
- the chunking context (unknown) does not support external modules (request: node:module)

Import trace:
  Client Component Browser:
    ./node_modules/@prisma/client/runtime/client.mjs [Client Component Browser]
    ./app/generated/prisma/internal/prismaNamespace.ts [Client Component Browser]
    ./app/generated/prisma/client.ts [Client Component Browser]
    ./lib/prisma.ts [Client Component Browser]
    ./lib/cleanup.ts [Client Component Browser]
    ./app/(manager)/settings/page.tsx [Client Component Browser]
    ./app/(manager)/settings/page.tsx [Server Component] @ http://localhost:3000/_next/static/chunks/node_modules_next_dist_0u_w_5s._.js:1945
[   29873ms] [ERROR] ./node_modules/@prisma/client/runtime/client.mjs
Code generation for chunk item errored
An error occurred while generating the chunk item [project]/node_modules/@prisma/client/runtime/client.mjs [app-client] (ecmascript) <locals>

Caused by:
- the chunking context (unknown) does not support external modules (request: node:module)

Debug info:
- An error occurred while generating the chunk item [project]/node_modules/@prisma/client/runtime/client.mjs [app-client] (ecmascript) <locals>
- Execution of <EcmascriptModuleLocalsModule as EcmascriptChunkPlaceable>::chunk_item_content failed
- Execution of *EcmascriptChunkItemContent::new failed
- Execution of EcmascriptModuleContent::new failed
- the chunking context (unknown) does not support external modules (request: node:module)

Import trace:
  Client Component Browser:
    ./node_modules/@prisma/client/runtime/client.mjs [Client Component Browser]
    ./app/generated/prisma/internal/prismaNamespace.ts [Client Component Browser]
    ./app/generated/prisma/client.ts [Client Component Browser]
    ./lib/prisma.ts [Client Component Browser]
    ./lib/cleanup.ts [Client Component Browser]
    ./app/(manager)/settings/page.tsx [Client Component Browser]
    ./app/(manager)/settings/page.tsx [Server Component] @ http://localhost:3000/_next/static/chunks/node_modules_next_dist_0u_w_5s._.js:1945
[   29929ms] [ERROR] ./node_modules/@prisma/client/runtime/client.mjs
Code generation for chunk item errored
An error occurred while generating the chunk item [project]/node_modules/@prisma/client/runtime/client.mjs [app-client] (ecmascript) <locals>

Caused by:
- the chunking context (unknown) does not support external modules (request: node:module)

Debug info:
- An error occurred while generating the chunk item [project]/node_modules/@prisma/client/runtime/client.mjs [app-client] (ecmascript) <locals>
- Execution of <EcmascriptModuleLocalsModule as EcmascriptChunkPlaceable>::chunk_item_content failed
- Execution of *EcmascriptChunkItemContent::new failed
- Execution of EcmascriptModuleContent::new failed
- the chunking context (unknown) does not support external modules (request: node:module)

Import trace:
  Client Component Browser:
    ./node_modules/@prisma/client/runtime/client.mjs [Client Component Browser]
    ./app/generated/prisma/internal/prismaNamespace.ts [Client Component Browser]
    ./app/generated/prisma/client.ts [Client Component Browser]
    ./lib/prisma.ts [Client Component Browser]
    ./lib/cleanup.ts [Client Component Browser]
    ./app/(manager)/settings/page.tsx [Client Component Browser]
    ./app/(manager)/settings/page.tsx [Server Component] @ http://localhost:3000/_next/static/chunks/node_modules_next_dist_0u_w_5s._.js:1945
[   29989ms] [ERROR] ./node_modules/@prisma/client/runtime/client.mjs
Code generation for chunk item errored
An error occurred while generating the chunk item [project]/node_modules/@prisma/client/runtime/client.mjs [app-client] (ecmascript) <locals>

Caused by:
- the chunking context (unknown) does not support external modules (request: node:module)

Debug info:
- An error occurred while generating the chunk item [project]/node_modules/@prisma/client/runtime/client.mjs [app-client] (ecmascript) <locals>
- Execution of <EcmascriptModuleLocalsModule as EcmascriptChunkPlaceable>::chunk_item_content failed
- Execution of *EcmascriptChunkItemContent::new failed
- Execution of EcmascriptModuleContent::new failed
- the chunking context (unknown) does not support external modules (request: node:module)

Import trace:
  Client Component Browser:
    ./node_modules/@prisma/client/runtime/client.mjs [Client Component Browser]
    ./app/generated/prisma/internal/prismaNamespace.ts [Client Component Browser]
    ./app/generated/prisma/client.ts [Client Component Browser]
    ./lib/prisma.ts [Client Component Browser]
    ./lib/cleanup.ts [Client Component Browser]
    ./app/(manager)/settings/page.tsx [Client Component Browser]
    ./app/(manager)/settings/page.tsx [Server Component] @ http://localhost:3000/_next/static/chunks/node_modules_next_dist_0u_w_5s._.js:1945
[   30043ms] [ERROR] ./node_modules/@prisma/client/runtime/client.mjs
Code generation for chunk item errored
An error occurred while generating the chunk item [project]/node_modules/@prisma/client/runtime/client.mjs [app-client] (ecmascript) <locals>

Caused by:
- the chunking context (unknown) does not support external modules (request: node:module)

Debug info:
- An error occurred while generating the chunk item [project]/node_modules/@prisma/client/runtime/client.mjs [app-client] (ecmascript) <locals>
- Execution of <EcmascriptModuleLocalsModule as EcmascriptChunkPlaceable>::chunk_item_content failed
- Execution of *EcmascriptChunkItemContent::new failed
- Execution of EcmascriptModuleContent::new failed
- the chunking context (unknown) does not support external modules (request: node:module)

Import trace:
  Client Component Browser:
    ./node_modules/@prisma/client/runtime/client.mjs [Client Component Browser]
    ./app/generated/prisma/internal/prismaNamespace.ts [Client Component Browser]
    ./app/generated/prisma/client.ts [Client Component Browser]
    ./lib/prisma.ts [Client Component Browser]
    ./lib/cleanup.ts [Client Component Browser]
    ./app/(manager)/settings/page.tsx [Client Component Browser]
    ./app/(manager)/settings/page.tsx [Server Component] @ http://localhost:3000/_next/static/chunks/node_modules_next_dist_0u_w_5s._.js:1945
[   30097ms] [ERROR] ./node_modules/@prisma/client/runtime/client.mjs
Code generation for chunk item errored
An error occurred while generating the chunk item [project]/node_modules/@prisma/client/runtime/client.mjs [app-client] (ecmascript) <locals>

Caused by:
- the chunking context (unknown) does not support external modules (request: node:module)

Debug info:
- An error occurred while generating the chunk item [project]/node_modules/@prisma/client/runtime/client.mjs [app-client] (ecmascript) <locals>
- Execution of <EcmascriptModuleLocalsModule as EcmascriptChunkPlaceable>::chunk_item_content failed
- Execution of *EcmascriptChunkItemContent::new failed
- Execution of EcmascriptModuleContent::new failed
- the chunking context (unknown) does not support external modules (request: node:module)

Import trace:
  Client Component Browser:
    ./node_modules/@prisma/client/runtime/client.mjs [Client Component Browser]
    ./app/generated/prisma/internal/prismaNamespace.ts [Client Component Browser]
    ./app/generated/prisma/client.ts [Client Component Browser]
    ./lib/prisma.ts [Client Component Browser]
    ./lib/cleanup.ts [Client Component Browser]
    ./app/(manager)/settings/page.tsx [Client Component Browser]
    ./app/(manager)/settings/page.tsx [Server Component] @ http://localhost:3000/_next/static/chunks/node_modules_next_dist_0u_w_5s._.js:1945
[   30144ms] [ERROR] ./node_modules/@prisma/client/runtime/client.mjs
Code generation for chunk item errored
An error occurred while generating the chunk item [project]/node_modules/@prisma/client/runtime/client.mjs [app-client] (ecmascript) <locals>

Caused by:
- the chunking context (unknown) does not support external modules (request: node:module)

Debug info:
- An error occurred while generating the chunk item [project]/node_modules/@prisma/client/runtime/client.mjs [app-client] (ecmascript) <locals>
- Execution of <EcmascriptModuleLocalsModule as EcmascriptChunkPlaceable>::chunk_item_content failed
- Execution of *EcmascriptChunkItemContent::new failed
- Execution of EcmascriptModuleContent::new failed
- the chunking context (unknown) does not support external modules (request: node:module)

Import trace:
  Client Component Browser:
    ./node_modules/@prisma/client/runtime/client.mjs [Client Component Browser]
    ./app/generated/prisma/internal/prismaNamespace.ts [Client Component Browser]
    ./app/generated/prisma/client.ts [Client Component Browser]
    ./lib/prisma.ts [Client Component Browser]
    ./lib/cleanup.ts [Client Component Browser]
    ./app/(manager)/settings/page.tsx [Client Component Browser]
    ./app/(manager)/settings/page.tsx [Server Component] @ http://localhost:3000/_next/static/chunks/node_modules_next_dist_0u_w_5s._.js:1945
[   30197ms] [ERROR] ./node_modules/@prisma/client/runtime/client.mjs
Code generation for chunk item errored
An error occurred while generating the chunk item [project]/node_modules/@prisma/client/runtime/client.mjs [app-client] (ecmascript) <locals>

Caused by:
- the chunking context (unknown) does not support external modules (request: node:module)

Debug info:
- An error occurred while generating the chunk item [project]/node_modules/@prisma/client/runtime/client.mjs [app-client] (ecmascript) <locals>
- Execution of <EcmascriptModuleLocalsModule as EcmascriptChunkPlaceable>::chunk_item_content failed
- Execution of *EcmascriptChunkItemContent::new failed
- Execution of EcmascriptModuleContent::new failed
- the chunking context (unknown) does not support external modules (request: node:module)

Import trace:
  Client Component Browser:
    ./node_modules/@prisma/client/runtime/client.mjs [Client Component Browser]
    ./app/generated/prisma/internal/prismaNamespace.ts [Client Component Browser]
    ./app/generated/prisma/client.ts [Client Component Browser]
    ./lib/prisma.ts [Client Component Browser]
    ./lib/cleanup.ts [Client Component Browser]
    ./app/(manager)/settings/page.tsx [Client Component Browser]
    ./app/(manager)/settings/page.tsx [Server Component] @ http://localhost:3000/_next/static/chunks/node_modules_next_dist_0u_w_5s._.js:1945
[   30247ms] [ERROR] ./node_modules/@prisma/client/runtime/client.mjs
Code generation for chunk item errored
An error occurred while generating the chunk item [project]/node_modules/@prisma/client/runtime/client.mjs [app-client] (ecmascript) <locals>

Caused by:
- the chunking context (unknown) does not support external modules (request: node:module)

Debug info:
- An error occurred while generating the chunk item [project]/node_modules/@prisma/client/runtime/client.mjs [app-client] (ecmascript) <locals>
- Execution of <EcmascriptModuleLocalsModule as EcmascriptChunkPlaceable>::chunk_item_content failed
- Execution of *EcmascriptChunkItemContent::new failed
- Execution of EcmascriptModuleContent::new failed
- the chunking context (unknown) does not support external modules (request: node:module)

Import trace:
  Client Component Browser:
    ./node_modules/@prisma/client/runtime/client.mjs [Client Component Browser]
    ./app/generated/prisma/internal/prismaNamespace.ts [Client Component Browser]
    ./app/generated/prisma/client.ts [Client Component Browser]
    ./lib/prisma.ts [Client Component Browser]
    ./lib/cleanup.ts [Client Component Browser]
    ./app/(manager)/settings/page.tsx [Client Component Browser]
    ./app/(manager)/settings/page.tsx [Server Component] @ http://localhost:3000/_next/static/chunks/node_modules_next_dist_0u_w_5s._.js:1945
[   30299ms] [ERROR] ./node_modules/@prisma/client/runtime/client.mjs
Code generation for chunk item errored
An error occurred while generating the chunk item [project]/node_modules/@prisma/client/runtime/client.mjs [app-client] (ecmascript) <locals>

Caused by:
- the chunking context (unknown) does not support external modules (request: node:module)

Debug info:
- An error occurred while generating the chunk item [project]/node_modules/@prisma/client/runtime/client.mjs [app-client] (ecmascript) <locals>
- Execution of <EcmascriptModuleLocalsModule as EcmascriptChunkPlaceable>::chunk_item_content failed
- Execution of *EcmascriptChunkItemContent::new failed
- Execution of EcmascriptModuleContent::new failed
- the chunking context (unknown) does not support external modules (request: node:module)

Import trace:
  Client Component Browser:
    ./node_modules/@prisma/client/runtime/client.mjs [Client Component Browser]
    ./app/generated/prisma/internal/prismaNamespace.ts [Client Component Browser]
    ./app/generated/prisma/client.ts [Client Component Browser]
    ./lib/prisma.ts [Client Component Browser]
    ./lib/cleanup.ts [Client Component Browser]
    ./app/(manager)/settings/page.tsx [Client Component Browser]
    ./app/(manager)/settings/page.tsx [Server Component] @ http://localhost:3000/_next/static/chunks/node_modules_next_dist_0u_w_5s._.js:1945
[   30352ms] [ERROR] ./node_modules/@prisma/client/runtime/client.mjs
Code generation for chunk item errored
An error occurred while generating the chunk item [project]/node_modules/@prisma/client/runtime/client.mjs [app-client] (ecmascript) <locals>

Caused by:
- the chunking context (unknown) does not support external modules (request: node:module)

Debug info:
- An error occurred while generating the chunk item [project]/node_modules/@prisma/client/runtime/client.mjs [app-client] (ecmascript) <locals>
- Execution of <EcmascriptModuleLocalsModule as EcmascriptChunkPlaceable>::chunk_item_content failed
- Execution of *EcmascriptChunkItemContent::new failed
- Execution of EcmascriptModuleContent::new failed
- the chunking context (unknown) does not support external modules (request: node:module)

Import trace:
  Client Component Browser:
    ./node_modules/@prisma/client/runtime/client.mjs [Client Component Browser]
    ./app/generated/prisma/internal/prismaNamespace.ts [Client Component Browser]
    ./app/generated/prisma/client.ts [Client Component Browser]
    ./lib/prisma.ts [Client Component Browser]
    ./lib/cleanup.ts [Client Component Browser]
    ./app/(manager)/settings/page.tsx [Client Component Browser]
    ./app/(manager)/settings/page.tsx [Server Component] @ http://localhost:3000/_next/static/chunks/node_modules_next_dist_0u_w_5s._.js:1945
[   30404ms] [ERROR] ./node_modules/@prisma/client/runtime/client.mjs
Code generation for chunk item errored
An error occurred while generating the chunk item [project]/node_modules/@prisma/client/runtime/client.mjs [app-client] (ecmascript) <locals>

Caused by:
- the chunking context (unknown) does not support external modules (request: node:module)

Debug info:
- An error occurred while generating the chunk item [project]/node_modules/@prisma/client/runtime/client.mjs [app-client] (ecmascript) <locals>
- Execution of <EcmascriptModuleLocalsModule as EcmascriptChunkPlaceable>::chunk_item_content failed
- Execution of *EcmascriptChunkItemContent::new failed
- Execution of EcmascriptModuleContent::new failed
- the chunking context (unknown) does not support external modules (request: node:module)

Import trace:
  Client Component Browser:
    ./node_modules/@prisma/client/runtime/client.mjs [Client Component Browser]
    ./app/generated/prisma/internal/prismaNamespace.ts [Client Component Browser]
    ./app/generated/prisma/client.ts [Client Component Browser]
    ./lib/prisma.ts [Client Component Browser]
    ./lib/cleanup.ts [Client Component Browser]
    ./app/(manager)/settings/page.tsx [Client Component Browser]
    ./app/(manager)/settings/page.tsx [Server Component] @ http://localhost:3000/_next/static/chunks/node_modules_next_dist_0u_w_5s._.js:1945
[   30461ms] [ERROR] ./node_modules/@prisma/client/runtime/client.mjs
Code generation for chunk item errored
An error occurred while generating the chunk item [project]/node_modules/@prisma/client/runtime/client.mjs [app-client] (ecmascript) <locals>

Caused by:
- the chunking context (unknown) does not support external modules (request: node:module)

Debug info:
- An error occurred while generating the chunk item [project]/node_modules/@prisma/client/runtime/client.mjs [app-client] (ecmascript) <locals>
- Execution of <EcmascriptModuleLocalsModule as EcmascriptChunkPlaceable>::chunk_item_content failed
- Execution of *EcmascriptChunkItemContent::new failed
- Execution of EcmascriptModuleContent::new failed
- the chunking context (unknown) does not support external modules (request: node:module)

Import trace:
  Client Component Browser:
    ./node_modules/@prisma/client/runtime/client.mjs [Client Component Browser]
    ./app/generated/prisma/internal/prismaNamespace.ts [Client Component Browser]
    ./app/generated/prisma/client.ts [Client Component Browser]
    ./lib/prisma.ts [Client Component Browser]
    ./lib/cleanup.ts [Client Component Browser]
    ./app/(manager)/settings/page.tsx [Client Component Browser]
    ./app/(manager)/settings/page.tsx [Server Component] @ http://localhost:3000/_next/static/chunks/node_modules_next_dist_0u_w_5s._.js:1945
[   30514ms] [ERROR] ./node_modules/@prisma/client/runtime/client.mjs
Code generation for chunk item errored
An error occurred while generating the chunk item [project]/node_modules/@prisma/client/runtime/client.mjs [app-client] (ecmascript) <locals>

Caused by:
- the chunking context (unknown) does not support external modules (request: node:module)

Debug info:
- An error occurred while generating the chunk item [project]/node_modules/@prisma/client/runtime/client.mjs [app-client] (ecmascript) <locals>
- Execution of <EcmascriptModuleLocalsModule as EcmascriptChunkPlaceable>::chunk_item_content failed
- Execution of *EcmascriptChunkItemContent::new failed
- Execution of EcmascriptModuleContent::new failed
- the chunking context (unknown) does not support external modules (request: node:module)

Import trace:
  Client Component Browser:
    ./node_modules/@prisma/client/runtime/client.mjs [Client Component Browser]
    ./app/generated/prisma/internal/prismaNamespace.ts [Client Component Browser]
    ./app/generated/prisma/client.ts [Client Component Browser]
    ./lib/prisma.ts [Client Component Browser]
    ./lib/cleanup.ts [Client Component Browser]
    ./app/(manager)/settings/page.tsx [Client Component Browser]
    ./app/(manager)/settings/page.tsx [Server Component] @ http://localhost:3000/_next/static/chunks/node_modules_next_dist_0u_w_5s._.js:1945
[   30566ms] [ERROR] ./node_modules/@prisma/client/runtime/client.mjs
Code generation for chunk item errored
An error occurred while generating the chunk item [project]/node_modules/@prisma/client/runtime/client.mjs [app-client] (ecmascript) <locals>

Caused by:
- the chunking context (unknown) does not support external modules (request: node:module)

Debug info:
- An error occurred while generating the chunk item [project]/node_modules/@prisma/client/runtime/client.mjs [app-client] (ecmascript) <locals>
- Execution of <EcmascriptModuleLocalsModule as EcmascriptChunkPlaceable>::chunk_item_content failed
- Execution of *EcmascriptChunkItemContent::new failed
- Execution of EcmascriptModuleContent::new failed
- the chunking context (unknown) does not support external modules (request: node:module)

Import trace:
  Client Component Browser:
    ./node_modules/@prisma/client/runtime/client.mjs [Client Component Browser]
    ./app/generated/prisma/internal/prismaNamespace.ts [Client Component Browser]
    ./app/generated/prisma/client.ts [Client Component Browser]
    ./lib/prisma.ts [Client Component Browser]
    ./lib/cleanup.ts [Client Component Browser]
    ./app/(manager)/settings/page.tsx [Client Component Browser]
    ./app/(manager)/settings/page.tsx [Server Component] @ http://localhost:3000/_next/static/chunks/node_modules_next_dist_0u_w_5s._.js:1945
[   30619ms] [ERROR] ./node_modules/@prisma/client/runtime/client.mjs
Code generation for chunk item errored
An error occurred while generating the chunk item [project]/node_modules/@prisma/client/runtime/client.mjs [app-client] (ecmascript) <locals>

Caused by:
- the chunking context (unknown) does not support external modules (request: node:module)

Debug info:
- An error occurred while generating the chunk item [project]/node_modules/@prisma/client/runtime/client.mjs [app-client] (ecmascript) <locals>
- Execution of <EcmascriptModuleLocalsModule as EcmascriptChunkPlaceable>::chunk_item_content failed
- Execution of *EcmascriptChunkItemContent::new failed
- Execution of EcmascriptModuleContent::new failed
- the chunking context (unknown) does not support external modules (request: node:module)

Import trace:
  Client Component Browser:
    ./node_modules/@prisma/client/runtime/client.mjs [Client Component Browser]
    ./app/generated/prisma/internal/prismaNamespace.ts [Client Component Browser]
    ./app/generated/prisma/client.ts [Client Component Browser]
    ./lib/prisma.ts [Client Component Browser]
    ./lib/cleanup.ts [Client Component Browser]
    ./app/(manager)/settings/page.tsx [Client Component Browser]
    ./app/(manager)/settings/page.tsx [Server Component] @ http://localhost:3000/_next/static/chunks/node_modules_next_dist_0u_w_5s._.js:1945
[   30671ms] [ERROR] ./node_modules/@prisma/client/runtime/client.mjs
Code generation for chunk item errored
An error occurred while generating the chunk item [project]/node_modules/@prisma/client/runtime/client.mjs [app-client] (ecmascript) <locals>

Caused by:
- the chunking context (unknown) does not support external modules (request: node:module)

Debug info:
- An error occurred while generating the chunk item [project]/node_modules/@prisma/client/runtime/client.mjs [app-client] (ecmascript) <locals>
- Execution of <EcmascriptModuleLocalsModule as EcmascriptChunkPlaceable>::chunk_item_content failed
- Execution of *EcmascriptChunkItemContent::new failed
- Execution of EcmascriptModuleContent::new failed
- the chunking context (unknown) does not support external modules (request: node:module)

Import trace:
  Client Component Browser:
    ./node_modules/@prisma/client/runtime/client.mjs [Client Component Browser]
    ./app/generated/prisma/internal/prismaNamespace.ts [Client Component Browser]
    ./app/generated/prisma/client.ts [Client Component Browser]
    ./lib/prisma.ts [Client Component Browser]
    ./lib/cleanup.ts [Client Component Browser]
    ./app/(manager)/settings/page.tsx [Client Component Browser]
    ./app/(manager)/settings/page.tsx [Server Component] @ http://localhost:3000/_next/static/chunks/node_modules_next_dist_0u_w_5s._.js:1945
[   30723ms] [ERROR] ./node_modules/@prisma/client/runtime/client.mjs
Code generation for chunk item errored
An error occurred while generating the chunk item [project]/node_modules/@prisma/client/runtime/client.mjs [app-client] (ecmascript) <locals>

Caused by:
- the chunking context (unknown) does not support external modules (request: node:module)

Debug info:
- An error occurred while generating the chunk item [project]/node_modules/@prisma/client/runtime/client.mjs [app-client] (ecmascript) <locals>
- Execution of <EcmascriptModuleLocalsModule as EcmascriptChunkPlaceable>::chunk_item_content failed
- Execution of *EcmascriptChunkItemContent::new failed
- Execution of EcmascriptModuleContent::new failed
- the chunking context (unknown) does not support external modules (request: node:module)

Import trace:
  Client Component Browser:
    ./node_modules/@prisma/client/runtime/client.mjs [Client Component Browser]
    ./app/generated/prisma/internal/prismaNamespace.ts [Client Component Browser]
    ./app/generated/prisma/client.ts [Client Component Browser]
    ./lib/prisma.ts [Client Component Browser]
    ./lib/cleanup.ts [Client Component Browser]
    ./app/(manager)/settings/page.tsx [Client Component Browser]
    ./app/(manager)/settings/page.tsx [Server Component] @ http://localhost:3000/_next/static/chunks/node_modules_next_dist_0u_w_5s._.js:1945
[   30775ms] [ERROR] ./node_modules/@prisma/client/runtime/client.mjs
Code generation for chunk item errored
An error occurred while generating the chunk item [project]/node_modules/@prisma/client/runtime/client.mjs [app-client] (ecmascript) <locals>

Caused by:
- the chunking context (unknown) does not support external modules (request: node:module)

Debug info:
- An error occurred while generating the chunk item [project]/node_modules/@prisma/client/runtime/client.mjs [app-client] (ecmascript) <locals>
- Execution of <EcmascriptModuleLocalsModule as EcmascriptChunkPlaceable>::chunk_item_content failed
- Execution of *EcmascriptChunkItemContent::new failed
- Execution of EcmascriptModuleContent::new failed
- the chunking context (unknown) does not support external modules (request: node:module)

Import trace:
  Client Component Browser:
    ./node_modules/@prisma/client/runtime/client.mjs [Client Component Browser]
    ./app/generated/prisma/internal/prismaNamespace.ts [Client Component Browser]
    ./app/generated/prisma/client.ts [Client Component Browser]
    ./lib/prisma.ts [Client Component Browser]
    ./lib/cleanup.ts [Client Component Browser]
    ./app/(manager)/settings/page.tsx [Client Component Browser]
    ./app/(manager)/settings/page.tsx [Server Component] @ http://localhost:3000/_next/static/chunks/node_modules_next_dist_0u_w_5s._.js:1945
[   30828ms] [ERROR] ./node_modules/@prisma/client/runtime/client.mjs
Code generation for chunk item errored
An error occurred while generating the chunk item [project]/node_modules/@prisma/client/runtime/client.mjs [app-client] (ecmascript) <locals>

Caused by:
- the chunking context (unknown) does not support external modules (request: node:module)

Debug info:
- An error occurred while generating the chunk item [project]/node_modules/@prisma/client/runtime/client.mjs [app-client] (ecmascript) <locals>
- Execution of <EcmascriptModuleLocalsModule as EcmascriptChunkPlaceable>::chunk_item_content failed
- Execution of *EcmascriptChunkItemContent::new failed
- Execution of EcmascriptModuleContent::new failed
- the chunking context (unknown) does not support external modules (request: node:module)

Import trace:
  Client Component Browser:
    ./node_modules/@prisma/client/runtime/client.mjs [Client Component Browser]
    ./app/generated/prisma/internal/prismaNamespace.ts [Client Component Browser]
    ./app/generated/prisma/client.ts [Client Component Browser]
    ./lib/prisma.ts [Client Component Browser]
    ./lib/cleanup.ts [Client Component Browser]
    ./app/(manager)/settings/page.tsx [Client Component Browser]
    ./app/(manager)/settings/page.tsx [Server Component] @ http://localhost:3000/_next/static/chunks/node_modules_next_dist_0u_w_5s._.js:1945
[   30885ms] [ERROR] ./node_modules/@prisma/client/runtime/client.mjs
Code generation for chunk item errored
An error occurred while generating the chunk item [project]/node_modules/@prisma/client/runtime/client.mjs [app-client] (ecmascript) <locals>

Caused by:
- the chunking context (unknown) does not support external modules (request: node:module)

Debug info:
- An error occurred while generating the chunk item [project]/node_modules/@prisma/client/runtime/client.mjs [app-client] (ecmascript) <locals>
- Execution of <EcmascriptModuleLocalsModule as EcmascriptChunkPlaceable>::chunk_item_content failed
- Execution of *EcmascriptChunkItemContent::new failed
- Execution of EcmascriptModuleContent::new failed
- the chunking context (unknown) does not support external modules (request: node:module)

Import trace:
  Client Component Browser:
    ./node_modules/@prisma/client/runtime/client.mjs [Client Component Browser]
    ./app/generated/prisma/internal/prismaNamespace.ts [Client Component Browser]
    ./app/generated/prisma/client.ts [Client Component Browser]
    ./lib/prisma.ts [Client Component Browser]
    ./lib/cleanup.ts [Client Component Browser]
    ./app/(manager)/settings/page.tsx [Client Component Browser]
    ./app/(manager)/settings/page.tsx [Server Component] @ http://localhost:3000/_next/static/chunks/node_modules_next_dist_0u_w_5s._.js:1945
[   30938ms] [ERROR] ./node_modules/@prisma/client/runtime/client.mjs
Code generation for chunk item errored
An error occurred while generating the chunk item [project]/node_modules/@prisma/client/runtime/client.mjs [app-client] (ecmascript) <locals>

Caused by:
- the chunking context (unknown) does not support external modules (request: node:module)

Debug info:
- An error occurred while generating the chunk item [project]/node_modules/@prisma/client/runtime/client.mjs [app-client] (ecmascript) <locals>
- Execution of <EcmascriptModuleLocalsModule as EcmascriptChunkPlaceable>::chunk_item_content failed
- Execution of *EcmascriptChunkItemContent::new failed
- Execution of EcmascriptModuleContent::new failed
- the chunking context (unknown) does not support external modules (request: node:module)

Import trace:
  Client Component Browser:
    ./node_modules/@prisma/client/runtime/client.mjs [Client Component Browser]
    ./app/generated/prisma/internal/prismaNamespace.ts [Client Component Browser]
    ./app/generated/prisma/client.ts [Client Component Browser]
    ./lib/prisma.ts [Client Component Browser]
    ./lib/cleanup.ts [Client Component Browser]
    ./app/(manager)/settings/page.tsx [Client Component Browser]
    ./app/(manager)/settings/page.tsx [Server Component] @ http://localhost:3000/_next/static/chunks/node_modules_next_dist_0u_w_5s._.js:1945
[   30992ms] [ERROR] ./node_modules/@prisma/client/runtime/client.mjs
Code generation for chunk item errored
An error occurred while generating the chunk item [project]/node_modules/@prisma/client/runtime/client.mjs [app-client] (ecmascript) <locals>

Caused by:
- the chunking context (unknown) does not support external modules (request: node:module)

Debug info:
- An error occurred while generating the chunk item [project]/node_modules/@prisma/client/runtime/client.mjs [app-client] (ecmascript) <locals>
- Execution of <EcmascriptModuleLocalsModule as EcmascriptChunkPlaceable>::chunk_item_content failed
- Execution of *EcmascriptChunkItemContent::new failed
- Execution of EcmascriptModuleContent::new failed
- the chunking context (unknown) does not support external modules (request: node:module)

Import trace:
  Client Component Browser:
    ./node_modules/@prisma/client/runtime/client.mjs [Client Component Browser]
    ./app/generated/prisma/internal/prismaNamespace.ts [Client Component Browser]
    ./app/generated/prisma/client.ts [Client Component Browser]
    ./lib/prisma.ts [Client Component Browser]
    ./lib/cleanup.ts [Client Component Browser]
    ./app/(manager)/settings/page.tsx [Client Component Browser]
    ./app/(manager)/settings/page.tsx [Server Component] @ http://localhost:3000/_next/static/chunks/node_modules_next_dist_0u_w_5s._.js:1945
[   31045ms] [ERROR] ./node_modules/@prisma/client/runtime/client.mjs
Code generation for chunk item errored
An error occurred while generating the chunk item [project]/node_modules/@prisma/client/runtime/client.mjs [app-client] (ecmascript) <locals>

Caused by:
- the chunking context (unknown) does not support external modules (request: node:module)

Debug info:
- An error occurred while generating the chunk item [project]/node_modules/@prisma/client/runtime/client.mjs [app-client] (ecmascript) <locals>
- Execution of <EcmascriptModuleLocalsModule as EcmascriptChunkPlaceable>::chunk_item_content failed
- Execution of *EcmascriptChunkItemContent::new failed
- Execution of EcmascriptModuleContent::new failed
- the chunking context (unknown) does not support external modules (request: node:module)

Import trace:
  Client Component Browser:
    ./node_modules/@prisma/client/runtime/client.mjs [Client Component Browser]
    ./app/generated/prisma/internal/prismaNamespace.ts [Client Component Browser]
    ./app/generated/prisma/client.ts [Client Component Browser]
    ./lib/prisma.ts [Client Component Browser]
    ./lib/cleanup.ts [Client Component Browser]
    ./app/(manager)/settings/page.tsx [Client Component Browser]
    ./app/(manager)/settings/page.tsx [Server Component] @ http://localhost:3000/_next/static/chunks/node_modules_next_dist_0u_w_5s._.js:1945
[   31097ms] [ERROR] ./node_modules/@prisma/client/runtime/client.mjs
Code generation for chunk item errored
An error occurred while generating the chunk item [project]/node_modules/@prisma/client/runtime/client.mjs [app-client] (ecmascript) <locals>

Caused by:
- the chunking context (unknown) does not support external modules (request: node:module)

Debug info:
- An error occurred while generating the chunk item [project]/node_modules/@prisma/client/runtime/client.mjs [app-client] (ecmascript) <locals>
- Execution of <EcmascriptModuleLocalsModule as EcmascriptChunkPlaceable>::chunk_item_content failed
- Execution of *EcmascriptChunkItemContent::new failed
- Execution of EcmascriptModuleContent::new failed
- the chunking context (unknown) does not support external modules (request: node:module)

Import trace:
  Client Component Browser:
    ./node_modules/@prisma/client/runtime/client.mjs [Client Component Browser]
    ./app/generated/prisma/internal/prismaNamespace.ts [Client Component Browser]
    ./app/generated/prisma/client.ts [Client Component Browser]
    ./lib/prisma.ts [Client Component Browser]
    ./lib/cleanup.ts [Client Component Browser]
    ./app/(manager)/settings/page.tsx [Client Component Browser]
    ./app/(manager)/settings/page.tsx [Server Component] @ http://localhost:3000/_next/static/chunks/node_modules_next_dist_0u_w_5s._.js:1945
[   31148ms] [ERROR] ./node_modules/@prisma/client/runtime/client.mjs
Code generation for chunk item errored
An error occurred while generating the chunk item [project]/node_modules/@prisma/client/runtime/client.mjs [app-client] (ecmascript) <locals>

Caused by:
- the chunking context (unknown) does not support external modules (request: node:module)

Debug info:
- An error occurred while generating the chunk item [project]/node_modules/@prisma/client/runtime/client.mjs [app-client] (ecmascript) <locals>
- Execution of <EcmascriptModuleLocalsModule as EcmascriptChunkPlaceable>::chunk_item_content failed
- Execution of *EcmascriptChunkItemContent::new failed
- Execution of EcmascriptModuleContent::new failed
- the chunking context (unknown) does not support external modules (request: node:module)

Import trace:
  Client Component Browser:
    ./node_modules/@prisma/client/runtime/client.mjs [Client Component Browser]
    ./app/generated/prisma/internal/prismaNamespace.ts [Client Component Browser]
    ./app/generated/prisma/client.ts [Client Component Browser]
    ./lib/prisma.ts [Client Component Browser]
    ./lib/cleanup.ts [Client Component Browser]
    ./app/(manager)/settings/page.tsx [Client Component Browser]
    ./app/(manager)/settings/page.tsx [Server Component] @ http://localhost:3000/_next/static/chunks/node_modules_next_dist_0u_w_5s._.js:1945
[   31199ms] [ERROR] ./node_modules/@prisma/client/runtime/client.mjs
Code generation for chunk item errored
An error occurred while generating the chunk item [project]/node_modules/@prisma/client/runtime/client.mjs [app-client] (ecmascript) <locals>

Caused by:
- the chunking context (unknown) does not support external modules (request: node:module)

Debug info:
- An error occurred while generating the chunk item [project]/node_modules/@prisma/client/runtime/client.mjs [app-client] (ecmascript) <locals>
- Execution of <EcmascriptModuleLocalsModule as EcmascriptChunkPlaceable>::chunk_item_content failed
- Execution of *EcmascriptChunkItemContent::new failed
- Execution of EcmascriptModuleContent::new failed
- the chunking context (unknown) does not support external modules (request: node:module)

Import trace:
  Client Component Browser:
    ./node_modules/@prisma/client/runtime/client.mjs [Client Component Browser]
    ./app/generated/prisma/internal/prismaNamespace.ts [Client Component Browser]
    ./app/generated/prisma/client.ts [Client Component Browser]
    ./lib/prisma.ts [Client Component Browser]
    ./lib/cleanup.ts [Client Component Browser]
    ./app/(manager)/settings/page.tsx [Client Component Browser]
    ./app/(manager)/settings/page.tsx [Server Component] @ http://localhost:3000/_next/static/chunks/node_modules_next_dist_0u_w_5s._.js:1945
[   31251ms] [ERROR] ./node_modules/@prisma/client/runtime/client.mjs
Code generation for chunk item errored
An error occurred while generating the chunk item [project]/node_modules/@prisma/client/runtime/client.mjs [app-client] (ecmascript) <locals>

Caused by:
- the chunking context (unknown) does not support external modules (request: node:module)

Debug info:
- An error occurred while generating the chunk item [project]/node_modules/@prisma/client/runtime/client.mjs [app-client] (ecmascript) <locals>
- Execution of <EcmascriptModuleLocalsModule as EcmascriptChunkPlaceable>::chunk_item_content failed
- Execution of *EcmascriptChunkItemContent::new failed
- Execution of EcmascriptModuleContent::new failed
- the chunking context (unknown) does not support external modules (request: node:module)

Import trace:
  Client Component Browser:
    ./node_modules/@prisma/client/runtime/client.mjs [Client Component Browser]
    ./app/generated/prisma/internal/prismaNamespace.ts [Client Component Browser]
    ./app/generated/prisma/client.ts [Client Component Browser]
    ./lib/prisma.ts [Client Component Browser]
    ./lib/cleanup.ts [Client Component Browser]
    ./app/(manager)/settings/page.tsx [Client Component Browser]
    ./app/(manager)/settings/page.tsx [Server Component] @ http://localhost:3000/_next/static/chunks/node_modules_next_dist_0u_w_5s._.js:1945
[   31303ms] [ERROR] ./node_modules/@prisma/client/runtime/client.mjs
Code generation for chunk item errored
An error occurred while generating the chunk item [project]/node_modules/@prisma/client/runtime/client.mjs [app-client] (ecmascript) <locals>

Caused by:
- the chunking context (unknown) does not support external modules (request: node:module)

Debug info:
- An error occurred while generating the chunk item [project]/node_modules/@prisma/client/runtime/client.mjs [app-client] (ecmascript) <locals>
- Execution of <EcmascriptModuleLocalsModule as EcmascriptChunkPlaceable>::chunk_item_content failed
- Execution of *EcmascriptChunkItemContent::new failed
- Execution of EcmascriptModuleContent::new failed
- the chunking context (unknown) does not support external modules (request: node:module)

Import trace:
  Client Component Browser:
    ./node_modules/@prisma/client/runtime/client.mjs [Client Component Browser]
    ./app/generated/prisma/internal/prismaNamespace.ts [Client Component Browser]
    ./app/generated/prisma/client.ts [Client Component Browser]
    ./lib/prisma.ts [Client Component Browser]
    ./lib/cleanup.ts [Client Component Browser]
    ./app/(manager)/settings/page.tsx [Client Component Browser]
    ./app/(manager)/settings/page.tsx [Server Component] @ http://localhost:3000/_next/static/chunks/node_modules_next_dist_0u_w_5s._.js:1945
[   31354ms] [ERROR] ./node_modules/@prisma/client/runtime/client.mjs
Code generation for chunk item errored
An error occurred while generating the chunk item [project]/node_modules/@prisma/client/runtime/client.mjs [app-client] (ecmascript) <locals>

Caused by:
- the chunking context (unknown) does not support external modules (request: node:module)

Debug info:
- An error occurred while generating the chunk item [project]/node_modules/@prisma/client/runtime/client.mjs [app-client] (ecmascript) <locals>
- Execution of <EcmascriptModuleLocalsModule as EcmascriptChunkPlaceable>::chunk_item_content failed
- Execution of *EcmascriptChunkItemContent::new failed
- Execution of EcmascriptModuleContent::new failed
- the chunking context (unknown) does not support external modules (request: node:module)

Import trace:
  Client Component Browser:
    ./node_modules/@prisma/client/runtime/client.mjs [Client Component Browser]
    ./app/generated/prisma/internal/prismaNamespace.ts [Client Component Browser]
    ./app/generated/prisma/client.ts [Client Component Browser]
    ./lib/prisma.ts [Client Component Browser]
    ./lib/cleanup.ts [Client Component Browser]
    ./app/(manager)/settings/page.tsx [Client Component Browser]
    ./app/(manager)/settings/page.tsx [Server Component] @ http://localhost:3000/_next/static/chunks/node_modules_next_dist_0u_w_5s._.js:1945
[   31405ms] [ERROR] ./node_modules/@prisma/client/runtime/client.mjs
Code generation for chunk item errored
An error occurred while generating the chunk item [project]/node_modules/@prisma/client/runtime/client.mjs [app-client] (ecmascript) <locals>

Caused by:
- the chunking context (unknown) does not support external modules (request: node:module)

Debug info:
- An error occurred while generating the chunk item [project]/node_modules/@prisma/client/runtime/client.mjs [app-client] (ecmascript) <locals>
- Execution of <EcmascriptModuleLocalsModule as EcmascriptChunkPlaceable>::chunk_item_content failed
- Execution of *EcmascriptChunkItemContent::new failed
- Execution of EcmascriptModuleContent::new failed
- the chunking context (unknown) does not support external modules (request: node:module)

Import trace:
  Client Component Browser:
    ./node_modules/@prisma/client/runtime/client.mjs [Client Component Browser]
    ./app/generated/prisma/internal/prismaNamespace.ts [Client Component Browser]
    ./app/generated/prisma/client.ts [Client Component Browser]
    ./lib/prisma.ts [Client Component Browser]
    ./lib/cleanup.ts [Client Component Browser]
    ./app/(manager)/settings/page.tsx [Client Component Browser]
    ./app/(manager)/settings/page.tsx [Server Component] @ http://localhost:3000/_next/static/chunks/node_modules_next_dist_0u_w_5s._.js:1945
[   31456ms] [ERROR] ./node_modules/@prisma/client/runtime/client.mjs
Code generation for chunk item errored
An error occurred while generating the chunk item [project]/node_modules/@prisma/client/runtime/client.mjs [app-client] (ecmascript) <locals>

Caused by:
- the chunking context (unknown) does not support external modules (request: node:module)

Debug info:
- An error occurred while generating the chunk item [project]/node_modules/@prisma/client/runtime/client.mjs [app-client] (ecmascript) <locals>
- Execution of <EcmascriptModuleLocalsModule as EcmascriptChunkPlaceable>::chunk_item_content failed
- Execution of *EcmascriptChunkItemContent::new failed
- Execution of EcmascriptModuleContent::new failed
- the chunking context (unknown) does not support external modules (request: node:module)

Import trace:
  Client Component Browser:
    ./node_modules/@prisma/client/runtime/client.mjs [Client Component Browser]
    ./app/generated/prisma/internal/prismaNamespace.ts [Client Component Browser]
    ./app/generated/prisma/client.ts [Client Component Browser]
    ./lib/prisma.ts [Client Component Browser]
    ./lib/cleanup.ts [Client Component Browser]
    ./app/(manager)/settings/page.tsx [Client Component Browser]
    ./app/(manager)/settings/page.tsx [Server Component] @ http://localhost:3000/_next/static/chunks/node_modules_next_dist_0u_w_5s._.js:1945
[   31508ms] [ERROR] ./node_modules/@prisma/client/runtime/client.mjs
Code generation for chunk item errored
An error occurred while generating the chunk item [project]/node_modules/@prisma/client/runtime/client.mjs [app-client] (ecmascript) <locals>

Caused by:
- the chunking context (unknown) does not support external modules (request: node:module)

Debug info:
- An error occurred while generating the chunk item [project]/node_modules/@prisma/client/runtime/client.mjs [app-client] (ecmascript) <locals>
- Execution of <EcmascriptModuleLocalsModule as EcmascriptChunkPlaceable>::chunk_item_content failed
- Execution of *EcmascriptChunkItemContent::new failed
- Execution of EcmascriptModuleContent::new failed
- the chunking context (unknown) does not support external modules (request: node:module)

Import trace:
  Client Component Browser:
    ./node_modules/@prisma/client/runtime/client.mjs [Client Component Browser]
    ./app/generated/prisma/internal/prismaNamespace.ts [Client Component Browser]
    ./app/generated/prisma/client.ts [Client Component Browser]
    ./lib/prisma.ts [Client Component Browser]
    ./lib/cleanup.ts [Client Component Browser]
    ./app/(manager)/settings/page.tsx [Client Component Browser]
    ./app/(manager)/settings/page.tsx [Server Component] @ http://localhost:3000/_next/static/chunks/node_modules_next_dist_0u_w_5s._.js:1945
[   31559ms] [ERROR] ./node_modules/@prisma/client/runtime/client.mjs
Code generation for chunk item errored
An error occurred while generating the chunk item [project]/node_modules/@prisma/client/runtime/client.mjs [app-client] (ecmascript) <locals>

Caused by:
- the chunking context (unknown) does not support external modules (request: node:module)

Debug info:
- An error occurred while generating the chunk item [project]/node_modules/@prisma/client/runtime/client.mjs [app-client] (ecmascript) <locals>
- Execution of <EcmascriptModuleLocalsModule as EcmascriptChunkPlaceable>::chunk_item_content failed
- Execution of *EcmascriptChunkItemContent::new failed
- Execution of EcmascriptModuleContent::new failed
- the chunking context (unknown) does not support external modules (request: node:module)

Import trace:
  Client Component Browser:
    ./node_modules/@prisma/client/runtime/client.mjs [Client Component Browser]
    ./app/generated/prisma/internal/prismaNamespace.ts [Client Component Browser]
    ./app/generated/prisma/client.ts [Client Component Browser]
    ./lib/prisma.ts [Client Component Browser]
    ./lib/cleanup.ts [Client Component Browser]
    ./app/(manager)/settings/page.tsx [Client Component Browser]
    ./app/(manager)/settings/page.tsx [Server Component] @ http://localhost:3000/_next/static/chunks/node_modules_next_dist_0u_w_5s._.js:1945
[   31612ms] [ERROR] ./node_modules/@prisma/client/runtime/client.mjs
Code generation for chunk item errored
An error occurred while generating the chunk item [project]/node_modules/@prisma/client/runtime/client.mjs [app-client] (ecmascript) <locals>

Caused by:
- the chunking context (unknown) does not support external modules (request: node:module)

Debug info:
- An error occurred while generating the chunk item [project]/node_modules/@prisma/client/runtime/client.mjs [app-client] (ecmascript) <locals>
- Execution of <EcmascriptModuleLocalsModule as EcmascriptChunkPlaceable>::chunk_item_content failed
- Execution of *EcmascriptChunkItemContent::new failed
- Execution of EcmascriptModuleContent::new failed
- the chunking context (unknown) does not support external modules (request: node:module)

Import trace:
  Client Component Browser:
    ./node_modules/@prisma/client/runtime/client.mjs [Client Component Browser]
    ./app/generated/prisma/internal/prismaNamespace.ts [Client Component Browser]
    ./app/generated/prisma/client.ts [Client Component Browser]
    ./lib/prisma.ts [Client Component Browser]
    ./lib/cleanup.ts [Client Component Browser]
    ./app/(manager)/settings/page.tsx [Client Component Browser]
    ./app/(manager)/settings/page.tsx [Server Component] @ http://localhost:3000/_next/static/chunks/node_modules_next_dist_0u_w_5s._.js:1945
[   31664ms] [ERROR] ./node_modules/@prisma/client/runtime/client.mjs
Code generation for chunk item errored
An error occurred while generating the chunk item [project]/node_modules/@prisma/client/runtime/client.mjs [app-client] (ecmascript) <locals>

Caused by:
- the chunking context (unknown) does not support external modules (request: node:module)

Debug info:
- An error occurred while generating the chunk item [project]/node_modules/@prisma/client/runtime/client.mjs [app-client] (ecmascript) <locals>
- Execution of <EcmascriptModuleLocalsModule as EcmascriptChunkPlaceable>::chunk_item_content failed
- Execution of *EcmascriptChunkItemContent::new failed
- Execution of EcmascriptModuleContent::new failed
- the chunking context (unknown) does not support external modules (request: node:module)

Import trace:
  Client Component Browser:
    ./node_modules/@prisma/client/runtime/client.mjs [Client Component Browser]
    ./app/generated/prisma/internal/prismaNamespace.ts [Client Component Browser]
    ./app/generated/prisma/client.ts [Client Component Browser]
    ./lib/prisma.ts [Client Component Browser]
    ./lib/cleanup.ts [Client Component Browser]
    ./app/(manager)/settings/page.tsx [Client Component Browser]
    ./app/(manager)/settings/page.tsx [Server Component] @ http://localhost:3000/_next/static/chunks/node_modules_next_dist_0u_w_5s._.js:1945
[   31717ms] [ERROR] ./node_modules/@prisma/client/runtime/client.mjs
Code generation for chunk item errored
An error occurred while generating the chunk item [project]/node_modules/@prisma/client/runtime/client.mjs [app-client] (ecmascript) <locals>

Caused by:
- the chunking context (unknown) does not support external modules (request: node:module)

Debug info:
- An error occurred while generating the chunk item [project]/node_modules/@prisma/client/runtime/client.mjs [app-client] (ecmascript) <locals>
- Execution of <EcmascriptModuleLocalsModule as EcmascriptChunkPlaceable>::chunk_item_content failed
- Execution of *EcmascriptChunkItemContent::new failed
- Execution of EcmascriptModuleContent::new failed
- the chunking context (unknown) does not support external modules (request: node:module)

Import trace:
  Client Component Browser:
    ./node_modules/@prisma/client/runtime/client.mjs [Client Component Browser]
    ./app/generated/prisma/internal/prismaNamespace.ts [Client Component Browser]
    ./app/generated/prisma/client.ts [Client Component Browser]
    ./lib/prisma.ts [Client Component Browser]
    ./lib/cleanup.ts [Client Component Browser]
    ./app/(manager)/settings/page.tsx [Client Component Browser]
    ./app/(manager)/settings/page.tsx [Server Component] @ http://localhost:3000/_next/static/chunks/node_modules_next_dist_0u_w_5s._.js:1945
[   31770ms] [ERROR] ./node_modules/@prisma/client/runtime/client.mjs
Code generation for chunk item errored
An error occurred while generating the chunk item [project]/node_modules/@prisma/client/runtime/client.mjs [app-client] (ecmascript) <locals>

Caused by:
- the chunking context (unknown) does not support external modules (request: node:module)

Debug info:
- An error occurred while generating the chunk item [project]/node_modules/@prisma/client/runtime/client.mjs [app-client] (ecmascript) <locals>
- Execution of <EcmascriptModuleLocalsModule as EcmascriptChunkPlaceable>::chunk_item_content failed
- Execution of *EcmascriptChunkItemContent::new failed
- Execution of EcmascriptModuleContent::new failed
- the chunking context (unknown) does not support external modules (request: node:module)

Import trace:
  Client Component Browser:
    ./node_modules/@prisma/client/runtime/client.mjs [Client Component Browser]
    ./app/generated/prisma/internal/prismaNamespace.ts [Client Component Browser]
    ./app/generated/prisma/client.ts [Client Component Browser]
    ./lib/prisma.ts [Client Component Browser]
    ./lib/cleanup.ts [Client Component Browser]
    ./app/(manager)/settings/page.tsx [Client Component Browser]
    ./app/(manager)/settings/page.tsx [Server Component] @ http://localhost:3000/_next/static/chunks/node_modules_next_dist_0u_w_5s._.js:1945
[   31825ms] [ERROR] ./node_modules/@prisma/client/runtime/client.mjs
Code generation for chunk item errored
An error occurred while generating the chunk item [project]/node_modules/@prisma/client/runtime/client.mjs [app-client] (ecmascript) <locals>

Caused by:
- the chunking context (unknown) does not support external modules (request: node:module)

Debug info:
- An error occurred while generating the chunk item [project]/node_modules/@prisma/client/runtime/client.mjs [app-client] (ecmascript) <locals>
- Execution of <EcmascriptModuleLocalsModule as EcmascriptChunkPlaceable>::chunk_item_content failed
- Execution of *EcmascriptChunkItemContent::new failed
- Execution of EcmascriptModuleContent::new failed
- the chunking context (unknown) does not support external modules (request: node:module)

Import trace:
  Client Component Browser:
    ./node_modules/@prisma/client/runtime/client.mjs [Client Component Browser]
    ./app/generated/prisma/internal/prismaNamespace.ts [Client Component Browser]
    ./app/generated/prisma/client.ts [Client Component Browser]
    ./lib/prisma.ts [Client Component Browser]
    ./lib/cleanup.ts [Client Component Browser]
    ./app/(manager)/settings/page.tsx [Client Component Browser]
    ./app/(manager)/settings/page.tsx [Server Component] @ http://localhost:3000/_next/static/chunks/node_modules_next_dist_0u_w_5s._.js:1945
[   31879ms] [ERROR] ./node_modules/@prisma/client/runtime/client.mjs
Code generation for chunk item errored
An error occurred while generating the chunk item [project]/node_modules/@prisma/client/runtime/client.mjs [app-client] (ecmascript) <locals>

Caused by:
- the chunking context (unknown) does not support external modules (request: node:module)

Debug info:
- An error occurred while generating the chunk item [project]/node_modules/@prisma/client/runtime/client.mjs [app-client] (ecmascript) <locals>
- Execution of <EcmascriptModuleLocalsModule as EcmascriptChunkPlaceable>::chunk_item_content failed
- Execution of *EcmascriptChunkItemContent::new failed
- Execution of EcmascriptModuleContent::new failed
- the chunking context (unknown) does not support external modules (request: node:module)

Import trace:
  Client Component Browser:
    ./node_modules/@prisma/client/runtime/client.mjs [Client Component Browser]
    ./app/generated/prisma/internal/prismaNamespace.ts [Client Component Browser]
    ./app/generated/prisma/client.ts [Client Component Browser]
    ./lib/prisma.ts [Client Component Browser]
    ./lib/cleanup.ts [Client Component Browser]
    ./app/(manager)/settings/page.tsx [Client Component Browser]
    ./app/(manager)/settings/page.tsx [Server Component] @ http://localhost:3000/_next/static/chunks/node_modules_next_dist_0u_w_5s._.js:1945
[   31936ms] [ERROR] ./node_modules/@prisma/client/runtime/client.mjs
Code generation for chunk item errored
An error occurred while generating the chunk item [project]/node_modules/@prisma/client/runtime/client.mjs [app-client] (ecmascript) <locals>

Caused by:
- the chunking context (unknown) does not support external modules (request: node:module)

Debug info:
- An error occurred while generating the chunk item [project]/node_modules/@prisma/client/runtime/client.mjs [app-client] (ecmascript) <locals>
- Execution of <EcmascriptModuleLocalsModule as EcmascriptChunkPlaceable>::chunk_item_content failed
- Execution of *EcmascriptChunkItemContent::new failed
- Execution of EcmascriptModuleContent::new failed
- the chunking context (unknown) does not support external modules (request: node:module)

Import trace:
  Client Component Browser:
    ./node_modules/@prisma/client/runtime/client.mjs [Client Component Browser]
    ./app/generated/prisma/internal/prismaNamespace.ts [Client Component Browser]
    ./app/generated/prisma/client.ts [Client Component Browser]
    ./lib/prisma.ts [Client Component Browser]
    ./lib/cleanup.ts [Client Component Browser]
    ./app/(manager)/settings/page.tsx [Client Component Browser]
    ./app/(manager)/settings/page.tsx [Server Component] @ http://localhost:3000/_next/static/chunks/node_modules_next_dist_0u_w_5s._.js:1945
[   31990ms] [ERROR] ./node_modules/@prisma/client/runtime/client.mjs
Code generation for chunk item errored
An error occurred while generating the chunk item [project]/node_modules/@prisma/client/runtime/client.mjs [app-client] (ecmascript) <locals>

Caused by:
- the chunking context (unknown) does not support external modules (request: node:module)

Debug info:
- An error occurred while generating the chunk item [project]/node_modules/@prisma/client/runtime/client.mjs [app-client] (ecmascript) <locals>
- Execution of <EcmascriptModuleLocalsModule as EcmascriptChunkPlaceable>::chunk_item_content failed
- Execution of *EcmascriptChunkItemContent::new failed
- Execution of EcmascriptModuleContent::new failed
- the chunking context (unknown) does not support external modules (request: node:module)

Import trace:
  Client Component Browser:
    ./node_modules/@prisma/client/runtime/client.mjs [Client Component Browser]
    ./app/generated/prisma/internal/prismaNamespace.ts [Client Component Browser]
    ./app/generated/prisma/client.ts [Client Component Browser]
    ./lib/prisma.ts [Client Component Browser]
    ./lib/cleanup.ts [Client Component Browser]
    ./app/(manager)/settings/page.tsx [Client Component Browser]
    ./app/(manager)/settings/page.tsx [Server Component] @ http://localhost:3000/_next/static/chunks/node_modules_next_dist_0u_w_5s._.js:1945
[   32041ms] [ERROR] ./node_modules/@prisma/client/runtime/client.mjs
Code generation for chunk item errored
An error occurred while generating the chunk item [project]/node_modules/@prisma/client/runtime/client.mjs [app-client] (ecmascript) <locals>

Caused by:
- the chunking context (unknown) does not support external modules (request: node:module)

Debug info:
- An error occurred while generating the chunk item [project]/node_modules/@prisma/client/runtime/client.mjs [app-client] (ecmascript) <locals>
- Execution of <EcmascriptModuleLocalsModule as EcmascriptChunkPlaceable>::chunk_item_content failed
- Execution of *EcmascriptChunkItemContent::new failed
- Execution of EcmascriptModuleContent::new failed
- the chunking context (unknown) does not support external modules (request: node:module)

Import trace:
  Client Component Browser:
    ./node_modules/@prisma/client/runtime/client.mjs [Client Component Browser]
    ./app/generated/prisma/internal/prismaNamespace.ts [Client Component Browser]
    ./app/generated/prisma/client.ts [Client Component Browser]
    ./lib/prisma.ts [Client Component Browser]
    ./lib/cleanup.ts [Client Component Browser]
    ./app/(manager)/settings/page.tsx [Client Component Browser]
    ./app/(manager)/settings/page.tsx [Server Component] @ http://localhost:3000/_next/static/chunks/node_modules_next_dist_0u_w_5s._.js:1945
[   32094ms] [ERROR] ./node_modules/@prisma/client/runtime/client.mjs
Code generation for chunk item errored
An error occurred while generating the chunk item [project]/node_modules/@prisma/client/runtime/client.mjs [app-client] (ecmascript) <locals>

Caused by:
- the chunking context (unknown) does not support external modules (request: node:module)

Debug info:
- An error occurred while generating the chunk item [project]/node_modules/@prisma/client/runtime/client.mjs [app-client] (ecmascript) <locals>
- Execution of <EcmascriptModuleLocalsModule as EcmascriptChunkPlaceable>::chunk_item_content failed
- Execution of *EcmascriptChunkItemContent::new failed
- Execution of EcmascriptModuleContent::new failed
- the chunking context (unknown) does not support external modules (request: node:module)

Import trace:
  Client Component Browser:
    ./node_modules/@prisma/client/runtime/client.mjs [Client Component Browser]
    ./app/generated/prisma/internal/prismaNamespace.ts [Client Component Browser]
    ./app/generated/prisma/client.ts [Client Component Browser]
    ./lib/prisma.ts [Client Component Browser]
    ./lib/cleanup.ts [Client Component Browser]
    ./app/(manager)/settings/page.tsx [Client Component Browser]
    ./app/(manager)/settings/page.tsx [Server Component] @ http://localhost:3000/_next/static/chunks/node_modules_next_dist_0u_w_5s._.js:1945
[   32150ms] [ERROR] ./node_modules/@prisma/client/runtime/client.mjs
Code generation for chunk item errored
An error occurred while generating the chunk item [project]/node_modules/@prisma/client/runtime/client.mjs [app-client] (ecmascript) <locals>

Caused by:
- the chunking context (unknown) does not support external modules (request: node:module)

Debug info:
- An error occurred while generating the chunk item [project]/node_modules/@prisma/client/runtime/client.mjs [app-client] (ecmascript) <locals>
- Execution of <EcmascriptModuleLocalsModule as EcmascriptChunkPlaceable>::chunk_item_content failed
- Execution of *EcmascriptChunkItemContent::new failed
- Execution of EcmascriptModuleContent::new failed
- the chunking context (unknown) does not support external modules (request: node:module)

Import trace:
  Client Component Browser:
    ./node_modules/@prisma/client/runtime/client.mjs [Client Component Browser]
    ./app/generated/prisma/internal/prismaNamespace.ts [Client Component Browser]
    ./app/generated/prisma/client.ts [Client Component Browser]
    ./lib/prisma.ts [Client Component Browser]
    ./lib/cleanup.ts [Client Component Browser]
    ./app/(manager)/settings/page.tsx [Client Component Browser]
    ./app/(manager)/settings/page.tsx [Server Component] @ http://localhost:3000/_next/static/chunks/node_modules_next_dist_0u_w_5s._.js:1945
[   32207ms] [ERROR] ./node_modules/@prisma/client/runtime/client.mjs
Code generation for chunk item errored
An error occurred while generating the chunk item [project]/node_modules/@prisma/client/runtime/client.mjs [app-client] (ecmascript) <locals>

Caused by:
- the chunking context (unknown) does not support external modules (request: node:module)

Debug info:
- An error occurred while generating the chunk item [project]/node_modules/@prisma/client/runtime/client.mjs [app-client] (ecmascript) <locals>
- Execution of <EcmascriptModuleLocalsModule as EcmascriptChunkPlaceable>::chunk_item_content failed
- Execution of *EcmascriptChunkItemContent::new failed
- Execution of EcmascriptModuleContent::new failed
- the chunking context (unknown) does not support external modules (request: node:module)

Import trace:
  Client Component Browser:
    ./node_modules/@prisma/client/runtime/client.mjs [Client Component Browser]
    ./app/generated/prisma/internal/prismaNamespace.ts [Client Component Browser]
    ./app/generated/prisma/client.ts [Client Component Browser]
    ./lib/prisma.ts [Client Component Browser]
    ./lib/cleanup.ts [Client Component Browser]
    ./app/(manager)/settings/page.tsx [Client Component Browser]
    ./app/(manager)/settings/page.tsx [Server Component] @ http://localhost:3000/_next/static/chunks/node_modules_next_dist_0u_w_5s._.js:1945
[   32265ms] [ERROR] ./node_modules/@prisma/client/runtime/client.mjs
Code generation for chunk item errored
An error occurred while generating the chunk item [project]/node_modules/@prisma/client/runtime/client.mjs [app-client] (ecmascript) <locals>

Caused by:
- the chunking context (unknown) does not support external modules (request: node:module)

Debug info:
- An error occurred while generating the chunk item [project]/node_modules/@prisma/client/runtime/client.mjs [app-client] (ecmascript) <locals>
- Execution of <EcmascriptModuleLocalsModule as EcmascriptChunkPlaceable>::chunk_item_content failed
- Execution of *EcmascriptChunkItemContent::new failed
- Execution of EcmascriptModuleContent::new failed
- the chunking context (unknown) does not support external modules (request: node:module)

Import trace:
  Client Component Browser:
    ./node_modules/@prisma/client/runtime/client.mjs [Client Component Browser]
    ./app/generated/prisma/internal/prismaNamespace.ts [Client Component Browser]
    ./app/generated/prisma/client.ts [Client Component Browser]
    ./lib/prisma.ts [Client Component Browser]
    ./lib/cleanup.ts [Client Component Browser]
    ./app/(manager)/settings/page.tsx [Client Component Browser]
    ./app/(manager)/settings/page.tsx [Server Component] @ http://localhost:3000/_next/static/chunks/node_modules_next_dist_0u_w_5s._.js:1945
[   32319ms] [ERROR] ./node_modules/@prisma/client/runtime/client.mjs
Code generation for chunk item errored
An error occurred while generating the chunk item [project]/node_modules/@prisma/client/runtime/client.mjs [app-client] (ecmascript) <locals>

Caused by:
- the chunking context (unknown) does not support external modules (request: node:module)

Debug info:
- An error occurred while generating the chunk item [project]/node_modules/@prisma/client/runtime/client.mjs [app-client] (ecmascript) <locals>
- Execution of <EcmascriptModuleLocalsModule as EcmascriptChunkPlaceable>::chunk_item_content failed
- Execution of *EcmascriptChunkItemContent::new failed
- Execution of EcmascriptModuleContent::new failed
- the chunking context (unknown) does not support external modules (request: node:module)

Import trace:
  Client Component Browser:
    ./node_modules/@prisma/client/runtime/client.mjs [Client Component Browser]
    ./app/generated/prisma/internal/prismaNamespace.ts [Client Component Browser]
    ./app/generated/prisma/client.ts [Client Component Browser]
    ./lib/prisma.ts [Client Component Browser]
    ./lib/cleanup.ts [Client Component Browser]
    ./app/(manager)/settings/page.tsx [Client Component Browser]
    ./app/(manager)/settings/page.tsx [Server Component] @ http://localhost:3000/_next/static/chunks/node_modules_next_dist_0u_w_5s._.js:1945
[   32373ms] [ERROR] ./node_modules/@prisma/client/runtime/client.mjs
Code generation for chunk item errored
An error occurred while generating the chunk item [project]/node_modules/@prisma/client/runtime/client.mjs [app-client] (ecmascript) <locals>

Caused by:
- the chunking context (unknown) does not support external modules (request: node:module)

Debug info:
- An error occurred while generating the chunk item [project]/node_modules/@prisma/client/runtime/client.mjs [app-client] (ecmascript) <locals>
- Execution of <EcmascriptModuleLocalsModule as EcmascriptChunkPlaceable>::chunk_item_content failed
- Execution of *EcmascriptChunkItemContent::new failed
- Execution of EcmascriptModuleContent::new failed
- the chunking context (unknown) does not support external modules (request: node:module)

Import trace:
  Client Component Browser:
    ./node_modules/@prisma/client/runtime/client.mjs [Client Component Browser]
    ./app/generated/prisma/internal/prismaNamespace.ts [Client Component Browser]
    ./app/generated/prisma/client.ts [Client Component Browser]
    ./lib/prisma.ts [Client Component Browser]
    ./lib/cleanup.ts [Client Component Browser]
    ./app/(manager)/settings/page.tsx [Client Component Browser]
    ./app/(manager)/settings/page.tsx [Server Component] @ http://localhost:3000/_next/static/chunks/node_modules_next_dist_0u_w_5s._.js:1945
[   32427ms] [ERROR] ./node_modules/@prisma/client/runtime/client.mjs
Code generation for chunk item errored
An error occurred while generating the chunk item [project]/node_modules/@prisma/client/runtime/client.mjs [app-client] (ecmascript) <locals>

Caused by:
- the chunking context (unknown) does not support external modules (request: node:module)

Debug info:
- An error occurred while generating the chunk item [project]/node_modules/@prisma/client/runtime/client.mjs [app-client] (ecmascript) <locals>
- Execution of <EcmascriptModuleLocalsModule as EcmascriptChunkPlaceable>::chunk_item_content failed
- Execution of *EcmascriptChunkItemContent::new failed
- Execution of EcmascriptModuleContent::new failed
- the chunking context (unknown) does not support external modules (request: node:module)

Import trace:
  Client Component Browser:
    ./node_modules/@prisma/client/runtime/client.mjs [Client Component Browser]
    ./app/generated/prisma/internal/prismaNamespace.ts [Client Component Browser]
    ./app/generated/prisma/client.ts [Client Component Browser]
    ./lib/prisma.ts [Client Component Browser]
    ./lib/cleanup.ts [Client Component Browser]
    ./app/(manager)/settings/page.tsx [Client Component Browser]
    ./app/(manager)/settings/page.tsx [Server Component] @ http://localhost:3000/_next/static/chunks/node_modules_next_dist_0u_w_5s._.js:1945
[   32484ms] [ERROR] ./node_modules/@prisma/client/runtime/client.mjs
Code generation for chunk item errored
An error occurred while generating the chunk item [project]/node_modules/@prisma/client/runtime/client.mjs [app-client] (ecmascript) <locals>

Caused by:
- the chunking context (unknown) does not support external modules (request: node:module)

Debug info:
- An error occurred while generating the chunk item [project]/node_modules/@prisma/client/runtime/client.mjs [app-client] (ecmascript) <locals>
- Execution of <EcmascriptModuleLocalsModule as EcmascriptChunkPlaceable>::chunk_item_content failed
- Execution of *EcmascriptChunkItemContent::new failed
- Execution of EcmascriptModuleContent::new failed
- the chunking context (unknown) does not support external modules (request: node:module)

Import trace:
  Client Component Browser:
    ./node_modules/@prisma/client/runtime/client.mjs [Client Component Browser]
    ./app/generated/prisma/internal/prismaNamespace.ts [Client Component Browser]
    ./app/generated/prisma/client.ts [Client Component Browser]
    ./lib/prisma.ts [Client Component Browser]
    ./lib/cleanup.ts [Client Component Browser]
    ./app/(manager)/settings/page.tsx [Client Component Browser]
    ./app/(manager)/settings/page.tsx [Server Component] @ http://localhost:3000/_next/static/chunks/node_modules_next_dist_0u_w_5s._.js:1945
[   32540ms] [ERROR] ./node_modules/@prisma/client/runtime/client.mjs
Code generation for chunk item errored
An error occurred while generating the chunk item [project]/node_modules/@prisma/client/runtime/client.mjs [app-client] (ecmascript) <locals>

Caused by:
- the chunking context (unknown) does not support external modules (request: node:module)

Debug info:
- An error occurred while generating the chunk item [project]/node_modules/@prisma/client/runtime/client.mjs [app-client] (ecmascript) <locals>
- Execution of <EcmascriptModuleLocalsModule as EcmascriptChunkPlaceable>::chunk_item_content failed
- Execution of *EcmascriptChunkItemContent::new failed
- Execution of EcmascriptModuleContent::new failed
- the chunking context (unknown) does not support external modules (request: node:module)

Import trace:
  Client Component Browser:
    ./node_modules/@prisma/client/runtime/client.mjs [Client Component Browser]
    ./app/generated/prisma/internal/prismaNamespace.ts [Client Component Browser]
    ./app/generated/prisma/client.ts [Client Component Browser]
    ./lib/prisma.ts [Client Component Browser]
    ./lib/cleanup.ts [Client Component Browser]
    ./app/(manager)/settings/page.tsx [Client Component Browser]
    ./app/(manager)/settings/page.tsx [Server Component] @ http://localhost:3000/_next/static/chunks/node_modules_next_dist_0u_w_5s._.js:1945
[   32596ms] [ERROR] ./node_modules/@prisma/client/runtime/client.mjs
Code generation for chunk item errored
An error occurred while generating the chunk item [project]/node_modules/@prisma/client/runtime/client.mjs [app-client] (ecmascript) <locals>

Caused by:
- the chunking context (unknown) does not support external modules (request: node:module)

Debug info:
- An error occurred while generating the chunk item [project]/node_modules/@prisma/client/runtime/client.mjs [app-client] (ecmascript) <locals>
- Execution of <EcmascriptModuleLocalsModule as EcmascriptChunkPlaceable>::chunk_item_content failed
- Execution of *EcmascriptChunkItemContent::new failed
- Execution of EcmascriptModuleContent::new failed
- the chunking context (unknown) does not support external modules (request: node:module)

Import trace:
  Client Component Browser:
    ./node_modules/@prisma/client/runtime/client.mjs [Client Component Browser]
    ./app/generated/prisma/internal/prismaNamespace.ts [Client Component Browser]
    ./app/generated/prisma/client.ts [Client Component Browser]
    ./lib/prisma.ts [Client Component Browser]
    ./lib/cleanup.ts [Client Component Browser]
    ./app/(manager)/settings/page.tsx [Client Component Browser]
    ./app/(manager)/settings/page.tsx [Server Component] @ http://localhost:3000/_next/static/chunks/node_modules_next_dist_0u_w_5s._.js:1945
[   32646ms] [ERROR] ./node_modules/@prisma/client/runtime/client.mjs
Code generation for chunk item errored
An error occurred while generating the chunk item [project]/node_modules/@prisma/client/runtime/client.mjs [app-client] (ecmascript) <locals>

Caused by:
- the chunking context (unknown) does not support external modules (request: node:module)

Debug info:
- An error occurred while generating the chunk item [project]/node_modules/@prisma/client/runtime/client.mjs [app-client] (ecmascript) <locals>
- Execution of <EcmascriptModuleLocalsModule as EcmascriptChunkPlaceable>::chunk_item_content failed
- Execution of *EcmascriptChunkItemContent::new failed
- Execution of EcmascriptModuleContent::new failed
- the chunking context (unknown) does not support external modules (request: node:module)

Import trace:
  Client Component Browser:
    ./node_modules/@prisma/client/runtime/client.mjs [Client Component Browser]
    ./app/generated/prisma/internal/prismaNamespace.ts [Client Component Browser]
    ./app/generated/prisma/client.ts [Client Component Browser]
    ./lib/prisma.ts [Client Component Browser]
    ./lib/cleanup.ts [Client Component Browser]
    ./app/(manager)/settings/page.tsx [Client Component Browser]
    ./app/(manager)/settings/page.tsx [Server Component] @ http://localhost:3000/_next/static/chunks/node_modules_next_dist_0u_w_5s._.js:1945
[   32698ms] [ERROR] ./node_modules/@prisma/client/runtime/client.mjs
Code generation for chunk item errored
An error occurred while generating the chunk item [project]/node_modules/@prisma/client/runtime/client.mjs [app-client] (ecmascript) <locals>

Caused by:
- the chunking context (unknown) does not support external modules (request: node:module)

Debug info:
- An error occurred while generating the chunk item [project]/node_modules/@prisma/client/runtime/client.mjs [app-client] (ecmascript) <locals>
- Execution of <EcmascriptModuleLocalsModule as EcmascriptChunkPlaceable>::chunk_item_content failed
- Execution of *EcmascriptChunkItemContent::new failed
- Execution of EcmascriptModuleContent::new failed
- the chunking context (unknown) does not support external modules (request: node:module)

Import trace:
  Client Component Browser:
    ./node_modules/@prisma/client/runtime/client.mjs [Client Component Browser]
    ./app/generated/prisma/internal/prismaNamespace.ts [Client Component Browser]
    ./app/generated/prisma/client.ts [Client Component Browser]
    ./lib/prisma.ts [Client Component Browser]
    ./lib/cleanup.ts [Client Component Browser]
    ./app/(manager)/settings/page.tsx [Client Component Browser]
    ./app/(manager)/settings/page.tsx [Server Component] @ http://localhost:3000/_next/static/chunks/node_modules_next_dist_0u_w_5s._.js:1945
[   32752ms] [ERROR] ./node_modules/@prisma/client/runtime/client.mjs
Code generation for chunk item errored
An error occurred while generating the chunk item [project]/node_modules/@prisma/client/runtime/client.mjs [app-client] (ecmascript) <locals>

Caused by:
- the chunking context (unknown) does not support external modules (request: node:module)

Debug info:
- An error occurred while generating the chunk item [project]/node_modules/@prisma/client/runtime/client.mjs [app-client] (ecmascript) <locals>
- Execution of <EcmascriptModuleLocalsModule as EcmascriptChunkPlaceable>::chunk_item_content failed
- Execution of *EcmascriptChunkItemContent::new failed
- Execution of EcmascriptModuleContent::new failed
- the chunking context (unknown) does not support external modules (request: node:module)

Import trace:
  Client Component Browser:
    ./node_modules/@prisma/client/runtime/client.mjs [Client Component Browser]
    ./app/generated/prisma/internal/prismaNamespace.ts [Client Component Browser]
    ./app/generated/prisma/client.ts [Client Component Browser]
    ./lib/prisma.ts [Client Component Browser]
    ./lib/cleanup.ts [Client Component Browser]
    ./app/(manager)/settings/page.tsx [Client Component Browser]
    ./app/(manager)/settings/page.tsx [Server Component] @ http://localhost:3000/_next/static/chunks/node_modules_next_dist_0u_w_5s._.js:1945
[   32807ms] [ERROR] ./node_modules/@prisma/client/runtime/client.mjs
Code generation for chunk item errored
An error occurred while generating the chunk item [project]/node_modules/@prisma/client/runtime/client.mjs [app-client] (ecmascript) <locals>

Caused by:
- the chunking context (unknown) does not support external modules (request: node:module)

Debug info:
- An error occurred while generating the chunk item [project]/node_modules/@prisma/client/runtime/client.mjs [app-client] (ecmascript) <locals>
- Execution of <EcmascriptModuleLocalsModule as EcmascriptChunkPlaceable>::chunk_item_content failed
- Execution of *EcmascriptChunkItemContent::new failed
- Execution of EcmascriptModuleContent::new failed
- the chunking context (unknown) does not support external modules (request: node:module)

Import trace:
  Client Component Browser:
    ./node_modules/@prisma/client/runtime/client.mjs [Client Component Browser]
    ./app/generated/prisma/internal/prismaNamespace.ts [Client Component Browser]
    ./app/generated/prisma/client.ts [Client Component Browser]
    ./lib/prisma.ts [Client Component Browser]
    ./lib/cleanup.ts [Client Component Browser]
    ./app/(manager)/settings/page.tsx [Client Component Browser]
    ./app/(manager)/settings/page.tsx [Server Component] @ http://localhost:3000/_next/static/chunks/node_modules_next_dist_0u_w_5s._.js:1945
[   32863ms] [ERROR] ./node_modules/@prisma/client/runtime/client.mjs
Code generation for chunk item errored
An error occurred while generating the chunk item [project]/node_modules/@prisma/client/runtime/client.mjs [app-client] (ecmascript) <locals>

Caused by:
- the chunking context (unknown) does not support external modules (request: node:module)

Debug info:
- An error occurred while generating the chunk item [project]/node_modules/@prisma/client/runtime/client.mjs [app-client] (ecmascript) <locals>
- Execution of <EcmascriptModuleLocalsModule as EcmascriptChunkPlaceable>::chunk_item_content failed
- Execution of *EcmascriptChunkItemContent::new failed
- Execution of EcmascriptModuleContent::new failed
- the chunking context (unknown) does not support external modules (request: node:module)

Import trace:
  Client Component Browser:
    ./node_modules/@prisma/client/runtime/client.mjs [Client Component Browser]
    ./app/generated/prisma/internal/prismaNamespace.ts [Client Component Browser]
    ./app/generated/prisma/client.ts [Client Component Browser]
    ./lib/prisma.ts [Client Component Browser]
    ./lib/cleanup.ts [Client Component Browser]
    ./app/(manager)/settings/page.tsx [Client Component Browser]
    ./app/(manager)/settings/page.tsx [Server Component] @ http://localhost:3000/_next/static/chunks/node_modules_next_dist_0u_w_5s._.js:1945
[   32919ms] [ERROR] ./node_modules/@prisma/client/runtime/client.mjs
Code generation for chunk item errored
An error occurred while generating the chunk item [project]/node_modules/@prisma/client/runtime/client.mjs [app-client] (ecmascript) <locals>

Caused by:
- the chunking context (unknown) does not support external modules (request: node:module)

Debug info:
- An error occurred while generating the chunk item [project]/node_modules/@prisma/client/runtime/client.mjs [app-client] (ecmascript) <locals>
- Execution of <EcmascriptModuleLocalsModule as EcmascriptChunkPlaceable>::chunk_item_content failed
- Execution of *EcmascriptChunkItemContent::new failed
- Execution of EcmascriptModuleContent::new failed
- the chunking context (unknown) does not support external modules (request: node:module)

Import trace:
  Client Component Browser:
    ./node_modules/@prisma/client/runtime/client.mjs [Client Component Browser]
    ./app/generated/prisma/internal/prismaNamespace.ts [Client Component Browser]
    ./app/generated/prisma/client.ts [Client Component Browser]
    ./lib/prisma.ts [Client Component Browser]
    ./lib/cleanup.ts [Client Component Browser]
    ./app/(manager)/settings/page.tsx [Client Component Browser]
    ./app/(manager)/settings/page.tsx [Server Component] @ http://localhost:3000/_next/static/chunks/node_modules_next_dist_0u_w_5s._.js:1945
[   32973ms] [ERROR] ./node_modules/@prisma/client/runtime/client.mjs
Code generation for chunk item errored
An error occurred while generating the chunk item [project]/node_modules/@prisma/client/runtime/client.mjs [app-client] (ecmascript) <locals>

Caused by:
- the chunking context (unknown) does not support external modules (request: node:module)

Debug info:
- An error occurred while generating the chunk item [project]/node_modules/@prisma/client/runtime/client.mjs [app-client] (ecmascript) <locals>
- Execution of <EcmascriptModuleLocalsModule as EcmascriptChunkPlaceable>::chunk_item_content failed
- Execution of *EcmascriptChunkItemContent::new failed
- Execution of EcmascriptModuleContent::new failed
- the chunking context (unknown) does not support external modules (request: node:module)

Import trace:
  Client Component Browser:
    ./node_modules/@prisma/client/runtime/client.mjs [Client Component Browser]
    ./app/generated/prisma/internal/prismaNamespace.ts [Client Component Browser]
    ./app/generated/prisma/client.ts [Client Component Browser]
    ./lib/prisma.ts [Client Component Browser]
    ./lib/cleanup.ts [Client Component Browser]
    ./app/(manager)/settings/page.tsx [Client Component Browser]
    ./app/(manager)/settings/page.tsx [Server Component] @ http://localhost:3000/_next/static/chunks/node_modules_next_dist_0u_w_5s._.js:1945
[   33028ms] [ERROR] ./node_modules/@prisma/client/runtime/client.mjs
Code generation for chunk item errored
An error occurred while generating the chunk item [project]/node_modules/@prisma/client/runtime/client.mjs [app-client] (ecmascript) <locals>

Caused by:
- the chunking context (unknown) does not support external modules (request: node:module)

Debug info:
- An error occurred while generating the chunk item [project]/node_modules/@prisma/client/runtime/client.mjs [app-client] (ecmascript) <locals>
- Execution of <EcmascriptModuleLocalsModule as EcmascriptChunkPlaceable>::chunk_item_content failed
- Execution of *EcmascriptChunkItemContent::new failed
- Execution of EcmascriptModuleContent::new failed
- the chunking context (unknown) does not support external modules (request: node:module)

Import trace:
  Client Component Browser:
    ./node_modules/@prisma/client/runtime/client.mjs [Client Component Browser]
    ./app/generated/prisma/internal/prismaNamespace.ts [Client Component Browser]
    ./app/generated/prisma/client.ts [Client Component Browser]
    ./lib/prisma.ts [Client Component Browser]
    ./lib/cleanup.ts [Client Component Browser]
    ./app/(manager)/settings/page.tsx [Client Component Browser]
    ./app/(manager)/settings/page.tsx [Server Component] @ http://localhost:3000/_next/static/chunks/node_modules_next_dist_0u_w_5s._.js:1945
[   33082ms] [ERROR] ./node_modules/@prisma/client/runtime/client.mjs
Code generation for chunk item errored
An error occurred while generating the chunk item [project]/node_modules/@prisma/client/runtime/client.mjs [app-client] (ecmascript) <locals>

Caused by:
- the chunking context (unknown) does not support external modules (request: node:module)

Debug info:
- An error occurred while generating the chunk item [project]/node_modules/@prisma/client/runtime/client.mjs [app-client] (ecmascript) <locals>
- Execution of <EcmascriptModuleLocalsModule as EcmascriptChunkPlaceable>::chunk_item_content failed
- Execution of *EcmascriptChunkItemContent::new failed
- Execution of EcmascriptModuleContent::new failed
- the chunking context (unknown) does not support external modules (request: node:module)

Import trace:
  Client Component Browser:
    ./node_modules/@prisma/client/runtime/client.mjs [Client Component Browser]
    ./app/generated/prisma/internal/prismaNamespace.ts [Client Component Browser]
    ./app/generated/prisma/client.ts [Client Component Browser]
    ./lib/prisma.ts [Client Component Browser]
    ./lib/cleanup.ts [Client Component Browser]
    ./app/(manager)/settings/page.tsx [Client Component Browser]
    ./app/(manager)/settings/page.tsx [Server Component] @ http://localhost:3000/_next/static/chunks/node_modules_next_dist_0u_w_5s._.js:1945
[   33136ms] [ERROR] ./node_modules/@prisma/client/runtime/client.mjs
Code generation for chunk item errored
An error occurred while generating the chunk item [project]/node_modules/@prisma/client/runtime/client.mjs [app-client] (ecmascript) <locals>

Caused by:
- the chunking context (unknown) does not support external modules (request: node:module)

Debug info:
- An error occurred while generating the chunk item [project]/node_modules/@prisma/client/runtime/client.mjs [app-client] (ecmascript) <locals>
- Execution of <EcmascriptModuleLocalsModule as EcmascriptChunkPlaceable>::chunk_item_content failed
- Execution of *EcmascriptChunkItemContent::new failed
- Execution of EcmascriptModuleContent::new failed
- the chunking context (unknown) does not support external modules (request: node:module)

Import trace:
  Client Component Browser:
    ./node_modules/@prisma/client/runtime/client.mjs [Client Component Browser]
    ./app/generated/prisma/internal/prismaNamespace.ts [Client Component Browser]
    ./app/generated/prisma/client.ts [Client Component Browser]
    ./lib/prisma.ts [Client Component Browser]
    ./lib/cleanup.ts [Client Component Browser]
    ./app/(manager)/settings/page.tsx [Client Component Browser]
    ./app/(manager)/settings/page.tsx [Server Component] @ http://localhost:3000/_next/static/chunks/node_modules_next_dist_0u_w_5s._.js:1945
[   33197ms] [ERROR] ./node_modules/@prisma/client/runtime/client.mjs
Code generation for chunk item errored
An error occurred while generating the chunk item [project]/node_modules/@prisma/client/runtime/client.mjs [app-client] (ecmascript) <locals>

Caused by:
- the chunking context (unknown) does not support external modules (request: node:module)

Debug info:
- An error occurred while generating the chunk item [project]/node_modules/@prisma/client/runtime/client.mjs [app-client] (ecmascript) <locals>
- Execution of <EcmascriptModuleLocalsModule as EcmascriptChunkPlaceable>::chunk_item_content failed
- Execution of *EcmascriptChunkItemContent::new failed
- Execution of EcmascriptModuleContent::new failed
- the chunking context (unknown) does not support external modules (request: node:module)

Import trace:
  Client Component Browser:
    ./node_modules/@prisma/client/runtime/client.mjs [Client Component Browser]
    ./app/generated/prisma/internal/prismaNamespace.ts [Client Component Browser]
    ./app/generated/prisma/client.ts [Client Component Browser]
    ./lib/prisma.ts [Client Component Browser]
    ./lib/cleanup.ts [Client Component Browser]
    ./app/(manager)/settings/page.tsx [Client Component Browser]
    ./app/(manager)/settings/page.tsx [Server Component] @ http://localhost:3000/_next/static/chunks/node_modules_next_dist_0u_w_5s._.js:1945
[   33251ms] [ERROR] ./node_modules/@prisma/client/runtime/client.mjs
Code generation for chunk item errored
An error occurred while generating the chunk item [project]/node_modules/@prisma/client/runtime/client.mjs [app-client] (ecmascript) <locals>

Caused by:
- the chunking context (unknown) does not support external modules (request: node:module)

Debug info:
- An error occurred while generating the chunk item [project]/node_modules/@prisma/client/runtime/client.mjs [app-client] (ecmascript) <locals>
- Execution of <EcmascriptModuleLocalsModule as EcmascriptChunkPlaceable>::chunk_item_content failed
- Execution of *EcmascriptChunkItemContent::new failed
- Execution of EcmascriptModuleContent::new failed
- the chunking context (unknown) does not support external modules (request: node:module)

Import trace:
  Client Component Browser:
    ./node_modules/@prisma/client/runtime/client.mjs [Client Component Browser]
    ./app/generated/prisma/internal/prismaNamespace.ts [Client Component Browser]
    ./app/generated/prisma/client.ts [Client Component Browser]
    ./lib/prisma.ts [Client Component Browser]
    ./lib/cleanup.ts [Client Component Browser]
    ./app/(manager)/settings/page.tsx [Client Component Browser]
    ./app/(manager)/settings/page.tsx [Server Component] @ http://localhost:3000/_next/static/chunks/node_modules_next_dist_0u_w_5s._.js:1945
[   33298ms] [ERROR] ./node_modules/@prisma/client/runtime/client.mjs
Code generation for chunk item errored
An error occurred while generating the chunk item [project]/node_modules/@prisma/client/runtime/client.mjs [app-client] (ecmascript) <locals>

Caused by:
- the chunking context (unknown) does not support external modules (request: node:module)

Debug info:
- An error occurred while generating the chunk item [project]/node_modules/@prisma/client/runtime/client.mjs [app-client] (ecmascript) <locals>
- Execution of <EcmascriptModuleLocalsModule as EcmascriptChunkPlaceable>::chunk_item_content failed
- Execution of *EcmascriptChunkItemContent::new failed
- Execution of EcmascriptModuleContent::new failed
- the chunking context (unknown) does not support external modules (request: node:module)

Import trace:
  Client Component Browser:
    ./node_modules/@prisma/client/runtime/client.mjs [Client Component Browser]
    ./app/generated/prisma/internal/prismaNamespace.ts [Client Component Browser]
    ./app/generated/prisma/client.ts [Client Component Browser]
    ./lib/prisma.ts [Client Component Browser]
    ./lib/cleanup.ts [Client Component Browser]
    ./app/(manager)/settings/page.tsx [Client Component Browser]
    ./app/(manager)/settings/page.tsx [Server Component] @ http://localhost:3000/_next/static/chunks/node_modules_next_dist_0u_w_5s._.js:1945
[   33351ms] [ERROR] ./node_modules/@prisma/client/runtime/client.mjs
Code generation for chunk item errored
An error occurred while generating the chunk item [project]/node_modules/@prisma/client/runtime/client.mjs [app-client] (ecmascript) <locals>

Caused by:
- the chunking context (unknown) does not support external modules (request: node:module)

Debug info:
- An error occurred while generating the chunk item [project]/node_modules/@prisma/client/runtime/client.mjs [app-client] (ecmascript) <locals>
- Execution of <EcmascriptModuleLocalsModule as EcmascriptChunkPlaceable>::chunk_item_content failed
- Execution of *EcmascriptChunkItemContent::new failed
- Execution of EcmascriptModuleContent::new failed
- the chunking context (unknown) does not support external modules (request: node:module)

Import trace:
  Client Component Browser:
    ./node_modules/@prisma/client/runtime/client.mjs [Client Component Browser]
    ./app/generated/prisma/internal/prismaNamespace.ts [Client Component Browser]
    ./app/generated/prisma/client.ts [Client Component Browser]
    ./lib/prisma.ts [Client Component Browser]
    ./lib/cleanup.ts [Client Component Browser]
    ./app/(manager)/settings/page.tsx [Client Component Browser]
    ./app/(manager)/settings/page.tsx [Server Component] @ http://localhost:3000/_next/static/chunks/node_modules_next_dist_0u_w_5s._.js:1945
[   33406ms] [ERROR] ./node_modules/@prisma/client/runtime/client.mjs
Code generation for chunk item errored
An error occurred while generating the chunk item [project]/node_modules/@prisma/client/runtime/client.mjs [app-client] (ecmascript) <locals>

Caused by:
- the chunking context (unknown) does not support external modules (request: node:module)

Debug info:
- An error occurred while generating the chunk item [project]/node_modules/@prisma/client/runtime/client.mjs [app-client] (ecmascript) <locals>
- Execution of <EcmascriptModuleLocalsModule as EcmascriptChunkPlaceable>::chunk_item_content failed
- Execution of *EcmascriptChunkItemContent::new failed
- Execution of EcmascriptModuleContent::new failed
- the chunking context (unknown) does not support external modules (request: node:module)

Import trace:
  Client Component Browser:
    ./node_modules/@prisma/client/runtime/client.mjs [Client Component Browser]
    ./app/generated/prisma/internal/prismaNamespace.ts [Client Component Browser]
    ./app/generated/prisma/client.ts [Client Component Browser]
    ./lib/prisma.ts [Client Component Browser]
    ./lib/cleanup.ts [Client Component Browser]
    ./app/(manager)/settings/page.tsx [Client Component Browser]
    ./app/(manager)/settings/page.tsx [Server Component] @ http://localhost:3000/_next/static/chunks/node_modules_next_dist_0u_w_5s._.js:1945
[   33457ms] [ERROR] ./node_modules/@prisma/client/runtime/client.mjs
Code generation for chunk item errored
An error occurred while generating the chunk item [project]/node_modules/@prisma/client/runtime/client.mjs [app-client] (ecmascript) <locals>

Caused by:
- the chunking context (unknown) does not support external modules (request: node:module)

Debug info:
- An error occurred while generating the chunk item [project]/node_modules/@prisma/client/runtime/client.mjs [app-client] (ecmascript) <locals>
- Execution of <EcmascriptModuleLocalsModule as EcmascriptChunkPlaceable>::chunk_item_content failed
- Execution of *EcmascriptChunkItemContent::new failed
- Execution of EcmascriptModuleContent::new failed
- the chunking context (unknown) does not support external modules (request: node:module)

Import trace:
  Client Component Browser:
    ./node_modules/@prisma/client/runtime/client.mjs [Client Component Browser]
    ./app/generated/prisma/internal/prismaNamespace.ts [Client Component Browser]
    ./app/generated/prisma/client.ts [Client Component Browser]
    ./lib/prisma.ts [Client Component Browser]
    ./lib/cleanup.ts [Client Component Browser]
    ./app/(manager)/settings/page.tsx [Client Component Browser]
    ./app/(manager)/settings/page.tsx [Server Component] @ http://localhost:3000/_next/static/chunks/node_modules_next_dist_0u_w_5s._.js:1945
[   33509ms] [ERROR] ./node_modules/@prisma/client/runtime/client.mjs
Code generation for chunk item errored
An error occurred while generating the chunk item [project]/node_modules/@prisma/client/runtime/client.mjs [app-client] (ecmascript) <locals>

Caused by:
- the chunking context (unknown) does not support external modules (request: node:module)

Debug info:
- An error occurred while generating the chunk item [project]/node_modules/@prisma/client/runtime/client.mjs [app-client] (ecmascript) <locals>
- Execution of <EcmascriptModuleLocalsModule as EcmascriptChunkPlaceable>::chunk_item_content failed
- Execution of *EcmascriptChunkItemContent::new failed
- Execution of EcmascriptModuleContent::new failed
- the chunking context (unknown) does not support external modules (request: node:module)

Import trace:
  Client Component Browser:
    ./node_modules/@prisma/client/runtime/client.mjs [Client Component Browser]
    ./app/generated/prisma/internal/prismaNamespace.ts [Client Component Browser]
    ./app/generated/prisma/client.ts [Client Component Browser]
    ./lib/prisma.ts [Client Component Browser]
    ./lib/cleanup.ts [Client Component Browser]
    ./app/(manager)/settings/page.tsx [Client Component Browser]
    ./app/(manager)/settings/page.tsx [Server Component] @ http://localhost:3000/_next/static/chunks/node_modules_next_dist_0u_w_5s._.js:1945
[   33562ms] [ERROR] ./node_modules/@prisma/client/runtime/client.mjs
Code generation for chunk item errored
An error occurred while generating the chunk item [project]/node_modules/@prisma/client/runtime/client.mjs [app-client] (ecmascript) <locals>

Caused by:
- the chunking context (unknown) does not support external modules (request: node:module)

Debug info:
- An error occurred while generating the chunk item [project]/node_modules/@prisma/client/runtime/client.mjs [app-client] (ecmascript) <locals>
- Execution of <EcmascriptModuleLocalsModule as EcmascriptChunkPlaceable>::chunk_item_content failed
- Execution of *EcmascriptChunkItemContent::new failed
- Execution of EcmascriptModuleContent::new failed
- the chunking context (unknown) does not support external modules (request: node:module)

Import trace:
  Client Component Browser:
    ./node_modules/@prisma/client/runtime/client.mjs [Client Component Browser]
    ./app/generated/prisma/internal/prismaNamespace.ts [Client Component Browser]
    ./app/generated/prisma/client.ts [Client Component Browser]
    ./lib/prisma.ts [Client Component Browser]
    ./lib/cleanup.ts [Client Component Browser]
    ./app/(manager)/settings/page.tsx [Client Component Browser]
    ./app/(manager)/settings/page.tsx [Server Component] @ http://localhost:3000/_next/static/chunks/node_modules_next_dist_0u_w_5s._.js:1945
[   33677ms] [LOG] [Fast Refresh] rebuilding @ http://localhost:3000/_next/static/chunks/node_modules_next_dist_0u_w_5s._.js:1226
[   33726ms] [ERROR] ./node_modules/@prisma/client/runtime/client.mjs
Code generation for chunk item errored
An error occurred while generating the chunk item [project]/node_modules/@prisma/client/runtime/client.mjs [app-client] (ecmascript) <locals>

Caused by:
- the chunking context (unknown) does not support external modules (request: node:module)

Debug info:
- An error occurred while generating the chunk item [project]/node_modules/@prisma/client/runtime/client.mjs [app-client] (ecmascript) <locals>
- Execution of <EcmascriptModuleLocalsModule as EcmascriptChunkPlaceable>::chunk_item_content failed
- Execution of *EcmascriptChunkItemContent::new failed
- Execution of EcmascriptModuleContent::new failed
- the chunking context (unknown) does not support external modules (request: node:module)

Import trace:
  Client Component Browser:
    ./node_modules/@prisma/client/runtime/client.mjs [Client Component Browser]
    ./app/generated/prisma/internal/prismaNamespace.ts [Client Component Browser]
    ./app/generated/prisma/client.ts [Client Component Browser]
    ./lib/prisma.ts [Client Component Browser]
    ./lib/cleanup.ts [Client Component Browser]
    ./app/(manager)/settings/page.tsx [Client Component Browser]
    ./app/(manager)/settings/page.tsx [Server Component] @ http://localhost:3000/_next/static/chunks/node_modules_next_dist_0u_w_5s._.js:1945
[   33781ms] [ERROR] ./node_modules/@prisma/client/runtime/client.mjs
Code generation for chunk item errored
An error occurred while generating the chunk item [project]/node_modules/@prisma/client/runtime/client.mjs [app-client] (ecmascript) <locals>

Caused by:
- the chunking context (unknown) does not support external modules (request: node:module)

Debug info:
- An error occurred while generating the chunk item [project]/node_modules/@prisma/client/runtime/client.mjs [app-client] (ecmascript) <locals>
- Execution of <EcmascriptModuleLocalsModule as EcmascriptChunkPlaceable>::chunk_item_content failed
- Execution of *EcmascriptChunkItemContent::new failed
- Execution of EcmascriptModuleContent::new failed
- the chunking context (unknown) does not support external modules (request: node:module)

Import trace:
  Client Component Browser:
    ./node_modules/@prisma/client/runtime/client.mjs [Client Component Browser]
    ./app/generated/prisma/internal/prismaNamespace.ts [Client Component Browser]
    ./app/generated/prisma/client.ts [Client Component Browser]
    ./lib/prisma.ts [Client Component Browser]
    ./lib/cleanup.ts [Client Component Browser]
    ./app/(manager)/settings/page.tsx [Client Component Browser]
    ./app/(manager)/settings/page.tsx [Server Component] @ http://localhost:3000/_next/static/chunks/node_modules_next_dist_0u_w_5s._.js:1945
[   33883ms] [LOG] [Fast Refresh] rebuilding @ http://localhost:3000/_next/static/chunks/node_modules_next_dist_0u_w_5s._.js:1226
[   33926ms] [LOG] [Fast Refresh] done in 144ms @ http://localhost:3000/_next/static/chunks/node_modules_next_dist_0u_w_5s._.js:1226
[   34039ms] [LOG] [Fast Refresh] rebuilding @ http://localhost:3000/_next/static/chunks/node_modules_next_dist_0u_w_5s._.js:1226
[   34062ms] [LOG] [Fast Refresh] done in 124ms @ http://localhost:3000/_next/static/chunks/node_modules_next_dist_0u_w_5s._.js:1226
[   34373ms] [INFO] %cDownload the React DevTools for a better development experience: https://react.dev/link/react-devtools font-weight:bold @ http://localhost:3000/_next/static/chunks/node_modules_next_dist_115brz8._.js:2477
[   34492ms] [LOG] [HMR] connected @ http://localhost:3000/_next/static/chunks/node_modules_next_dist_115brz8._.js:2477
[   35043ms] [LOG] [Fast Refresh] rebuilding @ http://localhost:3000/_next/static/chunks/node_modules_next_dist_115brz8._.js:2477
[   35078ms] [LOG] [Fast Refresh] done in 137ms @ http://localhost:3000/_next/static/chunks/node_modules_next_dist_115brz8._.js:2477
[   36600ms] [LOG] [Fast Refresh] rebuilding @ http://localhost:3000/_next/static/chunks/node_modules_next_dist_115brz8._.js:2477
[   36617ms] [LOG] [Fast Refresh] done in 117ms @ http://localhost:3000/_next/static/chunks/node_modules_next_dist_115brz8._.js:2477
