[      28ms] [INFO] %cDownload the React DevTools for a better development experience: https://react.dev/link/react-devtools font-weight:bold @ http://localhost:3000/_next/static/chunks/node_modules_next_dist_115brz8._.js:2477
[      41ms] [LOG] [HMR] connected @ http://localhost:3000/_next/static/chunks/node_modules_next_dist_115brz8._.js:2477
[   33642ms] [LOG] [Fast Refresh] rebuilding @ http://localhost:3000/_next/static/chunks/node_modules_next_dist_115brz8._.js:2477
[   33735ms] [LOG] [Fast Refresh] done in 159ms @ http://localhost:3000/_next/static/chunks/node_modules_next_dist_115brz8._.js:2477
[   64012ms] [LOG] [Fast Refresh] rebuilding @ http://localhost:3000/_next/static/chunks/node_modules_next_dist_115brz8._.js:2477
[   64184ms] [LOG] [Fast Refresh] done in 204ms @ http://localhost:3000/_next/static/chunks/node_modules_next_dist_115brz8._.js:2477
[   64285ms] [LOG] [Fast Refresh] rebuilding @ http://localhost:3000/_next/static/chunks/node_modules_next_dist_115brz8._.js:2477
[   64314ms] [LOG] [Fast Refresh] done in 130ms @ http://localhost:3000/_next/static/chunks/node_modules_next_dist_115brz8._.js:2477
[   64688ms] [LOG] [Fast Refresh] rebuilding @ http://localhost:3000/_next/static/chunks/node_modules_next_dist_115brz8._.js:2477
[   64748ms] [LOG] [Fast Refresh] done in 161ms @ http://localhost:3000/_next/static/chunks/node_modules_next_dist_115brz8._.js:2477
[   64884ms] [LOG] [Fast Refresh] rebuilding @ http://localhost:3000/_next/static/chunks/node_modules_next_dist_115brz8._.js:2477
[   65063ms] [LOG] [Fast Refresh] done in 280ms @ http://localhost:3000/_next/static/chunks/node_modules_next_dist_115brz8._.js:2477
[   65171ms] [LOG] [Fast Refresh] rebuilding @ http://localhost:3000/_next/static/chunks/node_modules_next_dist_115brz8._.js:2477
[   65190ms] [LOG] [Fast Refresh] done in 121ms @ http://localhost:3000/_next/static/chunks/node_modules_next_dist_115brz8._.js:2477
[   65303ms] [LOG] [Fast Refresh] rebuilding @ http://localhost:3000/_next/static/chunks/node_modules_next_dist_115brz8._.js:2477
[   65500ms] [LOG] [Fast Refresh] done in 298ms @ http://localhost:3000/_next/static/chunks/node_modules_next_dist_115brz8._.js:2477
[   65667ms] [LOG] [Fast Refresh] rebuilding @ http://localhost:3000/_next/static/chunks/node_modules_next_dist_115brz8._.js:2477
[   66028ms] [LOG] [Fast Refresh] done in 462ms @ http://localhost:3000/_next/static/chunks/node_modules_next_dist_115brz8._.js:2477
[   66202ms] [LOG] [Fast Refresh] rebuilding @ http://localhost:3000/_next/static/chunks/node_modules_next_dist_115brz8._.js:2477
[   66306ms] [LOG] [Fast Refresh] done in 205ms @ http://localhost:3000/_next/static/chunks/node_modules_next_dist_115brz8._.js:2477
[   66408ms] [LOG] [Fast Refresh] rebuilding @ http://localhost:3000/_next/static/chunks/node_modules_next_dist_115brz8._.js:2477
[   66736ms] [LOG] [Fast Refresh] done in 430ms @ http://localhost:3000/_next/static/chunks/node_modules_next_dist_115brz8._.js:2477
[   66838ms] [LOG] [Fast Refresh] rebuilding @ http://localhost:3000/_next/static/chunks/node_modules_next_dist_115brz8._.js:2477
[   66854ms] [LOG] [Fast Refresh] done in 118ms @ http://localhost:3000/_next/static/chunks/node_modules_next_dist_115brz8._.js:2477
[   67020ms] [LOG] [Fast Refresh] rebuilding @ http://localhost:3000/_next/static/chunks/node_modules_next_dist_115brz8._.js:2477
[   67198ms] [LOG] [Fast Refresh] done in 279ms @ http://localhost:3000/_next/static/chunks/node_modules_next_dist_115brz8._.js:2477
[   67299ms] [LOG] [Fast Refresh] rebuilding @ http://localhost:3000/_next/static/chunks/node_modules_next_dist_115brz8._.js:2477
[   67413ms] [LOG] [Fast Refresh] done in 214ms @ http://localhost:3000/_next/static/chunks/node_modules_next_dist_115brz8._.js:2477
[   67515ms] [LOG] [Fast Refresh] rebuilding @ http://localhost:3000/_next/static/chunks/node_modules_next_dist_115brz8._.js:2477
[   67659ms] [LOG] [Fast Refresh] done in 246ms @ http://localhost:3000/_next/static/chunks/node_modules_next_dist_115brz8._.js:2477
[   68013ms] [LOG] [Fast Refresh] rebuilding @ http://localhost:3000/_next/static/chunks/node_modules_next_dist_115brz8._.js:2477
[   68266ms] [LOG] [Fast Refresh] done in 353ms @ http://localhost:3000/_next/static/chunks/node_modules_next_dist_115brz8._.js:2477
[   68497ms] [LOG] [Fast Refresh] rebuilding @ http://localhost:3000/_next/static/chunks/node_modules_next_dist_115brz8._.js:2477
[   68750ms] [LOG] [Fast Refresh] done in 353ms @ http://localhost:3000/_next/static/chunks/node_modules_next_dist_115brz8._.js:2477
[   69317ms] [LOG] [Fast Refresh] rebuilding @ http://localhost:3000/_next/static/chunks/node_modules_next_dist_115brz8._.js:2477
[   69555ms] [LOG] [Fast Refresh] done in 338ms @ http://localhost:3000/_next/static/chunks/node_modules_next_dist_115brz8._.js:2477
[   69923ms] [LOG] [Fast Refresh] rebuilding @ http://localhost:3000/_next/static/chunks/node_modules_next_dist_115brz8._.js:2477
[   70102ms] [LOG] [Fast Refresh] done in 280ms @ http://localhost:3000/_next/static/chunks/node_modules_next_dist_115brz8._.js:2477
[   70202ms] [LOG] [Fast Refresh] rebuilding @ http://localhost:3000/_next/static/chunks/node_modules_next_dist_115brz8._.js:2477
[   70306ms] [LOG] [Fast Refresh] done in 204ms @ http://localhost:3000/_next/static/chunks/node_modules_next_dist_115brz8._.js:2477
[   70407ms] [LOG] [Fast Refresh] rebuilding @ http://localhost:3000/_next/static/chunks/node_modules_next_dist_115brz8._.js:2477
[   70912ms] [LOG] [Fast Refresh] done in 606ms @ http://localhost:3000/_next/static/chunks/node_modules_next_dist_115brz8._.js:2477
[   71018ms] [LOG] [Fast Refresh] rebuilding @ http://localhost:3000/_next/static/chunks/node_modules_next_dist_115brz8._.js:2477
[   71128ms] [LOG] [Fast Refresh] done in 210ms @ http://localhost:3000/_next/static/chunks/node_modules_next_dist_115brz8._.js:2477
[  147861ms] [LOG] [Fast Refresh] rebuilding @ http://localhost:3000/_next/static/chunks/node_modules_next_dist_115brz8._.js:2477
[  147901ms] [LOG] [Fast Refresh] done in 141ms @ http://localhost:3000/_next/static/chunks/node_modules_next_dist_115brz8._.js:2477
[  215116ms] [LOG] [Fast Refresh] rebuilding @ http://localhost:3000/_next/static/chunks/node_modules_next_dist_115brz8._.js:2477
[  215213ms] [LOG] [Fast Refresh] done in 196ms @ http://localhost:3000/_next/static/chunks/node_modules_next_dist_115brz8._.js:2477
[  215855ms] [LOG] [Fast Refresh] rebuilding @ http://localhost:3000/_next/static/chunks/node_modules_next_dist_115brz8._.js:2477
[  216331ms] [LOG] [Fast Refresh] done in 577ms @ http://localhost:3000/_next/static/chunks/node_modules_next_dist_115brz8._.js:2477
[  216543ms] [LOG] [Fast Refresh] rebuilding @ http://localhost:3000/_next/static/chunks/node_modules_next_dist_115brz8._.js:2477
[  216881ms] [LOG] [Fast Refresh] done in 439ms @ http://localhost:3000/_next/static/chunks/node_modules_next_dist_115brz8._.js:2477
[  217090ms] [LOG] [Fast Refresh] rebuilding @ http://localhost:3000/_next/static/chunks/node_modules_next_dist_115brz8._.js:2477
[  217369ms] [LOG] [Fast Refresh] done in 381ms @ http://localhost:3000/_next/static/chunks/node_modules_next_dist_115brz8._.js:2477
[  217475ms] [LOG] [Fast Refresh] rebuilding @ http://localhost:3000/_next/static/chunks/node_modules_next_dist_115brz8._.js:2477
[  217781ms] [LOG] [Fast Refresh] done in 406ms @ http://localhost:3000/_next/static/chunks/node_modules_next_dist_115brz8._.js:2477
[  217885ms] [LOG] [Fast Refresh] rebuilding @ http://localhost:3000/_next/static/chunks/node_modules_next_dist_115brz8._.js:2477
[  218108ms] [LOG] [Fast Refresh] done in 325ms @ http://localhost:3000/_next/static/chunks/node_modules_next_dist_115brz8._.js:2477
[  218260ms] [LOG] [Fast Refresh] rebuilding @ http://localhost:3000/_next/static/chunks/node_modules_next_dist_115brz8._.js:2477
[  218273ms] [LOG] [Fast Refresh] done in 114ms @ http://localhost:3000/_next/static/chunks/node_modules_next_dist_115brz8._.js:2477
[  218378ms] [LOG] [Fast Refresh] rebuilding @ http://localhost:3000/_next/static/chunks/node_modules_next_dist_115brz8._.js:2477
[  218395ms] [LOG] [Fast Refresh] done in 117ms @ http://localhost:3000/_next/static/chunks/node_modules_next_dist_115brz8._.js:2477
[  218706ms] [LOG] [Fast Refresh] rebuilding @ http://localhost:3000/_next/static/chunks/node_modules_next_dist_115brz8._.js:2477
[  218952ms] [LOG] [Fast Refresh] done in 347ms @ http://localhost:3000/_next/static/chunks/node_modules_next_dist_115brz8._.js:2477
[  219178ms] [LOG] [Fast Refresh] rebuilding @ http://localhost:3000/_next/static/chunks/node_modules_next_dist_115brz8._.js:2477
[  219369ms] [LOG] [Fast Refresh] done in 291ms @ http://localhost:3000/_next/static/chunks/node_modules_next_dist_115brz8._.js:2477
[  219549ms] [LOG] [Fast Refresh] rebuilding @ http://localhost:3000/_next/static/chunks/node_modules_next_dist_115brz8._.js:2477
[  219560ms] [LOG] [Fast Refresh] done in 112ms @ http://localhost:3000/_next/static/chunks/node_modules_next_dist_115brz8._.js:2477
[  219995ms] [LOG] [Fast Refresh] rebuilding @ http://localhost:3000/_next/static/chunks/node_modules_next_dist_115brz8._.js:2477
[  220029ms] [LOG] [Fast Refresh] done in 135ms @ http://localhost:3000/_next/static/chunks/node_modules_next_dist_115brz8._.js:2477
[  220252ms] [LOG] [Fast Refresh] rebuilding @ http://localhost:3000/_next/static/chunks/node_modules_next_dist_115brz8._.js:2477
[  220320ms] [LOG] [Fast Refresh] done in 170ms @ http://localhost:3000/_next/static/chunks/node_modules_next_dist_115brz8._.js:2477
[  220440ms] [LOG] [Fast Refresh] rebuilding @ http://localhost:3000/_next/static/chunks/node_modules_next_dist_115brz8._.js:2477
[  220545ms] [LOG] [Fast Refresh] done in 206ms @ http://localhost:3000/_next/static/chunks/node_modules_next_dist_115brz8._.js:2477
[  223396ms] [LOG] [Fast Refresh] rebuilding @ http://localhost:3000/_next/static/chunks/node_modules_next_dist_115brz8._.js:2477
[  223476ms] [LOG] [Fast Refresh] done in 47ms @ http://localhost:3000/_next/static/chunks/node_modules_next_dist_115brz8._.js:2477
[  227002ms] [LOG] [Fast Refresh] rebuilding @ http://localhost:3000/_next/static/chunks/node_modules_next_dist_115brz8._.js:2477
[  227800ms] [LOG] [Fast Refresh] done in 900ms @ http://localhost:3000/_next/static/chunks/node_modules_next_dist_115brz8._.js:2477
[  228166ms] [LOG] [Fast Refresh] rebuilding @ http://localhost:3000/_next/static/chunks/node_modules_next_dist_115brz8._.js:2477
[  228300ms] [LOG] [Fast Refresh] done in 235ms @ http://localhost:3000/_next/static/chunks/node_modules_next_dist_115brz8._.js:2477
[  242610ms] [LOG] [Fast Refresh] rebuilding @ http://localhost:3000/_next/static/chunks/node_modules_next_dist_115brz8._.js:2477
[  242991ms] [LOG] [Fast Refresh] done in 483ms @ http://localhost:3000/_next/static/chunks/node_modules_next_dist_115brz8._.js:2477
[  280630ms] [INFO] %cDownload the React DevTools for a better development experience: https://react.dev/link/react-devtools font-weight:bold @ http://localhost:3000/_next/static/chunks/node_modules_next_dist_115brz8._.js:2477
[  280646ms] [LOG] [HMR] connected @ http://localhost:3000/_next/static/chunks/node_modules_next_dist_115brz8._.js:2477
[  630911ms] [LOG] [Fast Refresh] rebuilding @ http://localhost:3000/_next/static/chunks/node_modules_next_dist_115brz8._.js:2477
[  631496ms] [LOG] [Fast Refresh] done in 514ms @ http://localhost:3000/_next/static/chunks/node_modules_next_dist_115brz8._.js:2477
[  631694ms] [LOG] [Fast Refresh] rebuilding @ http://localhost:3000/_next/static/chunks/node_modules_next_dist_115brz8._.js:2477
[  631750ms] [LOG] [Fast Refresh] done in 157ms @ http://localhost:3000/_next/static/chunks/node_modules_next_dist_115brz8._.js:2477
[  663061ms] [LOG] [Fast Refresh] rebuilding @ http://localhost:3000/_next/static/chunks/node_modules_next_dist_115brz8._.js:2477
[  663125ms] [LOG] [Fast Refresh] done in 117ms @ http://localhost:3000/_next/static/chunks/node_modules_next_dist_115brz8._.js:2477
[  708140ms] [LOG] [Fast Refresh] rebuilding @ http://localhost:3000/_next/static/chunks/node_modules_next_dist_115brz8._.js:2477
[  708166ms] [LOG] [Fast Refresh] done in 128ms @ http://localhost:3000/_next/static/chunks/node_modules_next_dist_115brz8._.js:2477
[  753598ms] [LOG] [Fast Refresh] rebuilding @ http://localhost:3000/_next/static/chunks/node_modules_next_dist_115brz8._.js:2477
[  753707ms] [LOG] [Fast Refresh] done in 211ms @ http://localhost:3000/_next/static/chunks/node_modules_next_dist_115brz8._.js:2477
[  873615ms] [LOG] [Fast Refresh] rebuilding @ http://localhost:3000/_next/static/chunks/node_modules_next_dist_115brz8._.js:2477
[  873767ms] [LOG] [Fast Refresh] done in 231ms @ http://localhost:3000/_next/static/chunks/node_modules_next_dist_115brz8._.js:2477
[  878519ms] [LOG] [Fast Refresh] rebuilding @ http://localhost:3000/_next/static/chunks/node_modules_next_dist_115brz8._.js:2477
[  878545ms] [LOG] [Fast Refresh] done in 37ms @ http://localhost:3000/_next/static/chunks/node_modules_next_dist_115brz8._.js:2477
[  883091ms] [LOG] [Fast Refresh] rebuilding @ http://localhost:3000/_next/static/chunks/node_modules_next_dist_115brz8._.js:2477
[  883118ms] [LOG] [Fast Refresh] done in 39ms @ http://localhost:3000/_next/static/chunks/node_modules_next_dist_115brz8._.js:2477
[  897657ms] [LOG] [Fast Refresh] rebuilding @ http://localhost:3000/_next/static/chunks/node_modules_next_dist_115brz8._.js:2477
[  897712ms] [LOG] [Fast Refresh] done in 156ms @ http://localhost:3000/_next/static/chunks/node_modules_next_dist_115brz8._.js:2477
[  976809ms] [LOG] [Fast Refresh] rebuilding @ http://localhost:3000/_next/static/chunks/node_modules_next_dist_115brz8._.js:2477
[  976932ms] [LOG] [Fast Refresh] done in 203ms @ http://localhost:3000/_next/static/chunks/node_modules_next_dist_115brz8._.js:2477
[  983578ms] [LOG] [Fast Refresh] rebuilding @ http://localhost:3000/_next/static/chunks/node_modules_next_dist_115brz8._.js:2477
[  983605ms] [LOG] [Fast Refresh] done in 35ms @ http://localhost:3000/_next/static/chunks/node_modules_next_dist_115brz8._.js:2477
[ 1131722ms] [LOG] [Fast Refresh] rebuilding @ http://localhost:3000/_next/static/chunks/node_modules_next_dist_115brz8._.js:2477
[ 1132094ms] [LOG] [Fast Refresh] done in 473ms @ http://localhost:3000/_next/static/chunks/node_modules_next_dist_115brz8._.js:2477
[ 1150080ms] [LOG] [Fast Refresh] rebuilding @ http://localhost:3000/_next/static/chunks/node_modules_next_dist_115brz8._.js:2477
[ 1150466ms] [LOG] [Fast Refresh] done in 487ms @ http://localhost:3000/_next/static/chunks/node_modules_next_dist_115brz8._.js:2477
[ 1194918ms] [LOG] [Fast Refresh] rebuilding @ http://localhost:3000/_next/static/chunks/node_modules_next_dist_115brz8._.js:2477
[ 1195185ms] [LOG] [Fast Refresh] done in 369ms @ http://localhost:3000/_next/static/chunks/node_modules_next_dist_115brz8._.js:2477
[ 1195304ms] [LOG] [Fast Refresh] rebuilding @ http://localhost:3000/_next/static/chunks/node_modules_next_dist_115brz8._.js:2477
[ 1195421ms] [LOG] [Fast Refresh] done in 219ms @ http://localhost:3000/_next/static/chunks/node_modules_next_dist_115brz8._.js:2477
[ 1216497ms] [LOG] [Fast Refresh] rebuilding @ http://localhost:3000/_next/static/chunks/node_modules_next_dist_115brz8._.js:2477
[ 1217069ms] [LOG] [Fast Refresh] done in 646ms @ http://localhost:3000/_next/static/chunks/node_modules_next_dist_115brz8._.js:2477
[ 1349313ms] [LOG] [Fast Refresh] rebuilding @ http://localhost:3000/_next/static/chunks/node_modules_next_dist_115brz8._.js:2477
[ 1349385ms] [LOG] [Fast Refresh] done in 173ms @ http://localhost:3000/_next/static/chunks/node_modules_next_dist_115brz8._.js:2477
[ 1904985ms] [LOG] [Fast Refresh] rebuilding @ http://localhost:3000/_next/static/chunks/node_modules_next_dist_115brz8._.js:2477
[ 1905064ms] [LOG] [Fast Refresh] done in 183ms @ http://localhost:3000/_next/static/chunks/node_modules_next_dist_115brz8._.js:2477
[ 1910977ms] [LOG] [Fast Refresh] rebuilding @ http://localhost:3000/_next/static/chunks/node_modules_next_dist_115brz8._.js:2477
[ 1911115ms] [LOG] [Fast Refresh] done in 204ms @ http://localhost:3000/_next/static/chunks/node_modules_next_dist_115brz8._.js:2477
[ 1912382ms] [LOG] [Fast Refresh] rebuilding @ http://localhost:3000/_next/static/chunks/node_modules_next_dist_115brz8._.js:2477
[ 1912557ms] [LOG] [Fast Refresh] done in 276ms @ http://localhost:3000/_next/static/chunks/node_modules_next_dist_115brz8._.js:2477
[ 1912661ms] [LOG] [Fast Refresh] rebuilding @ http://localhost:3000/_next/static/chunks/node_modules_next_dist_115brz8._.js:2477
[ 1912686ms] [LOG] [Fast Refresh] done in 125ms @ http://localhost:3000/_next/static/chunks/node_modules_next_dist_115brz8._.js:2477
[ 1913088ms] [LOG] [Fast Refresh] rebuilding @ http://localhost:3000/_next/static/chunks/node_modules_next_dist_115brz8._.js:2477
[ 1913111ms] [LOG] [Fast Refresh] done in 123ms @ http://localhost:3000/_next/static/chunks/node_modules_next_dist_115brz8._.js:2477
[ 1913294ms] [LOG] [Fast Refresh] rebuilding @ http://localhost:3000/_next/static/chunks/node_modules_next_dist_115brz8._.js:2477
[ 1913315ms] [LOG] [Fast Refresh] done in 121ms @ http://localhost:3000/_next/static/chunks/node_modules_next_dist_115brz8._.js:2477
[ 1913857ms] [LOG] [Fast Refresh] rebuilding @ http://localhost:3000/_next/static/chunks/node_modules_next_dist_115brz8._.js:2477
[ 1913887ms] [LOG] [Fast Refresh] done in 131ms @ http://localhost:3000/_next/static/chunks/node_modules_next_dist_115brz8._.js:2477
[ 1913989ms] [LOG] [Fast Refresh] rebuilding @ http://localhost:3000/_next/static/chunks/node_modules_next_dist_115brz8._.js:2477
[ 1913990ms] [LOG] [Fast Refresh] done in 103ms @ http://localhost:3000/_next/static/chunks/node_modules_next_dist_115brz8._.js:2477
[ 1914187ms] [LOG] [Fast Refresh] rebuilding @ http://localhost:3000/_next/static/chunks/node_modules_next_dist_115brz8._.js:2477
[ 1914209ms] [LOG] [Fast Refresh] done in 122ms @ http://localhost:3000/_next/static/chunks/node_modules_next_dist_115brz8._.js:2477
[ 1914594ms] [LOG] [Fast Refresh] rebuilding @ http://localhost:3000/_next/static/chunks/node_modules_next_dist_115brz8._.js:2477
[ 1914611ms] [LOG] [Fast Refresh] done in 118ms @ http://localhost:3000/_next/static/chunks/node_modules_next_dist_115brz8._.js:2477
[ 1915489ms] [LOG] [Fast Refresh] rebuilding @ http://localhost:3000/_next/static/chunks/node_modules_next_dist_115brz8._.js:2477
[ 1915506ms] [LOG] [Fast Refresh] done in 117ms @ http://localhost:3000/_next/static/chunks/node_modules_next_dist_115brz8._.js:2477
[ 1915611ms] [LOG] [Fast Refresh] rebuilding @ http://localhost:3000/_next/static/chunks/node_modules_next_dist_115brz8._.js:2477
[ 1915623ms] [LOG] [Fast Refresh] done in 113ms @ http://localhost:3000/_next/static/chunks/node_modules_next_dist_115brz8._.js:2477
[ 1916089ms] [LOG] [Fast Refresh] rebuilding @ http://localhost:3000/_next/static/chunks/node_modules_next_dist_115brz8._.js:2477
[ 1916102ms] [LOG] [Fast Refresh] done in 115ms @ http://localhost:3000/_next/static/chunks/node_modules_next_dist_115brz8._.js:2477
[ 1916261ms] [LOG] [Fast Refresh] rebuilding @ http://localhost:3000/_next/static/chunks/node_modules_next_dist_115brz8._.js:2477
[ 1916581ms] [LOG] [Fast Refresh] done in 132ms @ http://localhost:3000/_next/static/chunks/node_modules_next_dist_115brz8._.js:2477
[ 1917665ms] [LOG] [Fast Refresh] rebuilding @ http://localhost:3000/_next/static/chunks/node_modules_next_dist_115brz8._.js:2477
[ 1917817ms] [LOG] [Fast Refresh] done in 252ms @ http://localhost:3000/_next/static/chunks/node_modules_next_dist_115brz8._.js:2477
[ 1918002ms] [LOG] [Fast Refresh] rebuilding @ http://localhost:3000/_next/static/chunks/node_modules_next_dist_115brz8._.js:2477
[ 1918009ms] [LOG] [Fast Refresh] done in 108ms @ http://localhost:3000/_next/static/chunks/node_modules_next_dist_115brz8._.js:2477
[ 1918278ms] [LOG] [Fast Refresh] rebuilding @ http://localhost:3000/_next/static/chunks/node_modules_next_dist_115brz8._.js:2477
[ 1918370ms] [LOG] [Fast Refresh] done in 192ms @ http://localhost:3000/_next/static/chunks/node_modules_next_dist_115brz8._.js:2477
[ 1918542ms] [LOG] [Fast Refresh] rebuilding @ http://localhost:3000/_next/static/chunks/node_modules_next_dist_115brz8._.js:2477
[ 1918854ms] [LOG] [Fast Refresh] done in 412ms @ http://localhost:3000/_next/static/chunks/node_modules_next_dist_115brz8._.js:2477
[ 1926918ms] [LOG] [Fast Refresh] rebuilding @ http://localhost:3000/_next/static/chunks/node_modules_next_dist_115brz8._.js:2477
[ 1926947ms] [LOG] [Fast Refresh] done in 131ms @ http://localhost:3000/_next/static/chunks/node_modules_next_dist_115brz8._.js:2477
[ 1938302ms] [LOG] [Fast Refresh] rebuilding @ http://localhost:3000/_next/static/chunks/node_modules_next_dist_115brz8._.js:2477
[ 1938306ms] [LOG] [Fast Refresh] done in 105ms @ http://localhost:3000/_next/static/chunks/node_modules_next_dist_115brz8._.js:2477
[ 1956696ms] [LOG] [Fast Refresh] rebuilding @ http://localhost:3000/_next/static/chunks/node_modules_next_dist_115brz8._.js:2477
[ 1957417ms] [LOG] [Fast Refresh] done in 708ms @ http://localhost:3000/_next/static/chunks/node_modules_next_dist_115brz8._.js:2477
[ 1957612ms] [LOG] [Fast Refresh] rebuilding @ http://localhost:3000/_next/static/chunks/node_modules_next_dist_115brz8._.js:2477
[ 1957772ms] [LOG] [Fast Refresh] done in 261ms @ http://localhost:3000/_next/static/chunks/node_modules_next_dist_115brz8._.js:2477
[ 1967795ms] [ERROR] ./node_modules/@prisma/client/runtime/client.mjs
Code generation for chunk item errored
An error occurred while generating the chunk item [project]/node_modules/@prisma/client/runtime/client.mjs [app-client] (ecmascript) <locals>

Caused by:
- the chunking context (unknown) does not support external modules (request: node:module)

Debug info:
- An error occurred while generating the chunk item [project]/node_modules/@prisma/client/runtime/client.mjs [app-client] (ecmascript) <locals>
- Execution of <EcmascriptModuleLocalsModule as EcmascriptChunkPlaceable>::chunk_item_content failed
- Execution of *EcmascriptChunkItemContent::new failed
- Execution of EcmascriptModuleContent::new failed
- the chunking context (unknown) does not support external modules (request: node:module)

Import trace:
  Client Component Browser:
    ./node_modules/@prisma/client/runtime/client.mjs [Client Component Browser]
    ./app/generated/prisma/internal/prismaNamespace.ts [Client Component Browser]
    ./app/generated/prisma/client.ts [Client Component Browser]
    ./lib/prisma.ts [Client Component Browser]
    ./lib/cleanup.ts [Client Component Browser]
    ./app/(manager)/settings/page.tsx [Client Component Browser]
    ./app/(manager)/settings/page.tsx [Server Component] @ http://localhost:3000/_next/static/chunks/node_modules_next_dist_115brz8._.js:3318
[ 1967928ms] [LOG] [Fast Refresh] rebuilding @ http://localhost:3000/_next/static/chunks/node_modules_next_dist_115brz8._.js:2477
[ 1968331ms] [ERROR] ./node_modules/@prisma/client/runtime/client.mjs
Code generation for chunk item errored
An error occurred while generating the chunk item [project]/node_modules/@prisma/client/runtime/client.mjs [app-client] (ecmascript) <locals>

Caused by:
- the chunking context (unknown) does not support external modules (request: node:module)

Debug info:
- An error occurred while generating the chunk item [project]/node_modules/@prisma/client/runtime/client.mjs [app-client] (ecmascript) <locals>
- Execution of <EcmascriptModuleLocalsModule as EcmascriptChunkPlaceable>::chunk_item_content failed
- Execution of *EcmascriptChunkItemContent::new failed
- Execution of EcmascriptModuleContent::new failed
- the chunking context (unknown) does not support external modules (request: node:module)

Import trace:
  Client Component Browser:
    ./node_modules/@prisma/client/runtime/client.mjs [Client Component Browser]
    ./app/generated/prisma/internal/prismaNamespace.ts [Client Component Browser]
    ./app/generated/prisma/client.ts [Client Component Browser]
    ./lib/prisma.ts [Client Component Browser]
    ./lib/cleanup.ts [Client Component Browser]
    ./app/(manager)/settings/page.tsx [Client Component Browser]
    ./app/(manager)/settings/page.tsx [Server Component] @ http://localhost:3000/_next/static/chunks/node_modules_next_dist_115brz8._.js:3318
[ 1968431ms] [LOG] [Fast Refresh] rebuilding @ http://localhost:3000/_next/static/chunks/node_modules_next_dist_115brz8._.js:2477
[ 1968796ms] [ERROR] ./node_modules/@prisma/client/runtime/client.mjs
Code generation for chunk item errored
An error occurred while generating the chunk item [project]/node_modules/@prisma/client/runtime/client.mjs [app-client] (ecmascript) <locals>

Caused by:
- the chunking context (unknown) does not support external modules (request: node:module)

Debug info:
- An error occurred while generating the chunk item [project]/node_modules/@prisma/client/runtime/client.mjs [app-client] (ecmascript) <locals>
- Execution of <EcmascriptModuleLocalsModule as EcmascriptChunkPlaceable>::chunk_item_content failed
- Execution of *EcmascriptChunkItemContent::new failed
- Execution of EcmascriptModuleContent::new failed
- the chunking context (unknown) does not support external modules (request: node:module)

Import trace:
  Client Component Browser:
    ./node_modules/@prisma/client/runtime/client.mjs [Client Component Browser]
    ./app/generated/prisma/internal/prismaNamespace.ts [Client Component Browser]
    ./app/generated/prisma/client.ts [Client Component Browser]
    ./lib/prisma.ts [Client Component Browser]
    ./lib/cleanup.ts [Client Component Browser]
    ./app/(manager)/settings/page.tsx [Client Component Browser]
    ./app/(manager)/settings/page.tsx [Server Component] @ http://localhost:3000/_next/static/chunks/node_modules_next_dist_115brz8._.js:3318
[ 1968852ms] [ERROR] ./node_modules/@prisma/client/runtime/client.mjs
Code generation for chunk item errored
An error occurred while generating the chunk item [project]/node_modules/@prisma/client/runtime/client.mjs [app-client] (ecmascript) <locals>

Caused by:
- the chunking context (unknown) does not support external modules (request: node:module)

Debug info:
- An error occurred while generating the chunk item [project]/node_modules/@prisma/client/runtime/client.mjs [app-client] (ecmascript) <locals>
- Execution of <EcmascriptModuleLocalsModule as EcmascriptChunkPlaceable>::chunk_item_content failed
- Execution of *EcmascriptChunkItemContent::new failed
- Execution of EcmascriptModuleContent::new failed
- the chunking context (unknown) does not support external modules (request: node:module)

Import trace:
  Client Component Browser:
    ./node_modules/@prisma/client/runtime/client.mjs [Client Component Browser]
    ./app/generated/prisma/internal/prismaNamespace.ts [Client Component Browser]
    ./app/generated/prisma/client.ts [Client Component Browser]
    ./lib/prisma.ts [Client Component Browser]
    ./lib/cleanup.ts [Client Component Browser]
    ./app/(manager)/settings/page.tsx [Client Component Browser]
    ./app/(manager)/settings/page.tsx [Server Component] @ http://localhost:3000/_next/static/chunks/node_modules_next_dist_115brz8._.js:3318
[ 1968893ms] [ERROR] ./node_modules/@prisma/client/runtime/client.mjs
Code generation for chunk item errored
An error occurred while generating the chunk item [project]/node_modules/@prisma/client/runtime/client.mjs [app-client] (ecmascript) <locals>

Caused by:
- the chunking context (unknown) does not support external modules (request: node:module)

Debug info:
- An error occurred while generating the chunk item [project]/node_modules/@prisma/client/runtime/client.mjs [app-client] (ecmascript) <locals>
- Execution of <EcmascriptModuleLocalsModule as EcmascriptChunkPlaceable>::chunk_item_content failed
- Execution of *EcmascriptChunkItemContent::new failed
- Execution of EcmascriptModuleContent::new failed
- the chunking context (unknown) does not support external modules (request: node:module)

Import trace:
  Client Component Browser:
    ./node_modules/@prisma/client/runtime/client.mjs [Client Component Browser]
    ./app/generated/prisma/internal/prismaNamespace.ts [Client Component Browser]
    ./app/generated/prisma/client.ts [Client Component Browser]
    ./lib/prisma.ts [Client Component Browser]
    ./lib/cleanup.ts [Client Component Browser]
    ./app/(manager)/settings/page.tsx [Client Component Browser]
    ./app/(manager)/settings/page.tsx [Server Component] @ http://localhost:3000/_next/static/chunks/node_modules_next_dist_115brz8._.js:3318
[ 1968952ms] [ERROR] ./node_modules/@prisma/client/runtime/client.mjs
Code generation for chunk item errored
An error occurred while generating the chunk item [project]/node_modules/@prisma/client/runtime/client.mjs [app-client] (ecmascript) <locals>

Caused by:
- the chunking context (unknown) does not support external modules (request: node:module)

Debug info:
- An error occurred while generating the chunk item [project]/node_modules/@prisma/client/runtime/client.mjs [app-client] (ecmascript) <locals>
- Execution of <EcmascriptModuleLocalsModule as EcmascriptChunkPlaceable>::chunk_item_content failed
- Execution of *EcmascriptChunkItemContent::new failed
- Execution of EcmascriptModuleContent::new failed
- the chunking context (unknown) does not support external modules (request: node:module)

Import trace:
  Client Component Browser:
    ./node_modules/@prisma/client/runtime/client.mjs [Client Component Browser]
    ./app/generated/prisma/internal/prismaNamespace.ts [Client Component Browser]
    ./app/generated/prisma/client.ts [Client Component Browser]
    ./lib/prisma.ts [Client Component Browser]
    ./lib/cleanup.ts [Client Component Browser]
    ./app/(manager)/settings/page.tsx [Client Component Browser]
    ./app/(manager)/settings/page.tsx [Server Component] @ http://localhost:3000/_next/static/chunks/node_modules_next_dist_115brz8._.js:3318
[ 1969053ms] [LOG] [Fast Refresh] rebuilding @ http://localhost:3000/_next/static/chunks/node_modules_next_dist_115brz8._.js:2477
[ 1969054ms] [ERROR] ./node_modules/@prisma/client/runtime/client.mjs
Code generation for chunk item errored
An error occurred while generating the chunk item [project]/node_modules/@prisma/client/runtime/client.mjs [app-client] (ecmascript) <locals>

Caused by:
- the chunking context (unknown) does not support external modules (request: node:module)

Debug info:
- An error occurred while generating the chunk item [project]/node_modules/@prisma/client/runtime/client.mjs [app-client] (ecmascript) <locals>
- Execution of <EcmascriptModuleLocalsModule as EcmascriptChunkPlaceable>::chunk_item_content failed
- Execution of *EcmascriptChunkItemContent::new failed
- Execution of EcmascriptModuleContent::new failed
- the chunking context (unknown) does not support external modules (request: node:module)

Import trace:
  Client Component Browser:
    ./node_modules/@prisma/client/runtime/client.mjs [Client Component Browser]
    ./app/generated/prisma/internal/prismaNamespace.ts [Client Component Browser]
    ./app/generated/prisma/client.ts [Client Component Browser]
    ./lib/prisma.ts [Client Component Browser]
    ./lib/cleanup.ts [Client Component Browser]
    ./app/(manager)/settings/page.tsx [Client Component Browser]
    ./app/(manager)/settings/page.tsx [Server Component] @ http://localhost:3000/_next/static/chunks/node_modules_next_dist_115brz8._.js:3318
[ 1969115ms] [ERROR] ./node_modules/@prisma/client/runtime/client.mjs
Code generation for chunk item errored
An error occurred while generating the chunk item [project]/node_modules/@prisma/client/runtime/client.mjs [app-client] (ecmascript) <locals>

Caused by:
- the chunking context (unknown) does not support external modules (request: node:module)

Debug info:
- An error occurred while generating the chunk item [project]/node_modules/@prisma/client/runtime/client.mjs [app-client] (ecmascript) <locals>
- Execution of <EcmascriptModuleLocalsModule as EcmascriptChunkPlaceable>::chunk_item_content failed
- Execution of *EcmascriptChunkItemContent::new failed
- Execution of EcmascriptModuleContent::new failed
- the chunking context (unknown) does not support external modules (request: node:module)

Import trace:
  Client Component Browser:
    ./node_modules/@prisma/client/runtime/client.mjs [Client Component Browser]
    ./app/generated/prisma/internal/prismaNamespace.ts [Client Component Browser]
    ./app/generated/prisma/client.ts [Client Component Browser]
    ./lib/prisma.ts [Client Component Browser]
    ./lib/cleanup.ts [Client Component Browser]
    ./app/(manager)/settings/page.tsx [Client Component Browser]
    ./app/(manager)/settings/page.tsx [Server Component] @ http://localhost:3000/_next/static/chunks/node_modules_next_dist_115brz8._.js:3318
[ 1969167ms] [ERROR] ./node_modules/@prisma/client/runtime/client.mjs
Code generation for chunk item errored
An error occurred while generating the chunk item [project]/node_modules/@prisma/client/runtime/client.mjs [app-client] (ecmascript) <locals>

Caused by:
- the chunking context (unknown) does not support external modules (request: node:module)

Debug info:
- An error occurred while generating the chunk item [project]/node_modules/@prisma/client/runtime/client.mjs [app-client] (ecmascript) <locals>
- Execution of <EcmascriptModuleLocalsModule as EcmascriptChunkPlaceable>::chunk_item_content failed
- Execution of *EcmascriptChunkItemContent::new failed
- Execution of EcmascriptModuleContent::new failed
- the chunking context (unknown) does not support external modules (request: node:module)

Import trace:
  Client Component Browser:
    ./node_modules/@prisma/client/runtime/client.mjs [Client Component Browser]
    ./app/generated/prisma/internal/prismaNamespace.ts [Client Component Browser]
    ./app/generated/prisma/client.ts [Client Component Browser]
    ./lib/prisma.ts [Client Component Browser]
    ./lib/cleanup.ts [Client Component Browser]
    ./app/(manager)/settings/page.tsx [Client Component Browser]
    ./app/(manager)/settings/page.tsx [Server Component] @ http://localhost:3000/_next/static/chunks/node_modules_next_dist_115brz8._.js:3318
[ 1969218ms] [ERROR] ./node_modules/@prisma/client/runtime/client.mjs
Code generation for chunk item errored
An error occurred while generating the chunk item [project]/node_modules/@prisma/client/runtime/client.mjs [app-client] (ecmascript) <locals>

Caused by:
- the chunking context (unknown) does not support external modules (request: node:module)

Debug info:
- An error occurred while generating the chunk item [project]/node_modules/@prisma/client/runtime/client.mjs [app-client] (ecmascript) <locals>
- Execution of <EcmascriptModuleLocalsModule as EcmascriptChunkPlaceable>::chunk_item_content failed
- Execution of *EcmascriptChunkItemContent::new failed
- Execution of EcmascriptModuleContent::new failed
- the chunking context (unknown) does not support external modules (request: node:module)

Import trace:
  Client Component Browser:
    ./node_modules/@prisma/client/runtime/client.mjs [Client Component Browser]
    ./app/generated/prisma/internal/prismaNamespace.ts [Client Component Browser]
    ./app/generated/prisma/client.ts [Client Component Browser]
    ./lib/prisma.ts [Client Component Browser]
    ./lib/cleanup.ts [Client Component Browser]
    ./app/(manager)/settings/page.tsx [Client Component Browser]
    ./app/(manager)/settings/page.tsx [Server Component] @ http://localhost:3000/_next/static/chunks/node_modules_next_dist_115brz8._.js:3318
[ 1969270ms] [ERROR] ./node_modules/@prisma/client/runtime/client.mjs
Code generation for chunk item errored
An error occurred while generating the chunk item [project]/node_modules/@prisma/client/runtime/client.mjs [app-client] (ecmascript) <locals>

Caused by:
- the chunking context (unknown) does not support external modules (request: node:module)

Debug info:
- An error occurred while generating the chunk item [project]/node_modules/@prisma/client/runtime/client.mjs [app-client] (ecmascript) <locals>
- Execution of <EcmascriptModuleLocalsModule as EcmascriptChunkPlaceable>::chunk_item_content failed
- Execution of *EcmascriptChunkItemContent::new failed
- Execution of EcmascriptModuleContent::new failed
- the chunking context (unknown) does not support external modules (request: node:module)

Import trace:
  Client Component Browser:
    ./node_modules/@prisma/client/runtime/client.mjs [Client Component Browser]
    ./app/generated/prisma/internal/prismaNamespace.ts [Client Component Browser]
    ./app/generated/prisma/client.ts [Client Component Browser]
    ./lib/prisma.ts [Client Component Browser]
    ./lib/cleanup.ts [Client Component Browser]
    ./app/(manager)/settings/page.tsx [Client Component Browser]
    ./app/(manager)/settings/page.tsx [Server Component] @ http://localhost:3000/_next/static/chunks/node_modules_next_dist_115brz8._.js:3318
[ 1969323ms] [ERROR] ./node_modules/@prisma/client/runtime/client.mjs
Code generation for chunk item errored
An error occurred while generating the chunk item [project]/node_modules/@prisma/client/runtime/client.mjs [app-client] (ecmascript) <locals>

Caused by:
- the chunking context (unknown) does not support external modules (request: node:module)

Debug info:
- An error occurred while generating the chunk item [project]/node_modules/@prisma/client/runtime/client.mjs [app-client] (ecmascript) <locals>
- Execution of <EcmascriptModuleLocalsModule as EcmascriptChunkPlaceable>::chunk_item_content failed
- Execution of *EcmascriptChunkItemContent::new failed
- Execution of EcmascriptModuleContent::new failed
- the chunking context (unknown) does not support external modules (request: node:module)

Import trace:
  Client Component Browser:
    ./node_modules/@prisma/client/runtime/client.mjs [Client Component Browser]
    ./app/generated/prisma/internal/prismaNamespace.ts [Client Component Browser]
    ./app/generated/prisma/client.ts [Client Component Browser]
    ./lib/prisma.ts [Client Component Browser]
    ./lib/cleanup.ts [Client Component Browser]
    ./app/(manager)/settings/page.tsx [Client Component Browser]
    ./app/(manager)/settings/page.tsx [Server Component] @ http://localhost:3000/_next/static/chunks/node_modules_next_dist_115brz8._.js:3318
[ 1969376ms] [ERROR] ./node_modules/@prisma/client/runtime/client.mjs
Code generation for chunk item errored
An error occurred while generating the chunk item [project]/node_modules/@prisma/client/runtime/client.mjs [app-client] (ecmascript) <locals>

Caused by:
- the chunking context (unknown) does not support external modules (request: node:module)

Debug info:
- An error occurred while generating the chunk item [project]/node_modules/@prisma/client/runtime/client.mjs [app-client] (ecmascript) <locals>
- Execution of <EcmascriptModuleLocalsModule as EcmascriptChunkPlaceable>::chunk_item_content failed
- Execution of *EcmascriptChunkItemContent::new failed
- Execution of EcmascriptModuleContent::new failed
- the chunking context (unknown) does not support external modules (request: node:module)

Import trace:
  Client Component Browser:
    ./node_modules/@prisma/client/runtime/client.mjs [Client Component Browser]
    ./app/generated/prisma/internal/prismaNamespace.ts [Client Component Browser]
    ./app/generated/prisma/client.ts [Client Component Browser]
    ./lib/prisma.ts [Client Component Browser]
    ./lib/cleanup.ts [Client Component Browser]
    ./app/(manager)/settings/page.tsx [Client Component Browser]
    ./app/(manager)/settings/page.tsx [Server Component] @ http://localhost:3000/_next/static/chunks/node_modules_next_dist_115brz8._.js:3318
[ 1969430ms] [ERROR] ./node_modules/@prisma/client/runtime/client.mjs
Code generation for chunk item errored
An error occurred while generating the chunk item [project]/node_modules/@prisma/client/runtime/client.mjs [app-client] (ecmascript) <locals>

Caused by:
- the chunking context (unknown) does not support external modules (request: node:module)

Debug info:
- An error occurred while generating the chunk item [project]/node_modules/@prisma/client/runtime/client.mjs [app-client] (ecmascript) <locals>
- Execution of <EcmascriptModuleLocalsModule as EcmascriptChunkPlaceable>::chunk_item_content failed
- Execution of *EcmascriptChunkItemContent::new failed
- Execution of EcmascriptModuleContent::new failed
- the chunking context (unknown) does not support external modules (request: node:module)

Import trace:
  Client Component Browser:
    ./node_modules/@prisma/client/runtime/client.mjs [Client Component Browser]
    ./app/generated/prisma/internal/prismaNamespace.ts [Client Component Browser]
    ./app/generated/prisma/client.ts [Client Component Browser]
    ./lib/prisma.ts [Client Component Browser]
    ./lib/cleanup.ts [Client Component Browser]
    ./app/(manager)/settings/page.tsx [Client Component Browser]
    ./app/(manager)/settings/page.tsx [Server Component] @ http://localhost:3000/_next/static/chunks/node_modules_next_dist_115brz8._.js:3318
[ 1969483ms] [ERROR] ./node_modules/@prisma/client/runtime/client.mjs
Code generation for chunk item errored
An error occurred while generating the chunk item [project]/node_modules/@prisma/client/runtime/client.mjs [app-client] (ecmascript) <locals>

Caused by:
- the chunking context (unknown) does not support external modules (request: node:module)

Debug info:
- An error occurred while generating the chunk item [project]/node_modules/@prisma/client/runtime/client.mjs [app-client] (ecmascript) <locals>
- Execution of <EcmascriptModuleLocalsModule as EcmascriptChunkPlaceable>::chunk_item_content failed
- Execution of *EcmascriptChunkItemContent::new failed
- Execution of EcmascriptModuleContent::new failed
- the chunking context (unknown) does not support external modules (request: node:module)

Import trace:
  Client Component Browser:
    ./node_modules/@prisma/client/runtime/client.mjs [Client Component Browser]
    ./app/generated/prisma/internal/prismaNamespace.ts [Client Component Browser]
    ./app/generated/prisma/client.ts [Client Component Browser]
    ./lib/prisma.ts [Client Component Browser]
    ./lib/cleanup.ts [Client Component Browser]
    ./app/(manager)/settings/page.tsx [Client Component Browser]
    ./app/(manager)/settings/page.tsx [Server Component] @ http://localhost:3000/_next/static/chunks/node_modules_next_dist_115brz8._.js:3318
[ 1969534ms] [ERROR] ./node_modules/@prisma/client/runtime/client.mjs
Code generation for chunk item errored
An error occurred while generating the chunk item [project]/node_modules/@prisma/client/runtime/client.mjs [app-client] (ecmascript) <locals>

Caused by:
- the chunking context (unknown) does not support external modules (request: node:module)

Debug info:
- An error occurred while generating the chunk item [project]/node_modules/@prisma/client/runtime/client.mjs [app-client] (ecmascript) <locals>
- Execution of <EcmascriptModuleLocalsModule as EcmascriptChunkPlaceable>::chunk_item_content failed
- Execution of *EcmascriptChunkItemContent::new failed
- Execution of EcmascriptModuleContent::new failed
- the chunking context (unknown) does not support external modules (request: node:module)

Import trace:
  Client Component Browser:
    ./node_modules/@prisma/client/runtime/client.mjs [Client Component Browser]
    ./app/generated/prisma/internal/prismaNamespace.ts [Client Component Browser]
    ./app/generated/prisma/client.ts [Client Component Browser]
    ./lib/prisma.ts [Client Component Browser]
    ./lib/cleanup.ts [Client Component Browser]
    ./app/(manager)/settings/page.tsx [Client Component Browser]
    ./app/(manager)/settings/page.tsx [Server Component] @ http://localhost:3000/_next/static/chunks/node_modules_next_dist_115brz8._.js:3318
[ 1969586ms] [ERROR] ./node_modules/@prisma/client/runtime/client.mjs
Code generation for chunk item errored
An error occurred while generating the chunk item [project]/node_modules/@prisma/client/runtime/client.mjs [app-client] (ecmascript) <locals>

Caused by:
- the chunking context (unknown) does not support external modules (request: node:module)

Debug info:
- An error occurred while generating the chunk item [project]/node_modules/@prisma/client/runtime/client.mjs [app-client] (ecmascript) <locals>
- Execution of <EcmascriptModuleLocalsModule as EcmascriptChunkPlaceable>::chunk_item_content failed
- Execution of *EcmascriptChunkItemContent::new failed
- Execution of EcmascriptModuleContent::new failed
- the chunking context (unknown) does not support external modules (request: node:module)

Import trace:
  Client Component Browser:
    ./node_modules/@prisma/client/runtime/client.mjs [Client Component Browser]
    ./app/generated/prisma/internal/prismaNamespace.ts [Client Component Browser]
    ./app/generated/prisma/client.ts [Client Component Browser]
    ./lib/prisma.ts [Client Component Browser]
    ./lib/cleanup.ts [Client Component Browser]
    ./app/(manager)/settings/page.tsx [Client Component Browser]
    ./app/(manager)/settings/page.tsx [Server Component] @ http://localhost:3000/_next/static/chunks/node_modules_next_dist_115brz8._.js:3318
[ 1969638ms] [ERROR] ./node_modules/@prisma/client/runtime/client.mjs
Code generation for chunk item errored
An error occurred while generating the chunk item [project]/node_modules/@prisma/client/runtime/client.mjs [app-client] (ecmascript) <locals>

Caused by:
- the chunking context (unknown) does not support external modules (request: node:module)

Debug info:
- An error occurred while generating the chunk item [project]/node_modules/@prisma/client/runtime/client.mjs [app-client] (ecmascript) <locals>
- Execution of <EcmascriptModuleLocalsModule as EcmascriptChunkPlaceable>::chunk_item_content failed
- Execution of *EcmascriptChunkItemContent::new failed
- Execution of EcmascriptModuleContent::new failed
- the chunking context (unknown) does not support external modules (request: node:module)

Import trace:
  Client Component Browser:
    ./node_modules/@prisma/client/runtime/client.mjs [Client Component Browser]
    ./app/generated/prisma/internal/prismaNamespace.ts [Client Component Browser]
    ./app/generated/prisma/client.ts [Client Component Browser]
    ./lib/prisma.ts [Client Component Browser]
    ./lib/cleanup.ts [Client Component Browser]
    ./app/(manager)/settings/page.tsx [Client Component Browser]
    ./app/(manager)/settings/page.tsx [Server Component] @ http://localhost:3000/_next/static/chunks/node_modules_next_dist_115brz8._.js:3318
[ 1969690ms] [ERROR] ./node_modules/@prisma/client/runtime/client.mjs
Code generation for chunk item errored
An error occurred while generating the chunk item [project]/node_modules/@prisma/client/runtime/client.mjs [app-client] (ecmascript) <locals>

Caused by:
- the chunking context (unknown) does not support external modules (request: node:module)

Debug info:
- An error occurred while generating the chunk item [project]/node_modules/@prisma/client/runtime/client.mjs [app-client] (ecmascript) <locals>
- Execution of <EcmascriptModuleLocalsModule as EcmascriptChunkPlaceable>::chunk_item_content failed
- Execution of *EcmascriptChunkItemContent::new failed
- Execution of EcmascriptModuleContent::new failed
- the chunking context (unknown) does not support external modules (request: node:module)

Import trace:
  Client Component Browser:
    ./node_modules/@prisma/client/runtime/client.mjs [Client Component Browser]
    ./app/generated/prisma/internal/prismaNamespace.ts [Client Component Browser]
    ./app/generated/prisma/client.ts [Client Component Browser]
    ./lib/prisma.ts [Client Component Browser]
    ./lib/cleanup.ts [Client Component Browser]
    ./app/(manager)/settings/page.tsx [Client Component Browser]
    ./app/(manager)/settings/page.tsx [Server Component] @ http://localhost:3000/_next/static/chunks/node_modules_next_dist_115brz8._.js:3318
[ 1969741ms] [ERROR] ./node_modules/@prisma/client/runtime/client.mjs
Code generation for chunk item errored
An error occurred while generating the chunk item [project]/node_modules/@prisma/client/runtime/client.mjs [app-client] (ecmascript) <locals>

Caused by:
- the chunking context (unknown) does not support external modules (request: node:module)

Debug info:
- An error occurred while generating the chunk item [project]/node_modules/@prisma/client/runtime/client.mjs [app-client] (ecmascript) <locals>
- Execution of <EcmascriptModuleLocalsModule as EcmascriptChunkPlaceable>::chunk_item_content failed
- Execution of *EcmascriptChunkItemContent::new failed
- Execution of EcmascriptModuleContent::new failed
- the chunking context (unknown) does not support external modules (request: node:module)

Import trace:
  Client Component Browser:
    ./node_modules/@prisma/client/runtime/client.mjs [Client Component Browser]
    ./app/generated/prisma/internal/prismaNamespace.ts [Client Component Browser]
    ./app/generated/prisma/client.ts [Client Component Browser]
    ./lib/prisma.ts [Client Component Browser]
    ./lib/cleanup.ts [Client Component Browser]
    ./app/(manager)/settings/page.tsx [Client Component Browser]
    ./app/(manager)/settings/page.tsx [Server Component] @ http://localhost:3000/_next/static/chunks/node_modules_next_dist_115brz8._.js:3318
[ 1969793ms] [ERROR] ./node_modules/@prisma/client/runtime/client.mjs
Code generation for chunk item errored
An error occurred while generating the chunk item [project]/node_modules/@prisma/client/runtime/client.mjs [app-client] (ecmascript) <locals>

Caused by:
- the chunking context (unknown) does not support external modules (request: node:module)

Debug info:
- An error occurred while generating the chunk item [project]/node_modules/@prisma/client/runtime/client.mjs [app-client] (ecmascript) <locals>
- Execution of <EcmascriptModuleLocalsModule as EcmascriptChunkPlaceable>::chunk_item_content failed
- Execution of *EcmascriptChunkItemContent::new failed
- Execution of EcmascriptModuleContent::new failed
- the chunking context (unknown) does not support external modules (request: node:module)

Import trace:
  Client Component Browser:
    ./node_modules/@prisma/client/runtime/client.mjs [Client Component Browser]
    ./app/generated/prisma/internal/prismaNamespace.ts [Client Component Browser]
    ./app/generated/prisma/client.ts [Client Component Browser]
    ./lib/prisma.ts [Client Component Browser]
    ./lib/cleanup.ts [Client Component Browser]
    ./app/(manager)/settings/page.tsx [Client Component Browser]
    ./app/(manager)/settings/page.tsx [Server Component] @ http://localhost:3000/_next/static/chunks/node_modules_next_dist_115brz8._.js:3318
[ 1969850ms] [ERROR] ./node_modules/@prisma/client/runtime/client.mjs
Code generation for chunk item errored
An error occurred while generating the chunk item [project]/node_modules/@prisma/client/runtime/client.mjs [app-client] (ecmascript) <locals>

Caused by:
- the chunking context (unknown) does not support external modules (request: node:module)

Debug info:
- An error occurred while generating the chunk item [project]/node_modules/@prisma/client/runtime/client.mjs [app-client] (ecmascript) <locals>
- Execution of <EcmascriptModuleLocalsModule as EcmascriptChunkPlaceable>::chunk_item_content failed
- Execution of *EcmascriptChunkItemContent::new failed
- Execution of EcmascriptModuleContent::new failed
- the chunking context (unknown) does not support external modules (request: node:module)

Import trace:
  Client Component Browser:
    ./node_modules/@prisma/client/runtime/client.mjs [Client Component Browser]
    ./app/generated/prisma/internal/prismaNamespace.ts [Client Component Browser]
    ./app/generated/prisma/client.ts [Client Component Browser]
    ./lib/prisma.ts [Client Component Browser]
    ./lib/cleanup.ts [Client Component Browser]
    ./app/(manager)/settings/page.tsx [Client Component Browser]
    ./app/(manager)/settings/page.tsx [Server Component] @ http://localhost:3000/_next/static/chunks/node_modules_next_dist_115brz8._.js:3318
[ 1969911ms] [ERROR] ./node_modules/@prisma/client/runtime/client.mjs
Code generation for chunk item errored
An error occurred while generating the chunk item [project]/node_modules/@prisma/client/runtime/client.mjs [app-client] (ecmascript) <locals>

Caused by:
- the chunking context (unknown) does not support external modules (request: node:module)

Debug info:
- An error occurred while generating the chunk item [project]/node_modules/@prisma/client/runtime/client.mjs [app-client] (ecmascript) <locals>
- Execution of <EcmascriptModuleLocalsModule as EcmascriptChunkPlaceable>::chunk_item_content failed
- Execution of *EcmascriptChunkItemContent::new failed
- Execution of EcmascriptModuleContent::new failed
- the chunking context (unknown) does not support external modules (request: node:module)

Import trace:
  Client Component Browser:
    ./node_modules/@prisma/client/runtime/client.mjs [Client Component Browser]
    ./app/generated/prisma/internal/prismaNamespace.ts [Client Component Browser]
    ./app/generated/prisma/client.ts [Client Component Browser]
    ./lib/prisma.ts [Client Component Browser]
    ./lib/cleanup.ts [Client Component Browser]
    ./app/(manager)/settings/page.tsx [Client Component Browser]
    ./app/(manager)/settings/page.tsx [Server Component] @ http://localhost:3000/_next/static/chunks/node_modules_next_dist_115brz8._.js:3318
[ 1969973ms] [ERROR] ./node_modules/@prisma/client/runtime/client.mjs
Code generation for chunk item errored
An error occurred while generating the chunk item [project]/node_modules/@prisma/client/runtime/client.mjs [app-client] (ecmascript) <locals>

Caused by:
- the chunking context (unknown) does not support external modules (request: node:module)

Debug info:
- An error occurred while generating the chunk item [project]/node_modules/@prisma/client/runtime/client.mjs [app-client] (ecmascript) <locals>
- Execution of <EcmascriptModuleLocalsModule as EcmascriptChunkPlaceable>::chunk_item_content failed
- Execution of *EcmascriptChunkItemContent::new failed
- Execution of EcmascriptModuleContent::new failed
- the chunking context (unknown) does not support external modules (request: node:module)

Import trace:
  Client Component Browser:
    ./node_modules/@prisma/client/runtime/client.mjs [Client Component Browser]
    ./app/generated/prisma/internal/prismaNamespace.ts [Client Component Browser]
    ./app/generated/prisma/client.ts [Client Component Browser]
    ./lib/prisma.ts [Client Component Browser]
    ./lib/cleanup.ts [Client Component Browser]
    ./app/(manager)/settings/page.tsx [Client Component Browser]
    ./app/(manager)/settings/page.tsx [Server Component] @ http://localhost:3000/_next/static/chunks/node_modules_next_dist_115brz8._.js:3318
[ 1970030ms] [ERROR] ./node_modules/@prisma/client/runtime/client.mjs
Code generation for chunk item errored
An error occurred while generating the chunk item [project]/node_modules/@prisma/client/runtime/client.mjs [app-client] (ecmascript) <locals>

Caused by:
- the chunking context (unknown) does not support external modules (request: node:module)

Debug info:
- An error occurred while generating the chunk item [project]/node_modules/@prisma/client/runtime/client.mjs [app-client] (ecmascript) <locals>
- Execution of <EcmascriptModuleLocalsModule as EcmascriptChunkPlaceable>::chunk_item_content failed
- Execution of *EcmascriptChunkItemContent::new failed
- Execution of EcmascriptModuleContent::new failed
- the chunking context (unknown) does not support external modules (request: node:module)

Import trace:
  Client Component Browser:
    ./node_modules/@prisma/client/runtime/client.mjs [Client Component Browser]
    ./app/generated/prisma/internal/prismaNamespace.ts [Client Component Browser]
    ./app/generated/prisma/client.ts [Client Component Browser]
    ./lib/prisma.ts [Client Component Browser]
    ./lib/cleanup.ts [Client Component Browser]
    ./app/(manager)/settings/page.tsx [Client Component Browser]
    ./app/(manager)/settings/page.tsx [Server Component] @ http://localhost:3000/_next/static/chunks/node_modules_next_dist_115brz8._.js:3318
[ 1970085ms] [ERROR] ./node_modules/@prisma/client/runtime/client.mjs
Code generation for chunk item errored
An error occurred while generating the chunk item [project]/node_modules/@prisma/client/runtime/client.mjs [app-client] (ecmascript) <locals>

Caused by:
- the chunking context (unknown) does not support external modules (request: node:module)

Debug info:
- An error occurred while generating the chunk item [project]/node_modules/@prisma/client/runtime/client.mjs [app-client] (ecmascript) <locals>
- Execution of <EcmascriptModuleLocalsModule as EcmascriptChunkPlaceable>::chunk_item_content failed
- Execution of *EcmascriptChunkItemContent::new failed
- Execution of EcmascriptModuleContent::new failed
- the chunking context (unknown) does not support external modules (request: node:module)

Import trace:
  Client Component Browser:
    ./node_modules/@prisma/client/runtime/client.mjs [Client Component Browser]
    ./app/generated/prisma/internal/prismaNamespace.ts [Client Component Browser]
    ./app/generated/prisma/client.ts [Client Component Browser]
    ./lib/prisma.ts [Client Component Browser]
    ./lib/cleanup.ts [Client Component Browser]
    ./app/(manager)/settings/page.tsx [Client Component Browser]
    ./app/(manager)/settings/page.tsx [Server Component] @ http://localhost:3000/_next/static/chunks/node_modules_next_dist_115brz8._.js:3318
[ 1970144ms] [ERROR] ./node_modules/@prisma/client/runtime/client.mjs
Code generation for chunk item errored
An error occurred while generating the chunk item [project]/node_modules/@prisma/client/runtime/client.mjs [app-client] (ecmascript) <locals>

Caused by:
- the chunking context (unknown) does not support external modules (request: node:module)

Debug info:
- An error occurred while generating the chunk item [project]/node_modules/@prisma/client/runtime/client.mjs [app-client] (ecmascript) <locals>
- Execution of <EcmascriptModuleLocalsModule as EcmascriptChunkPlaceable>::chunk_item_content failed
- Execution of *EcmascriptChunkItemContent::new failed
- Execution of EcmascriptModuleContent::new failed
- the chunking context (unknown) does not support external modules (request: node:module)

Import trace:
  Client Component Browser:
    ./node_modules/@prisma/client/runtime/client.mjs [Client Component Browser]
    ./app/generated/prisma/internal/prismaNamespace.ts [Client Component Browser]
    ./app/generated/prisma/client.ts [Client Component Browser]
    ./lib/prisma.ts [Client Component Browser]
    ./lib/cleanup.ts [Client Component Browser]
    ./app/(manager)/settings/page.tsx [Client Component Browser]
    ./app/(manager)/settings/page.tsx [Server Component] @ http://localhost:3000/_next/static/chunks/node_modules_next_dist_115brz8._.js:3318
[ 1970200ms] [ERROR] ./node_modules/@prisma/client/runtime/client.mjs
Code generation for chunk item errored
An error occurred while generating the chunk item [project]/node_modules/@prisma/client/runtime/client.mjs [app-client] (ecmascript) <locals>

Caused by:
- the chunking context (unknown) does not support external modules (request: node:module)

Debug info:
- An error occurred while generating the chunk item [project]/node_modules/@prisma/client/runtime/client.mjs [app-client] (ecmascript) <locals>
- Execution of <EcmascriptModuleLocalsModule as EcmascriptChunkPlaceable>::chunk_item_content failed
- Execution of *EcmascriptChunkItemContent::new failed
- Execution of EcmascriptModuleContent::new failed
- the chunking context (unknown) does not support external modules (request: node:module)

Import trace:
  Client Component Browser:
    ./node_modules/@prisma/client/runtime/client.mjs [Client Component Browser]
    ./app/generated/prisma/internal/prismaNamespace.ts [Client Component Browser]
    ./app/generated/prisma/client.ts [Client Component Browser]
    ./lib/prisma.ts [Client Component Browser]
    ./lib/cleanup.ts [Client Component Browser]
    ./app/(manager)/settings/page.tsx [Client Component Browser]
    ./app/(manager)/settings/page.tsx [Server Component] @ http://localhost:3000/_next/static/chunks/node_modules_next_dist_115brz8._.js:3318
[ 1970257ms] [ERROR] ./node_modules/@prisma/client/runtime/client.mjs
Code generation for chunk item errored
An error occurred while generating the chunk item [project]/node_modules/@prisma/client/runtime/client.mjs [app-client] (ecmascript) <locals>

Caused by:
- the chunking context (unknown) does not support external modules (request: node:module)

Debug info:
- An error occurred while generating the chunk item [project]/node_modules/@prisma/client/runtime/client.mjs [app-client] (ecmascript) <locals>
- Execution of <EcmascriptModuleLocalsModule as EcmascriptChunkPlaceable>::chunk_item_content failed
- Execution of *EcmascriptChunkItemContent::new failed
- Execution of EcmascriptModuleContent::new failed
- the chunking context (unknown) does not support external modules (request: node:module)

Import trace:
  Client Component Browser:
    ./node_modules/@prisma/client/runtime/client.mjs [Client Component Browser]
    ./app/generated/prisma/internal/prismaNamespace.ts [Client Component Browser]
    ./app/generated/prisma/client.ts [Client Component Browser]
    ./lib/prisma.ts [Client Component Browser]
    ./lib/cleanup.ts [Client Component Browser]
    ./app/(manager)/settings/page.tsx [Client Component Browser]
    ./app/(manager)/settings/page.tsx [Server Component] @ http://localhost:3000/_next/static/chunks/node_modules_next_dist_115brz8._.js:3318
[ 1970314ms] [ERROR] ./node_modules/@prisma/client/runtime/client.mjs
Code generation for chunk item errored
An error occurred while generating the chunk item [project]/node_modules/@prisma/client/runtime/client.mjs [app-client] (ecmascript) <locals>

Caused by:
- the chunking context (unknown) does not support external modules (request: node:module)

Debug info:
- An error occurred while generating the chunk item [project]/node_modules/@prisma/client/runtime/client.mjs [app-client] (ecmascript) <locals>
- Execution of <EcmascriptModuleLocalsModule as EcmascriptChunkPlaceable>::chunk_item_content failed
- Execution of *EcmascriptChunkItemContent::new failed
- Execution of EcmascriptModuleContent::new failed
- the chunking context (unknown) does not support external modules (request: node:module)

Import trace:
  Client Component Browser:
    ./node_modules/@prisma/client/runtime/client.mjs [Client Component Browser]
    ./app/generated/prisma/internal/prismaNamespace.ts [Client Component Browser]
    ./app/generated/prisma/client.ts [Client Component Browser]
    ./lib/prisma.ts [Client Component Browser]
    ./lib/cleanup.ts [Client Component Browser]
    ./app/(manager)/settings/page.tsx [Client Component Browser]
    ./app/(manager)/settings/page.tsx [Server Component] @ http://localhost:3000/_next/static/chunks/node_modules_next_dist_115brz8._.js:3318
[ 1970368ms] [ERROR] ./node_modules/@prisma/client/runtime/client.mjs
Code generation for chunk item errored
An error occurred while generating the chunk item [project]/node_modules/@prisma/client/runtime/client.mjs [app-client] (ecmascript) <locals>

Caused by:
- the chunking context (unknown) does not support external modules (request: node:module)

Debug info:
- An error occurred while generating the chunk item [project]/node_modules/@prisma/client/runtime/client.mjs [app-client] (ecmascript) <locals>
- Execution of <EcmascriptModuleLocalsModule as EcmascriptChunkPlaceable>::chunk_item_content failed
- Execution of *EcmascriptChunkItemContent::new failed
- Execution of EcmascriptModuleContent::new failed
- the chunking context (unknown) does not support external modules (request: node:module)

Import trace:
  Client Component Browser:
    ./node_modules/@prisma/client/runtime/client.mjs [Client Component Browser]
    ./app/generated/prisma/internal/prismaNamespace.ts [Client Component Browser]
    ./app/generated/prisma/client.ts [Client Component Browser]
    ./lib/prisma.ts [Client Component Browser]
    ./lib/cleanup.ts [Client Component Browser]
    ./app/(manager)/settings/page.tsx [Client Component Browser]
    ./app/(manager)/settings/page.tsx [Server Component] @ http://localhost:3000/_next/static/chunks/node_modules_next_dist_115brz8._.js:3318
[ 1970421ms] [ERROR] ./node_modules/@prisma/client/runtime/client.mjs
Code generation for chunk item errored
An error occurred while generating the chunk item [project]/node_modules/@prisma/client/runtime/client.mjs [app-client] (ecmascript) <locals>

Caused by:
- the chunking context (unknown) does not support external modules (request: node:module)

Debug info:
- An error occurred while generating the chunk item [project]/node_modules/@prisma/client/runtime/client.mjs [app-client] (ecmascript) <locals>
- Execution of <EcmascriptModuleLocalsModule as EcmascriptChunkPlaceable>::chunk_item_content failed
- Execution of *EcmascriptChunkItemContent::new failed
- Execution of EcmascriptModuleContent::new failed
- the chunking context (unknown) does not support external modules (request: node:module)

Import trace:
  Client Component Browser:
    ./node_modules/@prisma/client/runtime/client.mjs [Client Component Browser]
    ./app/generated/prisma/internal/prismaNamespace.ts [Client Component Browser]
    ./app/generated/prisma/client.ts [Client Component Browser]
    ./lib/prisma.ts [Client Component Browser]
    ./lib/cleanup.ts [Client Component Browser]
    ./app/(manager)/settings/page.tsx [Client Component Browser]
    ./app/(manager)/settings/page.tsx [Server Component] @ http://localhost:3000/_next/static/chunks/node_modules_next_dist_115brz8._.js:3318
[ 1970472ms] [ERROR] ./node_modules/@prisma/client/runtime/client.mjs
Code generation for chunk item errored
An error occurred while generating the chunk item [project]/node_modules/@prisma/client/runtime/client.mjs [app-client] (ecmascript) <locals>

Caused by:
- the chunking context (unknown) does not support external modules (request: node:module)

Debug info:
- An error occurred while generating the chunk item [project]/node_modules/@prisma/client/runtime/client.mjs [app-client] (ecmascript) <locals>
- Execution of <EcmascriptModuleLocalsModule as EcmascriptChunkPlaceable>::chunk_item_content failed
- Execution of *EcmascriptChunkItemContent::new failed
- Execution of EcmascriptModuleContent::new failed
- the chunking context (unknown) does not support external modules (request: node:module)

Import trace:
  Client Component Browser:
    ./node_modules/@prisma/client/runtime/client.mjs [Client Component Browser]
    ./app/generated/prisma/internal/prismaNamespace.ts [Client Component Browser]
    ./app/generated/prisma/client.ts [Client Component Browser]
    ./lib/prisma.ts [Client Component Browser]
    ./lib/cleanup.ts [Client Component Browser]
    ./app/(manager)/settings/page.tsx [Client Component Browser]
    ./app/(manager)/settings/page.tsx [Server Component] @ http://localhost:3000/_next/static/chunks/node_modules_next_dist_115brz8._.js:3318
[ 1970524ms] [ERROR] ./node_modules/@prisma/client/runtime/client.mjs
Code generation for chunk item errored
An error occurred while generating the chunk item [project]/node_modules/@prisma/client/runtime/client.mjs [app-client] (ecmascript) <locals>

Caused by:
- the chunking context (unknown) does not support external modules (request: node:module)

Debug info:
- An error occurred while generating the chunk item [project]/node_modules/@prisma/client/runtime/client.mjs [app-client] (ecmascript) <locals>
- Execution of <EcmascriptModuleLocalsModule as EcmascriptChunkPlaceable>::chunk_item_content failed
- Execution of *EcmascriptChunkItemContent::new failed
- Execution of EcmascriptModuleContent::new failed
- the chunking context (unknown) does not support external modules (request: node:module)

Import trace:
  Client Component Browser:
    ./node_modules/@prisma/client/runtime/client.mjs [Client Component Browser]
    ./app/generated/prisma/internal/prismaNamespace.ts [Client Component Browser]
    ./app/generated/prisma/client.ts [Client Component Browser]
    ./lib/prisma.ts [Client Component Browser]
    ./lib/cleanup.ts [Client Component Browser]
    ./app/(manager)/settings/page.tsx [Client Component Browser]
    ./app/(manager)/settings/page.tsx [Server Component] @ http://localhost:3000/_next/static/chunks/node_modules_next_dist_115brz8._.js:3318
[ 1970576ms] [ERROR] ./node_modules/@prisma/client/runtime/client.mjs
Code generation for chunk item errored
An error occurred while generating the chunk item [project]/node_modules/@prisma/client/runtime/client.mjs [app-client] (ecmascript) <locals>

Caused by:
- the chunking context (unknown) does not support external modules (request: node:module)

Debug info:
- An error occurred while generating the chunk item [project]/node_modules/@prisma/client/runtime/client.mjs [app-client] (ecmascript) <locals>
- Execution of <EcmascriptModuleLocalsModule as EcmascriptChunkPlaceable>::chunk_item_content failed
- Execution of *EcmascriptChunkItemContent::new failed
- Execution of EcmascriptModuleContent::new failed
- the chunking context (unknown) does not support external modules (request: node:module)

Import trace:
  Client Component Browser:
    ./node_modules/@prisma/client/runtime/client.mjs [Client Component Browser]
    ./app/generated/prisma/internal/prismaNamespace.ts [Client Component Browser]
    ./app/generated/prisma/client.ts [Client Component Browser]
    ./lib/prisma.ts [Client Component Browser]
    ./lib/cleanup.ts [Client Component Browser]
    ./app/(manager)/settings/page.tsx [Client Component Browser]
    ./app/(manager)/settings/page.tsx [Server Component] @ http://localhost:3000/_next/static/chunks/node_modules_next_dist_115brz8._.js:3318
[ 1970631ms] [ERROR] ./node_modules/@prisma/client/runtime/client.mjs
Code generation for chunk item errored
An error occurred while generating the chunk item [project]/node_modules/@prisma/client/runtime/client.mjs [app-client] (ecmascript) <locals>

Caused by:
- the chunking context (unknown) does not support external modules (request: node:module)

Debug info:
- An error occurred while generating the chunk item [project]/node_modules/@prisma/client/runtime/client.mjs [app-client] (ecmascript) <locals>
- Execution of <EcmascriptModuleLocalsModule as EcmascriptChunkPlaceable>::chunk_item_content failed
- Execution of *EcmascriptChunkItemContent::new failed
- Execution of EcmascriptModuleContent::new failed
- the chunking context (unknown) does not support external modules (request: node:module)

Import trace:
  Client Component Browser:
    ./node_modules/@prisma/client/runtime/client.mjs [Client Component Browser]
    ./app/generated/prisma/internal/prismaNamespace.ts [Client Component Browser]
    ./app/generated/prisma/client.ts [Client Component Browser]
    ./lib/prisma.ts [Client Component Browser]
    ./lib/cleanup.ts [Client Component Browser]
    ./app/(manager)/settings/page.tsx [Client Component Browser]
    ./app/(manager)/settings/page.tsx [Server Component] @ http://localhost:3000/_next/static/chunks/node_modules_next_dist_115brz8._.js:3318
[ 1970690ms] [ERROR] ./node_modules/@prisma/client/runtime/client.mjs
Code generation for chunk item errored
An error occurred while generating the chunk item [project]/node_modules/@prisma/client/runtime/client.mjs [app-client] (ecmascript) <locals>

Caused by:
- the chunking context (unknown) does not support external modules (request: node:module)

Debug info:
- An error occurred while generating the chunk item [project]/node_modules/@prisma/client/runtime/client.mjs [app-client] (ecmascript) <locals>
- Execution of <EcmascriptModuleLocalsModule as EcmascriptChunkPlaceable>::chunk_item_content failed
- Execution of *EcmascriptChunkItemContent::new failed
- Execution of EcmascriptModuleContent::new failed
- the chunking context (unknown) does not support external modules (request: node:module)

Import trace:
  Client Component Browser:
    ./node_modules/@prisma/client/runtime/client.mjs [Client Component Browser]
    ./app/generated/prisma/internal/prismaNamespace.ts [Client Component Browser]
    ./app/generated/prisma/client.ts [Client Component Browser]
    ./lib/prisma.ts [Client Component Browser]
    ./lib/cleanup.ts [Client Component Browser]
    ./app/(manager)/settings/page.tsx [Client Component Browser]
    ./app/(manager)/settings/page.tsx [Server Component] @ http://localhost:3000/_next/static/chunks/node_modules_next_dist_115brz8._.js:3318
[ 1970751ms] [ERROR] ./node_modules/@prisma/client/runtime/client.mjs
Code generation for chunk item errored
An error occurred while generating the chunk item [project]/node_modules/@prisma/client/runtime/client.mjs [app-client] (ecmascript) <locals>

Caused by:
- the chunking context (unknown) does not support external modules (request: node:module)

Debug info:
- An error occurred while generating the chunk item [project]/node_modules/@prisma/client/runtime/client.mjs [app-client] (ecmascript) <locals>
- Execution of <EcmascriptModuleLocalsModule as EcmascriptChunkPlaceable>::chunk_item_content failed
- Execution of *EcmascriptChunkItemContent::new failed
- Execution of EcmascriptModuleContent::new failed
- the chunking context (unknown) does not support external modules (request: node:module)

Import trace:
  Client Component Browser:
    ./node_modules/@prisma/client/runtime/client.mjs [Client Component Browser]
    ./app/generated/prisma/internal/prismaNamespace.ts [Client Component Browser]
    ./app/generated/prisma/client.ts [Client Component Browser]
    ./lib/prisma.ts [Client Component Browser]
    ./lib/cleanup.ts [Client Component Browser]
    ./app/(manager)/settings/page.tsx [Client Component Browser]
    ./app/(manager)/settings/page.tsx [Server Component] @ http://localhost:3000/_next/static/chunks/node_modules_next_dist_115brz8._.js:3318
[ 1970802ms] [ERROR] ./node_modules/@prisma/client/runtime/client.mjs
Code generation for chunk item errored
An error occurred while generating the chunk item [project]/node_modules/@prisma/client/runtime/client.mjs [app-client] (ecmascript) <locals>

Caused by:
- the chunking context (unknown) does not support external modules (request: node:module)

Debug info:
- An error occurred while generating the chunk item [project]/node_modules/@prisma/client/runtime/client.mjs [app-client] (ecmascript) <locals>
- Execution of <EcmascriptModuleLocalsModule as EcmascriptChunkPlaceable>::chunk_item_content failed
- Execution of *EcmascriptChunkItemContent::new failed
- Execution of EcmascriptModuleContent::new failed
- the chunking context (unknown) does not support external modules (request: node:module)

Import trace:
  Client Component Browser:
    ./node_modules/@prisma/client/runtime/client.mjs [Client Component Browser]
    ./app/generated/prisma/internal/prismaNamespace.ts [Client Component Browser]
    ./app/generated/prisma/client.ts [Client Component Browser]
    ./lib/prisma.ts [Client Component Browser]
    ./lib/cleanup.ts [Client Component Browser]
    ./app/(manager)/settings/page.tsx [Client Component Browser]
    ./app/(manager)/settings/page.tsx [Server Component] @ http://localhost:3000/_next/static/chunks/node_modules_next_dist_115brz8._.js:3318
[ 1970858ms] [ERROR] ./node_modules/@prisma/client/runtime/client.mjs
Code generation for chunk item errored
An error occurred while generating the chunk item [project]/node_modules/@prisma/client/runtime/client.mjs [app-client] (ecmascript) <locals>

Caused by:
- the chunking context (unknown) does not support external modules (request: node:module)

Debug info:
- An error occurred while generating the chunk item [project]/node_modules/@prisma/client/runtime/client.mjs [app-client] (ecmascript) <locals>
- Execution of <EcmascriptModuleLocalsModule as EcmascriptChunkPlaceable>::chunk_item_content failed
- Execution of *EcmascriptChunkItemContent::new failed
- Execution of EcmascriptModuleContent::new failed
- the chunking context (unknown) does not support external modules (request: node:module)

Import trace:
  Client Component Browser:
    ./node_modules/@prisma/client/runtime/client.mjs [Client Component Browser]
    ./app/generated/prisma/internal/prismaNamespace.ts [Client Component Browser]
    ./app/generated/prisma/client.ts [Client Component Browser]
    ./lib/prisma.ts [Client Component Browser]
    ./lib/cleanup.ts [Client Component Browser]
    ./app/(manager)/settings/page.tsx [Client Component Browser]
    ./app/(manager)/settings/page.tsx [Server Component] @ http://localhost:3000/_next/static/chunks/node_modules_next_dist_115brz8._.js:3318
[ 1970913ms] [ERROR] ./node_modules/@prisma/client/runtime/client.mjs
Code generation for chunk item errored
An error occurred while generating the chunk item [project]/node_modules/@prisma/client/runtime/client.mjs [app-client] (ecmascript) <locals>

Caused by:
- the chunking context (unknown) does not support external modules (request: node:module)

Debug info:
- An error occurred while generating the chunk item [project]/node_modules/@prisma/client/runtime/client.mjs [app-client] (ecmascript) <locals>
- Execution of <EcmascriptModuleLocalsModule as EcmascriptChunkPlaceable>::chunk_item_content failed
- Execution of *EcmascriptChunkItemContent::new failed
- Execution of EcmascriptModuleContent::new failed
- the chunking context (unknown) does not support external modules (request: node:module)

Import trace:
  Client Component Browser:
    ./node_modules/@prisma/client/runtime/client.mjs [Client Component Browser]
    ./app/generated/prisma/internal/prismaNamespace.ts [Client Component Browser]
    ./app/generated/prisma/client.ts [Client Component Browser]
    ./lib/prisma.ts [Client Component Browser]
    ./lib/cleanup.ts [Client Component Browser]
    ./app/(manager)/settings/page.tsx [Client Component Browser]
    ./app/(manager)/settings/page.tsx [Server Component] @ http://localhost:3000/_next/static/chunks/node_modules_next_dist_115brz8._.js:3318
[ 1970970ms] [ERROR] ./node_modules/@prisma/client/runtime/client.mjs
Code generation for chunk item errored
An error occurred while generating the chunk item [project]/node_modules/@prisma/client/runtime/client.mjs [app-client] (ecmascript) <locals>

Caused by:
- the chunking context (unknown) does not support external modules (request: node:module)

Debug info:
- An error occurred while generating the chunk item [project]/node_modules/@prisma/client/runtime/client.mjs [app-client] (ecmascript) <locals>
- Execution of <EcmascriptModuleLocalsModule as EcmascriptChunkPlaceable>::chunk_item_content failed
- Execution of *EcmascriptChunkItemContent::new failed
- Execution of EcmascriptModuleContent::new failed
- the chunking context (unknown) does not support external modules (request: node:module)

Import trace:
  Client Component Browser:
    ./node_modules/@prisma/client/runtime/client.mjs [Client Component Browser]
    ./app/generated/prisma/internal/prismaNamespace.ts [Client Component Browser]
    ./app/generated/prisma/client.ts [Client Component Browser]
    ./lib/prisma.ts [Client Component Browser]
    ./lib/cleanup.ts [Client Component Browser]
    ./app/(manager)/settings/page.tsx [Client Component Browser]
    ./app/(manager)/settings/page.tsx [Server Component] @ http://localhost:3000/_next/static/chunks/node_modules_next_dist_115brz8._.js:3318
[ 1971023ms] [ERROR] ./node_modules/@prisma/client/runtime/client.mjs
Code generation for chunk item errored
An error occurred while generating the chunk item [project]/node_modules/@prisma/client/runtime/client.mjs [app-client] (ecmascript) <locals>

Caused by:
- the chunking context (unknown) does not support external modules (request: node:module)

Debug info:
- An error occurred while generating the chunk item [project]/node_modules/@prisma/client/runtime/client.mjs [app-client] (ecmascript) <locals>
- Execution of <EcmascriptModuleLocalsModule as EcmascriptChunkPlaceable>::chunk_item_content failed
- Execution of *EcmascriptChunkItemContent::new failed
- Execution of EcmascriptModuleContent::new failed
- the chunking context (unknown) does not support external modules (request: node:module)

Import trace:
  Client Component Browser:
    ./node_modules/@prisma/client/runtime/client.mjs [Client Component Browser]
    ./app/generated/prisma/internal/prismaNamespace.ts [Client Component Browser]
    ./app/generated/prisma/client.ts [Client Component Browser]
    ./lib/prisma.ts [Client Component Browser]
    ./lib/cleanup.ts [Client Component Browser]
    ./app/(manager)/settings/page.tsx [Client Component Browser]
    ./app/(manager)/settings/page.tsx [Server Component] @ http://localhost:3000/_next/static/chunks/node_modules_next_dist_115brz8._.js:3318
[ 1971074ms] [ERROR] ./node_modules/@prisma/client/runtime/client.mjs
Code generation for chunk item errored
An error occurred while generating the chunk item [project]/node_modules/@prisma/client/runtime/client.mjs [app-client] (ecmascript) <locals>

Caused by:
- the chunking context (unknown) does not support external modules (request: node:module)

Debug info:
- An error occurred while generating the chunk item [project]/node_modules/@prisma/client/runtime/client.mjs [app-client] (ecmascript) <locals>
- Execution of <EcmascriptModuleLocalsModule as EcmascriptChunkPlaceable>::chunk_item_content failed
- Execution of *EcmascriptChunkItemContent::new failed
- Execution of EcmascriptModuleContent::new failed
- the chunking context (unknown) does not support external modules (request: node:module)

Import trace:
  Client Component Browser:
    ./node_modules/@prisma/client/runtime/client.mjs [Client Component Browser]
    ./app/generated/prisma/internal/prismaNamespace.ts [Client Component Browser]
    ./app/generated/prisma/client.ts [Client Component Browser]
    ./lib/prisma.ts [Client Component Browser]
    ./lib/cleanup.ts [Client Component Browser]
    ./app/(manager)/settings/page.tsx [Client Component Browser]
    ./app/(manager)/settings/page.tsx [Server Component] @ http://localhost:3000/_next/static/chunks/node_modules_next_dist_115brz8._.js:3318
[ 1971130ms] [ERROR] ./node_modules/@prisma/client/runtime/client.mjs
Code generation for chunk item errored
An error occurred while generating the chunk item [project]/node_modules/@prisma/client/runtime/client.mjs [app-client] (ecmascript) <locals>

Caused by:
- the chunking context (unknown) does not support external modules (request: node:module)

Debug info:
- An error occurred while generating the chunk item [project]/node_modules/@prisma/client/runtime/client.mjs [app-client] (ecmascript) <locals>
- Execution of <EcmascriptModuleLocalsModule as EcmascriptChunkPlaceable>::chunk_item_content failed
- Execution of *EcmascriptChunkItemContent::new failed
- Execution of EcmascriptModuleContent::new failed
- the chunking context (unknown) does not support external modules (request: node:module)

Import trace:
  Client Component Browser:
    ./node_modules/@prisma/client/runtime/client.mjs [Client Component Browser]
    ./app/generated/prisma/internal/prismaNamespace.ts [Client Component Browser]
    ./app/generated/prisma/client.ts [Client Component Browser]
    ./lib/prisma.ts [Client Component Browser]
    ./lib/cleanup.ts [Client Component Browser]
    ./app/(manager)/settings/page.tsx [Client Component Browser]
    ./app/(manager)/settings/page.tsx [Server Component] @ http://localhost:3000/_next/static/chunks/node_modules_next_dist_115brz8._.js:3318
[ 1971181ms] [ERROR] ./node_modules/@prisma/client/runtime/client.mjs
Code generation for chunk item errored
An error occurred while generating the chunk item [project]/node_modules/@prisma/client/runtime/client.mjs [app-client] (ecmascript) <locals>

Caused by:
- the chunking context (unknown) does not support external modules (request: node:module)

Debug info:
- An error occurred while generating the chunk item [project]/node_modules/@prisma/client/runtime/client.mjs [app-client] (ecmascript) <locals>
- Execution of <EcmascriptModuleLocalsModule as EcmascriptChunkPlaceable>::chunk_item_content failed
- Execution of *EcmascriptChunkItemContent::new failed
- Execution of EcmascriptModuleContent::new failed
- the chunking context (unknown) does not support external modules (request: node:module)

Import trace:
  Client Component Browser:
    ./node_modules/@prisma/client/runtime/client.mjs [Client Component Browser]
    ./app/generated/prisma/internal/prismaNamespace.ts [Client Component Browser]
    ./app/generated/prisma/client.ts [Client Component Browser]
    ./lib/prisma.ts [Client Component Browser]
    ./lib/cleanup.ts [Client Component Browser]
    ./app/(manager)/settings/page.tsx [Client Component Browser]
    ./app/(manager)/settings/page.tsx [Server Component] @ http://localhost:3000/_next/static/chunks/node_modules_next_dist_115brz8._.js:3318
[ 1971233ms] [ERROR] ./node_modules/@prisma/client/runtime/client.mjs
Code generation for chunk item errored
An error occurred while generating the chunk item [project]/node_modules/@prisma/client/runtime/client.mjs [app-client] (ecmascript) <locals>

Caused by:
- the chunking context (unknown) does not support external modules (request: node:module)

Debug info:
- An error occurred while generating the chunk item [project]/node_modules/@prisma/client/runtime/client.mjs [app-client] (ecmascript) <locals>
- Execution of <EcmascriptModuleLocalsModule as EcmascriptChunkPlaceable>::chunk_item_content failed
- Execution of *EcmascriptChunkItemContent::new failed
- Execution of EcmascriptModuleContent::new failed
- the chunking context (unknown) does not support external modules (request: node:module)

Import trace:
  Client Component Browser:
    ./node_modules/@prisma/client/runtime/client.mjs [Client Component Browser]
    ./app/generated/prisma/internal/prismaNamespace.ts [Client Component Browser]
    ./app/generated/prisma/client.ts [Client Component Browser]
    ./lib/prisma.ts [Client Component Browser]
    ./lib/cleanup.ts [Client Component Browser]
    ./app/(manager)/settings/page.tsx [Client Component Browser]
    ./app/(manager)/settings/page.tsx [Server Component] @ http://localhost:3000/_next/static/chunks/node_modules_next_dist_115brz8._.js:3318
[ 1971284ms] [ERROR] ./node_modules/@prisma/client/runtime/client.mjs
Code generation for chunk item errored
An error occurred while generating the chunk item [project]/node_modules/@prisma/client/runtime/client.mjs [app-client] (ecmascript) <locals>

Caused by:
- the chunking context (unknown) does not support external modules (request: node:module)

Debug info:
- An error occurred while generating the chunk item [project]/node_modules/@prisma/client/runtime/client.mjs [app-client] (ecmascript) <locals>
- Execution of <EcmascriptModuleLocalsModule as EcmascriptChunkPlaceable>::chunk_item_content failed
- Execution of *EcmascriptChunkItemContent::new failed
- Execution of EcmascriptModuleContent::new failed
- the chunking context (unknown) does not support external modules (request: node:module)

Import trace:
  Client Component Browser:
    ./node_modules/@prisma/client/runtime/client.mjs [Client Component Browser]
    ./app/generated/prisma/internal/prismaNamespace.ts [Client Component Browser]
    ./app/generated/prisma/client.ts [Client Component Browser]
    ./lib/prisma.ts [Client Component Browser]
    ./lib/cleanup.ts [Client Component Browser]
    ./app/(manager)/settings/page.tsx [Client Component Browser]
    ./app/(manager)/settings/page.tsx [Server Component] @ http://localhost:3000/_next/static/chunks/node_modules_next_dist_115brz8._.js:3318
[ 1971342ms] [ERROR] ./node_modules/@prisma/client/runtime/client.mjs
Code generation for chunk item errored
An error occurred while generating the chunk item [project]/node_modules/@prisma/client/runtime/client.mjs [app-client] (ecmascript) <locals>

Caused by:
- the chunking context (unknown) does not support external modules (request: node:module)

Debug info:
- An error occurred while generating the chunk item [project]/node_modules/@prisma/client/runtime/client.mjs [app-client] (ecmascript) <locals>
- Execution of <EcmascriptModuleLocalsModule as EcmascriptChunkPlaceable>::chunk_item_content failed
- Execution of *EcmascriptChunkItemContent::new failed
- Execution of EcmascriptModuleContent::new failed
- the chunking context (unknown) does not support external modules (request: node:module)

Import trace:
  Client Component Browser:
    ./node_modules/@prisma/client/runtime/client.mjs [Client Component Browser]
    ./app/generated/prisma/internal/prismaNamespace.ts [Client Component Browser]
    ./app/generated/prisma/client.ts [Client Component Browser]
    ./lib/prisma.ts [Client Component Browser]
    ./lib/cleanup.ts [Client Component Browser]
    ./app/(manager)/settings/page.tsx [Client Component Browser]
    ./app/(manager)/settings/page.tsx [Server Component] @ http://localhost:3000/_next/static/chunks/node_modules_next_dist_115brz8._.js:3318
[ 1971394ms] [ERROR] ./node_modules/@prisma/client/runtime/client.mjs
Code generation for chunk item errored
An error occurred while generating the chunk item [project]/node_modules/@prisma/client/runtime/client.mjs [app-client] (ecmascript) <locals>

Caused by:
- the chunking context (unknown) does not support external modules (request: node:module)

Debug info:
- An error occurred while generating the chunk item [project]/node_modules/@prisma/client/runtime/client.mjs [app-client] (ecmascript) <locals>
- Execution of <EcmascriptModuleLocalsModule as EcmascriptChunkPlaceable>::chunk_item_content failed
- Execution of *EcmascriptChunkItemContent::new failed
- Execution of EcmascriptModuleContent::new failed
- the chunking context (unknown) does not support external modules (request: node:module)

Import trace:
  Client Component Browser:
    ./node_modules/@prisma/client/runtime/client.mjs [Client Component Browser]
    ./app/generated/prisma/internal/prismaNamespace.ts [Client Component Browser]
    ./app/generated/prisma/client.ts [Client Component Browser]
    ./lib/prisma.ts [Client Component Browser]
    ./lib/cleanup.ts [Client Component Browser]
    ./app/(manager)/settings/page.tsx [Client Component Browser]
    ./app/(manager)/settings/page.tsx [Server Component] @ http://localhost:3000/_next/static/chunks/node_modules_next_dist_115brz8._.js:3318
[ 1971449ms] [ERROR] ./node_modules/@prisma/client/runtime/client.mjs
Code generation for chunk item errored
An error occurred while generating the chunk item [project]/node_modules/@prisma/client/runtime/client.mjs [app-client] (ecmascript) <locals>

Caused by:
- the chunking context (unknown) does not support external modules (request: node:module)

Debug info:
- An error occurred while generating the chunk item [project]/node_modules/@prisma/client/runtime/client.mjs [app-client] (ecmascript) <locals>
- Execution of <EcmascriptModuleLocalsModule as EcmascriptChunkPlaceable>::chunk_item_content failed
- Execution of *EcmascriptChunkItemContent::new failed
- Execution of EcmascriptModuleContent::new failed
- the chunking context (unknown) does not support external modules (request: node:module)

Import trace:
  Client Component Browser:
    ./node_modules/@prisma/client/runtime/client.mjs [Client Component Browser]
    ./app/generated/prisma/internal/prismaNamespace.ts [Client Component Browser]
    ./app/generated/prisma/client.ts [Client Component Browser]
    ./lib/prisma.ts [Client Component Browser]
    ./lib/cleanup.ts [Client Component Browser]
    ./app/(manager)/settings/page.tsx [Client Component Browser]
    ./app/(manager)/settings/page.tsx [Server Component] @ http://localhost:3000/_next/static/chunks/node_modules_next_dist_115brz8._.js:3318
[ 1971501ms] [ERROR] ./node_modules/@prisma/client/runtime/client.mjs
Code generation for chunk item errored
An error occurred while generating the chunk item [project]/node_modules/@prisma/client/runtime/client.mjs [app-client] (ecmascript) <locals>

Caused by:
- the chunking context (unknown) does not support external modules (request: node:module)

Debug info:
- An error occurred while generating the chunk item [project]/node_modules/@prisma/client/runtime/client.mjs [app-client] (ecmascript) <locals>
- Execution of <EcmascriptModuleLocalsModule as EcmascriptChunkPlaceable>::chunk_item_content failed
- Execution of *EcmascriptChunkItemContent::new failed
- Execution of EcmascriptModuleContent::new failed
- the chunking context (unknown) does not support external modules (request: node:module)

Import trace:
  Client Component Browser:
    ./node_modules/@prisma/client/runtime/client.mjs [Client Component Browser]
    ./app/generated/prisma/internal/prismaNamespace.ts [Client Component Browser]
    ./app/generated/prisma/client.ts [Client Component Browser]
    ./lib/prisma.ts [Client Component Browser]
    ./lib/cleanup.ts [Client Component Browser]
    ./app/(manager)/settings/page.tsx [Client Component Browser]
    ./app/(manager)/settings/page.tsx [Server Component] @ http://localhost:3000/_next/static/chunks/node_modules_next_dist_115brz8._.js:3318
[ 1971556ms] [ERROR] ./node_modules/@prisma/client/runtime/client.mjs
Code generation for chunk item errored
An error occurred while generating the chunk item [project]/node_modules/@prisma/client/runtime/client.mjs [app-client] (ecmascript) <locals>

Caused by:
- the chunking context (unknown) does not support external modules (request: node:module)

Debug info:
- An error occurred while generating the chunk item [project]/node_modules/@prisma/client/runtime/client.mjs [app-client] (ecmascript) <locals>
- Execution of <EcmascriptModuleLocalsModule as EcmascriptChunkPlaceable>::chunk_item_content failed
- Execution of *EcmascriptChunkItemContent::new failed
- Execution of EcmascriptModuleContent::new failed
- the chunking context (unknown) does not support external modules (request: node:module)

Import trace:
  Client Component Browser:
    ./node_modules/@prisma/client/runtime/client.mjs [Client Component Browser]
    ./app/generated/prisma/internal/prismaNamespace.ts [Client Component Browser]
    ./app/generated/prisma/client.ts [Client Component Browser]
    ./lib/prisma.ts [Client Component Browser]
    ./lib/cleanup.ts [Client Component Browser]
    ./app/(manager)/settings/page.tsx [Client Component Browser]
    ./app/(manager)/settings/page.tsx [Server Component] @ http://localhost:3000/_next/static/chunks/node_modules_next_dist_115brz8._.js:3318
[ 1971601ms] [ERROR] ./node_modules/@prisma/client/runtime/client.mjs
Code generation for chunk item errored
An error occurred while generating the chunk item [project]/node_modules/@prisma/client/runtime/client.mjs [app-client] (ecmascript) <locals>

Caused by:
- the chunking context (unknown) does not support external modules (request: node:module)

Debug info:
- An error occurred while generating the chunk item [project]/node_modules/@prisma/client/runtime/client.mjs [app-client] (ecmascript) <locals>
- Execution of <EcmascriptModuleLocalsModule as EcmascriptChunkPlaceable>::chunk_item_content failed
- Execution of *EcmascriptChunkItemContent::new failed
- Execution of EcmascriptModuleContent::new failed
- the chunking context (unknown) does not support external modules (request: node:module)

Import trace:
  Client Component Browser:
    ./node_modules/@prisma/client/runtime/client.mjs [Client Component Browser]
    ./app/generated/prisma/internal/prismaNamespace.ts [Client Component Browser]
    ./app/generated/prisma/client.ts [Client Component Browser]
    ./lib/prisma.ts [Client Component Browser]
    ./lib/cleanup.ts [Client Component Browser]
    ./app/(manager)/settings/page.tsx [Client Component Browser]
    ./app/(manager)/settings/page.tsx [Server Component] @ http://localhost:3000/_next/static/chunks/node_modules_next_dist_115brz8._.js:3318
[ 1971651ms] [ERROR] ./node_modules/@prisma/client/runtime/client.mjs
Code generation for chunk item errored
An error occurred while generating the chunk item [project]/node_modules/@prisma/client/runtime/client.mjs [app-client] (ecmascript) <locals>

Caused by:
- the chunking context (unknown) does not support external modules (request: node:module)

Debug info:
- An error occurred while generating the chunk item [project]/node_modules/@prisma/client/runtime/client.mjs [app-client] (ecmascript) <locals>
- Execution of <EcmascriptModuleLocalsModule as EcmascriptChunkPlaceable>::chunk_item_content failed
- Execution of *EcmascriptChunkItemContent::new failed
- Execution of EcmascriptModuleContent::new failed
- the chunking context (unknown) does not support external modules (request: node:module)

Import trace:
  Client Component Browser:
    ./node_modules/@prisma/client/runtime/client.mjs [Client Component Browser]
    ./app/generated/prisma/internal/prismaNamespace.ts [Client Component Browser]
    ./app/generated/prisma/client.ts [Client Component Browser]
    ./lib/prisma.ts [Client Component Browser]
    ./lib/cleanup.ts [Client Component Browser]
    ./app/(manager)/settings/page.tsx [Client Component Browser]
    ./app/(manager)/settings/page.tsx [Server Component] @ http://localhost:3000/_next/static/chunks/node_modules_next_dist_115brz8._.js:3318
[ 1971702ms] [ERROR] ./node_modules/@prisma/client/runtime/client.mjs
Code generation for chunk item errored
An error occurred while generating the chunk item [project]/node_modules/@prisma/client/runtime/client.mjs [app-client] (ecmascript) <locals>

Caused by:
- the chunking context (unknown) does not support external modules (request: node:module)

Debug info:
- An error occurred while generating the chunk item [project]/node_modules/@prisma/client/runtime/client.mjs [app-client] (ecmascript) <locals>
- Execution of <EcmascriptModuleLocalsModule as EcmascriptChunkPlaceable>::chunk_item_content failed
- Execution of *EcmascriptChunkItemContent::new failed
- Execution of EcmascriptModuleContent::new failed
- the chunking context (unknown) does not support external modules (request: node:module)

Import trace:
  Client Component Browser:
    ./node_modules/@prisma/client/runtime/client.mjs [Client Component Browser]
    ./app/generated/prisma/internal/prismaNamespace.ts [Client Component Browser]
    ./app/generated/prisma/client.ts [Client Component Browser]
    ./lib/prisma.ts [Client Component Browser]
    ./lib/cleanup.ts [Client Component Browser]
    ./app/(manager)/settings/page.tsx [Client Component Browser]
    ./app/(manager)/settings/page.tsx [Server Component] @ http://localhost:3000/_next/static/chunks/node_modules_next_dist_115brz8._.js:3318
[ 1971754ms] [ERROR] ./node_modules/@prisma/client/runtime/client.mjs
Code generation for chunk item errored
An error occurred while generating the chunk item [project]/node_modules/@prisma/client/runtime/client.mjs [app-client] (ecmascript) <locals>

Caused by:
- the chunking context (unknown) does not support external modules (request: node:module)

Debug info:
- An error occurred while generating the chunk item [project]/node_modules/@prisma/client/runtime/client.mjs [app-client] (ecmascript) <locals>
- Execution of <EcmascriptModuleLocalsModule as EcmascriptChunkPlaceable>::chunk_item_content failed
- Execution of *EcmascriptChunkItemContent::new failed
- Execution of EcmascriptModuleContent::new failed
- the chunking context (unknown) does not support external modules (request: node:module)

Import trace:
  Client Component Browser:
    ./node_modules/@prisma/client/runtime/client.mjs [Client Component Browser]
    ./app/generated/prisma/internal/prismaNamespace.ts [Client Component Browser]
    ./app/generated/prisma/client.ts [Client Component Browser]
    ./lib/prisma.ts [Client Component Browser]
    ./lib/cleanup.ts [Client Component Browser]
    ./app/(manager)/settings/page.tsx [Client Component Browser]
    ./app/(manager)/settings/page.tsx [Server Component] @ http://localhost:3000/_next/static/chunks/node_modules_next_dist_115brz8._.js:3318
[ 1971806ms] [ERROR] ./node_modules/@prisma/client/runtime/client.mjs
Code generation for chunk item errored
An error occurred while generating the chunk item [project]/node_modules/@prisma/client/runtime/client.mjs [app-client] (ecmascript) <locals>

Caused by:
- the chunking context (unknown) does not support external modules (request: node:module)

Debug info:
- An error occurred while generating the chunk item [project]/node_modules/@prisma/client/runtime/client.mjs [app-client] (ecmascript) <locals>
- Execution of <EcmascriptModuleLocalsModule as EcmascriptChunkPlaceable>::chunk_item_content failed
- Execution of *EcmascriptChunkItemContent::new failed
- Execution of EcmascriptModuleContent::new failed
- the chunking context (unknown) does not support external modules (request: node:module)

Import trace:
  Client Component Browser:
    ./node_modules/@prisma/client/runtime/client.mjs [Client Component Browser]
    ./app/generated/prisma/internal/prismaNamespace.ts [Client Component Browser]
    ./app/generated/prisma/client.ts [Client Component Browser]
    ./lib/prisma.ts [Client Component Browser]
    ./lib/cleanup.ts [Client Component Browser]
    ./app/(manager)/settings/page.tsx [Client Component Browser]
    ./app/(manager)/settings/page.tsx [Server Component] @ http://localhost:3000/_next/static/chunks/node_modules_next_dist_115brz8._.js:3318
[ 1971859ms] [ERROR] ./node_modules/@prisma/client/runtime/client.mjs
Code generation for chunk item errored
An error occurred while generating the chunk item [project]/node_modules/@prisma/client/runtime/client.mjs [app-client] (ecmascript) <locals>

Caused by:
- the chunking context (unknown) does not support external modules (request: node:module)

Debug info:
- An error occurred while generating the chunk item [project]/node_modules/@prisma/client/runtime/client.mjs [app-client] (ecmascript) <locals>
- Execution of <EcmascriptModuleLocalsModule as EcmascriptChunkPlaceable>::chunk_item_content failed
- Execution of *EcmascriptChunkItemContent::new failed
- Execution of EcmascriptModuleContent::new failed
- the chunking context (unknown) does not support external modules (request: node:module)

Import trace:
  Client Component Browser:
    ./node_modules/@prisma/client/runtime/client.mjs [Client Component Browser]
    ./app/generated/prisma/internal/prismaNamespace.ts [Client Component Browser]
    ./app/generated/prisma/client.ts [Client Component Browser]
    ./lib/prisma.ts [Client Component Browser]
    ./lib/cleanup.ts [Client Component Browser]
    ./app/(manager)/settings/page.tsx [Client Component Browser]
    ./app/(manager)/settings/page.tsx [Server Component] @ http://localhost:3000/_next/static/chunks/node_modules_next_dist_115brz8._.js:3318
[ 1971910ms] [ERROR] ./node_modules/@prisma/client/runtime/client.mjs
Code generation for chunk item errored
An error occurred while generating the chunk item [project]/node_modules/@prisma/client/runtime/client.mjs [app-client] (ecmascript) <locals>

Caused by:
- the chunking context (unknown) does not support external modules (request: node:module)

Debug info:
- An error occurred while generating the chunk item [project]/node_modules/@prisma/client/runtime/client.mjs [app-client] (ecmascript) <locals>
- Execution of <EcmascriptModuleLocalsModule as EcmascriptChunkPlaceable>::chunk_item_content failed
- Execution of *EcmascriptChunkItemContent::new failed
- Execution of EcmascriptModuleContent::new failed
- the chunking context (unknown) does not support external modules (request: node:module)

Import trace:
  Client Component Browser:
    ./node_modules/@prisma/client/runtime/client.mjs [Client Component Browser]
    ./app/generated/prisma/internal/prismaNamespace.ts [Client Component Browser]
    ./app/generated/prisma/client.ts [Client Component Browser]
    ./lib/prisma.ts [Client Component Browser]
    ./lib/cleanup.ts [Client Component Browser]
    ./app/(manager)/settings/page.tsx [Client Component Browser]
    ./app/(manager)/settings/page.tsx [Server Component] @ http://localhost:3000/_next/static/chunks/node_modules_next_dist_115brz8._.js:3318
[ 1971962ms] [ERROR] ./node_modules/@prisma/client/runtime/client.mjs
Code generation for chunk item errored
An error occurred while generating the chunk item [project]/node_modules/@prisma/client/runtime/client.mjs [app-client] (ecmascript) <locals>

Caused by:
- the chunking context (unknown) does not support external modules (request: node:module)

Debug info:
- An error occurred while generating the chunk item [project]/node_modules/@prisma/client/runtime/client.mjs [app-client] (ecmascript) <locals>
- Execution of <EcmascriptModuleLocalsModule as EcmascriptChunkPlaceable>::chunk_item_content failed
- Execution of *EcmascriptChunkItemContent::new failed
- Execution of EcmascriptModuleContent::new failed
- the chunking context (unknown) does not support external modules (request: node:module)

Import trace:
  Client Component Browser:
    ./node_modules/@prisma/client/runtime/client.mjs [Client Component Browser]
    ./app/generated/prisma/internal/prismaNamespace.ts [Client Component Browser]
    ./app/generated/prisma/client.ts [Client Component Browser]
    ./lib/prisma.ts [Client Component Browser]
    ./lib/cleanup.ts [Client Component Browser]
    ./app/(manager)/settings/page.tsx [Client Component Browser]
    ./app/(manager)/settings/page.tsx [Server Component] @ http://localhost:3000/_next/static/chunks/node_modules_next_dist_115brz8._.js:3318
[ 1972013ms] [ERROR] ./node_modules/@prisma/client/runtime/client.mjs
Code generation for chunk item errored
An error occurred while generating the chunk item [project]/node_modules/@prisma/client/runtime/client.mjs [app-client] (ecmascript) <locals>

Caused by:
- the chunking context (unknown) does not support external modules (request: node:module)

Debug info:
- An error occurred while generating the chunk item [project]/node_modules/@prisma/client/runtime/client.mjs [app-client] (ecmascript) <locals>
- Execution of <EcmascriptModuleLocalsModule as EcmascriptChunkPlaceable>::chunk_item_content failed
- Execution of *EcmascriptChunkItemContent::new failed
- Execution of EcmascriptModuleContent::new failed
- the chunking context (unknown) does not support external modules (request: node:module)

Import trace:
  Client Component Browser:
    ./node_modules/@prisma/client/runtime/client.mjs [Client Component Browser]
    ./app/generated/prisma/internal/prismaNamespace.ts [Client Component Browser]
    ./app/generated/prisma/client.ts [Client Component Browser]
    ./lib/prisma.ts [Client Component Browser]
    ./lib/cleanup.ts [Client Component Browser]
    ./app/(manager)/settings/page.tsx [Client Component Browser]
    ./app/(manager)/settings/page.tsx [Server Component] @ http://localhost:3000/_next/static/chunks/node_modules_next_dist_115brz8._.js:3318
[ 1972065ms] [ERROR] ./node_modules/@prisma/client/runtime/client.mjs
Code generation for chunk item errored
An error occurred while generating the chunk item [project]/node_modules/@prisma/client/runtime/client.mjs [app-client] (ecmascript) <locals>

Caused by:
- the chunking context (unknown) does not support external modules (request: node:module)

Debug info:
- An error occurred while generating the chunk item [project]/node_modules/@prisma/client/runtime/client.mjs [app-client] (ecmascript) <locals>
- Execution of <EcmascriptModuleLocalsModule as EcmascriptChunkPlaceable>::chunk_item_content failed
- Execution of *EcmascriptChunkItemContent::new failed
- Execution of EcmascriptModuleContent::new failed
- the chunking context (unknown) does not support external modules (request: node:module)

Import trace:
  Client Component Browser:
    ./node_modules/@prisma/client/runtime/client.mjs [Client Component Browser]
    ./app/generated/prisma/internal/prismaNamespace.ts [Client Component Browser]
    ./app/generated/prisma/client.ts [Client Component Browser]
    ./lib/prisma.ts [Client Component Browser]
    ./lib/cleanup.ts [Client Component Browser]
    ./app/(manager)/settings/page.tsx [Client Component Browser]
    ./app/(manager)/settings/page.tsx [Server Component] @ http://localhost:3000/_next/static/chunks/node_modules_next_dist_115brz8._.js:3318
[ 1972116ms] [ERROR] ./node_modules/@prisma/client/runtime/client.mjs
Code generation for chunk item errored
An error occurred while generating the chunk item [project]/node_modules/@prisma/client/runtime/client.mjs [app-client] (ecmascript) <locals>

Caused by:
- the chunking context (unknown) does not support external modules (request: node:module)

Debug info:
- An error occurred while generating the chunk item [project]/node_modules/@prisma/client/runtime/client.mjs [app-client] (ecmascript) <locals>
- Execution of <EcmascriptModuleLocalsModule as EcmascriptChunkPlaceable>::chunk_item_content failed
- Execution of *EcmascriptChunkItemContent::new failed
- Execution of EcmascriptModuleContent::new failed
- the chunking context (unknown) does not support external modules (request: node:module)

Import trace:
  Client Component Browser:
    ./node_modules/@prisma/client/runtime/client.mjs [Client Component Browser]
    ./app/generated/prisma/internal/prismaNamespace.ts [Client Component Browser]
    ./app/generated/prisma/client.ts [Client Component Browser]
    ./lib/prisma.ts [Client Component Browser]
    ./lib/cleanup.ts [Client Component Browser]
    ./app/(manager)/settings/page.tsx [Client Component Browser]
    ./app/(manager)/settings/page.tsx [Server Component] @ http://localhost:3000/_next/static/chunks/node_modules_next_dist_115brz8._.js:3318
[ 1972170ms] [ERROR] ./node_modules/@prisma/client/runtime/client.mjs
Code generation for chunk item errored
An error occurred while generating the chunk item [project]/node_modules/@prisma/client/runtime/client.mjs [app-client] (ecmascript) <locals>

Caused by:
- the chunking context (unknown) does not support external modules (request: node:module)

Debug info:
- An error occurred while generating the chunk item [project]/node_modules/@prisma/client/runtime/client.mjs [app-client] (ecmascript) <locals>
- Execution of <EcmascriptModuleLocalsModule as EcmascriptChunkPlaceable>::chunk_item_content failed
- Execution of *EcmascriptChunkItemContent::new failed
- Execution of EcmascriptModuleContent::new failed
- the chunking context (unknown) does not support external modules (request: node:module)

Import trace:
  Client Component Browser:
    ./node_modules/@prisma/client/runtime/client.mjs [Client Component Browser]
    ./app/generated/prisma/internal/prismaNamespace.ts [Client Component Browser]
    ./app/generated/prisma/client.ts [Client Component Browser]
    ./lib/prisma.ts [Client Component Browser]
    ./lib/cleanup.ts [Client Component Browser]
    ./app/(manager)/settings/page.tsx [Client Component Browser]
    ./app/(manager)/settings/page.tsx [Server Component] @ http://localhost:3000/_next/static/chunks/node_modules_next_dist_115brz8._.js:3318
[ 1972223ms] [ERROR] ./node_modules/@prisma/client/runtime/client.mjs
Code generation for chunk item errored
An error occurred while generating the chunk item [project]/node_modules/@prisma/client/runtime/client.mjs [app-client] (ecmascript) <locals>

Caused by:
- the chunking context (unknown) does not support external modules (request: node:module)

Debug info:
- An error occurred while generating the chunk item [project]/node_modules/@prisma/client/runtime/client.mjs [app-client] (ecmascript) <locals>
- Execution of <EcmascriptModuleLocalsModule as EcmascriptChunkPlaceable>::chunk_item_content failed
- Execution of *EcmascriptChunkItemContent::new failed
- Execution of EcmascriptModuleContent::new failed
- the chunking context (unknown) does not support external modules (request: node:module)

Import trace:
  Client Component Browser:
    ./node_modules/@prisma/client/runtime/client.mjs [Client Component Browser]
    ./app/generated/prisma/internal/prismaNamespace.ts [Client Component Browser]
    ./app/generated/prisma/client.ts [Client Component Browser]
    ./lib/prisma.ts [Client Component Browser]
    ./lib/cleanup.ts [Client Component Browser]
    ./app/(manager)/settings/page.tsx [Client Component Browser]
    ./app/(manager)/settings/page.tsx [Server Component] @ http://localhost:3000/_next/static/chunks/node_modules_next_dist_115brz8._.js:3318
[ 1972275ms] [ERROR] ./node_modules/@prisma/client/runtime/client.mjs
Code generation for chunk item errored
An error occurred while generating the chunk item [project]/node_modules/@prisma/client/runtime/client.mjs [app-client] (ecmascript) <locals>

Caused by:
- the chunking context (unknown) does not support external modules (request: node:module)

Debug info:
- An error occurred while generating the chunk item [project]/node_modules/@prisma/client/runtime/client.mjs [app-client] (ecmascript) <locals>
- Execution of <EcmascriptModuleLocalsModule as EcmascriptChunkPlaceable>::chunk_item_content failed
- Execution of *EcmascriptChunkItemContent::new failed
- Execution of EcmascriptModuleContent::new failed
- the chunking context (unknown) does not support external modules (request: node:module)

Import trace:
  Client Component Browser:
    ./node_modules/@prisma/client/runtime/client.mjs [Client Component Browser]
    ./app/generated/prisma/internal/prismaNamespace.ts [Client Component Browser]
    ./app/generated/prisma/client.ts [Client Component Browser]
    ./lib/prisma.ts [Client Component Browser]
    ./lib/cleanup.ts [Client Component Browser]
    ./app/(manager)/settings/page.tsx [Client Component Browser]
    ./app/(manager)/settings/page.tsx [Server Component] @ http://localhost:3000/_next/static/chunks/node_modules_next_dist_115brz8._.js:3318
[ 1972333ms] [ERROR] ./node_modules/@prisma/client/runtime/client.mjs
Code generation for chunk item errored
An error occurred while generating the chunk item [project]/node_modules/@prisma/client/runtime/client.mjs [app-client] (ecmascript) <locals>

Caused by:
- the chunking context (unknown) does not support external modules (request: node:module)

Debug info:
- An error occurred while generating the chunk item [project]/node_modules/@prisma/client/runtime/client.mjs [app-client] (ecmascript) <locals>
- Execution of <EcmascriptModuleLocalsModule as EcmascriptChunkPlaceable>::chunk_item_content failed
- Execution of *EcmascriptChunkItemContent::new failed
- Execution of EcmascriptModuleContent::new failed
- the chunking context (unknown) does not support external modules (request: node:module)

Import trace:
  Client Component Browser:
    ./node_modules/@prisma/client/runtime/client.mjs [Client Component Browser]
    ./app/generated/prisma/internal/prismaNamespace.ts [Client Component Browser]
    ./app/generated/prisma/client.ts [Client Component Browser]
    ./lib/prisma.ts [Client Component Browser]
    ./lib/cleanup.ts [Client Component Browser]
    ./app/(manager)/settings/page.tsx [Client Component Browser]
    ./app/(manager)/settings/page.tsx [Server Component] @ http://localhost:3000/_next/static/chunks/node_modules_next_dist_115brz8._.js:3318
[ 1972386ms] [ERROR] ./node_modules/@prisma/client/runtime/client.mjs
Code generation for chunk item errored
An error occurred while generating the chunk item [project]/node_modules/@prisma/client/runtime/client.mjs [app-client] (ecmascript) <locals>

Caused by:
- the chunking context (unknown) does not support external modules (request: node:module)

Debug info:
- An error occurred while generating the chunk item [project]/node_modules/@prisma/client/runtime/client.mjs [app-client] (ecmascript) <locals>
- Execution of <EcmascriptModuleLocalsModule as EcmascriptChunkPlaceable>::chunk_item_content failed
- Execution of *EcmascriptChunkItemContent::new failed
- Execution of EcmascriptModuleContent::new failed
- the chunking context (unknown) does not support external modules (request: node:module)

Import trace:
  Client Component Browser:
    ./node_modules/@prisma/client/runtime/client.mjs [Client Component Browser]
    ./app/generated/prisma/internal/prismaNamespace.ts [Client Component Browser]
    ./app/generated/prisma/client.ts [Client Component Browser]
    ./lib/prisma.ts [Client Component Browser]
    ./lib/cleanup.ts [Client Component Browser]
    ./app/(manager)/settings/page.tsx [Client Component Browser]
    ./app/(manager)/settings/page.tsx [Server Component] @ http://localhost:3000/_next/static/chunks/node_modules_next_dist_115brz8._.js:3318
[ 1972445ms] [ERROR] ./node_modules/@prisma/client/runtime/client.mjs
Code generation for chunk item errored
An error occurred while generating the chunk item [project]/node_modules/@prisma/client/runtime/client.mjs [app-client] (ecmascript) <locals>

Caused by:
- the chunking context (unknown) does not support external modules (request: node:module)

Debug info:
- An error occurred while generating the chunk item [project]/node_modules/@prisma/client/runtime/client.mjs [app-client] (ecmascript) <locals>
- Execution of <EcmascriptModuleLocalsModule as EcmascriptChunkPlaceable>::chunk_item_content failed
- Execution of *EcmascriptChunkItemContent::new failed
- Execution of EcmascriptModuleContent::new failed
- the chunking context (unknown) does not support external modules (request: node:module)

Import trace:
  Client Component Browser:
    ./node_modules/@prisma/client/runtime/client.mjs [Client Component Browser]
    ./app/generated/prisma/internal/prismaNamespace.ts [Client Component Browser]
    ./app/generated/prisma/client.ts [Client Component Browser]
    ./lib/prisma.ts [Client Component Browser]
    ./lib/cleanup.ts [Client Component Browser]
    ./app/(manager)/settings/page.tsx [Client Component Browser]
    ./app/(manager)/settings/page.tsx [Server Component] @ http://localhost:3000/_next/static/chunks/node_modules_next_dist_115brz8._.js:3318
[ 1972501ms] [ERROR] ./node_modules/@prisma/client/runtime/client.mjs
Code generation for chunk item errored
An error occurred while generating the chunk item [project]/node_modules/@prisma/client/runtime/client.mjs [app-client] (ecmascript) <locals>

Caused by:
- the chunking context (unknown) does not support external modules (request: node:module)

Debug info:
- An error occurred while generating the chunk item [project]/node_modules/@prisma/client/runtime/client.mjs [app-client] (ecmascript) <locals>
- Execution of <EcmascriptModuleLocalsModule as EcmascriptChunkPlaceable>::chunk_item_content failed
- Execution of *EcmascriptChunkItemContent::new failed
- Execution of EcmascriptModuleContent::new failed
- the chunking context (unknown) does not support external modules (request: node:module)

Import trace:
  Client Component Browser:
    ./node_modules/@prisma/client/runtime/client.mjs [Client Component Browser]
    ./app/generated/prisma/internal/prismaNamespace.ts [Client Component Browser]
    ./app/generated/prisma/client.ts [Client Component Browser]
    ./lib/prisma.ts [Client Component Browser]
    ./lib/cleanup.ts [Client Component Browser]
    ./app/(manager)/settings/page.tsx [Client Component Browser]
    ./app/(manager)/settings/page.tsx [Server Component] @ http://localhost:3000/_next/static/chunks/node_modules_next_dist_115brz8._.js:3318
[ 1972559ms] [ERROR] ./node_modules/@prisma/client/runtime/client.mjs
Code generation for chunk item errored
An error occurred while generating the chunk item [project]/node_modules/@prisma/client/runtime/client.mjs [app-client] (ecmascript) <locals>

Caused by:
- the chunking context (unknown) does not support external modules (request: node:module)

Debug info:
- An error occurred while generating the chunk item [project]/node_modules/@prisma/client/runtime/client.mjs [app-client] (ecmascript) <locals>
- Execution of <EcmascriptModuleLocalsModule as EcmascriptChunkPlaceable>::chunk_item_content failed
- Execution of *EcmascriptChunkItemContent::new failed
- Execution of EcmascriptModuleContent::new failed
- the chunking context (unknown) does not support external modules (request: node:module)

Import trace:
  Client Component Browser:
    ./node_modules/@prisma/client/runtime/client.mjs [Client Component Browser]
    ./app/generated/prisma/internal/prismaNamespace.ts [Client Component Browser]
    ./app/generated/prisma/client.ts [Client Component Browser]
    ./lib/prisma.ts [Client Component Browser]
    ./lib/cleanup.ts [Client Component Browser]
    ./app/(manager)/settings/page.tsx [Client Component Browser]
    ./app/(manager)/settings/page.tsx [Server Component] @ http://localhost:3000/_next/static/chunks/node_modules_next_dist_115brz8._.js:3318
[ 1972611ms] [ERROR] ./node_modules/@prisma/client/runtime/client.mjs
Code generation for chunk item errored
An error occurred while generating the chunk item [project]/node_modules/@prisma/client/runtime/client.mjs [app-client] (ecmascript) <locals>

Caused by:
- the chunking context (unknown) does not support external modules (request: node:module)

Debug info:
- An error occurred while generating the chunk item [project]/node_modules/@prisma/client/runtime/client.mjs [app-client] (ecmascript) <locals>
- Execution of <EcmascriptModuleLocalsModule as EcmascriptChunkPlaceable>::chunk_item_content failed
- Execution of *EcmascriptChunkItemContent::new failed
- Execution of EcmascriptModuleContent::new failed
- the chunking context (unknown) does not support external modules (request: node:module)

Import trace:
  Client Component Browser:
    ./node_modules/@prisma/client/runtime/client.mjs [Client Component Browser]
    ./app/generated/prisma/internal/prismaNamespace.ts [Client Component Browser]
    ./app/generated/prisma/client.ts [Client Component Browser]
    ./lib/prisma.ts [Client Component Browser]
    ./lib/cleanup.ts [Client Component Browser]
    ./app/(manager)/settings/page.tsx [Client Component Browser]
    ./app/(manager)/settings/page.tsx [Server Component] @ http://localhost:3000/_next/static/chunks/node_modules_next_dist_115brz8._.js:3318
[ 1972667ms] [ERROR] ./node_modules/@prisma/client/runtime/client.mjs
Code generation for chunk item errored
An error occurred while generating the chunk item [project]/node_modules/@prisma/client/runtime/client.mjs [app-client] (ecmascript) <locals>

Caused by:
- the chunking context (unknown) does not support external modules (request: node:module)

Debug info:
- An error occurred while generating the chunk item [project]/node_modules/@prisma/client/runtime/client.mjs [app-client] (ecmascript) <locals>
- Execution of <EcmascriptModuleLocalsModule as EcmascriptChunkPlaceable>::chunk_item_content failed
- Execution of *EcmascriptChunkItemContent::new failed
- Execution of EcmascriptModuleContent::new failed
- the chunking context (unknown) does not support external modules (request: node:module)

Import trace:
  Client Component Browser:
    ./node_modules/@prisma/client/runtime/client.mjs [Client Component Browser]
    ./app/generated/prisma/internal/prismaNamespace.ts [Client Component Browser]
    ./app/generated/prisma/client.ts [Client Component Browser]
    ./lib/prisma.ts [Client Component Browser]
    ./lib/cleanup.ts [Client Component Browser]
    ./app/(manager)/settings/page.tsx [Client Component Browser]
    ./app/(manager)/settings/page.tsx [Server Component] @ http://localhost:3000/_next/static/chunks/node_modules_next_dist_115brz8._.js:3318
[ 1972724ms] [ERROR] ./node_modules/@prisma/client/runtime/client.mjs
Code generation for chunk item errored
An error occurred while generating the chunk item [project]/node_modules/@prisma/client/runtime/client.mjs [app-client] (ecmascript) <locals>

Caused by:
- the chunking context (unknown) does not support external modules (request: node:module)

Debug info:
- An error occurred while generating the chunk item [project]/node_modules/@prisma/client/runtime/client.mjs [app-client] (ecmascript) <locals>
- Execution of <EcmascriptModuleLocalsModule as EcmascriptChunkPlaceable>::chunk_item_content failed
- Execution of *EcmascriptChunkItemContent::new failed
- Execution of EcmascriptModuleContent::new failed
- the chunking context (unknown) does not support external modules (request: node:module)

Import trace:
  Client Component Browser:
    ./node_modules/@prisma/client/runtime/client.mjs [Client Component Browser]
    ./app/generated/prisma/internal/prismaNamespace.ts [Client Component Browser]
    ./app/generated/prisma/client.ts [Client Component Browser]
    ./lib/prisma.ts [Client Component Browser]
    ./lib/cleanup.ts [Client Component Browser]
    ./app/(manager)/settings/page.tsx [Client Component Browser]
    ./app/(manager)/settings/page.tsx [Server Component] @ http://localhost:3000/_next/static/chunks/node_modules_next_dist_115brz8._.js:3318
[ 1972784ms] [ERROR] ./node_modules/@prisma/client/runtime/client.mjs
Code generation for chunk item errored
An error occurred while generating the chunk item [project]/node_modules/@prisma/client/runtime/client.mjs [app-client] (ecmascript) <locals>

Caused by:
- the chunking context (unknown) does not support external modules (request: node:module)

Debug info:
- An error occurred while generating the chunk item [project]/node_modules/@prisma/client/runtime/client.mjs [app-client] (ecmascript) <locals>
- Execution of <EcmascriptModuleLocalsModule as EcmascriptChunkPlaceable>::chunk_item_content failed
- Execution of *EcmascriptChunkItemContent::new failed
- Execution of EcmascriptModuleContent::new failed
- the chunking context (unknown) does not support external modules (request: node:module)

Import trace:
  Client Component Browser:
    ./node_modules/@prisma/client/runtime/client.mjs [Client Component Browser]
    ./app/generated/prisma/internal/prismaNamespace.ts [Client Component Browser]
    ./app/generated/prisma/client.ts [Client Component Browser]
    ./lib/prisma.ts [Client Component Browser]
    ./lib/cleanup.ts [Client Component Browser]
    ./app/(manager)/settings/page.tsx [Client Component Browser]
    ./app/(manager)/settings/page.tsx [Server Component] @ http://localhost:3000/_next/static/chunks/node_modules_next_dist_115brz8._.js:3318
[ 1972836ms] [ERROR] ./node_modules/@prisma/client/runtime/client.mjs
Code generation for chunk item errored
An error occurred while generating the chunk item [project]/node_modules/@prisma/client/runtime/client.mjs [app-client] (ecmascript) <locals>

Caused by:
- the chunking context (unknown) does not support external modules (request: node:module)

Debug info:
- An error occurred while generating the chunk item [project]/node_modules/@prisma/client/runtime/client.mjs [app-client] (ecmascript) <locals>
- Execution of <EcmascriptModuleLocalsModule as EcmascriptChunkPlaceable>::chunk_item_content failed
- Execution of *EcmascriptChunkItemContent::new failed
- Execution of EcmascriptModuleContent::new failed
- the chunking context (unknown) does not support external modules (request: node:module)

Import trace:
  Client Component Browser:
    ./node_modules/@prisma/client/runtime/client.mjs [Client Component Browser]
    ./app/generated/prisma/internal/prismaNamespace.ts [Client Component Browser]
    ./app/generated/prisma/client.ts [Client Component Browser]
    ./lib/prisma.ts [Client Component Browser]
    ./lib/cleanup.ts [Client Component Browser]
    ./app/(manager)/settings/page.tsx [Client Component Browser]
    ./app/(manager)/settings/page.tsx [Server Component] @ http://localhost:3000/_next/static/chunks/node_modules_next_dist_115brz8._.js:3318
[ 1972891ms] [ERROR] ./node_modules/@prisma/client/runtime/client.mjs
Code generation for chunk item errored
An error occurred while generating the chunk item [project]/node_modules/@prisma/client/runtime/client.mjs [app-client] (ecmascript) <locals>

Caused by:
- the chunking context (unknown) does not support external modules (request: node:module)

Debug info:
- An error occurred while generating the chunk item [project]/node_modules/@prisma/client/runtime/client.mjs [app-client] (ecmascript) <locals>
- Execution of <EcmascriptModuleLocalsModule as EcmascriptChunkPlaceable>::chunk_item_content failed
- Execution of *EcmascriptChunkItemContent::new failed
- Execution of EcmascriptModuleContent::new failed
- the chunking context (unknown) does not support external modules (request: node:module)

Import trace:
  Client Component Browser:
    ./node_modules/@prisma/client/runtime/client.mjs [Client Component Browser]
    ./app/generated/prisma/internal/prismaNamespace.ts [Client Component Browser]
    ./app/generated/prisma/client.ts [Client Component Browser]
    ./lib/prisma.ts [Client Component Browser]
    ./lib/cleanup.ts [Client Component Browser]
    ./app/(manager)/settings/page.tsx [Client Component Browser]
    ./app/(manager)/settings/page.tsx [Server Component] @ http://localhost:3000/_next/static/chunks/node_modules_next_dist_115brz8._.js:3318
[ 1972948ms] [ERROR] ./node_modules/@prisma/client/runtime/client.mjs
Code generation for chunk item errored
An error occurred while generating the chunk item [project]/node_modules/@prisma/client/runtime/client.mjs [app-client] (ecmascript) <locals>

Caused by:
- the chunking context (unknown) does not support external modules (request: node:module)

Debug info:
- An error occurred while generating the chunk item [project]/node_modules/@prisma/client/runtime/client.mjs [app-client] (ecmascript) <locals>
- Execution of <EcmascriptModuleLocalsModule as EcmascriptChunkPlaceable>::chunk_item_content failed
- Execution of *EcmascriptChunkItemContent::new failed
- Execution of EcmascriptModuleContent::new failed
- the chunking context (unknown) does not support external modules (request: node:module)

Import trace:
  Client Component Browser:
    ./node_modules/@prisma/client/runtime/client.mjs [Client Component Browser]
    ./app/generated/prisma/internal/prismaNamespace.ts [Client Component Browser]
    ./app/generated/prisma/client.ts [Client Component Browser]
    ./lib/prisma.ts [Client Component Browser]
    ./lib/cleanup.ts [Client Component Browser]
    ./app/(manager)/settings/page.tsx [Client Component Browser]
    ./app/(manager)/settings/page.tsx [Server Component] @ http://localhost:3000/_next/static/chunks/node_modules_next_dist_115brz8._.js:3318
[ 1973002ms] [ERROR] ./node_modules/@prisma/client/runtime/client.mjs
Code generation for chunk item errored
An error occurred while generating the chunk item [project]/node_modules/@prisma/client/runtime/client.mjs [app-client] (ecmascript) <locals>

Caused by:
- the chunking context (unknown) does not support external modules (request: node:module)

Debug info:
- An error occurred while generating the chunk item [project]/node_modules/@prisma/client/runtime/client.mjs [app-client] (ecmascript) <locals>
- Execution of <EcmascriptModuleLocalsModule as EcmascriptChunkPlaceable>::chunk_item_content failed
- Execution of *EcmascriptChunkItemContent::new failed
- Execution of EcmascriptModuleContent::new failed
- the chunking context (unknown) does not support external modules (request: node:module)

Import trace:
  Client Component Browser:
    ./node_modules/@prisma/client/runtime/client.mjs [Client Component Browser]
    ./app/generated/prisma/internal/prismaNamespace.ts [Client Component Browser]
    ./app/generated/prisma/client.ts [Client Component Browser]
    ./lib/prisma.ts [Client Component Browser]
    ./lib/cleanup.ts [Client Component Browser]
    ./app/(manager)/settings/page.tsx [Client Component Browser]
    ./app/(manager)/settings/page.tsx [Server Component] @ http://localhost:3000/_next/static/chunks/node_modules_next_dist_115brz8._.js:3318
[ 1973057ms] [ERROR] ./node_modules/@prisma/client/runtime/client.mjs
Code generation for chunk item errored
An error occurred while generating the chunk item [project]/node_modules/@prisma/client/runtime/client.mjs [app-client] (ecmascript) <locals>

Caused by:
- the chunking context (unknown) does not support external modules (request: node:module)

Debug info:
- An error occurred while generating the chunk item [project]/node_modules/@prisma/client/runtime/client.mjs [app-client] (ecmascript) <locals>
- Execution of <EcmascriptModuleLocalsModule as EcmascriptChunkPlaceable>::chunk_item_content failed
- Execution of *EcmascriptChunkItemContent::new failed
- Execution of EcmascriptModuleContent::new failed
- the chunking context (unknown) does not support external modules (request: node:module)

Import trace:
  Client Component Browser:
    ./node_modules/@prisma/client/runtime/client.mjs [Client Component Browser]
    ./app/generated/prisma/internal/prismaNamespace.ts [Client Component Browser]
    ./app/generated/prisma/client.ts [Client Component Browser]
    ./lib/prisma.ts [Client Component Browser]
    ./lib/cleanup.ts [Client Component Browser]
    ./app/(manager)/settings/page.tsx [Client Component Browser]
    ./app/(manager)/settings/page.tsx [Server Component] @ http://localhost:3000/_next/static/chunks/node_modules_next_dist_115brz8._.js:3318
[ 1973112ms] [ERROR] ./node_modules/@prisma/client/runtime/client.mjs
Code generation for chunk item errored
An error occurred while generating the chunk item [project]/node_modules/@prisma/client/runtime/client.mjs [app-client] (ecmascript) <locals>

Caused by:
- the chunking context (unknown) does not support external modules (request: node:module)

Debug info:
- An error occurred while generating the chunk item [project]/node_modules/@prisma/client/runtime/client.mjs [app-client] (ecmascript) <locals>
- Execution of <EcmascriptModuleLocalsModule as EcmascriptChunkPlaceable>::chunk_item_content failed
- Execution of *EcmascriptChunkItemContent::new failed
- Execution of EcmascriptModuleContent::new failed
- the chunking context (unknown) does not support external modules (request: node:module)

Import trace:
  Client Component Browser:
    ./node_modules/@prisma/client/runtime/client.mjs [Client Component Browser]
    ./app/generated/prisma/internal/prismaNamespace.ts [Client Component Browser]
    ./app/generated/prisma/client.ts [Client Component Browser]
    ./lib/prisma.ts [Client Component Browser]
    ./lib/cleanup.ts [Client Component Browser]
    ./app/(manager)/settings/page.tsx [Client Component Browser]
    ./app/(manager)/settings/page.tsx [Server Component] @ http://localhost:3000/_next/static/chunks/node_modules_next_dist_115brz8._.js:3318
[ 1973172ms] [ERROR] ./node_modules/@prisma/client/runtime/client.mjs
Code generation for chunk item errored
An error occurred while generating the chunk item [project]/node_modules/@prisma/client/runtime/client.mjs [app-client] (ecmascript) <locals>

Caused by:
- the chunking context (unknown) does not support external modules (request: node:module)

Debug info:
- An error occurred while generating the chunk item [project]/node_modules/@prisma/client/runtime/client.mjs [app-client] (ecmascript) <locals>
- Execution of <EcmascriptModuleLocalsModule as EcmascriptChunkPlaceable>::chunk_item_content failed
- Execution of *EcmascriptChunkItemContent::new failed
- Execution of EcmascriptModuleContent::new failed
- the chunking context (unknown) does not support external modules (request: node:module)

Import trace:
  Client Component Browser:
    ./node_modules/@prisma/client/runtime/client.mjs [Client Component Browser]
    ./app/generated/prisma/internal/prismaNamespace.ts [Client Component Browser]
    ./app/generated/prisma/client.ts [Client Component Browser]
    ./lib/prisma.ts [Client Component Browser]
    ./lib/cleanup.ts [Client Component Browser]
    ./app/(manager)/settings/page.tsx [Client Component Browser]
    ./app/(manager)/settings/page.tsx [Server Component] @ http://localhost:3000/_next/static/chunks/node_modules_next_dist_115brz8._.js:3318
[ 1973222ms] [ERROR] ./node_modules/@prisma/client/runtime/client.mjs
Code generation for chunk item errored
An error occurred while generating the chunk item [project]/node_modules/@prisma/client/runtime/client.mjs [app-client] (ecmascript) <locals>

Caused by:
- the chunking context (unknown) does not support external modules (request: node:module)

Debug info:
- An error occurred while generating the chunk item [project]/node_modules/@prisma/client/runtime/client.mjs [app-client] (ecmascript) <locals>
- Execution of <EcmascriptModuleLocalsModule as EcmascriptChunkPlaceable>::chunk_item_content failed
- Execution of *EcmascriptChunkItemContent::new failed
- Execution of EcmascriptModuleContent::new failed
- the chunking context (unknown) does not support external modules (request: node:module)

Import trace:
  Client Component Browser:
    ./node_modules/@prisma/client/runtime/client.mjs [Client Component Browser]
    ./app/generated/prisma/internal/prismaNamespace.ts [Client Component Browser]
    ./app/generated/prisma/client.ts [Client Component Browser]
    ./lib/prisma.ts [Client Component Browser]
    ./lib/cleanup.ts [Client Component Browser]
    ./app/(manager)/settings/page.tsx [Client Component Browser]
    ./app/(manager)/settings/page.tsx [Server Component] @ http://localhost:3000/_next/static/chunks/node_modules_next_dist_115brz8._.js:3318
[ 1973280ms] [ERROR] ./node_modules/@prisma/client/runtime/client.mjs
Code generation for chunk item errored
An error occurred while generating the chunk item [project]/node_modules/@prisma/client/runtime/client.mjs [app-client] (ecmascript) <locals>

Caused by:
- the chunking context (unknown) does not support external modules (request: node:module)

Debug info:
- An error occurred while generating the chunk item [project]/node_modules/@prisma/client/runtime/client.mjs [app-client] (ecmascript) <locals>
- Execution of <EcmascriptModuleLocalsModule as EcmascriptChunkPlaceable>::chunk_item_content failed
- Execution of *EcmascriptChunkItemContent::new failed
- Execution of EcmascriptModuleContent::new failed
- the chunking context (unknown) does not support external modules (request: node:module)

Import trace:
  Client Component Browser:
    ./node_modules/@prisma/client/runtime/client.mjs [Client Component Browser]
    ./app/generated/prisma/internal/prismaNamespace.ts [Client Component Browser]
    ./app/generated/prisma/client.ts [Client Component Browser]
    ./lib/prisma.ts [Client Component Browser]
    ./lib/cleanup.ts [Client Component Browser]
    ./app/(manager)/settings/page.tsx [Client Component Browser]
    ./app/(manager)/settings/page.tsx [Server Component] @ http://localhost:3000/_next/static/chunks/node_modules_next_dist_115brz8._.js:3318
[ 1973341ms] [ERROR] ./node_modules/@prisma/client/runtime/client.mjs
Code generation for chunk item errored
An error occurred while generating the chunk item [project]/node_modules/@prisma/client/runtime/client.mjs [app-client] (ecmascript) <locals>

Caused by:
- the chunking context (unknown) does not support external modules (request: node:module)

Debug info:
- An error occurred while generating the chunk item [project]/node_modules/@prisma/client/runtime/client.mjs [app-client] (ecmascript) <locals>
- Execution of <EcmascriptModuleLocalsModule as EcmascriptChunkPlaceable>::chunk_item_content failed
- Execution of *EcmascriptChunkItemContent::new failed
- Execution of EcmascriptModuleContent::new failed
- the chunking context (unknown) does not support external modules (request: node:module)

Import trace:
  Client Component Browser:
    ./node_modules/@prisma/client/runtime/client.mjs [Client Component Browser]
    ./app/generated/prisma/internal/prismaNamespace.ts [Client Component Browser]
    ./app/generated/prisma/client.ts [Client Component Browser]
    ./lib/prisma.ts [Client Component Browser]
    ./lib/cleanup.ts [Client Component Browser]
    ./app/(manager)/settings/page.tsx [Client Component Browser]
    ./app/(manager)/settings/page.tsx [Server Component] @ http://localhost:3000/_next/static/chunks/node_modules_next_dist_115brz8._.js:3318
[ 1973397ms] [ERROR] ./node_modules/@prisma/client/runtime/client.mjs
Code generation for chunk item errored
An error occurred while generating the chunk item [project]/node_modules/@prisma/client/runtime/client.mjs [app-client] (ecmascript) <locals>

Caused by:
- the chunking context (unknown) does not support external modules (request: node:module)

Debug info:
- An error occurred while generating the chunk item [project]/node_modules/@prisma/client/runtime/client.mjs [app-client] (ecmascript) <locals>
- Execution of <EcmascriptModuleLocalsModule as EcmascriptChunkPlaceable>::chunk_item_content failed
- Execution of *EcmascriptChunkItemContent::new failed
- Execution of EcmascriptModuleContent::new failed
- the chunking context (unknown) does not support external modules (request: node:module)

Import trace:
  Client Component Browser:
    ./node_modules/@prisma/client/runtime/client.mjs [Client Component Browser]
    ./app/generated/prisma/internal/prismaNamespace.ts [Client Component Browser]
    ./app/generated/prisma/client.ts [Client Component Browser]
    ./lib/prisma.ts [Client Component Browser]
    ./lib/cleanup.ts [Client Component Browser]
    ./app/(manager)/settings/page.tsx [Client Component Browser]
    ./app/(manager)/settings/page.tsx [Server Component] @ http://localhost:3000/_next/static/chunks/node_modules_next_dist_115brz8._.js:3318
[ 1973451ms] [ERROR] ./node_modules/@prisma/client/runtime/client.mjs
Code generation for chunk item errored
An error occurred while generating the chunk item [project]/node_modules/@prisma/client/runtime/client.mjs [app-client] (ecmascript) <locals>

Caused by:
- the chunking context (unknown) does not support external modules (request: node:module)

Debug info:
- An error occurred while generating the chunk item [project]/node_modules/@prisma/client/runtime/client.mjs [app-client] (ecmascript) <locals>
- Execution of <EcmascriptModuleLocalsModule as EcmascriptChunkPlaceable>::chunk_item_content failed
- Execution of *EcmascriptChunkItemContent::new failed
- Execution of EcmascriptModuleContent::new failed
- the chunking context (unknown) does not support external modules (request: node:module)

Import trace:
  Client Component Browser:
    ./node_modules/@prisma/client/runtime/client.mjs [Client Component Browser]
    ./app/generated/prisma/internal/prismaNamespace.ts [Client Component Browser]
    ./app/generated/prisma/client.ts [Client Component Browser]
    ./lib/prisma.ts [Client Component Browser]
    ./lib/cleanup.ts [Client Component Browser]
    ./app/(manager)/settings/page.tsx [Client Component Browser]
    ./app/(manager)/settings/page.tsx [Server Component] @ http://localhost:3000/_next/static/chunks/node_modules_next_dist_115brz8._.js:3318
[ 1973510ms] [ERROR] ./node_modules/@prisma/client/runtime/client.mjs
Code generation for chunk item errored
An error occurred while generating the chunk item [project]/node_modules/@prisma/client/runtime/client.mjs [app-client] (ecmascript) <locals>

Caused by:
- the chunking context (unknown) does not support external modules (request: node:module)

Debug info:
- An error occurred while generating the chunk item [project]/node_modules/@prisma/client/runtime/client.mjs [app-client] (ecmascript) <locals>
- Execution of <EcmascriptModuleLocalsModule as EcmascriptChunkPlaceable>::chunk_item_content failed
- Execution of *EcmascriptChunkItemContent::new failed
- Execution of EcmascriptModuleContent::new failed
- the chunking context (unknown) does not support external modules (request: node:module)

Import trace:
  Client Component Browser:
    ./node_modules/@prisma/client/runtime/client.mjs [Client Component Browser]
    ./app/generated/prisma/internal/prismaNamespace.ts [Client Component Browser]
    ./app/generated/prisma/client.ts [Client Component Browser]
    ./lib/prisma.ts [Client Component Browser]
    ./lib/cleanup.ts [Client Component Browser]
    ./app/(manager)/settings/page.tsx [Client Component Browser]
    ./app/(manager)/settings/page.tsx [Server Component] @ http://localhost:3000/_next/static/chunks/node_modules_next_dist_115brz8._.js:3318
[ 1973573ms] [ERROR] ./node_modules/@prisma/client/runtime/client.mjs
Code generation for chunk item errored
An error occurred while generating the chunk item [project]/node_modules/@prisma/client/runtime/client.mjs [app-client] (ecmascript) <locals>

Caused by:
- the chunking context (unknown) does not support external modules (request: node:module)

Debug info:
- An error occurred while generating the chunk item [project]/node_modules/@prisma/client/runtime/client.mjs [app-client] (ecmascript) <locals>
- Execution of <EcmascriptModuleLocalsModule as EcmascriptChunkPlaceable>::chunk_item_content failed
- Execution of *EcmascriptChunkItemContent::new failed
- Execution of EcmascriptModuleContent::new failed
- the chunking context (unknown) does not support external modules (request: node:module)

Import trace:
  Client Component Browser:
    ./node_modules/@prisma/client/runtime/client.mjs [Client Component Browser]
    ./app/generated/prisma/internal/prismaNamespace.ts [Client Component Browser]
    ./app/generated/prisma/client.ts [Client Component Browser]
    ./lib/prisma.ts [Client Component Browser]
    ./lib/cleanup.ts [Client Component Browser]
    ./app/(manager)/settings/page.tsx [Client Component Browser]
    ./app/(manager)/settings/page.tsx [Server Component] @ http://localhost:3000/_next/static/chunks/node_modules_next_dist_115brz8._.js:3318
[ 1973625ms] [ERROR] ./node_modules/@prisma/client/runtime/client.mjs
Code generation for chunk item errored
An error occurred while generating the chunk item [project]/node_modules/@prisma/client/runtime/client.mjs [app-client] (ecmascript) <locals>

Caused by:
- the chunking context (unknown) does not support external modules (request: node:module)

Debug info:
- An error occurred while generating the chunk item [project]/node_modules/@prisma/client/runtime/client.mjs [app-client] (ecmascript) <locals>
- Execution of <EcmascriptModuleLocalsModule as EcmascriptChunkPlaceable>::chunk_item_content failed
- Execution of *EcmascriptChunkItemContent::new failed
- Execution of EcmascriptModuleContent::new failed
- the chunking context (unknown) does not support external modules (request: node:module)

Import trace:
  Client Component Browser:
    ./node_modules/@prisma/client/runtime/client.mjs [Client Component Browser]
    ./app/generated/prisma/internal/prismaNamespace.ts [Client Component Browser]
    ./app/generated/prisma/client.ts [Client Component Browser]
    ./lib/prisma.ts [Client Component Browser]
    ./lib/cleanup.ts [Client Component Browser]
    ./app/(manager)/settings/page.tsx [Client Component Browser]
    ./app/(manager)/settings/page.tsx [Server Component] @ http://localhost:3000/_next/static/chunks/node_modules_next_dist_115brz8._.js:3318
[ 1973679ms] [ERROR] ./node_modules/@prisma/client/runtime/client.mjs
Code generation for chunk item errored
An error occurred while generating the chunk item [project]/node_modules/@prisma/client/runtime/client.mjs [app-client] (ecmascript) <locals>

Caused by:
- the chunking context (unknown) does not support external modules (request: node:module)

Debug info:
- An error occurred while generating the chunk item [project]/node_modules/@prisma/client/runtime/client.mjs [app-client] (ecmascript) <locals>
- Execution of <EcmascriptModuleLocalsModule as EcmascriptChunkPlaceable>::chunk_item_content failed
- Execution of *EcmascriptChunkItemContent::new failed
- Execution of EcmascriptModuleContent::new failed
- the chunking context (unknown) does not support external modules (request: node:module)

Import trace:
  Client Component Browser:
    ./node_modules/@prisma/client/runtime/client.mjs [Client Component Browser]
    ./app/generated/prisma/internal/prismaNamespace.ts [Client Component Browser]
    ./app/generated/prisma/client.ts [Client Component Browser]
    ./lib/prisma.ts [Client Component Browser]
    ./lib/cleanup.ts [Client Component Browser]
    ./app/(manager)/settings/page.tsx [Client Component Browser]
    ./app/(manager)/settings/page.tsx [Server Component] @ http://localhost:3000/_next/static/chunks/node_modules_next_dist_115brz8._.js:3318
[ 1973734ms] [ERROR] ./node_modules/@prisma/client/runtime/client.mjs
Code generation for chunk item errored
An error occurred while generating the chunk item [project]/node_modules/@prisma/client/runtime/client.mjs [app-client] (ecmascript) <locals>

Caused by:
- the chunking context (unknown) does not support external modules (request: node:module)

Debug info:
- An error occurred while generating the chunk item [project]/node_modules/@prisma/client/runtime/client.mjs [app-client] (ecmascript) <locals>
- Execution of <EcmascriptModuleLocalsModule as EcmascriptChunkPlaceable>::chunk_item_content failed
- Execution of *EcmascriptChunkItemContent::new failed
- Execution of EcmascriptModuleContent::new failed
- the chunking context (unknown) does not support external modules (request: node:module)

Import trace:
  Client Component Browser:
    ./node_modules/@prisma/client/runtime/client.mjs [Client Component Browser]
    ./app/generated/prisma/internal/prismaNamespace.ts [Client Component Browser]
    ./app/generated/prisma/client.ts [Client Component Browser]
    ./lib/prisma.ts [Client Component Browser]
    ./lib/cleanup.ts [Client Component Browser]
    ./app/(manager)/settings/page.tsx [Client Component Browser]
    ./app/(manager)/settings/page.tsx [Server Component] @ http://localhost:3000/_next/static/chunks/node_modules_next_dist_115brz8._.js:3318
[ 1973791ms] [ERROR] ./node_modules/@prisma/client/runtime/client.mjs
Code generation for chunk item errored
An error occurred while generating the chunk item [project]/node_modules/@prisma/client/runtime/client.mjs [app-client] (ecmascript) <locals>

Caused by:
- the chunking context (unknown) does not support external modules (request: node:module)

Debug info:
- An error occurred while generating the chunk item [project]/node_modules/@prisma/client/runtime/client.mjs [app-client] (ecmascript) <locals>
- Execution of <EcmascriptModuleLocalsModule as EcmascriptChunkPlaceable>::chunk_item_content failed
- Execution of *EcmascriptChunkItemContent::new failed
- Execution of EcmascriptModuleContent::new failed
- the chunking context (unknown) does not support external modules (request: node:module)

Import trace:
  Client Component Browser:
    ./node_modules/@prisma/client/runtime/client.mjs [Client Component Browser]
    ./app/generated/prisma/internal/prismaNamespace.ts [Client Component Browser]
    ./app/generated/prisma/client.ts [Client Component Browser]
    ./lib/prisma.ts [Client Component Browser]
    ./lib/cleanup.ts [Client Component Browser]
    ./app/(manager)/settings/page.tsx [Client Component Browser]
    ./app/(manager)/settings/page.tsx [Server Component] @ http://localhost:3000/_next/static/chunks/node_modules_next_dist_115brz8._.js:3318
[ 1973845ms] [ERROR] ./node_modules/@prisma/client/runtime/client.mjs
Code generation for chunk item errored
An error occurred while generating the chunk item [project]/node_modules/@prisma/client/runtime/client.mjs [app-client] (ecmascript) <locals>

Caused by:
- the chunking context (unknown) does not support external modules (request: node:module)

Debug info:
- An error occurred while generating the chunk item [project]/node_modules/@prisma/client/runtime/client.mjs [app-client] (ecmascript) <locals>
- Execution of <EcmascriptModuleLocalsModule as EcmascriptChunkPlaceable>::chunk_item_content failed
- Execution of *EcmascriptChunkItemContent::new failed
- Execution of EcmascriptModuleContent::new failed
- the chunking context (unknown) does not support external modules (request: node:module)

Import trace:
  Client Component Browser:
    ./node_modules/@prisma/client/runtime/client.mjs [Client Component Browser]
    ./app/generated/prisma/internal/prismaNamespace.ts [Client Component Browser]
    ./app/generated/prisma/client.ts [Client Component Browser]
    ./lib/prisma.ts [Client Component Browser]
    ./lib/cleanup.ts [Client Component Browser]
    ./app/(manager)/settings/page.tsx [Client Component Browser]
    ./app/(manager)/settings/page.tsx [Server Component] @ http://localhost:3000/_next/static/chunks/node_modules_next_dist_115brz8._.js:3318
[ 1973900ms] [ERROR] ./node_modules/@prisma/client/runtime/client.mjs
Code generation for chunk item errored
An error occurred while generating the chunk item [project]/node_modules/@prisma/client/runtime/client.mjs [app-client] (ecmascript) <locals>

Caused by:
- the chunking context (unknown) does not support external modules (request: node:module)

Debug info:
- An error occurred while generating the chunk item [project]/node_modules/@prisma/client/runtime/client.mjs [app-client] (ecmascript) <locals>
- Execution of <EcmascriptModuleLocalsModule as EcmascriptChunkPlaceable>::chunk_item_content failed
- Execution of *EcmascriptChunkItemContent::new failed
- Execution of EcmascriptModuleContent::new failed
- the chunking context (unknown) does not support external modules (request: node:module)

Import trace:
  Client Component Browser:
    ./node_modules/@prisma/client/runtime/client.mjs [Client Component Browser]
    ./app/generated/prisma/internal/prismaNamespace.ts [Client Component Browser]
    ./app/generated/prisma/client.ts [Client Component Browser]
    ./lib/prisma.ts [Client Component Browser]
    ./lib/cleanup.ts [Client Component Browser]
    ./app/(manager)/settings/page.tsx [Client Component Browser]
    ./app/(manager)/settings/page.tsx [Server Component] @ http://localhost:3000/_next/static/chunks/node_modules_next_dist_115brz8._.js:3318
[ 1973953ms] [ERROR] ./node_modules/@prisma/client/runtime/client.mjs
Code generation for chunk item errored
An error occurred while generating the chunk item [project]/node_modules/@prisma/client/runtime/client.mjs [app-client] (ecmascript) <locals>

Caused by:
- the chunking context (unknown) does not support external modules (request: node:module)

Debug info:
- An error occurred while generating the chunk item [project]/node_modules/@prisma/client/runtime/client.mjs [app-client] (ecmascript) <locals>
- Execution of <EcmascriptModuleLocalsModule as EcmascriptChunkPlaceable>::chunk_item_content failed
- Execution of *EcmascriptChunkItemContent::new failed
- Execution of EcmascriptModuleContent::new failed
- the chunking context (unknown) does not support external modules (request: node:module)

Import trace:
  Client Component Browser:
    ./node_modules/@prisma/client/runtime/client.mjs [Client Component Browser]
    ./app/generated/prisma/internal/prismaNamespace.ts [Client Component Browser]
    ./app/generated/prisma/client.ts [Client Component Browser]
    ./lib/prisma.ts [Client Component Browser]
    ./lib/cleanup.ts [Client Component Browser]
    ./app/(manager)/settings/page.tsx [Client Component Browser]
    ./app/(manager)/settings/page.tsx [Server Component] @ http://localhost:3000/_next/static/chunks/node_modules_next_dist_115brz8._.js:3318
[ 1974010ms] [ERROR] ./node_modules/@prisma/client/runtime/client.mjs
Code generation for chunk item errored
An error occurred while generating the chunk item [project]/node_modules/@prisma/client/runtime/client.mjs [app-client] (ecmascript) <locals>

Caused by:
- the chunking context (unknown) does not support external modules (request: node:module)

Debug info:
- An error occurred while generating the chunk item [project]/node_modules/@prisma/client/runtime/client.mjs [app-client] (ecmascript) <locals>
- Execution of <EcmascriptModuleLocalsModule as EcmascriptChunkPlaceable>::chunk_item_content failed
- Execution of *EcmascriptChunkItemContent::new failed
- Execution of EcmascriptModuleContent::new failed
- the chunking context (unknown) does not support external modules (request: node:module)

Import trace:
  Client Component Browser:
    ./node_modules/@prisma/client/runtime/client.mjs [Client Component Browser]
    ./app/generated/prisma/internal/prismaNamespace.ts [Client Component Browser]
    ./app/generated/prisma/client.ts [Client Component Browser]
    ./lib/prisma.ts [Client Component Browser]
    ./lib/cleanup.ts [Client Component Browser]
    ./app/(manager)/settings/page.tsx [Client Component Browser]
    ./app/(manager)/settings/page.tsx [Server Component] @ http://localhost:3000/_next/static/chunks/node_modules_next_dist_115brz8._.js:3318
[ 1974064ms] [ERROR] ./node_modules/@prisma/client/runtime/client.mjs
Code generation for chunk item errored
An error occurred while generating the chunk item [project]/node_modules/@prisma/client/runtime/client.mjs [app-client] (ecmascript) <locals>

Caused by:
- the chunking context (unknown) does not support external modules (request: node:module)

Debug info:
- An error occurred while generating the chunk item [project]/node_modules/@prisma/client/runtime/client.mjs [app-client] (ecmascript) <locals>
- Execution of <EcmascriptModuleLocalsModule as EcmascriptChunkPlaceable>::chunk_item_content failed
- Execution of *EcmascriptChunkItemContent::new failed
- Execution of EcmascriptModuleContent::new failed
- the chunking context (unknown) does not support external modules (request: node:module)

Import trace:
  Client Component Browser:
    ./node_modules/@prisma/client/runtime/client.mjs [Client Component Browser]
    ./app/generated/prisma/internal/prismaNamespace.ts [Client Component Browser]
    ./app/generated/prisma/client.ts [Client Component Browser]
    ./lib/prisma.ts [Client Component Browser]
    ./lib/cleanup.ts [Client Component Browser]
    ./app/(manager)/settings/page.tsx [Client Component Browser]
    ./app/(manager)/settings/page.tsx [Server Component] @ http://localhost:3000/_next/static/chunks/node_modules_next_dist_115brz8._.js:3318
[ 1974120ms] [ERROR] ./node_modules/@prisma/client/runtime/client.mjs
Code generation for chunk item errored
An error occurred while generating the chunk item [project]/node_modules/@prisma/client/runtime/client.mjs [app-client] (ecmascript) <locals>

Caused by:
- the chunking context (unknown) does not support external modules (request: node:module)

Debug info:
- An error occurred while generating the chunk item [project]/node_modules/@prisma/client/runtime/client.mjs [app-client] (ecmascript) <locals>
- Execution of <EcmascriptModuleLocalsModule as EcmascriptChunkPlaceable>::chunk_item_content failed
- Execution of *EcmascriptChunkItemContent::new failed
- Execution of EcmascriptModuleContent::new failed
- the chunking context (unknown) does not support external modules (request: node:module)

Import trace:
  Client Component Browser:
    ./node_modules/@prisma/client/runtime/client.mjs [Client Component Browser]
    ./app/generated/prisma/internal/prismaNamespace.ts [Client Component Browser]
    ./app/generated/prisma/client.ts [Client Component Browser]
    ./lib/prisma.ts [Client Component Browser]
    ./lib/cleanup.ts [Client Component Browser]
    ./app/(manager)/settings/page.tsx [Client Component Browser]
    ./app/(manager)/settings/page.tsx [Server Component] @ http://localhost:3000/_next/static/chunks/node_modules_next_dist_115brz8._.js:3318
[ 1974177ms] [ERROR] ./node_modules/@prisma/client/runtime/client.mjs
Code generation for chunk item errored
An error occurred while generating the chunk item [project]/node_modules/@prisma/client/runtime/client.mjs [app-client] (ecmascript) <locals>

Caused by:
- the chunking context (unknown) does not support external modules (request: node:module)

Debug info:
- An error occurred while generating the chunk item [project]/node_modules/@prisma/client/runtime/client.mjs [app-client] (ecmascript) <locals>
- Execution of <EcmascriptModuleLocalsModule as EcmascriptChunkPlaceable>::chunk_item_content failed
- Execution of *EcmascriptChunkItemContent::new failed
- Execution of EcmascriptModuleContent::new failed
- the chunking context (unknown) does not support external modules (request: node:module)

Import trace:
  Client Component Browser:
    ./node_modules/@prisma/client/runtime/client.mjs [Client Component Browser]
    ./app/generated/prisma/internal/prismaNamespace.ts [Client Component Browser]
    ./app/generated/prisma/client.ts [Client Component Browser]
    ./lib/prisma.ts [Client Component Browser]
    ./lib/cleanup.ts [Client Component Browser]
    ./app/(manager)/settings/page.tsx [Client Component Browser]
    ./app/(manager)/settings/page.tsx [Server Component] @ http://localhost:3000/_next/static/chunks/node_modules_next_dist_115brz8._.js:3318
[ 1974231ms] [ERROR] ./node_modules/@prisma/client/runtime/client.mjs
Code generation for chunk item errored
An error occurred while generating the chunk item [project]/node_modules/@prisma/client/runtime/client.mjs [app-client] (ecmascript) <locals>

Caused by:
- the chunking context (unknown) does not support external modules (request: node:module)

Debug info:
- An error occurred while generating the chunk item [project]/node_modules/@prisma/client/runtime/client.mjs [app-client] (ecmascript) <locals>
- Execution of <EcmascriptModuleLocalsModule as EcmascriptChunkPlaceable>::chunk_item_content failed
- Execution of *EcmascriptChunkItemContent::new failed
- Execution of EcmascriptModuleContent::new failed
- the chunking context (unknown) does not support external modules (request: node:module)

Import trace:
  Client Component Browser:
    ./node_modules/@prisma/client/runtime/client.mjs [Client Component Browser]
    ./app/generated/prisma/internal/prismaNamespace.ts [Client Component Browser]
    ./app/generated/prisma/client.ts [Client Component Browser]
    ./lib/prisma.ts [Client Component Browser]
    ./lib/cleanup.ts [Client Component Browser]
    ./app/(manager)/settings/page.tsx [Client Component Browser]
    ./app/(manager)/settings/page.tsx [Server Component] @ http://localhost:3000/_next/static/chunks/node_modules_next_dist_115brz8._.js:3318
[ 1974289ms] [ERROR] ./node_modules/@prisma/client/runtime/client.mjs
Code generation for chunk item errored
An error occurred while generating the chunk item [project]/node_modules/@prisma/client/runtime/client.mjs [app-client] (ecmascript) <locals>

Caused by:
- the chunking context (unknown) does not support external modules (request: node:module)

Debug info:
- An error occurred while generating the chunk item [project]/node_modules/@prisma/client/runtime/client.mjs [app-client] (ecmascript) <locals>
- Execution of <EcmascriptModuleLocalsModule as EcmascriptChunkPlaceable>::chunk_item_content failed
- Execution of *EcmascriptChunkItemContent::new failed
- Execution of EcmascriptModuleContent::new failed
- the chunking context (unknown) does not support external modules (request: node:module)

Import trace:
  Client Component Browser:
    ./node_modules/@prisma/client/runtime/client.mjs [Client Component Browser]
    ./app/generated/prisma/internal/prismaNamespace.ts [Client Component Browser]
    ./app/generated/prisma/client.ts [Client Component Browser]
    ./lib/prisma.ts [Client Component Browser]
    ./lib/cleanup.ts [Client Component Browser]
    ./app/(manager)/settings/page.tsx [Client Component Browser]
    ./app/(manager)/settings/page.tsx [Server Component] @ http://localhost:3000/_next/static/chunks/node_modules_next_dist_115brz8._.js:3318
[ 1974347ms] [ERROR] ./node_modules/@prisma/client/runtime/client.mjs
Code generation for chunk item errored
An error occurred while generating the chunk item [project]/node_modules/@prisma/client/runtime/client.mjs [app-client] (ecmascript) <locals>

Caused by:
- the chunking context (unknown) does not support external modules (request: node:module)

Debug info:
- An error occurred while generating the chunk item [project]/node_modules/@prisma/client/runtime/client.mjs [app-client] (ecmascript) <locals>
- Execution of <EcmascriptModuleLocalsModule as EcmascriptChunkPlaceable>::chunk_item_content failed
- Execution of *EcmascriptChunkItemContent::new failed
- Execution of EcmascriptModuleContent::new failed
- the chunking context (unknown) does not support external modules (request: node:module)

Import trace:
  Client Component Browser:
    ./node_modules/@prisma/client/runtime/client.mjs [Client Component Browser]
    ./app/generated/prisma/internal/prismaNamespace.ts [Client Component Browser]
    ./app/generated/prisma/client.ts [Client Component Browser]
    ./lib/prisma.ts [Client Component Browser]
    ./lib/cleanup.ts [Client Component Browser]
    ./app/(manager)/settings/page.tsx [Client Component Browser]
    ./app/(manager)/settings/page.tsx [Server Component] @ http://localhost:3000/_next/static/chunks/node_modules_next_dist_115brz8._.js:3318
[ 1974400ms] [ERROR] ./node_modules/@prisma/client/runtime/client.mjs
Code generation for chunk item errored
An error occurred while generating the chunk item [project]/node_modules/@prisma/client/runtime/client.mjs [app-client] (ecmascript) <locals>

Caused by:
- the chunking context (unknown) does not support external modules (request: node:module)

Debug info:
- An error occurred while generating the chunk item [project]/node_modules/@prisma/client/runtime/client.mjs [app-client] (ecmascript) <locals>
- Execution of <EcmascriptModuleLocalsModule as EcmascriptChunkPlaceable>::chunk_item_content failed
- Execution of *EcmascriptChunkItemContent::new failed
- Execution of EcmascriptModuleContent::new failed
- the chunking context (unknown) does not support external modules (request: node:module)

Import trace:
  Client Component Browser:
    ./node_modules/@prisma/client/runtime/client.mjs [Client Component Browser]
    ./app/generated/prisma/internal/prismaNamespace.ts [Client Component Browser]
    ./app/generated/prisma/client.ts [Client Component Browser]
    ./lib/prisma.ts [Client Component Browser]
    ./lib/cleanup.ts [Client Component Browser]
    ./app/(manager)/settings/page.tsx [Client Component Browser]
    ./app/(manager)/settings/page.tsx [Server Component] @ http://localhost:3000/_next/static/chunks/node_modules_next_dist_115brz8._.js:3318
[ 1974456ms] [ERROR] ./node_modules/@prisma/client/runtime/client.mjs
Code generation for chunk item errored
An error occurred while generating the chunk item [project]/node_modules/@prisma/client/runtime/client.mjs [app-client] (ecmascript) <locals>

Caused by:
- the chunking context (unknown) does not support external modules (request: node:module)

Debug info:
- An error occurred while generating the chunk item [project]/node_modules/@prisma/client/runtime/client.mjs [app-client] (ecmascript) <locals>
- Execution of <EcmascriptModuleLocalsModule as EcmascriptChunkPlaceable>::chunk_item_content failed
- Execution of *EcmascriptChunkItemContent::new failed
- Execution of EcmascriptModuleContent::new failed
- the chunking context (unknown) does not support external modules (request: node:module)

Import trace:
  Client Component Browser:
    ./node_modules/@prisma/client/runtime/client.mjs [Client Component Browser]
    ./app/generated/prisma/internal/prismaNamespace.ts [Client Component Browser]
    ./app/generated/prisma/client.ts [Client Component Browser]
    ./lib/prisma.ts [Client Component Browser]
    ./lib/cleanup.ts [Client Component Browser]
    ./app/(manager)/settings/page.tsx [Client Component Browser]
    ./app/(manager)/settings/page.tsx [Server Component] @ http://localhost:3000/_next/static/chunks/node_modules_next_dist_115brz8._.js:3318
[ 1974517ms] [ERROR] ./node_modules/@prisma/client/runtime/client.mjs
Code generation for chunk item errored
An error occurred while generating the chunk item [project]/node_modules/@prisma/client/runtime/client.mjs [app-client] (ecmascript) <locals>

Caused by:
- the chunking context (unknown) does not support external modules (request: node:module)

Debug info:
- An error occurred while generating the chunk item [project]/node_modules/@prisma/client/runtime/client.mjs [app-client] (ecmascript) <locals>
- Execution of <EcmascriptModuleLocalsModule as EcmascriptChunkPlaceable>::chunk_item_content failed
- Execution of *EcmascriptChunkItemContent::new failed
- Execution of EcmascriptModuleContent::new failed
- the chunking context (unknown) does not support external modules (request: node:module)

Import trace:
  Client Component Browser:
    ./node_modules/@prisma/client/runtime/client.mjs [Client Component Browser]
    ./app/generated/prisma/internal/prismaNamespace.ts [Client Component Browser]
    ./app/generated/prisma/client.ts [Client Component Browser]
    ./lib/prisma.ts [Client Component Browser]
    ./lib/cleanup.ts [Client Component Browser]
    ./app/(manager)/settings/page.tsx [Client Component Browser]
    ./app/(manager)/settings/page.tsx [Server Component] @ http://localhost:3000/_next/static/chunks/node_modules_next_dist_115brz8._.js:3318
[ 1974573ms] [ERROR] ./node_modules/@prisma/client/runtime/client.mjs
Code generation for chunk item errored
An error occurred while generating the chunk item [project]/node_modules/@prisma/client/runtime/client.mjs [app-client] (ecmascript) <locals>

Caused by:
- the chunking context (unknown) does not support external modules (request: node:module)

Debug info:
- An error occurred while generating the chunk item [project]/node_modules/@prisma/client/runtime/client.mjs [app-client] (ecmascript) <locals>
- Execution of <EcmascriptModuleLocalsModule as EcmascriptChunkPlaceable>::chunk_item_content failed
- Execution of *EcmascriptChunkItemContent::new failed
- Execution of EcmascriptModuleContent::new failed
- the chunking context (unknown) does not support external modules (request: node:module)

Import trace:
  Client Component Browser:
    ./node_modules/@prisma/client/runtime/client.mjs [Client Component Browser]
    ./app/generated/prisma/internal/prismaNamespace.ts [Client Component Browser]
    ./app/generated/prisma/client.ts [Client Component Browser]
    ./lib/prisma.ts [Client Component Browser]
    ./lib/cleanup.ts [Client Component Browser]
    ./app/(manager)/settings/page.tsx [Client Component Browser]
    ./app/(manager)/settings/page.tsx [Server Component] @ http://localhost:3000/_next/static/chunks/node_modules_next_dist_115brz8._.js:3318
[ 1974627ms] [ERROR] ./node_modules/@prisma/client/runtime/client.mjs
Code generation for chunk item errored
An error occurred while generating the chunk item [project]/node_modules/@prisma/client/runtime/client.mjs [app-client] (ecmascript) <locals>

Caused by:
- the chunking context (unknown) does not support external modules (request: node:module)

Debug info:
- An error occurred while generating the chunk item [project]/node_modules/@prisma/client/runtime/client.mjs [app-client] (ecmascript) <locals>
- Execution of <EcmascriptModuleLocalsModule as EcmascriptChunkPlaceable>::chunk_item_content failed
- Execution of *EcmascriptChunkItemContent::new failed
- Execution of EcmascriptModuleContent::new failed
- the chunking context (unknown) does not support external modules (request: node:module)

Import trace:
  Client Component Browser:
    ./node_modules/@prisma/client/runtime/client.mjs [Client Component Browser]
    ./app/generated/prisma/internal/prismaNamespace.ts [Client Component Browser]
    ./app/generated/prisma/client.ts [Client Component Browser]
    ./lib/prisma.ts [Client Component Browser]
    ./lib/cleanup.ts [Client Component Browser]
    ./app/(manager)/settings/page.tsx [Client Component Browser]
    ./app/(manager)/settings/page.tsx [Server Component] @ http://localhost:3000/_next/static/chunks/node_modules_next_dist_115brz8._.js:3318
[ 1974685ms] [ERROR] ./node_modules/@prisma/client/runtime/client.mjs
Code generation for chunk item errored
An error occurred while generating the chunk item [project]/node_modules/@prisma/client/runtime/client.mjs [app-client] (ecmascript) <locals>

Caused by:
- the chunking context (unknown) does not support external modules (request: node:module)

Debug info:
- An error occurred while generating the chunk item [project]/node_modules/@prisma/client/runtime/client.mjs [app-client] (ecmascript) <locals>
- Execution of <EcmascriptModuleLocalsModule as EcmascriptChunkPlaceable>::chunk_item_content failed
- Execution of *EcmascriptChunkItemContent::new failed
- Execution of EcmascriptModuleContent::new failed
- the chunking context (unknown) does not support external modules (request: node:module)

Import trace:
  Client Component Browser:
    ./node_modules/@prisma/client/runtime/client.mjs [Client Component Browser]
    ./app/generated/prisma/internal/prismaNamespace.ts [Client Component Browser]
    ./app/generated/prisma/client.ts [Client Component Browser]
    ./lib/prisma.ts [Client Component Browser]
    ./lib/cleanup.ts [Client Component Browser]
    ./app/(manager)/settings/page.tsx [Client Component Browser]
    ./app/(manager)/settings/page.tsx [Server Component] @ http://localhost:3000/_next/static/chunks/node_modules_next_dist_115brz8._.js:3318
[ 1974736ms] [ERROR] ./node_modules/@prisma/client/runtime/client.mjs
Code generation for chunk item errored
An error occurred while generating the chunk item [project]/node_modules/@prisma/client/runtime/client.mjs [app-client] (ecmascript) <locals>

Caused by:
- the chunking context (unknown) does not support external modules (request: node:module)

Debug info:
- An error occurred while generating the chunk item [project]/node_modules/@prisma/client/runtime/client.mjs [app-client] (ecmascript) <locals>
- Execution of <EcmascriptModuleLocalsModule as EcmascriptChunkPlaceable>::chunk_item_content failed
- Execution of *EcmascriptChunkItemContent::new failed
- Execution of EcmascriptModuleContent::new failed
- the chunking context (unknown) does not support external modules (request: node:module)

Import trace:
  Client Component Browser:
    ./node_modules/@prisma/client/runtime/client.mjs [Client Component Browser]
    ./app/generated/prisma/internal/prismaNamespace.ts [Client Component Browser]
    ./app/generated/prisma/client.ts [Client Component Browser]
    ./lib/prisma.ts [Client Component Browser]
    ./lib/cleanup.ts [Client Component Browser]
    ./app/(manager)/settings/page.tsx [Client Component Browser]
    ./app/(manager)/settings/page.tsx [Server Component] @ http://localhost:3000/_next/static/chunks/node_modules_next_dist_115brz8._.js:3318
[ 1974793ms] [ERROR] ./node_modules/@prisma/client/runtime/client.mjs
Code generation for chunk item errored
An error occurred while generating the chunk item [project]/node_modules/@prisma/client/runtime/client.mjs [app-client] (ecmascript) <locals>

Caused by:
- the chunking context (unknown) does not support external modules (request: node:module)

Debug info:
- An error occurred while generating the chunk item [project]/node_modules/@prisma/client/runtime/client.mjs [app-client] (ecmascript) <locals>
- Execution of <EcmascriptModuleLocalsModule as EcmascriptChunkPlaceable>::chunk_item_content failed
- Execution of *EcmascriptChunkItemContent::new failed
- Execution of EcmascriptModuleContent::new failed
- the chunking context (unknown) does not support external modules (request: node:module)

Import trace:
  Client Component Browser:
    ./node_modules/@prisma/client/runtime/client.mjs [Client Component Browser]
    ./app/generated/prisma/internal/prismaNamespace.ts [Client Component Browser]
    ./app/generated/prisma/client.ts [Client Component Browser]
    ./lib/prisma.ts [Client Component Browser]
    ./lib/cleanup.ts [Client Component Browser]
    ./app/(manager)/settings/page.tsx [Client Component Browser]
    ./app/(manager)/settings/page.tsx [Server Component] @ http://localhost:3000/_next/static/chunks/node_modules_next_dist_115brz8._.js:3318
[ 1974847ms] [ERROR] ./node_modules/@prisma/client/runtime/client.mjs
Code generation for chunk item errored
An error occurred while generating the chunk item [project]/node_modules/@prisma/client/runtime/client.mjs [app-client] (ecmascript) <locals>

Caused by:
- the chunking context (unknown) does not support external modules (request: node:module)

Debug info:
- An error occurred while generating the chunk item [project]/node_modules/@prisma/client/runtime/client.mjs [app-client] (ecmascript) <locals>
- Execution of <EcmascriptModuleLocalsModule as EcmascriptChunkPlaceable>::chunk_item_content failed
- Execution of *EcmascriptChunkItemContent::new failed
- Execution of EcmascriptModuleContent::new failed
- the chunking context (unknown) does not support external modules (request: node:module)

Import trace:
  Client Component Browser:
    ./node_modules/@prisma/client/runtime/client.mjs [Client Component Browser]
    ./app/generated/prisma/internal/prismaNamespace.ts [Client Component Browser]
    ./app/generated/prisma/client.ts [Client Component Browser]
    ./lib/prisma.ts [Client Component Browser]
    ./lib/cleanup.ts [Client Component Browser]
    ./app/(manager)/settings/page.tsx [Client Component Browser]
    ./app/(manager)/settings/page.tsx [Server Component] @ http://localhost:3000/_next/static/chunks/node_modules_next_dist_115brz8._.js:3318
[ 1974902ms] [ERROR] ./node_modules/@prisma/client/runtime/client.mjs
Code generation for chunk item errored
An error occurred while generating the chunk item [project]/node_modules/@prisma/client/runtime/client.mjs [app-client] (ecmascript) <locals>

Caused by:
- the chunking context (unknown) does not support external modules (request: node:module)

Debug info:
- An error occurred while generating the chunk item [project]/node_modules/@prisma/client/runtime/client.mjs [app-client] (ecmascript) <locals>
- Execution of <EcmascriptModuleLocalsModule as EcmascriptChunkPlaceable>::chunk_item_content failed
- Execution of *EcmascriptChunkItemContent::new failed
- Execution of EcmascriptModuleContent::new failed
- the chunking context (unknown) does not support external modules (request: node:module)

Import trace:
  Client Component Browser:
    ./node_modules/@prisma/client/runtime/client.mjs [Client Component Browser]
    ./app/generated/prisma/internal/prismaNamespace.ts [Client Component Browser]
    ./app/generated/prisma/client.ts [Client Component Browser]
    ./lib/prisma.ts [Client Component Browser]
    ./lib/cleanup.ts [Client Component Browser]
    ./app/(manager)/settings/page.tsx [Client Component Browser]
    ./app/(manager)/settings/page.tsx [Server Component] @ http://localhost:3000/_next/static/chunks/node_modules_next_dist_115brz8._.js:3318
[ 1974959ms] [ERROR] ./node_modules/@prisma/client/runtime/client.mjs
Code generation for chunk item errored
An error occurred while generating the chunk item [project]/node_modules/@prisma/client/runtime/client.mjs [app-client] (ecmascript) <locals>

Caused by:
- the chunking context (unknown) does not support external modules (request: node:module)

Debug info:
- An error occurred while generating the chunk item [project]/node_modules/@prisma/client/runtime/client.mjs [app-client] (ecmascript) <locals>
- Execution of <EcmascriptModuleLocalsModule as EcmascriptChunkPlaceable>::chunk_item_content failed
- Execution of *EcmascriptChunkItemContent::new failed
- Execution of EcmascriptModuleContent::new failed
- the chunking context (unknown) does not support external modules (request: node:module)

Import trace:
  Client Component Browser:
    ./node_modules/@prisma/client/runtime/client.mjs [Client Component Browser]
    ./app/generated/prisma/internal/prismaNamespace.ts [Client Component Browser]
    ./app/generated/prisma/client.ts [Client Component Browser]
    ./lib/prisma.ts [Client Component Browser]
    ./lib/cleanup.ts [Client Component Browser]
    ./app/(manager)/settings/page.tsx [Client Component Browser]
    ./app/(manager)/settings/page.tsx [Server Component] @ http://localhost:3000/_next/static/chunks/node_modules_next_dist_115brz8._.js:3318
[ 1975014ms] [ERROR] ./node_modules/@prisma/client/runtime/client.mjs
Code generation for chunk item errored
An error occurred while generating the chunk item [project]/node_modules/@prisma/client/runtime/client.mjs [app-client] (ecmascript) <locals>

Caused by:
- the chunking context (unknown) does not support external modules (request: node:module)

Debug info:
- An error occurred while generating the chunk item [project]/node_modules/@prisma/client/runtime/client.mjs [app-client] (ecmascript) <locals>
- Execution of <EcmascriptModuleLocalsModule as EcmascriptChunkPlaceable>::chunk_item_content failed
- Execution of *EcmascriptChunkItemContent::new failed
- Execution of EcmascriptModuleContent::new failed
- the chunking context (unknown) does not support external modules (request: node:module)

Import trace:
  Client Component Browser:
    ./node_modules/@prisma/client/runtime/client.mjs [Client Component Browser]
    ./app/generated/prisma/internal/prismaNamespace.ts [Client Component Browser]
    ./app/generated/prisma/client.ts [Client Component Browser]
    ./lib/prisma.ts [Client Component Browser]
    ./lib/cleanup.ts [Client Component Browser]
    ./app/(manager)/settings/page.tsx [Client Component Browser]
    ./app/(manager)/settings/page.tsx [Server Component] @ http://localhost:3000/_next/static/chunks/node_modules_next_dist_115brz8._.js:3318
[ 1975072ms] [ERROR] ./node_modules/@prisma/client/runtime/client.mjs
Code generation for chunk item errored
An error occurred while generating the chunk item [project]/node_modules/@prisma/client/runtime/client.mjs [app-client] (ecmascript) <locals>

Caused by:
- the chunking context (unknown) does not support external modules (request: node:module)

Debug info:
- An error occurred while generating the chunk item [project]/node_modules/@prisma/client/runtime/client.mjs [app-client] (ecmascript) <locals>
- Execution of <EcmascriptModuleLocalsModule as EcmascriptChunkPlaceable>::chunk_item_content failed
- Execution of *EcmascriptChunkItemContent::new failed
- Execution of EcmascriptModuleContent::new failed
- the chunking context (unknown) does not support external modules (request: node:module)

Import trace:
  Client Component Browser:
    ./node_modules/@prisma/client/runtime/client.mjs [Client Component Browser]
    ./app/generated/prisma/internal/prismaNamespace.ts [Client Component Browser]
    ./app/generated/prisma/client.ts [Client Component Browser]
    ./lib/prisma.ts [Client Component Browser]
    ./lib/cleanup.ts [Client Component Browser]
    ./app/(manager)/settings/page.tsx [Client Component Browser]
    ./app/(manager)/settings/page.tsx [Server Component] @ http://localhost:3000/_next/static/chunks/node_modules_next_dist_115brz8._.js:3318
[ 1975130ms] [ERROR] ./node_modules/@prisma/client/runtime/client.mjs
Code generation for chunk item errored
An error occurred while generating the chunk item [project]/node_modules/@prisma/client/runtime/client.mjs [app-client] (ecmascript) <locals>

Caused by:
- the chunking context (unknown) does not support external modules (request: node:module)

Debug info:
- An error occurred while generating the chunk item [project]/node_modules/@prisma/client/runtime/client.mjs [app-client] (ecmascript) <locals>
- Execution of <EcmascriptModuleLocalsModule as EcmascriptChunkPlaceable>::chunk_item_content failed
- Execution of *EcmascriptChunkItemContent::new failed
- Execution of EcmascriptModuleContent::new failed
- the chunking context (unknown) does not support external modules (request: node:module)

Import trace:
  Client Component Browser:
    ./node_modules/@prisma/client/runtime/client.mjs [Client Component Browser]
    ./app/generated/prisma/internal/prismaNamespace.ts [Client Component Browser]
    ./app/generated/prisma/client.ts [Client Component Browser]
    ./lib/prisma.ts [Client Component Browser]
    ./lib/cleanup.ts [Client Component Browser]
    ./app/(manager)/settings/page.tsx [Client Component Browser]
    ./app/(manager)/settings/page.tsx [Server Component] @ http://localhost:3000/_next/static/chunks/node_modules_next_dist_115brz8._.js:3318
[ 1975185ms] [ERROR] ./node_modules/@prisma/client/runtime/client.mjs
Code generation for chunk item errored
An error occurred while generating the chunk item [project]/node_modules/@prisma/client/runtime/client.mjs [app-client] (ecmascript) <locals>

Caused by:
- the chunking context (unknown) does not support external modules (request: node:module)

Debug info:
- An error occurred while generating the chunk item [project]/node_modules/@prisma/client/runtime/client.mjs [app-client] (ecmascript) <locals>
- Execution of <EcmascriptModuleLocalsModule as EcmascriptChunkPlaceable>::chunk_item_content failed
- Execution of *EcmascriptChunkItemContent::new failed
- Execution of EcmascriptModuleContent::new failed
- the chunking context (unknown) does not support external modules (request: node:module)

Import trace:
  Client Component Browser:
    ./node_modules/@prisma/client/runtime/client.mjs [Client Component Browser]
    ./app/generated/prisma/internal/prismaNamespace.ts [Client Component Browser]
    ./app/generated/prisma/client.ts [Client Component Browser]
    ./lib/prisma.ts [Client Component Browser]
    ./lib/cleanup.ts [Client Component Browser]
    ./app/(manager)/settings/page.tsx [Client Component Browser]
    ./app/(manager)/settings/page.tsx [Server Component] @ http://localhost:3000/_next/static/chunks/node_modules_next_dist_115brz8._.js:3318
[ 1975238ms] [ERROR] ./node_modules/@prisma/client/runtime/client.mjs
Code generation for chunk item errored
An error occurred while generating the chunk item [project]/node_modules/@prisma/client/runtime/client.mjs [app-client] (ecmascript) <locals>

Caused by:
- the chunking context (unknown) does not support external modules (request: node:module)

Debug info:
- An error occurred while generating the chunk item [project]/node_modules/@prisma/client/runtime/client.mjs [app-client] (ecmascript) <locals>
- Execution of <EcmascriptModuleLocalsModule as EcmascriptChunkPlaceable>::chunk_item_content failed
- Execution of *EcmascriptChunkItemContent::new failed
- Execution of EcmascriptModuleContent::new failed
- the chunking context (unknown) does not support external modules (request: node:module)

Import trace:
  Client Component Browser:
    ./node_modules/@prisma/client/runtime/client.mjs [Client Component Browser]
    ./app/generated/prisma/internal/prismaNamespace.ts [Client Component Browser]
    ./app/generated/prisma/client.ts [Client Component Browser]
    ./lib/prisma.ts [Client Component Browser]
    ./lib/cleanup.ts [Client Component Browser]
    ./app/(manager)/settings/page.tsx [Client Component Browser]
    ./app/(manager)/settings/page.tsx [Server Component] @ http://localhost:3000/_next/static/chunks/node_modules_next_dist_115brz8._.js:3318
[ 1975290ms] [ERROR] ./node_modules/@prisma/client/runtime/client.mjs
Code generation for chunk item errored
An error occurred while generating the chunk item [project]/node_modules/@prisma/client/runtime/client.mjs [app-client] (ecmascript) <locals>

Caused by:
- the chunking context (unknown) does not support external modules (request: node:module)

Debug info:
- An error occurred while generating the chunk item [project]/node_modules/@prisma/client/runtime/client.mjs [app-client] (ecmascript) <locals>
- Execution of <EcmascriptModuleLocalsModule as EcmascriptChunkPlaceable>::chunk_item_content failed
- Execution of *EcmascriptChunkItemContent::new failed
- Execution of EcmascriptModuleContent::new failed
- the chunking context (unknown) does not support external modules (request: node:module)

Import trace:
  Client Component Browser:
    ./node_modules/@prisma/client/runtime/client.mjs [Client Component Browser]
    ./app/generated/prisma/internal/prismaNamespace.ts [Client Component Browser]
    ./app/generated/prisma/client.ts [Client Component Browser]
    ./lib/prisma.ts [Client Component Browser]
    ./lib/cleanup.ts [Client Component Browser]
    ./app/(manager)/settings/page.tsx [Client Component Browser]
    ./app/(manager)/settings/page.tsx [Server Component] @ http://localhost:3000/_next/static/chunks/node_modules_next_dist_115brz8._.js:3318
[ 1975350ms] [ERROR] ./node_modules/@prisma/client/runtime/client.mjs
Code generation for chunk item errored
An error occurred while generating the chunk item [project]/node_modules/@prisma/client/runtime/client.mjs [app-client] (ecmascript) <locals>

Caused by:
- the chunking context (unknown) does not support external modules (request: node:module)

Debug info:
- An error occurred while generating the chunk item [project]/node_modules/@prisma/client/runtime/client.mjs [app-client] (ecmascript) <locals>
- Execution of <EcmascriptModuleLocalsModule as EcmascriptChunkPlaceable>::chunk_item_content failed
- Execution of *EcmascriptChunkItemContent::new failed
- Execution of EcmascriptModuleContent::new failed
- the chunking context (unknown) does not support external modules (request: node:module)

Import trace:
  Client Component Browser:
    ./node_modules/@prisma/client/runtime/client.mjs [Client Component Browser]
    ./app/generated/prisma/internal/prismaNamespace.ts [Client Component Browser]
    ./app/generated/prisma/client.ts [Client Component Browser]
    ./lib/prisma.ts [Client Component Browser]
    ./lib/cleanup.ts [Client Component Browser]
    ./app/(manager)/settings/page.tsx [Client Component Browser]
    ./app/(manager)/settings/page.tsx [Server Component] @ http://localhost:3000/_next/static/chunks/node_modules_next_dist_115brz8._.js:3318
[ 1975410ms] [ERROR] ./node_modules/@prisma/client/runtime/client.mjs
Code generation for chunk item errored
An error occurred while generating the chunk item [project]/node_modules/@prisma/client/runtime/client.mjs [app-client] (ecmascript) <locals>

Caused by:
- the chunking context (unknown) does not support external modules (request: node:module)

Debug info:
- An error occurred while generating the chunk item [project]/node_modules/@prisma/client/runtime/client.mjs [app-client] (ecmascript) <locals>
- Execution of <EcmascriptModuleLocalsModule as EcmascriptChunkPlaceable>::chunk_item_content failed
- Execution of *EcmascriptChunkItemContent::new failed
- Execution of EcmascriptModuleContent::new failed
- the chunking context (unknown) does not support external modules (request: node:module)

Import trace:
  Client Component Browser:
    ./node_modules/@prisma/client/runtime/client.mjs [Client Component Browser]
    ./app/generated/prisma/internal/prismaNamespace.ts [Client Component Browser]
    ./app/generated/prisma/client.ts [Client Component Browser]
    ./lib/prisma.ts [Client Component Browser]
    ./lib/cleanup.ts [Client Component Browser]
    ./app/(manager)/settings/page.tsx [Client Component Browser]
    ./app/(manager)/settings/page.tsx [Server Component] @ http://localhost:3000/_next/static/chunks/node_modules_next_dist_115brz8._.js:3318
[ 1975467ms] [ERROR] ./node_modules/@prisma/client/runtime/client.mjs
Code generation for chunk item errored
An error occurred while generating the chunk item [project]/node_modules/@prisma/client/runtime/client.mjs [app-client] (ecmascript) <locals>

Caused by:
- the chunking context (unknown) does not support external modules (request: node:module)

Debug info:
- An error occurred while generating the chunk item [project]/node_modules/@prisma/client/runtime/client.mjs [app-client] (ecmascript) <locals>
- Execution of <EcmascriptModuleLocalsModule as EcmascriptChunkPlaceable>::chunk_item_content failed
- Execution of *EcmascriptChunkItemContent::new failed
- Execution of EcmascriptModuleContent::new failed
- the chunking context (unknown) does not support external modules (request: node:module)

Import trace:
  Client Component Browser:
    ./node_modules/@prisma/client/runtime/client.mjs [Client Component Browser]
    ./app/generated/prisma/internal/prismaNamespace.ts [Client Component Browser]
    ./app/generated/prisma/client.ts [Client Component Browser]
    ./lib/prisma.ts [Client Component Browser]
    ./lib/cleanup.ts [Client Component Browser]
    ./app/(manager)/settings/page.tsx [Client Component Browser]
    ./app/(manager)/settings/page.tsx [Server Component] @ http://localhost:3000/_next/static/chunks/node_modules_next_dist_115brz8._.js:3318
[ 1975525ms] [ERROR] ./node_modules/@prisma/client/runtime/client.mjs
Code generation for chunk item errored
An error occurred while generating the chunk item [project]/node_modules/@prisma/client/runtime/client.mjs [app-client] (ecmascript) <locals>

Caused by:
- the chunking context (unknown) does not support external modules (request: node:module)

Debug info:
- An error occurred while generating the chunk item [project]/node_modules/@prisma/client/runtime/client.mjs [app-client] (ecmascript) <locals>
- Execution of <EcmascriptModuleLocalsModule as EcmascriptChunkPlaceable>::chunk_item_content failed
- Execution of *EcmascriptChunkItemContent::new failed
- Execution of EcmascriptModuleContent::new failed
- the chunking context (unknown) does not support external modules (request: node:module)

Import trace:
  Client Component Browser:
    ./node_modules/@prisma/client/runtime/client.mjs [Client Component Browser]
    ./app/generated/prisma/internal/prismaNamespace.ts [Client Component Browser]
    ./app/generated/prisma/client.ts [Client Component Browser]
    ./lib/prisma.ts [Client Component Browser]
    ./lib/cleanup.ts [Client Component Browser]
    ./app/(manager)/settings/page.tsx [Client Component Browser]
    ./app/(manager)/settings/page.tsx [Server Component] @ http://localhost:3000/_next/static/chunks/node_modules_next_dist_115brz8._.js:3318
[ 1975582ms] [ERROR] ./node_modules/@prisma/client/runtime/client.mjs
Code generation for chunk item errored
An error occurred while generating the chunk item [project]/node_modules/@prisma/client/runtime/client.mjs [app-client] (ecmascript) <locals>

Caused by:
- the chunking context (unknown) does not support external modules (request: node:module)

Debug info:
- An error occurred while generating the chunk item [project]/node_modules/@prisma/client/runtime/client.mjs [app-client] (ecmascript) <locals>
- Execution of <EcmascriptModuleLocalsModule as EcmascriptChunkPlaceable>::chunk_item_content failed
- Execution of *EcmascriptChunkItemContent::new failed
- Execution of EcmascriptModuleContent::new failed
- the chunking context (unknown) does not support external modules (request: node:module)

Import trace:
  Client Component Browser:
    ./node_modules/@prisma/client/runtime/client.mjs [Client Component Browser]
    ./app/generated/prisma/internal/prismaNamespace.ts [Client Component Browser]
    ./app/generated/prisma/client.ts [Client Component Browser]
    ./lib/prisma.ts [Client Component Browser]
    ./lib/cleanup.ts [Client Component Browser]
    ./app/(manager)/settings/page.tsx [Client Component Browser]
    ./app/(manager)/settings/page.tsx [Server Component] @ http://localhost:3000/_next/static/chunks/node_modules_next_dist_115brz8._.js:3318
[ 1975636ms] [ERROR] ./node_modules/@prisma/client/runtime/client.mjs
Code generation for chunk item errored
An error occurred while generating the chunk item [project]/node_modules/@prisma/client/runtime/client.mjs [app-client] (ecmascript) <locals>

Caused by:
- the chunking context (unknown) does not support external modules (request: node:module)

Debug info:
- An error occurred while generating the chunk item [project]/node_modules/@prisma/client/runtime/client.mjs [app-client] (ecmascript) <locals>
- Execution of <EcmascriptModuleLocalsModule as EcmascriptChunkPlaceable>::chunk_item_content failed
- Execution of *EcmascriptChunkItemContent::new failed
- Execution of EcmascriptModuleContent::new failed
- the chunking context (unknown) does not support external modules (request: node:module)

Import trace:
  Client Component Browser:
    ./node_modules/@prisma/client/runtime/client.mjs [Client Component Browser]
    ./app/generated/prisma/internal/prismaNamespace.ts [Client Component Browser]
    ./app/generated/prisma/client.ts [Client Component Browser]
    ./lib/prisma.ts [Client Component Browser]
    ./lib/cleanup.ts [Client Component Browser]
    ./app/(manager)/settings/page.tsx [Client Component Browser]
    ./app/(manager)/settings/page.tsx [Server Component] @ http://localhost:3000/_next/static/chunks/node_modules_next_dist_115brz8._.js:3318
[ 1975693ms] [ERROR] ./node_modules/@prisma/client/runtime/client.mjs
Code generation for chunk item errored
An error occurred while generating the chunk item [project]/node_modules/@prisma/client/runtime/client.mjs [app-client] (ecmascript) <locals>

Caused by:
- the chunking context (unknown) does not support external modules (request: node:module)

Debug info:
- An error occurred while generating the chunk item [project]/node_modules/@prisma/client/runtime/client.mjs [app-client] (ecmascript) <locals>
- Execution of <EcmascriptModuleLocalsModule as EcmascriptChunkPlaceable>::chunk_item_content failed
- Execution of *EcmascriptChunkItemContent::new failed
- Execution of EcmascriptModuleContent::new failed
- the chunking context (unknown) does not support external modules (request: node:module)

Import trace:
  Client Component Browser:
    ./node_modules/@prisma/client/runtime/client.mjs [Client Component Browser]
    ./app/generated/prisma/internal/prismaNamespace.ts [Client Component Browser]
    ./app/generated/prisma/client.ts [Client Component Browser]
    ./lib/prisma.ts [Client Component Browser]
    ./lib/cleanup.ts [Client Component Browser]
    ./app/(manager)/settings/page.tsx [Client Component Browser]
    ./app/(manager)/settings/page.tsx [Server Component] @ http://localhost:3000/_next/static/chunks/node_modules_next_dist_115brz8._.js:3318
[ 1975750ms] [ERROR] ./node_modules/@prisma/client/runtime/client.mjs
Code generation for chunk item errored
An error occurred while generating the chunk item [project]/node_modules/@prisma/client/runtime/client.mjs [app-client] (ecmascript) <locals>

Caused by:
- the chunking context (unknown) does not support external modules (request: node:module)

Debug info:
- An error occurred while generating the chunk item [project]/node_modules/@prisma/client/runtime/client.mjs [app-client] (ecmascript) <locals>
- Execution of <EcmascriptModuleLocalsModule as EcmascriptChunkPlaceable>::chunk_item_content failed
- Execution of *EcmascriptChunkItemContent::new failed
- Execution of EcmascriptModuleContent::new failed
- the chunking context (unknown) does not support external modules (request: node:module)

Import trace:
  Client Component Browser:
    ./node_modules/@prisma/client/runtime/client.mjs [Client Component Browser]
    ./app/generated/prisma/internal/prismaNamespace.ts [Client Component Browser]
    ./app/generated/prisma/client.ts [Client Component Browser]
    ./lib/prisma.ts [Client Component Browser]
    ./lib/cleanup.ts [Client Component Browser]
    ./app/(manager)/settings/page.tsx [Client Component Browser]
    ./app/(manager)/settings/page.tsx [Server Component] @ http://localhost:3000/_next/static/chunks/node_modules_next_dist_115brz8._.js:3318
[ 1975809ms] [ERROR] ./node_modules/@prisma/client/runtime/client.mjs
Code generation for chunk item errored
An error occurred while generating the chunk item [project]/node_modules/@prisma/client/runtime/client.mjs [app-client] (ecmascript) <locals>

Caused by:
- the chunking context (unknown) does not support external modules (request: node:module)

Debug info:
- An error occurred while generating the chunk item [project]/node_modules/@prisma/client/runtime/client.mjs [app-client] (ecmascript) <locals>
- Execution of <EcmascriptModuleLocalsModule as EcmascriptChunkPlaceable>::chunk_item_content failed
- Execution of *EcmascriptChunkItemContent::new failed
- Execution of EcmascriptModuleContent::new failed
- the chunking context (unknown) does not support external modules (request: node:module)

Import trace:
  Client Component Browser:
    ./node_modules/@prisma/client/runtime/client.mjs [Client Component Browser]
    ./app/generated/prisma/internal/prismaNamespace.ts [Client Component Browser]
    ./app/generated/prisma/client.ts [Client Component Browser]
    ./lib/prisma.ts [Client Component Browser]
    ./lib/cleanup.ts [Client Component Browser]
    ./app/(manager)/settings/page.tsx [Client Component Browser]
    ./app/(manager)/settings/page.tsx [Server Component] @ http://localhost:3000/_next/static/chunks/node_modules_next_dist_115brz8._.js:3318
[ 1975862ms] [ERROR] ./node_modules/@prisma/client/runtime/client.mjs
Code generation for chunk item errored
An error occurred while generating the chunk item [project]/node_modules/@prisma/client/runtime/client.mjs [app-client] (ecmascript) <locals>

Caused by:
- the chunking context (unknown) does not support external modules (request: node:module)

Debug info:
- An error occurred while generating the chunk item [project]/node_modules/@prisma/client/runtime/client.mjs [app-client] (ecmascript) <locals>
- Execution of <EcmascriptModuleLocalsModule as EcmascriptChunkPlaceable>::chunk_item_content failed
- Execution of *EcmascriptChunkItemContent::new failed
- Execution of EcmascriptModuleContent::new failed
- the chunking context (unknown) does not support external modules (request: node:module)

Import trace:
  Client Component Browser:
    ./node_modules/@prisma/client/runtime/client.mjs [Client Component Browser]
    ./app/generated/prisma/internal/prismaNamespace.ts [Client Component Browser]
    ./app/generated/prisma/client.ts [Client Component Browser]
    ./lib/prisma.ts [Client Component Browser]
    ./lib/cleanup.ts [Client Component Browser]
    ./app/(manager)/settings/page.tsx [Client Component Browser]
    ./app/(manager)/settings/page.tsx [Server Component] @ http://localhost:3000/_next/static/chunks/node_modules_next_dist_115brz8._.js:3318
[ 1975919ms] [ERROR] ./node_modules/@prisma/client/runtime/client.mjs
Code generation for chunk item errored
An error occurred while generating the chunk item [project]/node_modules/@prisma/client/runtime/client.mjs [app-client] (ecmascript) <locals>

Caused by:
- the chunking context (unknown) does not support external modules (request: node:module)

Debug info:
- An error occurred while generating the chunk item [project]/node_modules/@prisma/client/runtime/client.mjs [app-client] (ecmascript) <locals>
- Execution of <EcmascriptModuleLocalsModule as EcmascriptChunkPlaceable>::chunk_item_content failed
- Execution of *EcmascriptChunkItemContent::new failed
- Execution of EcmascriptModuleContent::new failed
- the chunking context (unknown) does not support external modules (request: node:module)

Import trace:
  Client Component Browser:
    ./node_modules/@prisma/client/runtime/client.mjs [Client Component Browser]
    ./app/generated/prisma/internal/prismaNamespace.ts [Client Component Browser]
    ./app/generated/prisma/client.ts [Client Component Browser]
    ./lib/prisma.ts [Client Component Browser]
    ./lib/cleanup.ts [Client Component Browser]
    ./app/(manager)/settings/page.tsx [Client Component Browser]
    ./app/(manager)/settings/page.tsx [Server Component] @ http://localhost:3000/_next/static/chunks/node_modules_next_dist_115brz8._.js:3318
[ 1975974ms] [ERROR] ./node_modules/@prisma/client/runtime/client.mjs
Code generation for chunk item errored
An error occurred while generating the chunk item [project]/node_modules/@prisma/client/runtime/client.mjs [app-client] (ecmascript) <locals>

Caused by:
- the chunking context (unknown) does not support external modules (request: node:module)

Debug info:
- An error occurred while generating the chunk item [project]/node_modules/@prisma/client/runtime/client.mjs [app-client] (ecmascript) <locals>
- Execution of <EcmascriptModuleLocalsModule as EcmascriptChunkPlaceable>::chunk_item_content failed
- Execution of *EcmascriptChunkItemContent::new failed
- Execution of EcmascriptModuleContent::new failed
- the chunking context (unknown) does not support external modules (request: node:module)

Import trace:
  Client Component Browser:
    ./node_modules/@prisma/client/runtime/client.mjs [Client Component Browser]
    ./app/generated/prisma/internal/prismaNamespace.ts [Client Component Browser]
    ./app/generated/prisma/client.ts [Client Component Browser]
    ./lib/prisma.ts [Client Component Browser]
    ./lib/cleanup.ts [Client Component Browser]
    ./app/(manager)/settings/page.tsx [Client Component Browser]
    ./app/(manager)/settings/page.tsx [Server Component] @ http://localhost:3000/_next/static/chunks/node_modules_next_dist_115brz8._.js:3318
[ 1976035ms] [ERROR] ./node_modules/@prisma/client/runtime/client.mjs
Code generation for chunk item errored
An error occurred while generating the chunk item [project]/node_modules/@prisma/client/runtime/client.mjs [app-client] (ecmascript) <locals>

Caused by:
- the chunking context (unknown) does not support external modules (request: node:module)

Debug info:
- An error occurred while generating the chunk item [project]/node_modules/@prisma/client/runtime/client.mjs [app-client] (ecmascript) <locals>
- Execution of <EcmascriptModuleLocalsModule as EcmascriptChunkPlaceable>::chunk_item_content failed
- Execution of *EcmascriptChunkItemContent::new failed
- Execution of EcmascriptModuleContent::new failed
- the chunking context (unknown) does not support external modules (request: node:module)

Import trace:
  Client Component Browser:
    ./node_modules/@prisma/client/runtime/client.mjs [Client Component Browser]
    ./app/generated/prisma/internal/prismaNamespace.ts [Client Component Browser]
    ./app/generated/prisma/client.ts [Client Component Browser]
    ./lib/prisma.ts [Client Component Browser]
    ./lib/cleanup.ts [Client Component Browser]
    ./app/(manager)/settings/page.tsx [Client Component Browser]
    ./app/(manager)/settings/page.tsx [Server Component] @ http://localhost:3000/_next/static/chunks/node_modules_next_dist_115brz8._.js:3318
[ 1976088ms] [ERROR] ./node_modules/@prisma/client/runtime/client.mjs
Code generation for chunk item errored
An error occurred while generating the chunk item [project]/node_modules/@prisma/client/runtime/client.mjs [app-client] (ecmascript) <locals>

Caused by:
- the chunking context (unknown) does not support external modules (request: node:module)

Debug info:
- An error occurred while generating the chunk item [project]/node_modules/@prisma/client/runtime/client.mjs [app-client] (ecmascript) <locals>
- Execution of <EcmascriptModuleLocalsModule as EcmascriptChunkPlaceable>::chunk_item_content failed
- Execution of *EcmascriptChunkItemContent::new failed
- Execution of EcmascriptModuleContent::new failed
- the chunking context (unknown) does not support external modules (request: node:module)

Import trace:
  Client Component Browser:
    ./node_modules/@prisma/client/runtime/client.mjs [Client Component Browser]
    ./app/generated/prisma/internal/prismaNamespace.ts [Client Component Browser]
    ./app/generated/prisma/client.ts [Client Component Browser]
    ./lib/prisma.ts [Client Component Browser]
    ./lib/cleanup.ts [Client Component Browser]
    ./app/(manager)/settings/page.tsx [Client Component Browser]
    ./app/(manager)/settings/page.tsx [Server Component] @ http://localhost:3000/_next/static/chunks/node_modules_next_dist_115brz8._.js:3318
[ 1976140ms] [ERROR] ./node_modules/@prisma/client/runtime/client.mjs
Code generation for chunk item errored
An error occurred while generating the chunk item [project]/node_modules/@prisma/client/runtime/client.mjs [app-client] (ecmascript) <locals>

Caused by:
- the chunking context (unknown) does not support external modules (request: node:module)

Debug info:
- An error occurred while generating the chunk item [project]/node_modules/@prisma/client/runtime/client.mjs [app-client] (ecmascript) <locals>
- Execution of <EcmascriptModuleLocalsModule as EcmascriptChunkPlaceable>::chunk_item_content failed
- Execution of *EcmascriptChunkItemContent::new failed
- Execution of EcmascriptModuleContent::new failed
- the chunking context (unknown) does not support external modules (request: node:module)

Import trace:
  Client Component Browser:
    ./node_modules/@prisma/client/runtime/client.mjs [Client Component Browser]
    ./app/generated/prisma/internal/prismaNamespace.ts [Client Component Browser]
    ./app/generated/prisma/client.ts [Client Component Browser]
    ./lib/prisma.ts [Client Component Browser]
    ./lib/cleanup.ts [Client Component Browser]
    ./app/(manager)/settings/page.tsx [Client Component Browser]
    ./app/(manager)/settings/page.tsx [Server Component] @ http://localhost:3000/_next/static/chunks/node_modules_next_dist_115brz8._.js:3318
[ 1976193ms] [ERROR] ./node_modules/@prisma/client/runtime/client.mjs
Code generation for chunk item errored
An error occurred while generating the chunk item [project]/node_modules/@prisma/client/runtime/client.mjs [app-client] (ecmascript) <locals>

Caused by:
- the chunking context (unknown) does not support external modules (request: node:module)

Debug info:
- An error occurred while generating the chunk item [project]/node_modules/@prisma/client/runtime/client.mjs [app-client] (ecmascript) <locals>
- Execution of <EcmascriptModuleLocalsModule as EcmascriptChunkPlaceable>::chunk_item_content failed
- Execution of *EcmascriptChunkItemContent::new failed
- Execution of EcmascriptModuleContent::new failed
- the chunking context (unknown) does not support external modules (request: node:module)

Import trace:
  Client Component Browser:
    ./node_modules/@prisma/client/runtime/client.mjs [Client Component Browser]
    ./app/generated/prisma/internal/prismaNamespace.ts [Client Component Browser]
    ./app/generated/prisma/client.ts [Client Component Browser]
    ./lib/prisma.ts [Client Component Browser]
    ./lib/cleanup.ts [Client Component Browser]
    ./app/(manager)/settings/page.tsx [Client Component Browser]
    ./app/(manager)/settings/page.tsx [Server Component] @ http://localhost:3000/_next/static/chunks/node_modules_next_dist_115brz8._.js:3318
[ 1976245ms] [ERROR] ./node_modules/@prisma/client/runtime/client.mjs
Code generation for chunk item errored
An error occurred while generating the chunk item [project]/node_modules/@prisma/client/runtime/client.mjs [app-client] (ecmascript) <locals>

Caused by:
- the chunking context (unknown) does not support external modules (request: node:module)

Debug info:
- An error occurred while generating the chunk item [project]/node_modules/@prisma/client/runtime/client.mjs [app-client] (ecmascript) <locals>
- Execution of <EcmascriptModuleLocalsModule as EcmascriptChunkPlaceable>::chunk_item_content failed
- Execution of *EcmascriptChunkItemContent::new failed
- Execution of EcmascriptModuleContent::new failed
- the chunking context (unknown) does not support external modules (request: node:module)

Import trace:
  Client Component Browser:
    ./node_modules/@prisma/client/runtime/client.mjs [Client Component Browser]
    ./app/generated/prisma/internal/prismaNamespace.ts [Client Component Browser]
    ./app/generated/prisma/client.ts [Client Component Browser]
    ./lib/prisma.ts [Client Component Browser]
    ./lib/cleanup.ts [Client Component Browser]
    ./app/(manager)/settings/page.tsx [Client Component Browser]
    ./app/(manager)/settings/page.tsx [Server Component] @ http://localhost:3000/_next/static/chunks/node_modules_next_dist_115brz8._.js:3318
[ 1976297ms] [ERROR] ./node_modules/@prisma/client/runtime/client.mjs
Code generation for chunk item errored
An error occurred while generating the chunk item [project]/node_modules/@prisma/client/runtime/client.mjs [app-client] (ecmascript) <locals>

Caused by:
- the chunking context (unknown) does not support external modules (request: node:module)

Debug info:
- An error occurred while generating the chunk item [project]/node_modules/@prisma/client/runtime/client.mjs [app-client] (ecmascript) <locals>
- Execution of <EcmascriptModuleLocalsModule as EcmascriptChunkPlaceable>::chunk_item_content failed
- Execution of *EcmascriptChunkItemContent::new failed
- Execution of EcmascriptModuleContent::new failed
- the chunking context (unknown) does not support external modules (request: node:module)

Import trace:
  Client Component Browser:
    ./node_modules/@prisma/client/runtime/client.mjs [Client Component Browser]
    ./app/generated/prisma/internal/prismaNamespace.ts [Client Component Browser]
    ./app/generated/prisma/client.ts [Client Component Browser]
    ./lib/prisma.ts [Client Component Browser]
    ./lib/cleanup.ts [Client Component Browser]
    ./app/(manager)/settings/page.tsx [Client Component Browser]
    ./app/(manager)/settings/page.tsx [Server Component] @ http://localhost:3000/_next/static/chunks/node_modules_next_dist_115brz8._.js:3318
[ 1976345ms] [ERROR] ./node_modules/@prisma/client/runtime/client.mjs
Code generation for chunk item errored
An error occurred while generating the chunk item [project]/node_modules/@prisma/client/runtime/client.mjs [app-client] (ecmascript) <locals>

Caused by:
- the chunking context (unknown) does not support external modules (request: node:module)

Debug info:
- An error occurred while generating the chunk item [project]/node_modules/@prisma/client/runtime/client.mjs [app-client] (ecmascript) <locals>
- Execution of <EcmascriptModuleLocalsModule as EcmascriptChunkPlaceable>::chunk_item_content failed
- Execution of *EcmascriptChunkItemContent::new failed
- Execution of EcmascriptModuleContent::new failed
- the chunking context (unknown) does not support external modules (request: node:module)

Import trace:
  Client Component Browser:
    ./node_modules/@prisma/client/runtime/client.mjs [Client Component Browser]
    ./app/generated/prisma/internal/prismaNamespace.ts [Client Component Browser]
    ./app/generated/prisma/client.ts [Client Component Browser]
    ./lib/prisma.ts [Client Component Browser]
    ./lib/cleanup.ts [Client Component Browser]
    ./app/(manager)/settings/page.tsx [Client Component Browser]
    ./app/(manager)/settings/page.tsx [Server Component] @ http://localhost:3000/_next/static/chunks/node_modules_next_dist_115brz8._.js:3318
[ 1976397ms] [ERROR] ./node_modules/@prisma/client/runtime/client.mjs
Code generation for chunk item errored
An error occurred while generating the chunk item [project]/node_modules/@prisma/client/runtime/client.mjs [app-client] (ecmascript) <locals>

Caused by:
- the chunking context (unknown) does not support external modules (request: node:module)

Debug info:
- An error occurred while generating the chunk item [project]/node_modules/@prisma/client/runtime/client.mjs [app-client] (ecmascript) <locals>
- Execution of <EcmascriptModuleLocalsModule as EcmascriptChunkPlaceable>::chunk_item_content failed
- Execution of *EcmascriptChunkItemContent::new failed
- Execution of EcmascriptModuleContent::new failed
- the chunking context (unknown) does not support external modules (request: node:module)

Import trace:
  Client Component Browser:
    ./node_modules/@prisma/client/runtime/client.mjs [Client Component Browser]
    ./app/generated/prisma/internal/prismaNamespace.ts [Client Component Browser]
    ./app/generated/prisma/client.ts [Client Component Browser]
    ./lib/prisma.ts [Client Component Browser]
    ./lib/cleanup.ts [Client Component Browser]
    ./app/(manager)/settings/page.tsx [Client Component Browser]
    ./app/(manager)/settings/page.tsx [Server Component] @ http://localhost:3000/_next/static/chunks/node_modules_next_dist_115brz8._.js:3318
[ 1976450ms] [ERROR] ./node_modules/@prisma/client/runtime/client.mjs
Code generation for chunk item errored
An error occurred while generating the chunk item [project]/node_modules/@prisma/client/runtime/client.mjs [app-client] (ecmascript) <locals>

Caused by:
- the chunking context (unknown) does not support external modules (request: node:module)

Debug info:
- An error occurred while generating the chunk item [project]/node_modules/@prisma/client/runtime/client.mjs [app-client] (ecmascript) <locals>
- Execution of <EcmascriptModuleLocalsModule as EcmascriptChunkPlaceable>::chunk_item_content failed
- Execution of *EcmascriptChunkItemContent::new failed
- Execution of EcmascriptModuleContent::new failed
- the chunking context (unknown) does not support external modules (request: node:module)

Import trace:
  Client Component Browser:
    ./node_modules/@prisma/client/runtime/client.mjs [Client Component Browser]
    ./app/generated/prisma/internal/prismaNamespace.ts [Client Component Browser]
    ./app/generated/prisma/client.ts [Client Component Browser]
    ./lib/prisma.ts [Client Component Browser]
    ./lib/cleanup.ts [Client Component Browser]
    ./app/(manager)/settings/page.tsx [Client Component Browser]
    ./app/(manager)/settings/page.tsx [Server Component] @ http://localhost:3000/_next/static/chunks/node_modules_next_dist_115brz8._.js:3318
[ 1976502ms] [ERROR] ./node_modules/@prisma/client/runtime/client.mjs
Code generation for chunk item errored
An error occurred while generating the chunk item [project]/node_modules/@prisma/client/runtime/client.mjs [app-client] (ecmascript) <locals>

Caused by:
- the chunking context (unknown) does not support external modules (request: node:module)

Debug info:
- An error occurred while generating the chunk item [project]/node_modules/@prisma/client/runtime/client.mjs [app-client] (ecmascript) <locals>
- Execution of <EcmascriptModuleLocalsModule as EcmascriptChunkPlaceable>::chunk_item_content failed
- Execution of *EcmascriptChunkItemContent::new failed
- Execution of EcmascriptModuleContent::new failed
- the chunking context (unknown) does not support external modules (request: node:module)

Import trace:
  Client Component Browser:
    ./node_modules/@prisma/client/runtime/client.mjs [Client Component Browser]
    ./app/generated/prisma/internal/prismaNamespace.ts [Client Component Browser]
    ./app/generated/prisma/client.ts [Client Component Browser]
    ./lib/prisma.ts [Client Component Browser]
    ./lib/cleanup.ts [Client Component Browser]
    ./app/(manager)/settings/page.tsx [Client Component Browser]
    ./app/(manager)/settings/page.tsx [Server Component] @ http://localhost:3000/_next/static/chunks/node_modules_next_dist_115brz8._.js:3318
[ 1976557ms] [ERROR] ./node_modules/@prisma/client/runtime/client.mjs
Code generation for chunk item errored
An error occurred while generating the chunk item [project]/node_modules/@prisma/client/runtime/client.mjs [app-client] (ecmascript) <locals>

Caused by:
- the chunking context (unknown) does not support external modules (request: node:module)

Debug info:
- An error occurred while generating the chunk item [project]/node_modules/@prisma/client/runtime/client.mjs [app-client] (ecmascript) <locals>
- Execution of <EcmascriptModuleLocalsModule as EcmascriptChunkPlaceable>::chunk_item_content failed
- Execution of *EcmascriptChunkItemContent::new failed
- Execution of EcmascriptModuleContent::new failed
- the chunking context (unknown) does not support external modules (request: node:module)

Import trace:
  Client Component Browser:
    ./node_modules/@prisma/client/runtime/client.mjs [Client Component Browser]
    ./app/generated/prisma/internal/prismaNamespace.ts [Client Component Browser]
    ./app/generated/prisma/client.ts [Client Component Browser]
    ./lib/prisma.ts [Client Component Browser]
    ./lib/cleanup.ts [Client Component Browser]
    ./app/(manager)/settings/page.tsx [Client Component Browser]
    ./app/(manager)/settings/page.tsx [Server Component] @ http://localhost:3000/_next/static/chunks/node_modules_next_dist_115brz8._.js:3318
[ 1976623ms] [LOG] [Fast Refresh] rebuilding @ http://localhost:3000/_next/static/chunks/node_modules_next_dist_115brz8._.js:2477
[ 1976681ms] [ERROR] ./node_modules/@prisma/client/runtime/client.mjs
Code generation for chunk item errored
An error occurred while generating the chunk item [project]/node_modules/@prisma/client/runtime/client.mjs [app-client] (ecmascript) <locals>

Caused by:
- the chunking context (unknown) does not support external modules (request: node:module)

Debug info:
- An error occurred while generating the chunk item [project]/node_modules/@prisma/client/runtime/client.mjs [app-client] (ecmascript) <locals>
- Execution of <EcmascriptModuleLocalsModule as EcmascriptChunkPlaceable>::chunk_item_content failed
- Execution of *EcmascriptChunkItemContent::new failed
- Execution of EcmascriptModuleContent::new failed
- the chunking context (unknown) does not support external modules (request: node:module)

Import trace:
  Client Component Browser:
    ./node_modules/@prisma/client/runtime/client.mjs [Client Component Browser]
    ./app/generated/prisma/internal/prismaNamespace.ts [Client Component Browser]
    ./app/generated/prisma/client.ts [Client Component Browser]
    ./lib/prisma.ts [Client Component Browser]
    ./lib/cleanup.ts [Client Component Browser]
    ./app/(manager)/settings/page.tsx [Client Component Browser]
    ./app/(manager)/settings/page.tsx [Server Component] @ http://localhost:3000/_next/static/chunks/node_modules_next_dist_115brz8._.js:3318
[ 1976733ms] [ERROR] ./node_modules/@prisma/client/runtime/client.mjs
Code generation for chunk item errored
An error occurred while generating the chunk item [project]/node_modules/@prisma/client/runtime/client.mjs [app-client] (ecmascript) <locals>

Caused by:
- the chunking context (unknown) does not support external modules (request: node:module)

Debug info:
- An error occurred while generating the chunk item [project]/node_modules/@prisma/client/runtime/client.mjs [app-client] (ecmascript) <locals>
- Execution of <EcmascriptModuleLocalsModule as EcmascriptChunkPlaceable>::chunk_item_content failed
- Execution of *EcmascriptChunkItemContent::new failed
- Execution of EcmascriptModuleContent::new failed
- the chunking context (unknown) does not support external modules (request: node:module)

Import trace:
  Client Component Browser:
    ./node_modules/@prisma/client/runtime/client.mjs [Client Component Browser]
    ./app/generated/prisma/internal/prismaNamespace.ts [Client Component Browser]
    ./app/generated/prisma/client.ts [Client Component Browser]
    ./lib/prisma.ts [Client Component Browser]
    ./lib/cleanup.ts [Client Component Browser]
    ./app/(manager)/settings/page.tsx [Client Component Browser]
    ./app/(manager)/settings/page.tsx [Server Component] @ http://localhost:3000/_next/static/chunks/node_modules_next_dist_115brz8._.js:3318
[ 1976784ms] [ERROR] ./node_modules/@prisma/client/runtime/client.mjs
Code generation for chunk item errored
An error occurred while generating the chunk item [project]/node_modules/@prisma/client/runtime/client.mjs [app-client] (ecmascript) <locals>

Caused by:
- the chunking context (unknown) does not support external modules (request: node:module)

Debug info:
- An error occurred while generating the chunk item [project]/node_modules/@prisma/client/runtime/client.mjs [app-client] (ecmascript) <locals>
- Execution of <EcmascriptModuleLocalsModule as EcmascriptChunkPlaceable>::chunk_item_content failed
- Execution of *EcmascriptChunkItemContent::new failed
- Execution of EcmascriptModuleContent::new failed
- the chunking context (unknown) does not support external modules (request: node:module)

Import trace:
  Client Component Browser:
    ./node_modules/@prisma/client/runtime/client.mjs [Client Component Browser]
    ./app/generated/prisma/internal/prismaNamespace.ts [Client Component Browser]
    ./app/generated/prisma/client.ts [Client Component Browser]
    ./lib/prisma.ts [Client Component Browser]
    ./lib/cleanup.ts [Client Component Browser]
    ./app/(manager)/settings/page.tsx [Client Component Browser]
    ./app/(manager)/settings/page.tsx [Server Component] @ http://localhost:3000/_next/static/chunks/node_modules_next_dist_115brz8._.js:3318
[ 1976836ms] [ERROR] ./node_modules/@prisma/client/runtime/client.mjs
Code generation for chunk item errored
An error occurred while generating the chunk item [project]/node_modules/@prisma/client/runtime/client.mjs [app-client] (ecmascript) <locals>

Caused by:
- the chunking context (unknown) does not support external modules (request: node:module)

Debug info:
- An error occurred while generating the chunk item [project]/node_modules/@prisma/client/runtime/client.mjs [app-client] (ecmascript) <locals>
- Execution of <EcmascriptModuleLocalsModule as EcmascriptChunkPlaceable>::chunk_item_content failed
- Execution of *EcmascriptChunkItemContent::new failed
- Execution of EcmascriptModuleContent::new failed
- the chunking context (unknown) does not support external modules (request: node:module)

Import trace:
  Client Component Browser:
    ./node_modules/@prisma/client/runtime/client.mjs [Client Component Browser]
    ./app/generated/prisma/internal/prismaNamespace.ts [Client Component Browser]
    ./app/generated/prisma/client.ts [Client Component Browser]
    ./lib/prisma.ts [Client Component Browser]
    ./lib/cleanup.ts [Client Component Browser]
    ./app/(manager)/settings/page.tsx [Client Component Browser]
    ./app/(manager)/settings/page.tsx [Server Component] @ http://localhost:3000/_next/static/chunks/node_modules_next_dist_115brz8._.js:3318
[ 1976888ms] [ERROR] ./node_modules/@prisma/client/runtime/client.mjs
Code generation for chunk item errored
An error occurred while generating the chunk item [project]/node_modules/@prisma/client/runtime/client.mjs [app-client] (ecmascript) <locals>

Caused by:
- the chunking context (unknown) does not support external modules (request: node:module)

Debug info:
- An error occurred while generating the chunk item [project]/node_modules/@prisma/client/runtime/client.mjs [app-client] (ecmascript) <locals>
- Execution of <EcmascriptModuleLocalsModule as EcmascriptChunkPlaceable>::chunk_item_content failed
- Execution of *EcmascriptChunkItemContent::new failed
- Execution of EcmascriptModuleContent::new failed
- the chunking context (unknown) does not support external modules (request: node:module)

Import trace:
  Client Component Browser:
    ./node_modules/@prisma/client/runtime/client.mjs [Client Component Browser]
    ./app/generated/prisma/internal/prismaNamespace.ts [Client Component Browser]
    ./app/generated/prisma/client.ts [Client Component Browser]
    ./lib/prisma.ts [Client Component Browser]
    ./lib/cleanup.ts [Client Component Browser]
    ./app/(manager)/settings/page.tsx [Client Component Browser]
    ./app/(manager)/settings/page.tsx [Server Component] @ http://localhost:3000/_next/static/chunks/node_modules_next_dist_115brz8._.js:3318
[ 1976941ms] [ERROR] ./node_modules/@prisma/client/runtime/client.mjs
Code generation for chunk item errored
An error occurred while generating the chunk item [project]/node_modules/@prisma/client/runtime/client.mjs [app-client] (ecmascript) <locals>

Caused by:
- the chunking context (unknown) does not support external modules (request: node:module)

Debug info:
- An error occurred while generating the chunk item [project]/node_modules/@prisma/client/runtime/client.mjs [app-client] (ecmascript) <locals>
- Execution of <EcmascriptModuleLocalsModule as EcmascriptChunkPlaceable>::chunk_item_content failed
- Execution of *EcmascriptChunkItemContent::new failed
- Execution of EcmascriptModuleContent::new failed
- the chunking context (unknown) does not support external modules (request: node:module)

Import trace:
  Client Component Browser:
    ./node_modules/@prisma/client/runtime/client.mjs [Client Component Browser]
    ./app/generated/prisma/internal/prismaNamespace.ts [Client Component Browser]
    ./app/generated/prisma/client.ts [Client Component Browser]
    ./lib/prisma.ts [Client Component Browser]
    ./lib/cleanup.ts [Client Component Browser]
    ./app/(manager)/settings/page.tsx [Client Component Browser]
    ./app/(manager)/settings/page.tsx [Server Component] @ http://localhost:3000/_next/static/chunks/node_modules_next_dist_115brz8._.js:3318
[ 1976991ms] [ERROR] ./node_modules/@prisma/client/runtime/client.mjs
Code generation for chunk item errored
An error occurred while generating the chunk item [project]/node_modules/@prisma/client/runtime/client.mjs [app-client] (ecmascript) <locals>

Caused by:
- the chunking context (unknown) does not support external modules (request: node:module)

Debug info:
- An error occurred while generating the chunk item [project]/node_modules/@prisma/client/runtime/client.mjs [app-client] (ecmascript) <locals>
- Execution of <EcmascriptModuleLocalsModule as EcmascriptChunkPlaceable>::chunk_item_content failed
- Execution of *EcmascriptChunkItemContent::new failed
- Execution of EcmascriptModuleContent::new failed
- the chunking context (unknown) does not support external modules (request: node:module)

Import trace:
  Client Component Browser:
    ./node_modules/@prisma/client/runtime/client.mjs [Client Component Browser]
    ./app/generated/prisma/internal/prismaNamespace.ts [Client Component Browser]
    ./app/generated/prisma/client.ts [Client Component Browser]
    ./lib/prisma.ts [Client Component Browser]
    ./lib/cleanup.ts [Client Component Browser]
    ./app/(manager)/settings/page.tsx [Client Component Browser]
    ./app/(manager)/settings/page.tsx [Server Component] @ http://localhost:3000/_next/static/chunks/node_modules_next_dist_115brz8._.js:3318
[ 1977042ms] [ERROR] ./node_modules/@prisma/client/runtime/client.mjs
Code generation for chunk item errored
An error occurred while generating the chunk item [project]/node_modules/@prisma/client/runtime/client.mjs [app-client] (ecmascript) <locals>

Caused by:
- the chunking context (unknown) does not support external modules (request: node:module)

Debug info:
- An error occurred while generating the chunk item [project]/node_modules/@prisma/client/runtime/client.mjs [app-client] (ecmascript) <locals>
- Execution of <EcmascriptModuleLocalsModule as EcmascriptChunkPlaceable>::chunk_item_content failed
- Execution of *EcmascriptChunkItemContent::new failed
- Execution of EcmascriptModuleContent::new failed
- the chunking context (unknown) does not support external modules (request: node:module)

Import trace:
  Client Component Browser:
    ./node_modules/@prisma/client/runtime/client.mjs [Client Component Browser]
    ./app/generated/prisma/internal/prismaNamespace.ts [Client Component Browser]
    ./app/generated/prisma/client.ts [Client Component Browser]
    ./lib/prisma.ts [Client Component Browser]
    ./lib/cleanup.ts [Client Component Browser]
    ./app/(manager)/settings/page.tsx [Client Component Browser]
    ./app/(manager)/settings/page.tsx [Server Component] @ http://localhost:3000/_next/static/chunks/node_modules_next_dist_115brz8._.js:3318
[ 1977098ms] [ERROR] ./node_modules/@prisma/client/runtime/client.mjs
Code generation for chunk item errored
An error occurred while generating the chunk item [project]/node_modules/@prisma/client/runtime/client.mjs [app-client] (ecmascript) <locals>

Caused by:
- the chunking context (unknown) does not support external modules (request: node:module)

Debug info:
- An error occurred while generating the chunk item [project]/node_modules/@prisma/client/runtime/client.mjs [app-client] (ecmascript) <locals>
- Execution of <EcmascriptModuleLocalsModule as EcmascriptChunkPlaceable>::chunk_item_content failed
- Execution of *EcmascriptChunkItemContent::new failed
- Execution of EcmascriptModuleContent::new failed
- the chunking context (unknown) does not support external modules (request: node:module)

Import trace:
  Client Component Browser:
    ./node_modules/@prisma/client/runtime/client.mjs [Client Component Browser]
    ./app/generated/prisma/internal/prismaNamespace.ts [Client Component Browser]
    ./app/generated/prisma/client.ts [Client Component Browser]
    ./lib/prisma.ts [Client Component Browser]
    ./lib/cleanup.ts [Client Component Browser]
    ./app/(manager)/settings/page.tsx [Client Component Browser]
    ./app/(manager)/settings/page.tsx [Server Component] @ http://localhost:3000/_next/static/chunks/node_modules_next_dist_115brz8._.js:3318
[ 1977151ms] [ERROR] ./node_modules/@prisma/client/runtime/client.mjs
Code generation for chunk item errored
An error occurred while generating the chunk item [project]/node_modules/@prisma/client/runtime/client.mjs [app-client] (ecmascript) <locals>

Caused by:
- the chunking context (unknown) does not support external modules (request: node:module)

Debug info:
- An error occurred while generating the chunk item [project]/node_modules/@prisma/client/runtime/client.mjs [app-client] (ecmascript) <locals>
- Execution of <EcmascriptModuleLocalsModule as EcmascriptChunkPlaceable>::chunk_item_content failed
- Execution of *EcmascriptChunkItemContent::new failed
- Execution of EcmascriptModuleContent::new failed
- the chunking context (unknown) does not support external modules (request: node:module)

Import trace:
  Client Component Browser:
    ./node_modules/@prisma/client/runtime/client.mjs [Client Component Browser]
    ./app/generated/prisma/internal/prismaNamespace.ts [Client Component Browser]
    ./app/generated/prisma/client.ts [Client Component Browser]
    ./lib/prisma.ts [Client Component Browser]
    ./lib/cleanup.ts [Client Component Browser]
    ./app/(manager)/settings/page.tsx [Client Component Browser]
    ./app/(manager)/settings/page.tsx [Server Component] @ http://localhost:3000/_next/static/chunks/node_modules_next_dist_115brz8._.js:3318
[ 1977206ms] [ERROR] ./node_modules/@prisma/client/runtime/client.mjs
Code generation for chunk item errored
An error occurred while generating the chunk item [project]/node_modules/@prisma/client/runtime/client.mjs [app-client] (ecmascript) <locals>

Caused by:
- the chunking context (unknown) does not support external modules (request: node:module)

Debug info:
- An error occurred while generating the chunk item [project]/node_modules/@prisma/client/runtime/client.mjs [app-client] (ecmascript) <locals>
- Execution of <EcmascriptModuleLocalsModule as EcmascriptChunkPlaceable>::chunk_item_content failed
- Execution of *EcmascriptChunkItemContent::new failed
- Execution of EcmascriptModuleContent::new failed
- the chunking context (unknown) does not support external modules (request: node:module)

Import trace:
  Client Component Browser:
    ./node_modules/@prisma/client/runtime/client.mjs [Client Component Browser]
    ./app/generated/prisma/internal/prismaNamespace.ts [Client Component Browser]
    ./app/generated/prisma/client.ts [Client Component Browser]
    ./lib/prisma.ts [Client Component Browser]
    ./lib/cleanup.ts [Client Component Browser]
    ./app/(manager)/settings/page.tsx [Client Component Browser]
    ./app/(manager)/settings/page.tsx [Server Component] @ http://localhost:3000/_next/static/chunks/node_modules_next_dist_115brz8._.js:3318
[ 1977263ms] [ERROR] ./node_modules/@prisma/client/runtime/client.mjs
Code generation for chunk item errored
An error occurred while generating the chunk item [project]/node_modules/@prisma/client/runtime/client.mjs [app-client] (ecmascript) <locals>

Caused by:
- the chunking context (unknown) does not support external modules (request: node:module)

Debug info:
- An error occurred while generating the chunk item [project]/node_modules/@prisma/client/runtime/client.mjs [app-client] (ecmascript) <locals>
- Execution of <EcmascriptModuleLocalsModule as EcmascriptChunkPlaceable>::chunk_item_content failed
- Execution of *EcmascriptChunkItemContent::new failed
- Execution of EcmascriptModuleContent::new failed
- the chunking context (unknown) does not support external modules (request: node:module)

Import trace:
  Client Component Browser:
    ./node_modules/@prisma/client/runtime/client.mjs [Client Component Browser]
    ./app/generated/prisma/internal/prismaNamespace.ts [Client Component Browser]
    ./app/generated/prisma/client.ts [Client Component Browser]
    ./lib/prisma.ts [Client Component Browser]
    ./lib/cleanup.ts [Client Component Browser]
    ./app/(manager)/settings/page.tsx [Client Component Browser]
    ./app/(manager)/settings/page.tsx [Server Component] @ http://localhost:3000/_next/static/chunks/node_modules_next_dist_115brz8._.js:3318
[ 1977317ms] [ERROR] ./node_modules/@prisma/client/runtime/client.mjs
Code generation for chunk item errored
An error occurred while generating the chunk item [project]/node_modules/@prisma/client/runtime/client.mjs [app-client] (ecmascript) <locals>

Caused by:
- the chunking context (unknown) does not support external modules (request: node:module)

Debug info:
- An error occurred while generating the chunk item [project]/node_modules/@prisma/client/runtime/client.mjs [app-client] (ecmascript) <locals>
- Execution of <EcmascriptModuleLocalsModule as EcmascriptChunkPlaceable>::chunk_item_content failed
- Execution of *EcmascriptChunkItemContent::new failed
- Execution of EcmascriptModuleContent::new failed
- the chunking context (unknown) does not support external modules (request: node:module)

Import trace:
  Client Component Browser:
    ./node_modules/@prisma/client/runtime/client.mjs [Client Component Browser]
    ./app/generated/prisma/internal/prismaNamespace.ts [Client Component Browser]
    ./app/generated/prisma/client.ts [Client Component Browser]
    ./lib/prisma.ts [Client Component Browser]
    ./lib/cleanup.ts [Client Component Browser]
    ./app/(manager)/settings/page.tsx [Client Component Browser]
    ./app/(manager)/settings/page.tsx [Server Component] @ http://localhost:3000/_next/static/chunks/node_modules_next_dist_115brz8._.js:3318
[ 1977369ms] [ERROR] ./node_modules/@prisma/client/runtime/client.mjs
Code generation for chunk item errored
An error occurred while generating the chunk item [project]/node_modules/@prisma/client/runtime/client.mjs [app-client] (ecmascript) <locals>

Caused by:
- the chunking context (unknown) does not support external modules (request: node:module)

Debug info:
- An error occurred while generating the chunk item [project]/node_modules/@prisma/client/runtime/client.mjs [app-client] (ecmascript) <locals>
- Execution of <EcmascriptModuleLocalsModule as EcmascriptChunkPlaceable>::chunk_item_content failed
- Execution of *EcmascriptChunkItemContent::new failed
- Execution of EcmascriptModuleContent::new failed
- the chunking context (unknown) does not support external modules (request: node:module)

Import trace:
  Client Component Browser:
    ./node_modules/@prisma/client/runtime/client.mjs [Client Component Browser]
    ./app/generated/prisma/internal/prismaNamespace.ts [Client Component Browser]
    ./app/generated/prisma/client.ts [Client Component Browser]
    ./lib/prisma.ts [Client Component Browser]
    ./lib/cleanup.ts [Client Component Browser]
    ./app/(manager)/settings/page.tsx [Client Component Browser]
    ./app/(manager)/settings/page.tsx [Server Component] @ http://localhost:3000/_next/static/chunks/node_modules_next_dist_115brz8._.js:3318
[ 1977421ms] [ERROR] ./node_modules/@prisma/client/runtime/client.mjs
Code generation for chunk item errored
An error occurred while generating the chunk item [project]/node_modules/@prisma/client/runtime/client.mjs [app-client] (ecmascript) <locals>

Caused by:
- the chunking context (unknown) does not support external modules (request: node:module)

Debug info:
- An error occurred while generating the chunk item [project]/node_modules/@prisma/client/runtime/client.mjs [app-client] (ecmascript) <locals>
- Execution of <EcmascriptModuleLocalsModule as EcmascriptChunkPlaceable>::chunk_item_content failed
- Execution of *EcmascriptChunkItemContent::new failed
- Execution of EcmascriptModuleContent::new failed
- the chunking context (unknown) does not support external modules (request: node:module)

Import trace:
  Client Component Browser:
    ./node_modules/@prisma/client/runtime/client.mjs [Client Component Browser]
    ./app/generated/prisma/internal/prismaNamespace.ts [Client Component Browser]
    ./app/generated/prisma/client.ts [Client Component Browser]
    ./lib/prisma.ts [Client Component Browser]
    ./lib/cleanup.ts [Client Component Browser]
    ./app/(manager)/settings/page.tsx [Client Component Browser]
    ./app/(manager)/settings/page.tsx [Server Component] @ http://localhost:3000/_next/static/chunks/node_modules_next_dist_115brz8._.js:3318
[ 1977475ms] [ERROR] ./node_modules/@prisma/client/runtime/client.mjs
Code generation for chunk item errored
An error occurred while generating the chunk item [project]/node_modules/@prisma/client/runtime/client.mjs [app-client] (ecmascript) <locals>

Caused by:
- the chunking context (unknown) does not support external modules (request: node:module)

Debug info:
- An error occurred while generating the chunk item [project]/node_modules/@prisma/client/runtime/client.mjs [app-client] (ecmascript) <locals>
- Execution of <EcmascriptModuleLocalsModule as EcmascriptChunkPlaceable>::chunk_item_content failed
- Execution of *EcmascriptChunkItemContent::new failed
- Execution of EcmascriptModuleContent::new failed
- the chunking context (unknown) does not support external modules (request: node:module)

Import trace:
  Client Component Browser:
    ./node_modules/@prisma/client/runtime/client.mjs [Client Component Browser]
    ./app/generated/prisma/internal/prismaNamespace.ts [Client Component Browser]
    ./app/generated/prisma/client.ts [Client Component Browser]
    ./lib/prisma.ts [Client Component Browser]
    ./lib/cleanup.ts [Client Component Browser]
    ./app/(manager)/settings/page.tsx [Client Component Browser]
    ./app/(manager)/settings/page.tsx [Server Component] @ http://localhost:3000/_next/static/chunks/node_modules_next_dist_115brz8._.js:3318
[ 1977531ms] [ERROR] ./node_modules/@prisma/client/runtime/client.mjs
Code generation for chunk item errored
An error occurred while generating the chunk item [project]/node_modules/@prisma/client/runtime/client.mjs [app-client] (ecmascript) <locals>

Caused by:
- the chunking context (unknown) does not support external modules (request: node:module)

Debug info:
- An error occurred while generating the chunk item [project]/node_modules/@prisma/client/runtime/client.mjs [app-client] (ecmascript) <locals>
- Execution of <EcmascriptModuleLocalsModule as EcmascriptChunkPlaceable>::chunk_item_content failed
- Execution of *EcmascriptChunkItemContent::new failed
- Execution of EcmascriptModuleContent::new failed
- the chunking context (unknown) does not support external modules (request: node:module)

Import trace:
  Client Component Browser:
    ./node_modules/@prisma/client/runtime/client.mjs [Client Component Browser]
    ./app/generated/prisma/internal/prismaNamespace.ts [Client Component Browser]
    ./app/generated/prisma/client.ts [Client Component Browser]
    ./lib/prisma.ts [Client Component Browser]
    ./lib/cleanup.ts [Client Component Browser]
    ./app/(manager)/settings/page.tsx [Client Component Browser]
    ./app/(manager)/settings/page.tsx [Server Component] @ http://localhost:3000/_next/static/chunks/node_modules_next_dist_115brz8._.js:3318
[ 1977584ms] [ERROR] ./node_modules/@prisma/client/runtime/client.mjs
Code generation for chunk item errored
An error occurred while generating the chunk item [project]/node_modules/@prisma/client/runtime/client.mjs [app-client] (ecmascript) <locals>

Caused by:
- the chunking context (unknown) does not support external modules (request: node:module)

Debug info:
- An error occurred while generating the chunk item [project]/node_modules/@prisma/client/runtime/client.mjs [app-client] (ecmascript) <locals>
- Execution of <EcmascriptModuleLocalsModule as EcmascriptChunkPlaceable>::chunk_item_content failed
- Execution of *EcmascriptChunkItemContent::new failed
- Execution of EcmascriptModuleContent::new failed
- the chunking context (unknown) does not support external modules (request: node:module)

Import trace:
  Client Component Browser:
    ./node_modules/@prisma/client/runtime/client.mjs [Client Component Browser]
    ./app/generated/prisma/internal/prismaNamespace.ts [Client Component Browser]
    ./app/generated/prisma/client.ts [Client Component Browser]
    ./lib/prisma.ts [Client Component Browser]
    ./lib/cleanup.ts [Client Component Browser]
    ./app/(manager)/settings/page.tsx [Client Component Browser]
    ./app/(manager)/settings/page.tsx [Server Component] @ http://localhost:3000/_next/static/chunks/node_modules_next_dist_115brz8._.js:3318
[ 1977635ms] [ERROR] ./node_modules/@prisma/client/runtime/client.mjs
Code generation for chunk item errored
An error occurred while generating the chunk item [project]/node_modules/@prisma/client/runtime/client.mjs [app-client] (ecmascript) <locals>

Caused by:
- the chunking context (unknown) does not support external modules (request: node:module)

Debug info:
- An error occurred while generating the chunk item [project]/node_modules/@prisma/client/runtime/client.mjs [app-client] (ecmascript) <locals>
- Execution of <EcmascriptModuleLocalsModule as EcmascriptChunkPlaceable>::chunk_item_content failed
- Execution of *EcmascriptChunkItemContent::new failed
- Execution of EcmascriptModuleContent::new failed
- the chunking context (unknown) does not support external modules (request: node:module)

Import trace:
  Client Component Browser:
    ./node_modules/@prisma/client/runtime/client.mjs [Client Component Browser]
    ./app/generated/prisma/internal/prismaNamespace.ts [Client Component Browser]
    ./app/generated/prisma/client.ts [Client Component Browser]
    ./lib/prisma.ts [Client Component Browser]
    ./lib/cleanup.ts [Client Component Browser]
    ./app/(manager)/settings/page.tsx [Client Component Browser]
    ./app/(manager)/settings/page.tsx [Server Component] @ http://localhost:3000/_next/static/chunks/node_modules_next_dist_115brz8._.js:3318
[ 1977687ms] [ERROR] ./node_modules/@prisma/client/runtime/client.mjs
Code generation for chunk item errored
An error occurred while generating the chunk item [project]/node_modules/@prisma/client/runtime/client.mjs [app-client] (ecmascript) <locals>

Caused by:
- the chunking context (unknown) does not support external modules (request: node:module)

Debug info:
- An error occurred while generating the chunk item [project]/node_modules/@prisma/client/runtime/client.mjs [app-client] (ecmascript) <locals>
- Execution of <EcmascriptModuleLocalsModule as EcmascriptChunkPlaceable>::chunk_item_content failed
- Execution of *EcmascriptChunkItemContent::new failed
- Execution of EcmascriptModuleContent::new failed
- the chunking context (unknown) does not support external modules (request: node:module)

Import trace:
  Client Component Browser:
    ./node_modules/@prisma/client/runtime/client.mjs [Client Component Browser]
    ./app/generated/prisma/internal/prismaNamespace.ts [Client Component Browser]
    ./app/generated/prisma/client.ts [Client Component Browser]
    ./lib/prisma.ts [Client Component Browser]
    ./lib/cleanup.ts [Client Component Browser]
    ./app/(manager)/settings/page.tsx [Client Component Browser]
    ./app/(manager)/settings/page.tsx [Server Component] @ http://localhost:3000/_next/static/chunks/node_modules_next_dist_115brz8._.js:3318
[ 1977738ms] [ERROR] ./node_modules/@prisma/client/runtime/client.mjs
Code generation for chunk item errored
An error occurred while generating the chunk item [project]/node_modules/@prisma/client/runtime/client.mjs [app-client] (ecmascript) <locals>

Caused by:
- the chunking context (unknown) does not support external modules (request: node:module)

Debug info:
- An error occurred while generating the chunk item [project]/node_modules/@prisma/client/runtime/client.mjs [app-client] (ecmascript) <locals>
- Execution of <EcmascriptModuleLocalsModule as EcmascriptChunkPlaceable>::chunk_item_content failed
- Execution of *EcmascriptChunkItemContent::new failed
- Execution of EcmascriptModuleContent::new failed
- the chunking context (unknown) does not support external modules (request: node:module)

Import trace:
  Client Component Browser:
    ./node_modules/@prisma/client/runtime/client.mjs [Client Component Browser]
    ./app/generated/prisma/internal/prismaNamespace.ts [Client Component Browser]
    ./app/generated/prisma/client.ts [Client Component Browser]
    ./lib/prisma.ts [Client Component Browser]
    ./lib/cleanup.ts [Client Component Browser]
    ./app/(manager)/settings/page.tsx [Client Component Browser]
    ./app/(manager)/settings/page.tsx [Server Component] @ http://localhost:3000/_next/static/chunks/node_modules_next_dist_115brz8._.js:3318
[ 1977790ms] [ERROR] ./node_modules/@prisma/client/runtime/client.mjs
Code generation for chunk item errored
An error occurred while generating the chunk item [project]/node_modules/@prisma/client/runtime/client.mjs [app-client] (ecmascript) <locals>

Caused by:
- the chunking context (unknown) does not support external modules (request: node:module)

Debug info:
- An error occurred while generating the chunk item [project]/node_modules/@prisma/client/runtime/client.mjs [app-client] (ecmascript) <locals>
- Execution of <EcmascriptModuleLocalsModule as EcmascriptChunkPlaceable>::chunk_item_content failed
- Execution of *EcmascriptChunkItemContent::new failed
- Execution of EcmascriptModuleContent::new failed
- the chunking context (unknown) does not support external modules (request: node:module)

Import trace:
  Client Component Browser:
    ./node_modules/@prisma/client/runtime/client.mjs [Client Component Browser]
    ./app/generated/prisma/internal/prismaNamespace.ts [Client Component Browser]
    ./app/generated/prisma/client.ts [Client Component Browser]
    ./lib/prisma.ts [Client Component Browser]
    ./lib/cleanup.ts [Client Component Browser]
    ./app/(manager)/settings/page.tsx [Client Component Browser]
    ./app/(manager)/settings/page.tsx [Server Component] @ http://localhost:3000/_next/static/chunks/node_modules_next_dist_115brz8._.js:3318
[ 1977845ms] [ERROR] ./node_modules/@prisma/client/runtime/client.mjs
Code generation for chunk item errored
An error occurred while generating the chunk item [project]/node_modules/@prisma/client/runtime/client.mjs [app-client] (ecmascript) <locals>

Caused by:
- the chunking context (unknown) does not support external modules (request: node:module)

Debug info:
- An error occurred while generating the chunk item [project]/node_modules/@prisma/client/runtime/client.mjs [app-client] (ecmascript) <locals>
- Execution of <EcmascriptModuleLocalsModule as EcmascriptChunkPlaceable>::chunk_item_content failed
- Execution of *EcmascriptChunkItemContent::new failed
- Execution of EcmascriptModuleContent::new failed
- the chunking context (unknown) does not support external modules (request: node:module)

Import trace:
  Client Component Browser:
    ./node_modules/@prisma/client/runtime/client.mjs [Client Component Browser]
    ./app/generated/prisma/internal/prismaNamespace.ts [Client Component Browser]
    ./app/generated/prisma/client.ts [Client Component Browser]
    ./lib/prisma.ts [Client Component Browser]
    ./lib/cleanup.ts [Client Component Browser]
    ./app/(manager)/settings/page.tsx [Client Component Browser]
    ./app/(manager)/settings/page.tsx [Server Component] @ http://localhost:3000/_next/static/chunks/node_modules_next_dist_115brz8._.js:3318
[ 1977898ms] [ERROR] ./node_modules/@prisma/client/runtime/client.mjs
Code generation for chunk item errored
An error occurred while generating the chunk item [project]/node_modules/@prisma/client/runtime/client.mjs [app-client] (ecmascript) <locals>

Caused by:
- the chunking context (unknown) does not support external modules (request: node:module)

Debug info:
- An error occurred while generating the chunk item [project]/node_modules/@prisma/client/runtime/client.mjs [app-client] (ecmascript) <locals>
- Execution of <EcmascriptModuleLocalsModule as EcmascriptChunkPlaceable>::chunk_item_content failed
- Execution of *EcmascriptChunkItemContent::new failed
- Execution of EcmascriptModuleContent::new failed
- the chunking context (unknown) does not support external modules (request: node:module)

Import trace:
  Client Component Browser:
    ./node_modules/@prisma/client/runtime/client.mjs [Client Component Browser]
    ./app/generated/prisma/internal/prismaNamespace.ts [Client Component Browser]
    ./app/generated/prisma/client.ts [Client Component Browser]
    ./lib/prisma.ts [Client Component Browser]
    ./lib/cleanup.ts [Client Component Browser]
    ./app/(manager)/settings/page.tsx [Client Component Browser]
    ./app/(manager)/settings/page.tsx [Server Component] @ http://localhost:3000/_next/static/chunks/node_modules_next_dist_115brz8._.js:3318
[ 1977950ms] [ERROR] ./node_modules/@prisma/client/runtime/client.mjs
Code generation for chunk item errored
An error occurred while generating the chunk item [project]/node_modules/@prisma/client/runtime/client.mjs [app-client] (ecmascript) <locals>

Caused by:
- the chunking context (unknown) does not support external modules (request: node:module)

Debug info:
- An error occurred while generating the chunk item [project]/node_modules/@prisma/client/runtime/client.mjs [app-client] (ecmascript) <locals>
- Execution of <EcmascriptModuleLocalsModule as EcmascriptChunkPlaceable>::chunk_item_content failed
- Execution of *EcmascriptChunkItemContent::new failed
- Execution of EcmascriptModuleContent::new failed
- the chunking context (unknown) does not support external modules (request: node:module)

Import trace:
  Client Component Browser:
    ./node_modules/@prisma/client/runtime/client.mjs [Client Component Browser]
    ./app/generated/prisma/internal/prismaNamespace.ts [Client Component Browser]
    ./app/generated/prisma/client.ts [Client Component Browser]
    ./lib/prisma.ts [Client Component Browser]
    ./lib/cleanup.ts [Client Component Browser]
    ./app/(manager)/settings/page.tsx [Client Component Browser]
    ./app/(manager)/settings/page.tsx [Server Component] @ http://localhost:3000/_next/static/chunks/node_modules_next_dist_115brz8._.js:3318
[ 1978003ms] [ERROR] ./node_modules/@prisma/client/runtime/client.mjs
Code generation for chunk item errored
An error occurred while generating the chunk item [project]/node_modules/@prisma/client/runtime/client.mjs [app-client] (ecmascript) <locals>

Caused by:
- the chunking context (unknown) does not support external modules (request: node:module)

Debug info:
- An error occurred while generating the chunk item [project]/node_modules/@prisma/client/runtime/client.mjs [app-client] (ecmascript) <locals>
- Execution of <EcmascriptModuleLocalsModule as EcmascriptChunkPlaceable>::chunk_item_content failed
- Execution of *EcmascriptChunkItemContent::new failed
- Execution of EcmascriptModuleContent::new failed
- the chunking context (unknown) does not support external modules (request: node:module)

Import trace:
  Client Component Browser:
    ./node_modules/@prisma/client/runtime/client.mjs [Client Component Browser]
    ./app/generated/prisma/internal/prismaNamespace.ts [Client Component Browser]
    ./app/generated/prisma/client.ts [Client Component Browser]
    ./lib/prisma.ts [Client Component Browser]
    ./lib/cleanup.ts [Client Component Browser]
    ./app/(manager)/settings/page.tsx [Client Component Browser]
    ./app/(manager)/settings/page.tsx [Server Component] @ http://localhost:3000/_next/static/chunks/node_modules_next_dist_115brz8._.js:3318
[ 1978054ms] [ERROR] ./node_modules/@prisma/client/runtime/client.mjs
Code generation for chunk item errored
An error occurred while generating the chunk item [project]/node_modules/@prisma/client/runtime/client.mjs [app-client] (ecmascript) <locals>

Caused by:
- the chunking context (unknown) does not support external modules (request: node:module)

Debug info:
- An error occurred while generating the chunk item [project]/node_modules/@prisma/client/runtime/client.mjs [app-client] (ecmascript) <locals>
- Execution of <EcmascriptModuleLocalsModule as EcmascriptChunkPlaceable>::chunk_item_content failed
- Execution of *EcmascriptChunkItemContent::new failed
- Execution of EcmascriptModuleContent::new failed
- the chunking context (unknown) does not support external modules (request: node:module)

Import trace:
  Client Component Browser:
    ./node_modules/@prisma/client/runtime/client.mjs [Client Component Browser]
    ./app/generated/prisma/internal/prismaNamespace.ts [Client Component Browser]
    ./app/generated/prisma/client.ts [Client Component Browser]
    ./lib/prisma.ts [Client Component Browser]
    ./lib/cleanup.ts [Client Component Browser]
    ./app/(manager)/settings/page.tsx [Client Component Browser]
    ./app/(manager)/settings/page.tsx [Server Component] @ http://localhost:3000/_next/static/chunks/node_modules_next_dist_115brz8._.js:3318
[ 1978106ms] [ERROR] ./node_modules/@prisma/client/runtime/client.mjs
Code generation for chunk item errored
An error occurred while generating the chunk item [project]/node_modules/@prisma/client/runtime/client.mjs [app-client] (ecmascript) <locals>

Caused by:
- the chunking context (unknown) does not support external modules (request: node:module)

Debug info:
- An error occurred while generating the chunk item [project]/node_modules/@prisma/client/runtime/client.mjs [app-client] (ecmascript) <locals>
- Execution of <EcmascriptModuleLocalsModule as EcmascriptChunkPlaceable>::chunk_item_content failed
- Execution of *EcmascriptChunkItemContent::new failed
- Execution of EcmascriptModuleContent::new failed
- the chunking context (unknown) does not support external modules (request: node:module)

Import trace:
  Client Component Browser:
    ./node_modules/@prisma/client/runtime/client.mjs [Client Component Browser]
    ./app/generated/prisma/internal/prismaNamespace.ts [Client Component Browser]
    ./app/generated/prisma/client.ts [Client Component Browser]
    ./lib/prisma.ts [Client Component Browser]
    ./lib/cleanup.ts [Client Component Browser]
    ./app/(manager)/settings/page.tsx [Client Component Browser]
    ./app/(manager)/settings/page.tsx [Server Component] @ http://localhost:3000/_next/static/chunks/node_modules_next_dist_115brz8._.js:3318
[ 1978159ms] [ERROR] ./node_modules/@prisma/client/runtime/client.mjs
Code generation for chunk item errored
An error occurred while generating the chunk item [project]/node_modules/@prisma/client/runtime/client.mjs [app-client] (ecmascript) <locals>

Caused by:
- the chunking context (unknown) does not support external modules (request: node:module)

Debug info:
- An error occurred while generating the chunk item [project]/node_modules/@prisma/client/runtime/client.mjs [app-client] (ecmascript) <locals>
- Execution of <EcmascriptModuleLocalsModule as EcmascriptChunkPlaceable>::chunk_item_content failed
- Execution of *EcmascriptChunkItemContent::new failed
- Execution of EcmascriptModuleContent::new failed
- the chunking context (unknown) does not support external modules (request: node:module)

Import trace:
  Client Component Browser:
    ./node_modules/@prisma/client/runtime/client.mjs [Client Component Browser]
    ./app/generated/prisma/internal/prismaNamespace.ts [Client Component Browser]
    ./app/generated/prisma/client.ts [Client Component Browser]
    ./lib/prisma.ts [Client Component Browser]
    ./lib/cleanup.ts [Client Component Browser]
    ./app/(manager)/settings/page.tsx [Client Component Browser]
    ./app/(manager)/settings/page.tsx [Server Component] @ http://localhost:3000/_next/static/chunks/node_modules_next_dist_115brz8._.js:3318
[ 1978211ms] [ERROR] ./node_modules/@prisma/client/runtime/client.mjs
Code generation for chunk item errored
An error occurred while generating the chunk item [project]/node_modules/@prisma/client/runtime/client.mjs [app-client] (ecmascript) <locals>

Caused by:
- the chunking context (unknown) does not support external modules (request: node:module)

Debug info:
- An error occurred while generating the chunk item [project]/node_modules/@prisma/client/runtime/client.mjs [app-client] (ecmascript) <locals>
- Execution of <EcmascriptModuleLocalsModule as EcmascriptChunkPlaceable>::chunk_item_content failed
- Execution of *EcmascriptChunkItemContent::new failed
- Execution of EcmascriptModuleContent::new failed
- the chunking context (unknown) does not support external modules (request: node:module)

Import trace:
  Client Component Browser:
    ./node_modules/@prisma/client/runtime/client.mjs [Client Component Browser]
    ./app/generated/prisma/internal/prismaNamespace.ts [Client Component Browser]
    ./app/generated/prisma/client.ts [Client Component Browser]
    ./lib/prisma.ts [Client Component Browser]
    ./lib/cleanup.ts [Client Component Browser]
    ./app/(manager)/settings/page.tsx [Client Component Browser]
    ./app/(manager)/settings/page.tsx [Server Component] @ http://localhost:3000/_next/static/chunks/node_modules_next_dist_115brz8._.js:3318
[ 1978268ms] [ERROR] ./node_modules/@prisma/client/runtime/client.mjs
Code generation for chunk item errored
An error occurred while generating the chunk item [project]/node_modules/@prisma/client/runtime/client.mjs [app-client] (ecmascript) <locals>

Caused by:
- the chunking context (unknown) does not support external modules (request: node:module)

Debug info:
- An error occurred while generating the chunk item [project]/node_modules/@prisma/client/runtime/client.mjs [app-client] (ecmascript) <locals>
- Execution of <EcmascriptModuleLocalsModule as EcmascriptChunkPlaceable>::chunk_item_content failed
- Execution of *EcmascriptChunkItemContent::new failed
- Execution of EcmascriptModuleContent::new failed
- the chunking context (unknown) does not support external modules (request: node:module)

Import trace:
  Client Component Browser:
    ./node_modules/@prisma/client/runtime/client.mjs [Client Component Browser]
    ./app/generated/prisma/internal/prismaNamespace.ts [Client Component Browser]
    ./app/generated/prisma/client.ts [Client Component Browser]
    ./lib/prisma.ts [Client Component Browser]
    ./lib/cleanup.ts [Client Component Browser]
    ./app/(manager)/settings/page.tsx [Client Component Browser]
    ./app/(manager)/settings/page.tsx [Server Component] @ http://localhost:3000/_next/static/chunks/node_modules_next_dist_115brz8._.js:3318
[ 1978325ms] [ERROR] ./node_modules/@prisma/client/runtime/client.mjs
Code generation for chunk item errored
An error occurred while generating the chunk item [project]/node_modules/@prisma/client/runtime/client.mjs [app-client] (ecmascript) <locals>

Caused by:
- the chunking context (unknown) does not support external modules (request: node:module)

Debug info:
- An error occurred while generating the chunk item [project]/node_modules/@prisma/client/runtime/client.mjs [app-client] (ecmascript) <locals>
- Execution of <EcmascriptModuleLocalsModule as EcmascriptChunkPlaceable>::chunk_item_content failed
- Execution of *EcmascriptChunkItemContent::new failed
- Execution of EcmascriptModuleContent::new failed
- the chunking context (unknown) does not support external modules (request: node:module)

Import trace:
  Client Component Browser:
    ./node_modules/@prisma/client/runtime/client.mjs [Client Component Browser]
    ./app/generated/prisma/internal/prismaNamespace.ts [Client Component Browser]
    ./app/generated/prisma/client.ts [Client Component Browser]
    ./lib/prisma.ts [Client Component Browser]
    ./lib/cleanup.ts [Client Component Browser]
    ./app/(manager)/settings/page.tsx [Client Component Browser]
    ./app/(manager)/settings/page.tsx [Server Component] @ http://localhost:3000/_next/static/chunks/node_modules_next_dist_115brz8._.js:3318
[ 1978380ms] [ERROR] ./node_modules/@prisma/client/runtime/client.mjs
Code generation for chunk item errored
An error occurred while generating the chunk item [project]/node_modules/@prisma/client/runtime/client.mjs [app-client] (ecmascript) <locals>

Caused by:
- the chunking context (unknown) does not support external modules (request: node:module)

Debug info:
- An error occurred while generating the chunk item [project]/node_modules/@prisma/client/runtime/client.mjs [app-client] (ecmascript) <locals>
- Execution of <EcmascriptModuleLocalsModule as EcmascriptChunkPlaceable>::chunk_item_content failed
- Execution of *EcmascriptChunkItemContent::new failed
- Execution of EcmascriptModuleContent::new failed
- the chunking context (unknown) does not support external modules (request: node:module)

Import trace:
  Client Component Browser:
    ./node_modules/@prisma/client/runtime/client.mjs [Client Component Browser]
    ./app/generated/prisma/internal/prismaNamespace.ts [Client Component Browser]
    ./app/generated/prisma/client.ts [Client Component Browser]
    ./lib/prisma.ts [Client Component Browser]
    ./lib/cleanup.ts [Client Component Browser]
    ./app/(manager)/settings/page.tsx [Client Component Browser]
    ./app/(manager)/settings/page.tsx [Server Component] @ http://localhost:3000/_next/static/chunks/node_modules_next_dist_115brz8._.js:3318
[ 1978436ms] [ERROR] ./node_modules/@prisma/client/runtime/client.mjs
Code generation for chunk item errored
An error occurred while generating the chunk item [project]/node_modules/@prisma/client/runtime/client.mjs [app-client] (ecmascript) <locals>

Caused by:
- the chunking context (unknown) does not support external modules (request: node:module)

Debug info:
- An error occurred while generating the chunk item [project]/node_modules/@prisma/client/runtime/client.mjs [app-client] (ecmascript) <locals>
- Execution of <EcmascriptModuleLocalsModule as EcmascriptChunkPlaceable>::chunk_item_content failed
- Execution of *EcmascriptChunkItemContent::new failed
- Execution of EcmascriptModuleContent::new failed
- the chunking context (unknown) does not support external modules (request: node:module)

Import trace:
  Client Component Browser:
    ./node_modules/@prisma/client/runtime/client.mjs [Client Component Browser]
    ./app/generated/prisma/internal/prismaNamespace.ts [Client Component Browser]
    ./app/generated/prisma/client.ts [Client Component Browser]
    ./lib/prisma.ts [Client Component Browser]
    ./lib/cleanup.ts [Client Component Browser]
    ./app/(manager)/settings/page.tsx [Client Component Browser]
    ./app/(manager)/settings/page.tsx [Server Component] @ http://localhost:3000/_next/static/chunks/node_modules_next_dist_115brz8._.js:3318
[ 1978491ms] [ERROR] ./node_modules/@prisma/client/runtime/client.mjs
Code generation for chunk item errored
An error occurred while generating the chunk item [project]/node_modules/@prisma/client/runtime/client.mjs [app-client] (ecmascript) <locals>

Caused by:
- the chunking context (unknown) does not support external modules (request: node:module)

Debug info:
- An error occurred while generating the chunk item [project]/node_modules/@prisma/client/runtime/client.mjs [app-client] (ecmascript) <locals>
- Execution of <EcmascriptModuleLocalsModule as EcmascriptChunkPlaceable>::chunk_item_content failed
- Execution of *EcmascriptChunkItemContent::new failed
- Execution of EcmascriptModuleContent::new failed
- the chunking context (unknown) does not support external modules (request: node:module)

Import trace:
  Client Component Browser:
    ./node_modules/@prisma/client/runtime/client.mjs [Client Component Browser]
    ./app/generated/prisma/internal/prismaNamespace.ts [Client Component Browser]
    ./app/generated/prisma/client.ts [Client Component Browser]
    ./lib/prisma.ts [Client Component Browser]
    ./lib/cleanup.ts [Client Component Browser]
    ./app/(manager)/settings/page.tsx [Client Component Browser]
    ./app/(manager)/settings/page.tsx [Server Component] @ http://localhost:3000/_next/static/chunks/node_modules_next_dist_115brz8._.js:3318
[ 1978545ms] [ERROR] ./node_modules/@prisma/client/runtime/client.mjs
Code generation for chunk item errored
An error occurred while generating the chunk item [project]/node_modules/@prisma/client/runtime/client.mjs [app-client] (ecmascript) <locals>

Caused by:
- the chunking context (unknown) does not support external modules (request: node:module)

Debug info:
- An error occurred while generating the chunk item [project]/node_modules/@prisma/client/runtime/client.mjs [app-client] (ecmascript) <locals>
- Execution of <EcmascriptModuleLocalsModule as EcmascriptChunkPlaceable>::chunk_item_content failed
- Execution of *EcmascriptChunkItemContent::new failed
- Execution of EcmascriptModuleContent::new failed
- the chunking context (unknown) does not support external modules (request: node:module)

Import trace:
  Client Component Browser:
    ./node_modules/@prisma/client/runtime/client.mjs [Client Component Browser]
    ./app/generated/prisma/internal/prismaNamespace.ts [Client Component Browser]
    ./app/generated/prisma/client.ts [Client Component Browser]
    ./lib/prisma.ts [Client Component Browser]
    ./lib/cleanup.ts [Client Component Browser]
    ./app/(manager)/settings/page.tsx [Client Component Browser]
    ./app/(manager)/settings/page.tsx [Server Component] @ http://localhost:3000/_next/static/chunks/node_modules_next_dist_115brz8._.js:3318
[ 1978602ms] [ERROR] ./node_modules/@prisma/client/runtime/client.mjs
Code generation for chunk item errored
An error occurred while generating the chunk item [project]/node_modules/@prisma/client/runtime/client.mjs [app-client] (ecmascript) <locals>

Caused by:
- the chunking context (unknown) does not support external modules (request: node:module)

Debug info:
- An error occurred while generating the chunk item [project]/node_modules/@prisma/client/runtime/client.mjs [app-client] (ecmascript) <locals>
- Execution of <EcmascriptModuleLocalsModule as EcmascriptChunkPlaceable>::chunk_item_content failed
- Execution of *EcmascriptChunkItemContent::new failed
- Execution of EcmascriptModuleContent::new failed
- the chunking context (unknown) does not support external modules (request: node:module)

Import trace:
  Client Component Browser:
    ./node_modules/@prisma/client/runtime/client.mjs [Client Component Browser]
    ./app/generated/prisma/internal/prismaNamespace.ts [Client Component Browser]
    ./app/generated/prisma/client.ts [Client Component Browser]
    ./lib/prisma.ts [Client Component Browser]
    ./lib/cleanup.ts [Client Component Browser]
    ./app/(manager)/settings/page.tsx [Client Component Browser]
    ./app/(manager)/settings/page.tsx [Server Component] @ http://localhost:3000/_next/static/chunks/node_modules_next_dist_115brz8._.js:3318
[ 1978659ms] [ERROR] ./node_modules/@prisma/client/runtime/client.mjs
Code generation for chunk item errored
An error occurred while generating the chunk item [project]/node_modules/@prisma/client/runtime/client.mjs [app-client] (ecmascript) <locals>

Caused by:
- the chunking context (unknown) does not support external modules (request: node:module)

Debug info:
- An error occurred while generating the chunk item [project]/node_modules/@prisma/client/runtime/client.mjs [app-client] (ecmascript) <locals>
- Execution of <EcmascriptModuleLocalsModule as EcmascriptChunkPlaceable>::chunk_item_content failed
- Execution of *EcmascriptChunkItemContent::new failed
- Execution of EcmascriptModuleContent::new failed
- the chunking context (unknown) does not support external modules (request: node:module)

Import trace:
  Client Component Browser:
    ./node_modules/@prisma/client/runtime/client.mjs [Client Component Browser]
    ./app/generated/prisma/internal/prismaNamespace.ts [Client Component Browser]
    ./app/generated/prisma/client.ts [Client Component Browser]
    ./lib/prisma.ts [Client Component Browser]
    ./lib/cleanup.ts [Client Component Browser]
    ./app/(manager)/settings/page.tsx [Client Component Browser]
    ./app/(manager)/settings/page.tsx [Server Component] @ http://localhost:3000/_next/static/chunks/node_modules_next_dist_115brz8._.js:3318
[ 1978710ms] [ERROR] ./node_modules/@prisma/client/runtime/client.mjs
Code generation for chunk item errored
An error occurred while generating the chunk item [project]/node_modules/@prisma/client/runtime/client.mjs [app-client] (ecmascript) <locals>

Caused by:
- the chunking context (unknown) does not support external modules (request: node:module)

Debug info:
- An error occurred while generating the chunk item [project]/node_modules/@prisma/client/runtime/client.mjs [app-client] (ecmascript) <locals>
- Execution of <EcmascriptModuleLocalsModule as EcmascriptChunkPlaceable>::chunk_item_content failed
- Execution of *EcmascriptChunkItemContent::new failed
- Execution of EcmascriptModuleContent::new failed
- the chunking context (unknown) does not support external modules (request: node:module)

Import trace:
  Client Component Browser:
    ./node_modules/@prisma/client/runtime/client.mjs [Client Component Browser]
    ./app/generated/prisma/internal/prismaNamespace.ts [Client Component Browser]
    ./app/generated/prisma/client.ts [Client Component Browser]
    ./lib/prisma.ts [Client Component Browser]
    ./lib/cleanup.ts [Client Component Browser]
    ./app/(manager)/settings/page.tsx [Client Component Browser]
    ./app/(manager)/settings/page.tsx [Server Component] @ http://localhost:3000/_next/static/chunks/node_modules_next_dist_115brz8._.js:3318
[ 1978761ms] [ERROR] ./node_modules/@prisma/client/runtime/client.mjs
Code generation for chunk item errored
An error occurred while generating the chunk item [project]/node_modules/@prisma/client/runtime/client.mjs [app-client] (ecmascript) <locals>

Caused by:
- the chunking context (unknown) does not support external modules (request: node:module)

Debug info:
- An error occurred while generating the chunk item [project]/node_modules/@prisma/client/runtime/client.mjs [app-client] (ecmascript) <locals>
- Execution of <EcmascriptModuleLocalsModule as EcmascriptChunkPlaceable>::chunk_item_content failed
- Execution of *EcmascriptChunkItemContent::new failed
- Execution of EcmascriptModuleContent::new failed
- the chunking context (unknown) does not support external modules (request: node:module)

Import trace:
  Client Component Browser:
    ./node_modules/@prisma/client/runtime/client.mjs [Client Component Browser]
    ./app/generated/prisma/internal/prismaNamespace.ts [Client Component Browser]
    ./app/generated/prisma/client.ts [Client Component Browser]
    ./lib/prisma.ts [Client Component Browser]
    ./lib/cleanup.ts [Client Component Browser]
    ./app/(manager)/settings/page.tsx [Client Component Browser]
    ./app/(manager)/settings/page.tsx [Server Component] @ http://localhost:3000/_next/static/chunks/node_modules_next_dist_115brz8._.js:3318
[ 1978814ms] [ERROR] ./node_modules/@prisma/client/runtime/client.mjs
Code generation for chunk item errored
An error occurred while generating the chunk item [project]/node_modules/@prisma/client/runtime/client.mjs [app-client] (ecmascript) <locals>

Caused by:
- the chunking context (unknown) does not support external modules (request: node:module)

Debug info:
- An error occurred while generating the chunk item [project]/node_modules/@prisma/client/runtime/client.mjs [app-client] (ecmascript) <locals>
- Execution of <EcmascriptModuleLocalsModule as EcmascriptChunkPlaceable>::chunk_item_content failed
- Execution of *EcmascriptChunkItemContent::new failed
- Execution of EcmascriptModuleContent::new failed
- the chunking context (unknown) does not support external modules (request: node:module)

Import trace:
  Client Component Browser:
    ./node_modules/@prisma/client/runtime/client.mjs [Client Component Browser]
    ./app/generated/prisma/internal/prismaNamespace.ts [Client Component Browser]
    ./app/generated/prisma/client.ts [Client Component Browser]
    ./lib/prisma.ts [Client Component Browser]
    ./lib/cleanup.ts [Client Component Browser]
    ./app/(manager)/settings/page.tsx [Client Component Browser]
    ./app/(manager)/settings/page.tsx [Server Component] @ http://localhost:3000/_next/static/chunks/node_modules_next_dist_115brz8._.js:3318
[ 1978859ms] [ERROR] ./node_modules/@prisma/client/runtime/client.mjs
Code generation for chunk item errored
An error occurred while generating the chunk item [project]/node_modules/@prisma/client/runtime/client.mjs [app-client] (ecmascript) <locals>

Caused by:
- the chunking context (unknown) does not support external modules (request: node:module)

Debug info:
- An error occurred while generating the chunk item [project]/node_modules/@prisma/client/runtime/client.mjs [app-client] (ecmascript) <locals>
- Execution of <EcmascriptModuleLocalsModule as EcmascriptChunkPlaceable>::chunk_item_content failed
- Execution of *EcmascriptChunkItemContent::new failed
- Execution of EcmascriptModuleContent::new failed
- the chunking context (unknown) does not support external modules (request: node:module)

Import trace:
  Client Component Browser:
    ./node_modules/@prisma/client/runtime/client.mjs [Client Component Browser]
    ./app/generated/prisma/internal/prismaNamespace.ts [Client Component Browser]
    ./app/generated/prisma/client.ts [Client Component Browser]
    ./lib/prisma.ts [Client Component Browser]
    ./lib/cleanup.ts [Client Component Browser]
    ./app/(manager)/settings/page.tsx [Client Component Browser]
    ./app/(manager)/settings/page.tsx [Server Component] @ http://localhost:3000/_next/static/chunks/node_modules_next_dist_115brz8._.js:3318
[ 1978919ms] [ERROR] ./node_modules/@prisma/client/runtime/client.mjs
Code generation for chunk item errored
An error occurred while generating the chunk item [project]/node_modules/@prisma/client/runtime/client.mjs [app-client] (ecmascript) <locals>

Caused by:
- the chunking context (unknown) does not support external modules (request: node:module)

Debug info:
- An error occurred while generating the chunk item [project]/node_modules/@prisma/client/runtime/client.mjs [app-client] (ecmascript) <locals>
- Execution of <EcmascriptModuleLocalsModule as EcmascriptChunkPlaceable>::chunk_item_content failed
- Execution of *EcmascriptChunkItemContent::new failed
- Execution of EcmascriptModuleContent::new failed
- the chunking context (unknown) does not support external modules (request: node:module)

Import trace:
  Client Component Browser:
    ./node_modules/@prisma/client/runtime/client.mjs [Client Component Browser]
    ./app/generated/prisma/internal/prismaNamespace.ts [Client Component Browser]
    ./app/generated/prisma/client.ts [Client Component Browser]
    ./lib/prisma.ts [Client Component Browser]
    ./lib/cleanup.ts [Client Component Browser]
    ./app/(manager)/settings/page.tsx [Client Component Browser]
    ./app/(manager)/settings/page.tsx [Server Component] @ http://localhost:3000/_next/static/chunks/node_modules_next_dist_115brz8._.js:3318
[ 1978974ms] [ERROR] ./node_modules/@prisma/client/runtime/client.mjs
Code generation for chunk item errored
An error occurred while generating the chunk item [project]/node_modules/@prisma/client/runtime/client.mjs [app-client] (ecmascript) <locals>

Caused by:
- the chunking context (unknown) does not support external modules (request: node:module)

Debug info:
- An error occurred while generating the chunk item [project]/node_modules/@prisma/client/runtime/client.mjs [app-client] (ecmascript) <locals>
- Execution of <EcmascriptModuleLocalsModule as EcmascriptChunkPlaceable>::chunk_item_content failed
- Execution of *EcmascriptChunkItemContent::new failed
- Execution of EcmascriptModuleContent::new failed
- the chunking context (unknown) does not support external modules (request: node:module)

Import trace:
  Client Component Browser:
    ./node_modules/@prisma/client/runtime/client.mjs [Client Component Browser]
    ./app/generated/prisma/internal/prismaNamespace.ts [Client Component Browser]
    ./app/generated/prisma/client.ts [Client Component Browser]
    ./lib/prisma.ts [Client Component Browser]
    ./lib/cleanup.ts [Client Component Browser]
    ./app/(manager)/settings/page.tsx [Client Component Browser]
    ./app/(manager)/settings/page.tsx [Server Component] @ http://localhost:3000/_next/static/chunks/node_modules_next_dist_115brz8._.js:3318
[ 1979024ms] [ERROR] ./node_modules/@prisma/client/runtime/client.mjs
Code generation for chunk item errored
An error occurred while generating the chunk item [project]/node_modules/@prisma/client/runtime/client.mjs [app-client] (ecmascript) <locals>

Caused by:
- the chunking context (unknown) does not support external modules (request: node:module)

Debug info:
- An error occurred while generating the chunk item [project]/node_modules/@prisma/client/runtime/client.mjs [app-client] (ecmascript) <locals>
- Execution of <EcmascriptModuleLocalsModule as EcmascriptChunkPlaceable>::chunk_item_content failed
- Execution of *EcmascriptChunkItemContent::new failed
- Execution of EcmascriptModuleContent::new failed
- the chunking context (unknown) does not support external modules (request: node:module)

Import trace:
  Client Component Browser:
    ./node_modules/@prisma/client/runtime/client.mjs [Client Component Browser]
    ./app/generated/prisma/internal/prismaNamespace.ts [Client Component Browser]
    ./app/generated/prisma/client.ts [Client Component Browser]
    ./lib/prisma.ts [Client Component Browser]
    ./lib/cleanup.ts [Client Component Browser]
    ./app/(manager)/settings/page.tsx [Client Component Browser]
    ./app/(manager)/settings/page.tsx [Server Component] @ http://localhost:3000/_next/static/chunks/node_modules_next_dist_115brz8._.js:3318
[ 1979079ms] [ERROR] ./node_modules/@prisma/client/runtime/client.mjs
Code generation for chunk item errored
An error occurred while generating the chunk item [project]/node_modules/@prisma/client/runtime/client.mjs [app-client] (ecmascript) <locals>

Caused by:
- the chunking context (unknown) does not support external modules (request: node:module)

Debug info:
- An error occurred while generating the chunk item [project]/node_modules/@prisma/client/runtime/client.mjs [app-client] (ecmascript) <locals>
- Execution of <EcmascriptModuleLocalsModule as EcmascriptChunkPlaceable>::chunk_item_content failed
- Execution of *EcmascriptChunkItemContent::new failed
- Execution of EcmascriptModuleContent::new failed
- the chunking context (unknown) does not support external modules (request: node:module)

Import trace:
  Client Component Browser:
    ./node_modules/@prisma/client/runtime/client.mjs [Client Component Browser]
    ./app/generated/prisma/internal/prismaNamespace.ts [Client Component Browser]
    ./app/generated/prisma/client.ts [Client Component Browser]
    ./lib/prisma.ts [Client Component Browser]
    ./lib/cleanup.ts [Client Component Browser]
    ./app/(manager)/settings/page.tsx [Client Component Browser]
    ./app/(manager)/settings/page.tsx [Server Component] @ http://localhost:3000/_next/static/chunks/node_modules_next_dist_115brz8._.js:3318
[ 1979137ms] [ERROR] ./node_modules/@prisma/client/runtime/client.mjs
Code generation for chunk item errored
An error occurred while generating the chunk item [project]/node_modules/@prisma/client/runtime/client.mjs [app-client] (ecmascript) <locals>

Caused by:
- the chunking context (unknown) does not support external modules (request: node:module)

Debug info:
- An error occurred while generating the chunk item [project]/node_modules/@prisma/client/runtime/client.mjs [app-client] (ecmascript) <locals>
- Execution of <EcmascriptModuleLocalsModule as EcmascriptChunkPlaceable>::chunk_item_content failed
- Execution of *EcmascriptChunkItemContent::new failed
- Execution of EcmascriptModuleContent::new failed
- the chunking context (unknown) does not support external modules (request: node:module)

Import trace:
  Client Component Browser:
    ./node_modules/@prisma/client/runtime/client.mjs [Client Component Browser]
    ./app/generated/prisma/internal/prismaNamespace.ts [Client Component Browser]
    ./app/generated/prisma/client.ts [Client Component Browser]
    ./lib/prisma.ts [Client Component Browser]
    ./lib/cleanup.ts [Client Component Browser]
    ./app/(manager)/settings/page.tsx [Client Component Browser]
    ./app/(manager)/settings/page.tsx [Server Component] @ http://localhost:3000/_next/static/chunks/node_modules_next_dist_115brz8._.js:3318
[ 1979193ms] [ERROR] ./node_modules/@prisma/client/runtime/client.mjs
Code generation for chunk item errored
An error occurred while generating the chunk item [project]/node_modules/@prisma/client/runtime/client.mjs [app-client] (ecmascript) <locals>

Caused by:
- the chunking context (unknown) does not support external modules (request: node:module)

Debug info:
- An error occurred while generating the chunk item [project]/node_modules/@prisma/client/runtime/client.mjs [app-client] (ecmascript) <locals>
- Execution of <EcmascriptModuleLocalsModule as EcmascriptChunkPlaceable>::chunk_item_content failed
- Execution of *EcmascriptChunkItemContent::new failed
- Execution of EcmascriptModuleContent::new failed
- the chunking context (unknown) does not support external modules (request: node:module)

Import trace:
  Client Component Browser:
    ./node_modules/@prisma/client/runtime/client.mjs [Client Component Browser]
    ./app/generated/prisma/internal/prismaNamespace.ts [Client Component Browser]
    ./app/generated/prisma/client.ts [Client Component Browser]
    ./lib/prisma.ts [Client Component Browser]
    ./lib/cleanup.ts [Client Component Browser]
    ./app/(manager)/settings/page.tsx [Client Component Browser]
    ./app/(manager)/settings/page.tsx [Server Component] @ http://localhost:3000/_next/static/chunks/node_modules_next_dist_115brz8._.js:3318
[ 1979249ms] [ERROR] ./node_modules/@prisma/client/runtime/client.mjs
Code generation for chunk item errored
An error occurred while generating the chunk item [project]/node_modules/@prisma/client/runtime/client.mjs [app-client] (ecmascript) <locals>

Caused by:
- the chunking context (unknown) does not support external modules (request: node:module)

Debug info:
- An error occurred while generating the chunk item [project]/node_modules/@prisma/client/runtime/client.mjs [app-client] (ecmascript) <locals>
- Execution of <EcmascriptModuleLocalsModule as EcmascriptChunkPlaceable>::chunk_item_content failed
- Execution of *EcmascriptChunkItemContent::new failed
- Execution of EcmascriptModuleContent::new failed
- the chunking context (unknown) does not support external modules (request: node:module)

Import trace:
  Client Component Browser:
    ./node_modules/@prisma/client/runtime/client.mjs [Client Component Browser]
    ./app/generated/prisma/internal/prismaNamespace.ts [Client Component Browser]
    ./app/generated/prisma/client.ts [Client Component Browser]
    ./lib/prisma.ts [Client Component Browser]
    ./lib/cleanup.ts [Client Component Browser]
    ./app/(manager)/settings/page.tsx [Client Component Browser]
    ./app/(manager)/settings/page.tsx [Server Component] @ http://localhost:3000/_next/static/chunks/node_modules_next_dist_115brz8._.js:3318
[ 1979309ms] [ERROR] ./node_modules/@prisma/client/runtime/client.mjs
Code generation for chunk item errored
An error occurred while generating the chunk item [project]/node_modules/@prisma/client/runtime/client.mjs [app-client] (ecmascript) <locals>

Caused by:
- the chunking context (unknown) does not support external modules (request: node:module)

Debug info:
- An error occurred while generating the chunk item [project]/node_modules/@prisma/client/runtime/client.mjs [app-client] (ecmascript) <locals>
- Execution of <EcmascriptModuleLocalsModule as EcmascriptChunkPlaceable>::chunk_item_content failed
- Execution of *EcmascriptChunkItemContent::new failed
- Execution of EcmascriptModuleContent::new failed
- the chunking context (unknown) does not support external modules (request: node:module)

Import trace:
  Client Component Browser:
    ./node_modules/@prisma/client/runtime/client.mjs [Client Component Browser]
    ./app/generated/prisma/internal/prismaNamespace.ts [Client Component Browser]
    ./app/generated/prisma/client.ts [Client Component Browser]
    ./lib/prisma.ts [Client Component Browser]
    ./lib/cleanup.ts [Client Component Browser]
    ./app/(manager)/settings/page.tsx [Client Component Browser]
    ./app/(manager)/settings/page.tsx [Server Component] @ http://localhost:3000/_next/static/chunks/node_modules_next_dist_115brz8._.js:3318
[ 1979362ms] [ERROR] ./node_modules/@prisma/client/runtime/client.mjs
Code generation for chunk item errored
An error occurred while generating the chunk item [project]/node_modules/@prisma/client/runtime/client.mjs [app-client] (ecmascript) <locals>

Caused by:
- the chunking context (unknown) does not support external modules (request: node:module)

Debug info:
- An error occurred while generating the chunk item [project]/node_modules/@prisma/client/runtime/client.mjs [app-client] (ecmascript) <locals>
- Execution of <EcmascriptModuleLocalsModule as EcmascriptChunkPlaceable>::chunk_item_content failed
- Execution of *EcmascriptChunkItemContent::new failed
- Execution of EcmascriptModuleContent::new failed
- the chunking context (unknown) does not support external modules (request: node:module)

Import trace:
  Client Component Browser:
    ./node_modules/@prisma/client/runtime/client.mjs [Client Component Browser]
    ./app/generated/prisma/internal/prismaNamespace.ts [Client Component Browser]
    ./app/generated/prisma/client.ts [Client Component Browser]
    ./lib/prisma.ts [Client Component Browser]
    ./lib/cleanup.ts [Client Component Browser]
    ./app/(manager)/settings/page.tsx [Client Component Browser]
    ./app/(manager)/settings/page.tsx [Server Component] @ http://localhost:3000/_next/static/chunks/node_modules_next_dist_115brz8._.js:3318
[ 1979416ms] [ERROR] ./node_modules/@prisma/client/runtime/client.mjs
Code generation for chunk item errored
An error occurred while generating the chunk item [project]/node_modules/@prisma/client/runtime/client.mjs [app-client] (ecmascript) <locals>

Caused by:
- the chunking context (unknown) does not support external modules (request: node:module)

Debug info:
- An error occurred while generating the chunk item [project]/node_modules/@prisma/client/runtime/client.mjs [app-client] (ecmascript) <locals>
- Execution of <EcmascriptModuleLocalsModule as EcmascriptChunkPlaceable>::chunk_item_content failed
- Execution of *EcmascriptChunkItemContent::new failed
- Execution of EcmascriptModuleContent::new failed
- the chunking context (unknown) does not support external modules (request: node:module)

Import trace:
  Client Component Browser:
    ./node_modules/@prisma/client/runtime/client.mjs [Client Component Browser]
    ./app/generated/prisma/internal/prismaNamespace.ts [Client Component Browser]
    ./app/generated/prisma/client.ts [Client Component Browser]
    ./lib/prisma.ts [Client Component Browser]
    ./lib/cleanup.ts [Client Component Browser]
    ./app/(manager)/settings/page.tsx [Client Component Browser]
    ./app/(manager)/settings/page.tsx [Server Component] @ http://localhost:3000/_next/static/chunks/node_modules_next_dist_115brz8._.js:3318
[ 1979472ms] [ERROR] ./node_modules/@prisma/client/runtime/client.mjs
Code generation for chunk item errored
An error occurred while generating the chunk item [project]/node_modules/@prisma/client/runtime/client.mjs [app-client] (ecmascript) <locals>

Caused by:
- the chunking context (unknown) does not support external modules (request: node:module)

Debug info:
- An error occurred while generating the chunk item [project]/node_modules/@prisma/client/runtime/client.mjs [app-client] (ecmascript) <locals>
- Execution of <EcmascriptModuleLocalsModule as EcmascriptChunkPlaceable>::chunk_item_content failed
- Execution of *EcmascriptChunkItemContent::new failed
- Execution of EcmascriptModuleContent::new failed
- the chunking context (unknown) does not support external modules (request: node:module)

Import trace:
  Client Component Browser:
    ./node_modules/@prisma/client/runtime/client.mjs [Client Component Browser]
    ./app/generated/prisma/internal/prismaNamespace.ts [Client Component Browser]
    ./app/generated/prisma/client.ts [Client Component Browser]
    ./lib/prisma.ts [Client Component Browser]
    ./lib/cleanup.ts [Client Component Browser]
    ./app/(manager)/settings/page.tsx [Client Component Browser]
    ./app/(manager)/settings/page.tsx [Server Component] @ http://localhost:3000/_next/static/chunks/node_modules_next_dist_115brz8._.js:3318
[ 1979526ms] [ERROR] ./node_modules/@prisma/client/runtime/client.mjs
Code generation for chunk item errored
An error occurred while generating the chunk item [project]/node_modules/@prisma/client/runtime/client.mjs [app-client] (ecmascript) <locals>

Caused by:
- the chunking context (unknown) does not support external modules (request: node:module)

Debug info:
- An error occurred while generating the chunk item [project]/node_modules/@prisma/client/runtime/client.mjs [app-client] (ecmascript) <locals>
- Execution of <EcmascriptModuleLocalsModule as EcmascriptChunkPlaceable>::chunk_item_content failed
- Execution of *EcmascriptChunkItemContent::new failed
- Execution of EcmascriptModuleContent::new failed
- the chunking context (unknown) does not support external modules (request: node:module)

Import trace:
  Client Component Browser:
    ./node_modules/@prisma/client/runtime/client.mjs [Client Component Browser]
    ./app/generated/prisma/internal/prismaNamespace.ts [Client Component Browser]
    ./app/generated/prisma/client.ts [Client Component Browser]
    ./lib/prisma.ts [Client Component Browser]
    ./lib/cleanup.ts [Client Component Browser]
    ./app/(manager)/settings/page.tsx [Client Component Browser]
    ./app/(manager)/settings/page.tsx [Server Component] @ http://localhost:3000/_next/static/chunks/node_modules_next_dist_115brz8._.js:3318
[ 1979582ms] [ERROR] ./node_modules/@prisma/client/runtime/client.mjs
Code generation for chunk item errored
An error occurred while generating the chunk item [project]/node_modules/@prisma/client/runtime/client.mjs [app-client] (ecmascript) <locals>

Caused by:
- the chunking context (unknown) does not support external modules (request: node:module)

Debug info:
- An error occurred while generating the chunk item [project]/node_modules/@prisma/client/runtime/client.mjs [app-client] (ecmascript) <locals>
- Execution of <EcmascriptModuleLocalsModule as EcmascriptChunkPlaceable>::chunk_item_content failed
- Execution of *EcmascriptChunkItemContent::new failed
- Execution of EcmascriptModuleContent::new failed
- the chunking context (unknown) does not support external modules (request: node:module)

Import trace:
  Client Component Browser:
    ./node_modules/@prisma/client/runtime/client.mjs [Client Component Browser]
    ./app/generated/prisma/internal/prismaNamespace.ts [Client Component Browser]
    ./app/generated/prisma/client.ts [Client Component Browser]
    ./lib/prisma.ts [Client Component Browser]
    ./lib/cleanup.ts [Client Component Browser]
    ./app/(manager)/settings/page.tsx [Client Component Browser]
    ./app/(manager)/settings/page.tsx [Server Component] @ http://localhost:3000/_next/static/chunks/node_modules_next_dist_115brz8._.js:3318
[ 1979639ms] [ERROR] ./node_modules/@prisma/client/runtime/client.mjs
Code generation for chunk item errored
An error occurred while generating the chunk item [project]/node_modules/@prisma/client/runtime/client.mjs [app-client] (ecmascript) <locals>

Caused by:
- the chunking context (unknown) does not support external modules (request: node:module)

Debug info:
- An error occurred while generating the chunk item [project]/node_modules/@prisma/client/runtime/client.mjs [app-client] (ecmascript) <locals>
- Execution of <EcmascriptModuleLocalsModule as EcmascriptChunkPlaceable>::chunk_item_content failed
- Execution of *EcmascriptChunkItemContent::new failed
- Execution of EcmascriptModuleContent::new failed
- the chunking context (unknown) does not support external modules (request: node:module)

Import trace:
  Client Component Browser:
    ./node_modules/@prisma/client/runtime/client.mjs [Client Component Browser]
    ./app/generated/prisma/internal/prismaNamespace.ts [Client Component Browser]
    ./app/generated/prisma/client.ts [Client Component Browser]
    ./lib/prisma.ts [Client Component Browser]
    ./lib/cleanup.ts [Client Component Browser]
    ./app/(manager)/settings/page.tsx [Client Component Browser]
    ./app/(manager)/settings/page.tsx [Server Component] @ http://localhost:3000/_next/static/chunks/node_modules_next_dist_115brz8._.js:3318
[ 1979693ms] [ERROR] ./node_modules/@prisma/client/runtime/client.mjs
Code generation for chunk item errored
An error occurred while generating the chunk item [project]/node_modules/@prisma/client/runtime/client.mjs [app-client] (ecmascript) <locals>

Caused by:
- the chunking context (unknown) does not support external modules (request: node:module)

Debug info:
- An error occurred while generating the chunk item [project]/node_modules/@prisma/client/runtime/client.mjs [app-client] (ecmascript) <locals>
- Execution of <EcmascriptModuleLocalsModule as EcmascriptChunkPlaceable>::chunk_item_content failed
- Execution of *EcmascriptChunkItemContent::new failed
- Execution of EcmascriptModuleContent::new failed
- the chunking context (unknown) does not support external modules (request: node:module)

Import trace:
  Client Component Browser:
    ./node_modules/@prisma/client/runtime/client.mjs [Client Component Browser]
    ./app/generated/prisma/internal/prismaNamespace.ts [Client Component Browser]
    ./app/generated/prisma/client.ts [Client Component Browser]
    ./lib/prisma.ts [Client Component Browser]
    ./lib/cleanup.ts [Client Component Browser]
    ./app/(manager)/settings/page.tsx [Client Component Browser]
    ./app/(manager)/settings/page.tsx [Server Component] @ http://localhost:3000/_next/static/chunks/node_modules_next_dist_115brz8._.js:3318
[ 1979750ms] [ERROR] ./node_modules/@prisma/client/runtime/client.mjs
Code generation for chunk item errored
An error occurred while generating the chunk item [project]/node_modules/@prisma/client/runtime/client.mjs [app-client] (ecmascript) <locals>

Caused by:
- the chunking context (unknown) does not support external modules (request: node:module)

Debug info:
- An error occurred while generating the chunk item [project]/node_modules/@prisma/client/runtime/client.mjs [app-client] (ecmascript) <locals>
- Execution of <EcmascriptModuleLocalsModule as EcmascriptChunkPlaceable>::chunk_item_content failed
- Execution of *EcmascriptChunkItemContent::new failed
- Execution of EcmascriptModuleContent::new failed
- the chunking context (unknown) does not support external modules (request: node:module)

Import trace:
  Client Component Browser:
    ./node_modules/@prisma/client/runtime/client.mjs [Client Component Browser]
    ./app/generated/prisma/internal/prismaNamespace.ts [Client Component Browser]
    ./app/generated/prisma/client.ts [Client Component Browser]
    ./lib/prisma.ts [Client Component Browser]
    ./lib/cleanup.ts [Client Component Browser]
    ./app/(manager)/settings/page.tsx [Client Component Browser]
    ./app/(manager)/settings/page.tsx [Server Component] @ http://localhost:3000/_next/static/chunks/node_modules_next_dist_115brz8._.js:3318
[ 1979802ms] [ERROR] ./node_modules/@prisma/client/runtime/client.mjs
Code generation for chunk item errored
An error occurred while generating the chunk item [project]/node_modules/@prisma/client/runtime/client.mjs [app-client] (ecmascript) <locals>

Caused by:
- the chunking context (unknown) does not support external modules (request: node:module)

Debug info:
- An error occurred while generating the chunk item [project]/node_modules/@prisma/client/runtime/client.mjs [app-client] (ecmascript) <locals>
- Execution of <EcmascriptModuleLocalsModule as EcmascriptChunkPlaceable>::chunk_item_content failed
- Execution of *EcmascriptChunkItemContent::new failed
- Execution of EcmascriptModuleContent::new failed
- the chunking context (unknown) does not support external modules (request: node:module)

Import trace:
  Client Component Browser:
    ./node_modules/@prisma/client/runtime/client.mjs [Client Component Browser]
    ./app/generated/prisma/internal/prismaNamespace.ts [Client Component Browser]
    ./app/generated/prisma/client.ts [Client Component Browser]
    ./lib/prisma.ts [Client Component Browser]
    ./lib/cleanup.ts [Client Component Browser]
    ./app/(manager)/settings/page.tsx [Client Component Browser]
    ./app/(manager)/settings/page.tsx [Server Component] @ http://localhost:3000/_next/static/chunks/node_modules_next_dist_115brz8._.js:3318
[ 1979857ms] [ERROR] ./node_modules/@prisma/client/runtime/client.mjs
Code generation for chunk item errored
An error occurred while generating the chunk item [project]/node_modules/@prisma/client/runtime/client.mjs [app-client] (ecmascript) <locals>

Caused by:
- the chunking context (unknown) does not support external modules (request: node:module)

Debug info:
- An error occurred while generating the chunk item [project]/node_modules/@prisma/client/runtime/client.mjs [app-client] (ecmascript) <locals>
- Execution of <EcmascriptModuleLocalsModule as EcmascriptChunkPlaceable>::chunk_item_content failed
- Execution of *EcmascriptChunkItemContent::new failed
- Execution of EcmascriptModuleContent::new failed
- the chunking context (unknown) does not support external modules (request: node:module)

Import trace:
  Client Component Browser:
    ./node_modules/@prisma/client/runtime/client.mjs [Client Component Browser]
    ./app/generated/prisma/internal/prismaNamespace.ts [Client Component Browser]
    ./app/generated/prisma/client.ts [Client Component Browser]
    ./lib/prisma.ts [Client Component Browser]
    ./lib/cleanup.ts [Client Component Browser]
    ./app/(manager)/settings/page.tsx [Client Component Browser]
    ./app/(manager)/settings/page.tsx [Server Component] @ http://localhost:3000/_next/static/chunks/node_modules_next_dist_115brz8._.js:3318
[ 1979911ms] [ERROR] ./node_modules/@prisma/client/runtime/client.mjs
Code generation for chunk item errored
An error occurred while generating the chunk item [project]/node_modules/@prisma/client/runtime/client.mjs [app-client] (ecmascript) <locals>

Caused by:
- the chunking context (unknown) does not support external modules (request: node:module)

Debug info:
- An error occurred while generating the chunk item [project]/node_modules/@prisma/client/runtime/client.mjs [app-client] (ecmascript) <locals>
- Execution of <EcmascriptModuleLocalsModule as EcmascriptChunkPlaceable>::chunk_item_content failed
- Execution of *EcmascriptChunkItemContent::new failed
- Execution of EcmascriptModuleContent::new failed
- the chunking context (unknown) does not support external modules (request: node:module)

Import trace:
  Client Component Browser:
    ./node_modules/@prisma/client/runtime/client.mjs [Client Component Browser]
    ./app/generated/prisma/internal/prismaNamespace.ts [Client Component Browser]
    ./app/generated/prisma/client.ts [Client Component Browser]
    ./lib/prisma.ts [Client Component Browser]
    ./lib/cleanup.ts [Client Component Browser]
    ./app/(manager)/settings/page.tsx [Client Component Browser]
    ./app/(manager)/settings/page.tsx [Server Component] @ http://localhost:3000/_next/static/chunks/node_modules_next_dist_115brz8._.js:3318
[ 1979969ms] [ERROR] ./node_modules/@prisma/client/runtime/client.mjs
Code generation for chunk item errored
An error occurred while generating the chunk item [project]/node_modules/@prisma/client/runtime/client.mjs [app-client] (ecmascript) <locals>

Caused by:
- the chunking context (unknown) does not support external modules (request: node:module)

Debug info:
- An error occurred while generating the chunk item [project]/node_modules/@prisma/client/runtime/client.mjs [app-client] (ecmascript) <locals>
- Execution of <EcmascriptModuleLocalsModule as EcmascriptChunkPlaceable>::chunk_item_content failed
- Execution of *EcmascriptChunkItemContent::new failed
- Execution of EcmascriptModuleContent::new failed
- the chunking context (unknown) does not support external modules (request: node:module)

Import trace:
  Client Component Browser:
    ./node_modules/@prisma/client/runtime/client.mjs [Client Component Browser]
    ./app/generated/prisma/internal/prismaNamespace.ts [Client Component Browser]
    ./app/generated/prisma/client.ts [Client Component Browser]
    ./lib/prisma.ts [Client Component Browser]
    ./lib/cleanup.ts [Client Component Browser]
    ./app/(manager)/settings/page.tsx [Client Component Browser]
    ./app/(manager)/settings/page.tsx [Server Component] @ http://localhost:3000/_next/static/chunks/node_modules_next_dist_115brz8._.js:3318
[ 1980023ms] [ERROR] ./node_modules/@prisma/client/runtime/client.mjs
Code generation for chunk item errored
An error occurred while generating the chunk item [project]/node_modules/@prisma/client/runtime/client.mjs [app-client] (ecmascript) <locals>

Caused by:
- the chunking context (unknown) does not support external modules (request: node:module)

Debug info:
- An error occurred while generating the chunk item [project]/node_modules/@prisma/client/runtime/client.mjs [app-client] (ecmascript) <locals>
- Execution of <EcmascriptModuleLocalsModule as EcmascriptChunkPlaceable>::chunk_item_content failed
- Execution of *EcmascriptChunkItemContent::new failed
- Execution of EcmascriptModuleContent::new failed
- the chunking context (unknown) does not support external modules (request: node:module)

Import trace:
  Client Component Browser:
    ./node_modules/@prisma/client/runtime/client.mjs [Client Component Browser]
    ./app/generated/prisma/internal/prismaNamespace.ts [Client Component Browser]
    ./app/generated/prisma/client.ts [Client Component Browser]
    ./lib/prisma.ts [Client Component Browser]
    ./lib/cleanup.ts [Client Component Browser]
    ./app/(manager)/settings/page.tsx [Client Component Browser]
    ./app/(manager)/settings/page.tsx [Server Component] @ http://localhost:3000/_next/static/chunks/node_modules_next_dist_115brz8._.js:3318
[ 1980097ms] [ERROR] ./node_modules/@prisma/client/runtime/client.mjs
Code generation for chunk item errored
An error occurred while generating the chunk item [project]/node_modules/@prisma/client/runtime/client.mjs [app-client] (ecmascript) <locals>

Caused by:
- the chunking context (unknown) does not support external modules (request: node:module)

Debug info:
- An error occurred while generating the chunk item [project]/node_modules/@prisma/client/runtime/client.mjs [app-client] (ecmascript) <locals>
- Execution of <EcmascriptModuleLocalsModule as EcmascriptChunkPlaceable>::chunk_item_content failed
- Execution of *EcmascriptChunkItemContent::new failed
- Execution of EcmascriptModuleContent::new failed
- the chunking context (unknown) does not support external modules (request: node:module)

Import trace:
  Client Component Browser:
    ./node_modules/@prisma/client/runtime/client.mjs [Client Component Browser]
    ./app/generated/prisma/internal/prismaNamespace.ts [Client Component Browser]
    ./app/generated/prisma/client.ts [Client Component Browser]
    ./lib/prisma.ts [Client Component Browser]
    ./lib/cleanup.ts [Client Component Browser]
    ./app/(manager)/settings/page.tsx [Client Component Browser]
    ./app/(manager)/settings/page.tsx [Server Component] @ http://localhost:3000/_next/static/chunks/node_modules_next_dist_115brz8._.js:3318
[ 1980154ms] [ERROR] ./node_modules/@prisma/client/runtime/client.mjs
Code generation for chunk item errored
An error occurred while generating the chunk item [project]/node_modules/@prisma/client/runtime/client.mjs [app-client] (ecmascript) <locals>

Caused by:
- the chunking context (unknown) does not support external modules (request: node:module)

Debug info:
- An error occurred while generating the chunk item [project]/node_modules/@prisma/client/runtime/client.mjs [app-client] (ecmascript) <locals>
- Execution of <EcmascriptModuleLocalsModule as EcmascriptChunkPlaceable>::chunk_item_content failed
- Execution of *EcmascriptChunkItemContent::new failed
- Execution of EcmascriptModuleContent::new failed
- the chunking context (unknown) does not support external modules (request: node:module)

Import trace:
  Client Component Browser:
    ./node_modules/@prisma/client/runtime/client.mjs [Client Component Browser]
    ./app/generated/prisma/internal/prismaNamespace.ts [Client Component Browser]
    ./app/generated/prisma/client.ts [Client Component Browser]
    ./lib/prisma.ts [Client Component Browser]
    ./lib/cleanup.ts [Client Component Browser]
    ./app/(manager)/settings/page.tsx [Client Component Browser]
    ./app/(manager)/settings/page.tsx [Server Component] @ http://localhost:3000/_next/static/chunks/node_modules_next_dist_115brz8._.js:3318
[ 1980205ms] [ERROR] ./node_modules/@prisma/client/runtime/client.mjs
Code generation for chunk item errored
An error occurred while generating the chunk item [project]/node_modules/@prisma/client/runtime/client.mjs [app-client] (ecmascript) <locals>

Caused by:
- the chunking context (unknown) does not support external modules (request: node:module)

Debug info:
- An error occurred while generating the chunk item [project]/node_modules/@prisma/client/runtime/client.mjs [app-client] (ecmascript) <locals>
- Execution of <EcmascriptModuleLocalsModule as EcmascriptChunkPlaceable>::chunk_item_content failed
- Execution of *EcmascriptChunkItemContent::new failed
- Execution of EcmascriptModuleContent::new failed
- the chunking context (unknown) does not support external modules (request: node:module)

Import trace:
  Client Component Browser:
    ./node_modules/@prisma/client/runtime/client.mjs [Client Component Browser]
    ./app/generated/prisma/internal/prismaNamespace.ts [Client Component Browser]
    ./app/generated/prisma/client.ts [Client Component Browser]
    ./lib/prisma.ts [Client Component Browser]
    ./lib/cleanup.ts [Client Component Browser]
    ./app/(manager)/settings/page.tsx [Client Component Browser]
    ./app/(manager)/settings/page.tsx [Server Component] @ http://localhost:3000/_next/static/chunks/node_modules_next_dist_115brz8._.js:3318
[ 1980257ms] [ERROR] ./node_modules/@prisma/client/runtime/client.mjs
Code generation for chunk item errored
An error occurred while generating the chunk item [project]/node_modules/@prisma/client/runtime/client.mjs [app-client] (ecmascript) <locals>

Caused by:
- the chunking context (unknown) does not support external modules (request: node:module)

Debug info:
- An error occurred while generating the chunk item [project]/node_modules/@prisma/client/runtime/client.mjs [app-client] (ecmascript) <locals>
- Execution of <EcmascriptModuleLocalsModule as EcmascriptChunkPlaceable>::chunk_item_content failed
- Execution of *EcmascriptChunkItemContent::new failed
- Execution of EcmascriptModuleContent::new failed
- the chunking context (unknown) does not support external modules (request: node:module)

Import trace:
  Client Component Browser:
    ./node_modules/@prisma/client/runtime/client.mjs [Client Component Browser]
    ./app/generated/prisma/internal/prismaNamespace.ts [Client Component Browser]
    ./app/generated/prisma/client.ts [Client Component Browser]
    ./lib/prisma.ts [Client Component Browser]
    ./lib/cleanup.ts [Client Component Browser]
    ./app/(manager)/settings/page.tsx [Client Component Browser]
    ./app/(manager)/settings/page.tsx [Server Component] @ http://localhost:3000/_next/static/chunks/node_modules_next_dist_115brz8._.js:3318
[ 1980309ms] [ERROR] ./node_modules/@prisma/client/runtime/client.mjs
Code generation for chunk item errored
An error occurred while generating the chunk item [project]/node_modules/@prisma/client/runtime/client.mjs [app-client] (ecmascript) <locals>

Caused by:
- the chunking context (unknown) does not support external modules (request: node:module)

Debug info:
- An error occurred while generating the chunk item [project]/node_modules/@prisma/client/runtime/client.mjs [app-client] (ecmascript) <locals>
- Execution of <EcmascriptModuleLocalsModule as EcmascriptChunkPlaceable>::chunk_item_content failed
- Execution of *EcmascriptChunkItemContent::new failed
- Execution of EcmascriptModuleContent::new failed
- the chunking context (unknown) does not support external modules (request: node:module)

Import trace:
  Client Component Browser:
    ./node_modules/@prisma/client/runtime/client.mjs [Client Component Browser]
    ./app/generated/prisma/internal/prismaNamespace.ts [Client Component Browser]
    ./app/generated/prisma/client.ts [Client Component Browser]
    ./lib/prisma.ts [Client Component Browser]
    ./lib/cleanup.ts [Client Component Browser]
    ./app/(manager)/settings/page.tsx [Client Component Browser]
    ./app/(manager)/settings/page.tsx [Server Component] @ http://localhost:3000/_next/static/chunks/node_modules_next_dist_115brz8._.js:3318
[ 1980364ms] [ERROR] ./node_modules/@prisma/client/runtime/client.mjs
Code generation for chunk item errored
An error occurred while generating the chunk item [project]/node_modules/@prisma/client/runtime/client.mjs [app-client] (ecmascript) <locals>

Caused by:
- the chunking context (unknown) does not support external modules (request: node:module)

Debug info:
- An error occurred while generating the chunk item [project]/node_modules/@prisma/client/runtime/client.mjs [app-client] (ecmascript) <locals>
- Execution of <EcmascriptModuleLocalsModule as EcmascriptChunkPlaceable>::chunk_item_content failed
- Execution of *EcmascriptChunkItemContent::new failed
- Execution of EcmascriptModuleContent::new failed
- the chunking context (unknown) does not support external modules (request: node:module)

Import trace:
  Client Component Browser:
    ./node_modules/@prisma/client/runtime/client.mjs [Client Component Browser]
    ./app/generated/prisma/internal/prismaNamespace.ts [Client Component Browser]
    ./app/generated/prisma/client.ts [Client Component Browser]
    ./lib/prisma.ts [Client Component Browser]
    ./lib/cleanup.ts [Client Component Browser]
    ./app/(manager)/settings/page.tsx [Client Component Browser]
    ./app/(manager)/settings/page.tsx [Server Component] @ http://localhost:3000/_next/static/chunks/node_modules_next_dist_115brz8._.js:3318
[ 1980417ms] [ERROR] ./node_modules/@prisma/client/runtime/client.mjs
Code generation for chunk item errored
An error occurred while generating the chunk item [project]/node_modules/@prisma/client/runtime/client.mjs [app-client] (ecmascript) <locals>

Caused by:
- the chunking context (unknown) does not support external modules (request: node:module)

Debug info:
- An error occurred while generating the chunk item [project]/node_modules/@prisma/client/runtime/client.mjs [app-client] (ecmascript) <locals>
- Execution of <EcmascriptModuleLocalsModule as EcmascriptChunkPlaceable>::chunk_item_content failed
- Execution of *EcmascriptChunkItemContent::new failed
- Execution of EcmascriptModuleContent::new failed
- the chunking context (unknown) does not support external modules (request: node:module)

Import trace:
  Client Component Browser:
    ./node_modules/@prisma/client/runtime/client.mjs [Client Component Browser]
    ./app/generated/prisma/internal/prismaNamespace.ts [Client Component Browser]
    ./app/generated/prisma/client.ts [Client Component Browser]
    ./lib/prisma.ts [Client Component Browser]
    ./lib/cleanup.ts [Client Component Browser]
    ./app/(manager)/settings/page.tsx [Client Component Browser]
    ./app/(manager)/settings/page.tsx [Server Component] @ http://localhost:3000/_next/static/chunks/node_modules_next_dist_115brz8._.js:3318
[ 1980474ms] [ERROR] ./node_modules/@prisma/client/runtime/client.mjs
Code generation for chunk item errored
An error occurred while generating the chunk item [project]/node_modules/@prisma/client/runtime/client.mjs [app-client] (ecmascript) <locals>

Caused by:
- the chunking context (unknown) does not support external modules (request: node:module)

Debug info:
- An error occurred while generating the chunk item [project]/node_modules/@prisma/client/runtime/client.mjs [app-client] (ecmascript) <locals>
- Execution of <EcmascriptModuleLocalsModule as EcmascriptChunkPlaceable>::chunk_item_content failed
- Execution of *EcmascriptChunkItemContent::new failed
- Execution of EcmascriptModuleContent::new failed
- the chunking context (unknown) does not support external modules (request: node:module)

Import trace:
  Client Component Browser:
    ./node_modules/@prisma/client/runtime/client.mjs [Client Component Browser]
    ./app/generated/prisma/internal/prismaNamespace.ts [Client Component Browser]
    ./app/generated/prisma/client.ts [Client Component Browser]
    ./lib/prisma.ts [Client Component Browser]
    ./lib/cleanup.ts [Client Component Browser]
    ./app/(manager)/settings/page.tsx [Client Component Browser]
    ./app/(manager)/settings/page.tsx [Server Component] @ http://localhost:3000/_next/static/chunks/node_modules_next_dist_115brz8._.js:3318
[ 1980526ms] [ERROR] ./node_modules/@prisma/client/runtime/client.mjs
Code generation for chunk item errored
An error occurred while generating the chunk item [project]/node_modules/@prisma/client/runtime/client.mjs [app-client] (ecmascript) <locals>

Caused by:
- the chunking context (unknown) does not support external modules (request: node:module)

Debug info:
- An error occurred while generating the chunk item [project]/node_modules/@prisma/client/runtime/client.mjs [app-client] (ecmascript) <locals>
- Execution of <EcmascriptModuleLocalsModule as EcmascriptChunkPlaceable>::chunk_item_content failed
- Execution of *EcmascriptChunkItemContent::new failed
- Execution of EcmascriptModuleContent::new failed
- the chunking context (unknown) does not support external modules (request: node:module)

Import trace:
  Client Component Browser:
    ./node_modules/@prisma/client/runtime/client.mjs [Client Component Browser]
    ./app/generated/prisma/internal/prismaNamespace.ts [Client Component Browser]
    ./app/generated/prisma/client.ts [Client Component Browser]
    ./lib/prisma.ts [Client Component Browser]
    ./lib/cleanup.ts [Client Component Browser]
    ./app/(manager)/settings/page.tsx [Client Component Browser]
    ./app/(manager)/settings/page.tsx [Server Component] @ http://localhost:3000/_next/static/chunks/node_modules_next_dist_115brz8._.js:3318
[ 1980581ms] [ERROR] ./node_modules/@prisma/client/runtime/client.mjs
Code generation for chunk item errored
An error occurred while generating the chunk item [project]/node_modules/@prisma/client/runtime/client.mjs [app-client] (ecmascript) <locals>

Caused by:
- the chunking context (unknown) does not support external modules (request: node:module)

Debug info:
- An error occurred while generating the chunk item [project]/node_modules/@prisma/client/runtime/client.mjs [app-client] (ecmascript) <locals>
- Execution of <EcmascriptModuleLocalsModule as EcmascriptChunkPlaceable>::chunk_item_content failed
- Execution of *EcmascriptChunkItemContent::new failed
- Execution of EcmascriptModuleContent::new failed
- the chunking context (unknown) does not support external modules (request: node:module)

Import trace:
  Client Component Browser:
    ./node_modules/@prisma/client/runtime/client.mjs [Client Component Browser]
    ./app/generated/prisma/internal/prismaNamespace.ts [Client Component Browser]
    ./app/generated/prisma/client.ts [Client Component Browser]
    ./lib/prisma.ts [Client Component Browser]
    ./lib/cleanup.ts [Client Component Browser]
    ./app/(manager)/settings/page.tsx [Client Component Browser]
    ./app/(manager)/settings/page.tsx [Server Component] @ http://localhost:3000/_next/static/chunks/node_modules_next_dist_115brz8._.js:3318
[ 1980634ms] [ERROR] ./node_modules/@prisma/client/runtime/client.mjs
Code generation for chunk item errored
An error occurred while generating the chunk item [project]/node_modules/@prisma/client/runtime/client.mjs [app-client] (ecmascript) <locals>

Caused by:
- the chunking context (unknown) does not support external modules (request: node:module)

Debug info:
- An error occurred while generating the chunk item [project]/node_modules/@prisma/client/runtime/client.mjs [app-client] (ecmascript) <locals>
- Execution of <EcmascriptModuleLocalsModule as EcmascriptChunkPlaceable>::chunk_item_content failed
- Execution of *EcmascriptChunkItemContent::new failed
- Execution of EcmascriptModuleContent::new failed
- the chunking context (unknown) does not support external modules (request: node:module)

Import trace:
  Client Component Browser:
    ./node_modules/@prisma/client/runtime/client.mjs [Client Component Browser]
    ./app/generated/prisma/internal/prismaNamespace.ts [Client Component Browser]
    ./app/generated/prisma/client.ts [Client Component Browser]
    ./lib/prisma.ts [Client Component Browser]
    ./lib/cleanup.ts [Client Component Browser]
    ./app/(manager)/settings/page.tsx [Client Component Browser]
    ./app/(manager)/settings/page.tsx [Server Component] @ http://localhost:3000/_next/static/chunks/node_modules_next_dist_115brz8._.js:3318
[ 1980686ms] [ERROR] ./node_modules/@prisma/client/runtime/client.mjs
Code generation for chunk item errored
An error occurred while generating the chunk item [project]/node_modules/@prisma/client/runtime/client.mjs [app-client] (ecmascript) <locals>

Caused by:
- the chunking context (unknown) does not support external modules (request: node:module)

Debug info:
- An error occurred while generating the chunk item [project]/node_modules/@prisma/client/runtime/client.mjs [app-client] (ecmascript) <locals>
- Execution of <EcmascriptModuleLocalsModule as EcmascriptChunkPlaceable>::chunk_item_content failed
- Execution of *EcmascriptChunkItemContent::new failed
- Execution of EcmascriptModuleContent::new failed
- the chunking context (unknown) does not support external modules (request: node:module)

Import trace:
  Client Component Browser:
    ./node_modules/@prisma/client/runtime/client.mjs [Client Component Browser]
    ./app/generated/prisma/internal/prismaNamespace.ts [Client Component Browser]
    ./app/generated/prisma/client.ts [Client Component Browser]
    ./lib/prisma.ts [Client Component Browser]
    ./lib/cleanup.ts [Client Component Browser]
    ./app/(manager)/settings/page.tsx [Client Component Browser]
    ./app/(manager)/settings/page.tsx [Server Component] @ http://localhost:3000/_next/static/chunks/node_modules_next_dist_115brz8._.js:3318
[ 1980737ms] [ERROR] ./node_modules/@prisma/client/runtime/client.mjs
Code generation for chunk item errored
An error occurred while generating the chunk item [project]/node_modules/@prisma/client/runtime/client.mjs [app-client] (ecmascript) <locals>

Caused by:
- the chunking context (unknown) does not support external modules (request: node:module)

Debug info:
- An error occurred while generating the chunk item [project]/node_modules/@prisma/client/runtime/client.mjs [app-client] (ecmascript) <locals>
- Execution of <EcmascriptModuleLocalsModule as EcmascriptChunkPlaceable>::chunk_item_content failed
- Execution of *EcmascriptChunkItemContent::new failed
- Execution of EcmascriptModuleContent::new failed
- the chunking context (unknown) does not support external modules (request: node:module)

Import trace:
  Client Component Browser:
    ./node_modules/@prisma/client/runtime/client.mjs [Client Component Browser]
    ./app/generated/prisma/internal/prismaNamespace.ts [Client Component Browser]
    ./app/generated/prisma/client.ts [Client Component Browser]
    ./lib/prisma.ts [Client Component Browser]
    ./lib/cleanup.ts [Client Component Browser]
    ./app/(manager)/settings/page.tsx [Client Component Browser]
    ./app/(manager)/settings/page.tsx [Server Component] @ http://localhost:3000/_next/static/chunks/node_modules_next_dist_115brz8._.js:3318
[ 1980792ms] [ERROR] ./node_modules/@prisma/client/runtime/client.mjs
Code generation for chunk item errored
An error occurred while generating the chunk item [project]/node_modules/@prisma/client/runtime/client.mjs [app-client] (ecmascript) <locals>

Caused by:
- the chunking context (unknown) does not support external modules (request: node:module)

Debug info:
- An error occurred while generating the chunk item [project]/node_modules/@prisma/client/runtime/client.mjs [app-client] (ecmascript) <locals>
- Execution of <EcmascriptModuleLocalsModule as EcmascriptChunkPlaceable>::chunk_item_content failed
- Execution of *EcmascriptChunkItemContent::new failed
- Execution of EcmascriptModuleContent::new failed
- the chunking context (unknown) does not support external modules (request: node:module)

Import trace:
  Client Component Browser:
    ./node_modules/@prisma/client/runtime/client.mjs [Client Component Browser]
    ./app/generated/prisma/internal/prismaNamespace.ts [Client Component Browser]
    ./app/generated/prisma/client.ts [Client Component Browser]
    ./lib/prisma.ts [Client Component Browser]
    ./lib/cleanup.ts [Client Component Browser]
    ./app/(manager)/settings/page.tsx [Client Component Browser]
    ./app/(manager)/settings/page.tsx [Server Component] @ http://localhost:3000/_next/static/chunks/node_modules_next_dist_115brz8._.js:3318
[ 1980843ms] [ERROR] ./node_modules/@prisma/client/runtime/client.mjs
Code generation for chunk item errored
An error occurred while generating the chunk item [project]/node_modules/@prisma/client/runtime/client.mjs [app-client] (ecmascript) <locals>

Caused by:
- the chunking context (unknown) does not support external modules (request: node:module)

Debug info:
- An error occurred while generating the chunk item [project]/node_modules/@prisma/client/runtime/client.mjs [app-client] (ecmascript) <locals>
- Execution of <EcmascriptModuleLocalsModule as EcmascriptChunkPlaceable>::chunk_item_content failed
- Execution of *EcmascriptChunkItemContent::new failed
- Execution of EcmascriptModuleContent::new failed
- the chunking context (unknown) does not support external modules (request: node:module)

Import trace:
  Client Component Browser:
    ./node_modules/@prisma/client/runtime/client.mjs [Client Component Browser]
    ./app/generated/prisma/internal/prismaNamespace.ts [Client Component Browser]
    ./app/generated/prisma/client.ts [Client Component Browser]
    ./lib/prisma.ts [Client Component Browser]
    ./lib/cleanup.ts [Client Component Browser]
    ./app/(manager)/settings/page.tsx [Client Component Browser]
    ./app/(manager)/settings/page.tsx [Server Component] @ http://localhost:3000/_next/static/chunks/node_modules_next_dist_115brz8._.js:3318
[ 1980896ms] [ERROR] ./node_modules/@prisma/client/runtime/client.mjs
Code generation for chunk item errored
An error occurred while generating the chunk item [project]/node_modules/@prisma/client/runtime/client.mjs [app-client] (ecmascript) <locals>

Caused by:
- the chunking context (unknown) does not support external modules (request: node:module)

Debug info:
- An error occurred while generating the chunk item [project]/node_modules/@prisma/client/runtime/client.mjs [app-client] (ecmascript) <locals>
- Execution of <EcmascriptModuleLocalsModule as EcmascriptChunkPlaceable>::chunk_item_content failed
- Execution of *EcmascriptChunkItemContent::new failed
- Execution of EcmascriptModuleContent::new failed
- the chunking context (unknown) does not support external modules (request: node:module)

Import trace:
  Client Component Browser:
    ./node_modules/@prisma/client/runtime/client.mjs [Client Component Browser]
    ./app/generated/prisma/internal/prismaNamespace.ts [Client Component Browser]
    ./app/generated/prisma/client.ts [Client Component Browser]
    ./lib/prisma.ts [Client Component Browser]
    ./lib/cleanup.ts [Client Component Browser]
    ./app/(manager)/settings/page.tsx [Client Component Browser]
    ./app/(manager)/settings/page.tsx [Server Component] @ http://localhost:3000/_next/static/chunks/node_modules_next_dist_115brz8._.js:3318
[ 1980950ms] [ERROR] ./node_modules/@prisma/client/runtime/client.mjs
Code generation for chunk item errored
An error occurred while generating the chunk item [project]/node_modules/@prisma/client/runtime/client.mjs [app-client] (ecmascript) <locals>

Caused by:
- the chunking context (unknown) does not support external modules (request: node:module)

Debug info:
- An error occurred while generating the chunk item [project]/node_modules/@prisma/client/runtime/client.mjs [app-client] (ecmascript) <locals>
- Execution of <EcmascriptModuleLocalsModule as EcmascriptChunkPlaceable>::chunk_item_content failed
- Execution of *EcmascriptChunkItemContent::new failed
- Execution of EcmascriptModuleContent::new failed
- the chunking context (unknown) does not support external modules (request: node:module)

Import trace:
  Client Component Browser:
    ./node_modules/@prisma/client/runtime/client.mjs [Client Component Browser]
    ./app/generated/prisma/internal/prismaNamespace.ts [Client Component Browser]
    ./app/generated/prisma/client.ts [Client Component Browser]
    ./lib/prisma.ts [Client Component Browser]
    ./lib/cleanup.ts [Client Component Browser]
    ./app/(manager)/settings/page.tsx [Client Component Browser]
    ./app/(manager)/settings/page.tsx [Server Component] @ http://localhost:3000/_next/static/chunks/node_modules_next_dist_115brz8._.js:3318
[ 1981001ms] [ERROR] ./node_modules/@prisma/client/runtime/client.mjs
Code generation for chunk item errored
An error occurred while generating the chunk item [project]/node_modules/@prisma/client/runtime/client.mjs [app-client] (ecmascript) <locals>

Caused by:
- the chunking context (unknown) does not support external modules (request: node:module)

Debug info:
- An error occurred while generating the chunk item [project]/node_modules/@prisma/client/runtime/client.mjs [app-client] (ecmascript) <locals>
- Execution of <EcmascriptModuleLocalsModule as EcmascriptChunkPlaceable>::chunk_item_content failed
- Execution of *EcmascriptChunkItemContent::new failed
- Execution of EcmascriptModuleContent::new failed
- the chunking context (unknown) does not support external modules (request: node:module)

Import trace:
  Client Component Browser:
    ./node_modules/@prisma/client/runtime/client.mjs [Client Component Browser]
    ./app/generated/prisma/internal/prismaNamespace.ts [Client Component Browser]
    ./app/generated/prisma/client.ts [Client Component Browser]
    ./lib/prisma.ts [Client Component Browser]
    ./lib/cleanup.ts [Client Component Browser]
    ./app/(manager)/settings/page.tsx [Client Component Browser]
    ./app/(manager)/settings/page.tsx [Server Component] @ http://localhost:3000/_next/static/chunks/node_modules_next_dist_115brz8._.js:3318
[ 1981052ms] [ERROR] ./node_modules/@prisma/client/runtime/client.mjs
Code generation for chunk item errored
An error occurred while generating the chunk item [project]/node_modules/@prisma/client/runtime/client.mjs [app-client] (ecmascript) <locals>

Caused by:
- the chunking context (unknown) does not support external modules (request: node:module)

Debug info:
- An error occurred while generating the chunk item [project]/node_modules/@prisma/client/runtime/client.mjs [app-client] (ecmascript) <locals>
- Execution of <EcmascriptModuleLocalsModule as EcmascriptChunkPlaceable>::chunk_item_content failed
- Execution of *EcmascriptChunkItemContent::new failed
- Execution of EcmascriptModuleContent::new failed
- the chunking context (unknown) does not support external modules (request: node:module)

Import trace:
  Client Component Browser:
    ./node_modules/@prisma/client/runtime/client.mjs [Client Component Browser]
    ./app/generated/prisma/internal/prismaNamespace.ts [Client Component Browser]
    ./app/generated/prisma/client.ts [Client Component Browser]
    ./lib/prisma.ts [Client Component Browser]
    ./lib/cleanup.ts [Client Component Browser]
    ./app/(manager)/settings/page.tsx [Client Component Browser]
    ./app/(manager)/settings/page.tsx [Server Component] @ http://localhost:3000/_next/static/chunks/node_modules_next_dist_115brz8._.js:3318
[ 1981108ms] [ERROR] ./node_modules/@prisma/client/runtime/client.mjs
Code generation for chunk item errored
An error occurred while generating the chunk item [project]/node_modules/@prisma/client/runtime/client.mjs [app-client] (ecmascript) <locals>

Caused by:
- the chunking context (unknown) does not support external modules (request: node:module)

Debug info:
- An error occurred while generating the chunk item [project]/node_modules/@prisma/client/runtime/client.mjs [app-client] (ecmascript) <locals>
- Execution of <EcmascriptModuleLocalsModule as EcmascriptChunkPlaceable>::chunk_item_content failed
- Execution of *EcmascriptChunkItemContent::new failed
- Execution of EcmascriptModuleContent::new failed
- the chunking context (unknown) does not support external modules (request: node:module)

Import trace:
  Client Component Browser:
    ./node_modules/@prisma/client/runtime/client.mjs [Client Component Browser]
    ./app/generated/prisma/internal/prismaNamespace.ts [Client Component Browser]
    ./app/generated/prisma/client.ts [Client Component Browser]
    ./lib/prisma.ts [Client Component Browser]
    ./lib/cleanup.ts [Client Component Browser]
    ./app/(manager)/settings/page.tsx [Client Component Browser]
    ./app/(manager)/settings/page.tsx [Server Component] @ http://localhost:3000/_next/static/chunks/node_modules_next_dist_115brz8._.js:3318
[ 1981159ms] [ERROR] ./node_modules/@prisma/client/runtime/client.mjs
Code generation for chunk item errored
An error occurred while generating the chunk item [project]/node_modules/@prisma/client/runtime/client.mjs [app-client] (ecmascript) <locals>

Caused by:
- the chunking context (unknown) does not support external modules (request: node:module)

Debug info:
- An error occurred while generating the chunk item [project]/node_modules/@prisma/client/runtime/client.mjs [app-client] (ecmascript) <locals>
- Execution of <EcmascriptModuleLocalsModule as EcmascriptChunkPlaceable>::chunk_item_content failed
- Execution of *EcmascriptChunkItemContent::new failed
- Execution of EcmascriptModuleContent::new failed
- the chunking context (unknown) does not support external modules (request: node:module)

Import trace:
  Client Component Browser:
    ./node_modules/@prisma/client/runtime/client.mjs [Client Component Browser]
    ./app/generated/prisma/internal/prismaNamespace.ts [Client Component Browser]
    ./app/generated/prisma/client.ts [Client Component Browser]
    ./lib/prisma.ts [Client Component Browser]
    ./lib/cleanup.ts [Client Component Browser]
    ./app/(manager)/settings/page.tsx [Client Component Browser]
    ./app/(manager)/settings/page.tsx [Server Component] @ http://localhost:3000/_next/static/chunks/node_modules_next_dist_115brz8._.js:3318
[ 1981215ms] [ERROR] ./node_modules/@prisma/client/runtime/client.mjs
Code generation for chunk item errored
An error occurred while generating the chunk item [project]/node_modules/@prisma/client/runtime/client.mjs [app-client] (ecmascript) <locals>

Caused by:
- the chunking context (unknown) does not support external modules (request: node:module)

Debug info:
- An error occurred while generating the chunk item [project]/node_modules/@prisma/client/runtime/client.mjs [app-client] (ecmascript) <locals>
- Execution of <EcmascriptModuleLocalsModule as EcmascriptChunkPlaceable>::chunk_item_content failed
- Execution of *EcmascriptChunkItemContent::new failed
- Execution of EcmascriptModuleContent::new failed
- the chunking context (unknown) does not support external modules (request: node:module)

Import trace:
  Client Component Browser:
    ./node_modules/@prisma/client/runtime/client.mjs [Client Component Browser]
    ./app/generated/prisma/internal/prismaNamespace.ts [Client Component Browser]
    ./app/generated/prisma/client.ts [Client Component Browser]
    ./lib/prisma.ts [Client Component Browser]
    ./lib/cleanup.ts [Client Component Browser]
    ./app/(manager)/settings/page.tsx [Client Component Browser]
    ./app/(manager)/settings/page.tsx [Server Component] @ http://localhost:3000/_next/static/chunks/node_modules_next_dist_115brz8._.js:3318
[ 1981271ms] [ERROR] ./node_modules/@prisma/client/runtime/client.mjs
Code generation for chunk item errored
An error occurred while generating the chunk item [project]/node_modules/@prisma/client/runtime/client.mjs [app-client] (ecmascript) <locals>

Caused by:
- the chunking context (unknown) does not support external modules (request: node:module)

Debug info:
- An error occurred while generating the chunk item [project]/node_modules/@prisma/client/runtime/client.mjs [app-client] (ecmascript) <locals>
- Execution of <EcmascriptModuleLocalsModule as EcmascriptChunkPlaceable>::chunk_item_content failed
- Execution of *EcmascriptChunkItemContent::new failed
- Execution of EcmascriptModuleContent::new failed
- the chunking context (unknown) does not support external modules (request: node:module)

Import trace:
  Client Component Browser:
    ./node_modules/@prisma/client/runtime/client.mjs [Client Component Browser]
    ./app/generated/prisma/internal/prismaNamespace.ts [Client Component Browser]
    ./app/generated/prisma/client.ts [Client Component Browser]
    ./lib/prisma.ts [Client Component Browser]
    ./lib/cleanup.ts [Client Component Browser]
    ./app/(manager)/settings/page.tsx [Client Component Browser]
    ./app/(manager)/settings/page.tsx [Server Component] @ http://localhost:3000/_next/static/chunks/node_modules_next_dist_115brz8._.js:3318
[ 1981334ms] [ERROR] ./node_modules/@prisma/client/runtime/client.mjs
Code generation for chunk item errored
An error occurred while generating the chunk item [project]/node_modules/@prisma/client/runtime/client.mjs [app-client] (ecmascript) <locals>

Caused by:
- the chunking context (unknown) does not support external modules (request: node:module)

Debug info:
- An error occurred while generating the chunk item [project]/node_modules/@prisma/client/runtime/client.mjs [app-client] (ecmascript) <locals>
- Execution of <EcmascriptModuleLocalsModule as EcmascriptChunkPlaceable>::chunk_item_content failed
- Execution of *EcmascriptChunkItemContent::new failed
- Execution of EcmascriptModuleContent::new failed
- the chunking context (unknown) does not support external modules (request: node:module)

Import trace:
  Client Component Browser:
    ./node_modules/@prisma/client/runtime/client.mjs [Client Component Browser]
    ./app/generated/prisma/internal/prismaNamespace.ts [Client Component Browser]
    ./app/generated/prisma/client.ts [Client Component Browser]
    ./lib/prisma.ts [Client Component Browser]
    ./lib/cleanup.ts [Client Component Browser]
    ./app/(manager)/settings/page.tsx [Client Component Browser]
    ./app/(manager)/settings/page.tsx [Server Component] @ http://localhost:3000/_next/static/chunks/node_modules_next_dist_115brz8._.js:3318
[ 1981385ms] [ERROR] ./node_modules/@prisma/client/runtime/client.mjs
Code generation for chunk item errored
An error occurred while generating the chunk item [project]/node_modules/@prisma/client/runtime/client.mjs [app-client] (ecmascript) <locals>

Caused by:
- the chunking context (unknown) does not support external modules (request: node:module)

Debug info:
- An error occurred while generating the chunk item [project]/node_modules/@prisma/client/runtime/client.mjs [app-client] (ecmascript) <locals>
- Execution of <EcmascriptModuleLocalsModule as EcmascriptChunkPlaceable>::chunk_item_content failed
- Execution of *EcmascriptChunkItemContent::new failed
- Execution of EcmascriptModuleContent::new failed
- the chunking context (unknown) does not support external modules (request: node:module)

Import trace:
  Client Component Browser:
    ./node_modules/@prisma/client/runtime/client.mjs [Client Component Browser]
    ./app/generated/prisma/internal/prismaNamespace.ts [Client Component Browser]
    ./app/generated/prisma/client.ts [Client Component Browser]
    ./lib/prisma.ts [Client Component Browser]
    ./lib/cleanup.ts [Client Component Browser]
    ./app/(manager)/settings/page.tsx [Client Component Browser]
    ./app/(manager)/settings/page.tsx [Server Component] @ http://localhost:3000/_next/static/chunks/node_modules_next_dist_115brz8._.js:3318
[ 1981433ms] [ERROR] ./node_modules/@prisma/client/runtime/client.mjs
Code generation for chunk item errored
An error occurred while generating the chunk item [project]/node_modules/@prisma/client/runtime/client.mjs [app-client] (ecmascript) <locals>

Caused by:
- the chunking context (unknown) does not support external modules (request: node:module)

Debug info:
- An error occurred while generating the chunk item [project]/node_modules/@prisma/client/runtime/client.mjs [app-client] (ecmascript) <locals>
- Execution of <EcmascriptModuleLocalsModule as EcmascriptChunkPlaceable>::chunk_item_content failed
- Execution of *EcmascriptChunkItemContent::new failed
- Execution of EcmascriptModuleContent::new failed
- the chunking context (unknown) does not support external modules (request: node:module)

Import trace:
  Client Component Browser:
    ./node_modules/@prisma/client/runtime/client.mjs [Client Component Browser]
    ./app/generated/prisma/internal/prismaNamespace.ts [Client Component Browser]
    ./app/generated/prisma/client.ts [Client Component Browser]
    ./lib/prisma.ts [Client Component Browser]
    ./lib/cleanup.ts [Client Component Browser]
    ./app/(manager)/settings/page.tsx [Client Component Browser]
    ./app/(manager)/settings/page.tsx [Server Component] @ http://localhost:3000/_next/static/chunks/node_modules_next_dist_115brz8._.js:3318
[ 1981484ms] [ERROR] ./node_modules/@prisma/client/runtime/client.mjs
Code generation for chunk item errored
An error occurred while generating the chunk item [project]/node_modules/@prisma/client/runtime/client.mjs [app-client] (ecmascript) <locals>

Caused by:
- the chunking context (unknown) does not support external modules (request: node:module)

Debug info:
- An error occurred while generating the chunk item [project]/node_modules/@prisma/client/runtime/client.mjs [app-client] (ecmascript) <locals>
- Execution of <EcmascriptModuleLocalsModule as EcmascriptChunkPlaceable>::chunk_item_content failed
- Execution of *EcmascriptChunkItemContent::new failed
- Execution of EcmascriptModuleContent::new failed
- the chunking context (unknown) does not support external modules (request: node:module)

Import trace:
  Client Component Browser:
    ./node_modules/@prisma/client/runtime/client.mjs [Client Component Browser]
    ./app/generated/prisma/internal/prismaNamespace.ts [Client Component Browser]
    ./app/generated/prisma/client.ts [Client Component Browser]
    ./lib/prisma.ts [Client Component Browser]
    ./lib/cleanup.ts [Client Component Browser]
    ./app/(manager)/settings/page.tsx [Client Component Browser]
    ./app/(manager)/settings/page.tsx [Server Component] @ http://localhost:3000/_next/static/chunks/node_modules_next_dist_115brz8._.js:3318
[ 1981533ms] [ERROR] ./node_modules/@prisma/client/runtime/client.mjs
Code generation for chunk item errored
An error occurred while generating the chunk item [project]/node_modules/@prisma/client/runtime/client.mjs [app-client] (ecmascript) <locals>

Caused by:
- the chunking context (unknown) does not support external modules (request: node:module)

Debug info:
- An error occurred while generating the chunk item [project]/node_modules/@prisma/client/runtime/client.mjs [app-client] (ecmascript) <locals>
- Execution of <EcmascriptModuleLocalsModule as EcmascriptChunkPlaceable>::chunk_item_content failed
- Execution of *EcmascriptChunkItemContent::new failed
- Execution of EcmascriptModuleContent::new failed
- the chunking context (unknown) does not support external modules (request: node:module)

Import trace:
  Client Component Browser:
    ./node_modules/@prisma/client/runtime/client.mjs [Client Component Browser]
    ./app/generated/prisma/internal/prismaNamespace.ts [Client Component Browser]
    ./app/generated/prisma/client.ts [Client Component Browser]
    ./lib/prisma.ts [Client Component Browser]
    ./lib/cleanup.ts [Client Component Browser]
    ./app/(manager)/settings/page.tsx [Client Component Browser]
    ./app/(manager)/settings/page.tsx [Server Component] @ http://localhost:3000/_next/static/chunks/node_modules_next_dist_115brz8._.js:3318
[ 1981592ms] [ERROR] ./node_modules/@prisma/client/runtime/client.mjs
Code generation for chunk item errored
An error occurred while generating the chunk item [project]/node_modules/@prisma/client/runtime/client.mjs [app-client] (ecmascript) <locals>

Caused by:
- the chunking context (unknown) does not support external modules (request: node:module)

Debug info:
- An error occurred while generating the chunk item [project]/node_modules/@prisma/client/runtime/client.mjs [app-client] (ecmascript) <locals>
- Execution of <EcmascriptModuleLocalsModule as EcmascriptChunkPlaceable>::chunk_item_content failed
- Execution of *EcmascriptChunkItemContent::new failed
- Execution of EcmascriptModuleContent::new failed
- the chunking context (unknown) does not support external modules (request: node:module)

Import trace:
  Client Component Browser:
    ./node_modules/@prisma/client/runtime/client.mjs [Client Component Browser]
    ./app/generated/prisma/internal/prismaNamespace.ts [Client Component Browser]
    ./app/generated/prisma/client.ts [Client Component Browser]
    ./lib/prisma.ts [Client Component Browser]
    ./lib/cleanup.ts [Client Component Browser]
    ./app/(manager)/settings/page.tsx [Client Component Browser]
    ./app/(manager)/settings/page.tsx [Server Component] @ http://localhost:3000/_next/static/chunks/node_modules_next_dist_115brz8._.js:3318
[ 1981649ms] [ERROR] ./node_modules/@prisma/client/runtime/client.mjs
Code generation for chunk item errored
An error occurred while generating the chunk item [project]/node_modules/@prisma/client/runtime/client.mjs [app-client] (ecmascript) <locals>

Caused by:
- the chunking context (unknown) does not support external modules (request: node:module)

Debug info:
- An error occurred while generating the chunk item [project]/node_modules/@prisma/client/runtime/client.mjs [app-client] (ecmascript) <locals>
- Execution of <EcmascriptModuleLocalsModule as EcmascriptChunkPlaceable>::chunk_item_content failed
- Execution of *EcmascriptChunkItemContent::new failed
- Execution of EcmascriptModuleContent::new failed
- the chunking context (unknown) does not support external modules (request: node:module)

Import trace:
  Client Component Browser:
    ./node_modules/@prisma/client/runtime/client.mjs [Client Component Browser]
    ./app/generated/prisma/internal/prismaNamespace.ts [Client Component Browser]
    ./app/generated/prisma/client.ts [Client Component Browser]
    ./lib/prisma.ts [Client Component Browser]
    ./lib/cleanup.ts [Client Component Browser]
    ./app/(manager)/settings/page.tsx [Client Component Browser]
    ./app/(manager)/settings/page.tsx [Server Component] @ http://localhost:3000/_next/static/chunks/node_modules_next_dist_115brz8._.js:3318
[ 1981701ms] [ERROR] ./node_modules/@prisma/client/runtime/client.mjs
Code generation for chunk item errored
An error occurred while generating the chunk item [project]/node_modules/@prisma/client/runtime/client.mjs [app-client] (ecmascript) <locals>

Caused by:
- the chunking context (unknown) does not support external modules (request: node:module)

Debug info:
- An error occurred while generating the chunk item [project]/node_modules/@prisma/client/runtime/client.mjs [app-client] (ecmascript) <locals>
- Execution of <EcmascriptModuleLocalsModule as EcmascriptChunkPlaceable>::chunk_item_content failed
- Execution of *EcmascriptChunkItemContent::new failed
- Execution of EcmascriptModuleContent::new failed
- the chunking context (unknown) does not support external modules (request: node:module)

Import trace:
  Client Component Browser:
    ./node_modules/@prisma/client/runtime/client.mjs [Client Component Browser]
    ./app/generated/prisma/internal/prismaNamespace.ts [Client Component Browser]
    ./app/generated/prisma/client.ts [Client Component Browser]
    ./lib/prisma.ts [Client Component Browser]
    ./lib/cleanup.ts [Client Component Browser]
    ./app/(manager)/settings/page.tsx [Client Component Browser]
    ./app/(manager)/settings/page.tsx [Server Component] @ http://localhost:3000/_next/static/chunks/node_modules_next_dist_115brz8._.js:3318
[ 1981752ms] [ERROR] ./node_modules/@prisma/client/runtime/client.mjs
Code generation for chunk item errored
An error occurred while generating the chunk item [project]/node_modules/@prisma/client/runtime/client.mjs [app-client] (ecmascript) <locals>

Caused by:
- the chunking context (unknown) does not support external modules (request: node:module)

Debug info:
- An error occurred while generating the chunk item [project]/node_modules/@prisma/client/runtime/client.mjs [app-client] (ecmascript) <locals>
- Execution of <EcmascriptModuleLocalsModule as EcmascriptChunkPlaceable>::chunk_item_content failed
- Execution of *EcmascriptChunkItemContent::new failed
- Execution of EcmascriptModuleContent::new failed
- the chunking context (unknown) does not support external modules (request: node:module)

Import trace:
  Client Component Browser:
    ./node_modules/@prisma/client/runtime/client.mjs [Client Component Browser]
    ./app/generated/prisma/internal/prismaNamespace.ts [Client Component Browser]
    ./app/generated/prisma/client.ts [Client Component Browser]
    ./lib/prisma.ts [Client Component Browser]
    ./lib/cleanup.ts [Client Component Browser]
    ./app/(manager)/settings/page.tsx [Client Component Browser]
    ./app/(manager)/settings/page.tsx [Server Component] @ http://localhost:3000/_next/static/chunks/node_modules_next_dist_115brz8._.js:3318
[ 1981806ms] [ERROR] ./node_modules/@prisma/client/runtime/client.mjs
Code generation for chunk item errored
An error occurred while generating the chunk item [project]/node_modules/@prisma/client/runtime/client.mjs [app-client] (ecmascript) <locals>

Caused by:
- the chunking context (unknown) does not support external modules (request: node:module)

Debug info:
- An error occurred while generating the chunk item [project]/node_modules/@prisma/client/runtime/client.mjs [app-client] (ecmascript) <locals>
- Execution of <EcmascriptModuleLocalsModule as EcmascriptChunkPlaceable>::chunk_item_content failed
- Execution of *EcmascriptChunkItemContent::new failed
- Execution of EcmascriptModuleContent::new failed
- the chunking context (unknown) does not support external modules (request: node:module)

Import trace:
  Client Component Browser:
    ./node_modules/@prisma/client/runtime/client.mjs [Client Component Browser]
    ./app/generated/prisma/internal/prismaNamespace.ts [Client Component Browser]
    ./app/generated/prisma/client.ts [Client Component Browser]
    ./lib/prisma.ts [Client Component Browser]
    ./lib/cleanup.ts [Client Component Browser]
    ./app/(manager)/settings/page.tsx [Client Component Browser]
    ./app/(manager)/settings/page.tsx [Server Component] @ http://localhost:3000/_next/static/chunks/node_modules_next_dist_115brz8._.js:3318
[ 1981859ms] [ERROR] ./node_modules/@prisma/client/runtime/client.mjs
Code generation for chunk item errored
An error occurred while generating the chunk item [project]/node_modules/@prisma/client/runtime/client.mjs [app-client] (ecmascript) <locals>

Caused by:
- the chunking context (unknown) does not support external modules (request: node:module)

Debug info:
- An error occurred while generating the chunk item [project]/node_modules/@prisma/client/runtime/client.mjs [app-client] (ecmascript) <locals>
- Execution of <EcmascriptModuleLocalsModule as EcmascriptChunkPlaceable>::chunk_item_content failed
- Execution of *EcmascriptChunkItemContent::new failed
- Execution of EcmascriptModuleContent::new failed
- the chunking context (unknown) does not support external modules (request: node:module)

Import trace:
  Client Component Browser:
    ./node_modules/@prisma/client/runtime/client.mjs [Client Component Browser]
    ./app/generated/prisma/internal/prismaNamespace.ts [Client Component Browser]
    ./app/generated/prisma/client.ts [Client Component Browser]
    ./lib/prisma.ts [Client Component Browser]
    ./lib/cleanup.ts [Client Component Browser]
    ./app/(manager)/settings/page.tsx [Client Component Browser]
    ./app/(manager)/settings/page.tsx [Server Component] @ http://localhost:3000/_next/static/chunks/node_modules_next_dist_115brz8._.js:3318
[ 1981910ms] [ERROR] ./node_modules/@prisma/client/runtime/client.mjs
Code generation for chunk item errored
An error occurred while generating the chunk item [project]/node_modules/@prisma/client/runtime/client.mjs [app-client] (ecmascript) <locals>

Caused by:
- the chunking context (unknown) does not support external modules (request: node:module)

Debug info:
- An error occurred while generating the chunk item [project]/node_modules/@prisma/client/runtime/client.mjs [app-client] (ecmascript) <locals>
- Execution of <EcmascriptModuleLocalsModule as EcmascriptChunkPlaceable>::chunk_item_content failed
- Execution of *EcmascriptChunkItemContent::new failed
- Execution of EcmascriptModuleContent::new failed
- the chunking context (unknown) does not support external modules (request: node:module)

Import trace:
  Client Component Browser:
    ./node_modules/@prisma/client/runtime/client.mjs [Client Component Browser]
    ./app/generated/prisma/internal/prismaNamespace.ts [Client Component Browser]
    ./app/generated/prisma/client.ts [Client Component Browser]
    ./lib/prisma.ts [Client Component Browser]
    ./lib/cleanup.ts [Client Component Browser]
    ./app/(manager)/settings/page.tsx [Client Component Browser]
    ./app/(manager)/settings/page.tsx [Server Component] @ http://localhost:3000/_next/static/chunks/node_modules_next_dist_115brz8._.js:3318
[ 1981962ms] [ERROR] ./node_modules/@prisma/client/runtime/client.mjs
Code generation for chunk item errored
An error occurred while generating the chunk item [project]/node_modules/@prisma/client/runtime/client.mjs [app-client] (ecmascript) <locals>

Caused by:
- the chunking context (unknown) does not support external modules (request: node:module)

Debug info:
- An error occurred while generating the chunk item [project]/node_modules/@prisma/client/runtime/client.mjs [app-client] (ecmascript) <locals>
- Execution of <EcmascriptModuleLocalsModule as EcmascriptChunkPlaceable>::chunk_item_content failed
- Execution of *EcmascriptChunkItemContent::new failed
- Execution of EcmascriptModuleContent::new failed
- the chunking context (unknown) does not support external modules (request: node:module)

Import trace:
  Client Component Browser:
    ./node_modules/@prisma/client/runtime/client.mjs [Client Component Browser]
    ./app/generated/prisma/internal/prismaNamespace.ts [Client Component Browser]
    ./app/generated/prisma/client.ts [Client Component Browser]
    ./lib/prisma.ts [Client Component Browser]
    ./lib/cleanup.ts [Client Component Browser]
    ./app/(manager)/settings/page.tsx [Client Component Browser]
    ./app/(manager)/settings/page.tsx [Server Component] @ http://localhost:3000/_next/static/chunks/node_modules_next_dist_115brz8._.js:3318
[ 1982014ms] [ERROR] ./node_modules/@prisma/client/runtime/client.mjs
Code generation for chunk item errored
An error occurred while generating the chunk item [project]/node_modules/@prisma/client/runtime/client.mjs [app-client] (ecmascript) <locals>

Caused by:
- the chunking context (unknown) does not support external modules (request: node:module)

Debug info:
- An error occurred while generating the chunk item [project]/node_modules/@prisma/client/runtime/client.mjs [app-client] (ecmascript) <locals>
- Execution of <EcmascriptModuleLocalsModule as EcmascriptChunkPlaceable>::chunk_item_content failed
- Execution of *EcmascriptChunkItemContent::new failed
- Execution of EcmascriptModuleContent::new failed
- the chunking context (unknown) does not support external modules (request: node:module)

Import trace:
  Client Component Browser:
    ./node_modules/@prisma/client/runtime/client.mjs [Client Component Browser]
    ./app/generated/prisma/internal/prismaNamespace.ts [Client Component Browser]
    ./app/generated/prisma/client.ts [Client Component Browser]
    ./lib/prisma.ts [Client Component Browser]
    ./lib/cleanup.ts [Client Component Browser]
    ./app/(manager)/settings/page.tsx [Client Component Browser]
    ./app/(manager)/settings/page.tsx [Server Component] @ http://localhost:3000/_next/static/chunks/node_modules_next_dist_115brz8._.js:3318
[ 1982066ms] [ERROR] ./node_modules/@prisma/client/runtime/client.mjs
Code generation for chunk item errored
An error occurred while generating the chunk item [project]/node_modules/@prisma/client/runtime/client.mjs [app-client] (ecmascript) <locals>

Caused by:
- the chunking context (unknown) does not support external modules (request: node:module)

Debug info:
- An error occurred while generating the chunk item [project]/node_modules/@prisma/client/runtime/client.mjs [app-client] (ecmascript) <locals>
- Execution of <EcmascriptModuleLocalsModule as EcmascriptChunkPlaceable>::chunk_item_content failed
- Execution of *EcmascriptChunkItemContent::new failed
- Execution of EcmascriptModuleContent::new failed
- the chunking context (unknown) does not support external modules (request: node:module)

Import trace:
  Client Component Browser:
    ./node_modules/@prisma/client/runtime/client.mjs [Client Component Browser]
    ./app/generated/prisma/internal/prismaNamespace.ts [Client Component Browser]
    ./app/generated/prisma/client.ts [Client Component Browser]
    ./lib/prisma.ts [Client Component Browser]
    ./lib/cleanup.ts [Client Component Browser]
    ./app/(manager)/settings/page.tsx [Client Component Browser]
    ./app/(manager)/settings/page.tsx [Server Component] @ http://localhost:3000/_next/static/chunks/node_modules_next_dist_115brz8._.js:3318
[ 1982118ms] [ERROR] ./node_modules/@prisma/client/runtime/client.mjs
Code generation for chunk item errored
An error occurred while generating the chunk item [project]/node_modules/@prisma/client/runtime/client.mjs [app-client] (ecmascript) <locals>

Caused by:
- the chunking context (unknown) does not support external modules (request: node:module)

Debug info:
- An error occurred while generating the chunk item [project]/node_modules/@prisma/client/runtime/client.mjs [app-client] (ecmascript) <locals>
- Execution of <EcmascriptModuleLocalsModule as EcmascriptChunkPlaceable>::chunk_item_content failed
- Execution of *EcmascriptChunkItemContent::new failed
- Execution of EcmascriptModuleContent::new failed
- the chunking context (unknown) does not support external modules (request: node:module)

Import trace:
  Client Component Browser:
    ./node_modules/@prisma/client/runtime/client.mjs [Client Component Browser]
    ./app/generated/prisma/internal/prismaNamespace.ts [Client Component Browser]
    ./app/generated/prisma/client.ts [Client Component Browser]
    ./lib/prisma.ts [Client Component Browser]
    ./lib/cleanup.ts [Client Component Browser]
    ./app/(manager)/settings/page.tsx [Client Component Browser]
    ./app/(manager)/settings/page.tsx [Server Component] @ http://localhost:3000/_next/static/chunks/node_modules_next_dist_115brz8._.js:3318
[ 1982170ms] [ERROR] ./node_modules/@prisma/client/runtime/client.mjs
Code generation for chunk item errored
An error occurred while generating the chunk item [project]/node_modules/@prisma/client/runtime/client.mjs [app-client] (ecmascript) <locals>

Caused by:
- the chunking context (unknown) does not support external modules (request: node:module)

Debug info:
- An error occurred while generating the chunk item [project]/node_modules/@prisma/client/runtime/client.mjs [app-client] (ecmascript) <locals>
- Execution of <EcmascriptModuleLocalsModule as EcmascriptChunkPlaceable>::chunk_item_content failed
- Execution of *EcmascriptChunkItemContent::new failed
- Execution of EcmascriptModuleContent::new failed
- the chunking context (unknown) does not support external modules (request: node:module)

Import trace:
  Client Component Browser:
    ./node_modules/@prisma/client/runtime/client.mjs [Client Component Browser]
    ./app/generated/prisma/internal/prismaNamespace.ts [Client Component Browser]
    ./app/generated/prisma/client.ts [Client Component Browser]
    ./lib/prisma.ts [Client Component Browser]
    ./lib/cleanup.ts [Client Component Browser]
    ./app/(manager)/settings/page.tsx [Client Component Browser]
    ./app/(manager)/settings/page.tsx [Server Component] @ http://localhost:3000/_next/static/chunks/node_modules_next_dist_115brz8._.js:3318
[ 1982221ms] [ERROR] ./node_modules/@prisma/client/runtime/client.mjs
Code generation for chunk item errored
An error occurred while generating the chunk item [project]/node_modules/@prisma/client/runtime/client.mjs [app-client] (ecmascript) <locals>

Caused by:
- the chunking context (unknown) does not support external modules (request: node:module)

Debug info:
- An error occurred while generating the chunk item [project]/node_modules/@prisma/client/runtime/client.mjs [app-client] (ecmascript) <locals>
- Execution of <EcmascriptModuleLocalsModule as EcmascriptChunkPlaceable>::chunk_item_content failed
- Execution of *EcmascriptChunkItemContent::new failed
- Execution of EcmascriptModuleContent::new failed
- the chunking context (unknown) does not support external modules (request: node:module)

Import trace:
  Client Component Browser:
    ./node_modules/@prisma/client/runtime/client.mjs [Client Component Browser]
    ./app/generated/prisma/internal/prismaNamespace.ts [Client Component Browser]
    ./app/generated/prisma/client.ts [Client Component Browser]
    ./lib/prisma.ts [Client Component Browser]
    ./lib/cleanup.ts [Client Component Browser]
    ./app/(manager)/settings/page.tsx [Client Component Browser]
    ./app/(manager)/settings/page.tsx [Server Component] @ http://localhost:3000/_next/static/chunks/node_modules_next_dist_115brz8._.js:3318
[ 1982279ms] [ERROR] ./node_modules/@prisma/client/runtime/client.mjs
Code generation for chunk item errored
An error occurred while generating the chunk item [project]/node_modules/@prisma/client/runtime/client.mjs [app-client] (ecmascript) <locals>

Caused by:
- the chunking context (unknown) does not support external modules (request: node:module)

Debug info:
- An error occurred while generating the chunk item [project]/node_modules/@prisma/client/runtime/client.mjs [app-client] (ecmascript) <locals>
- Execution of <EcmascriptModuleLocalsModule as EcmascriptChunkPlaceable>::chunk_item_content failed
- Execution of *EcmascriptChunkItemContent::new failed
- Execution of EcmascriptModuleContent::new failed
- the chunking context (unknown) does not support external modules (request: node:module)

Import trace:
  Client Component Browser:
    ./node_modules/@prisma/client/runtime/client.mjs [Client Component Browser]
    ./app/generated/prisma/internal/prismaNamespace.ts [Client Component Browser]
    ./app/generated/prisma/client.ts [Client Component Browser]
    ./lib/prisma.ts [Client Component Browser]
    ./lib/cleanup.ts [Client Component Browser]
    ./app/(manager)/settings/page.tsx [Client Component Browser]
    ./app/(manager)/settings/page.tsx [Server Component] @ http://localhost:3000/_next/static/chunks/node_modules_next_dist_115brz8._.js:3318
[ 1982337ms] [ERROR] ./node_modules/@prisma/client/runtime/client.mjs
Code generation for chunk item errored
An error occurred while generating the chunk item [project]/node_modules/@prisma/client/runtime/client.mjs [app-client] (ecmascript) <locals>

Caused by:
- the chunking context (unknown) does not support external modules (request: node:module)

Debug info:
- An error occurred while generating the chunk item [project]/node_modules/@prisma/client/runtime/client.mjs [app-client] (ecmascript) <locals>
- Execution of <EcmascriptModuleLocalsModule as EcmascriptChunkPlaceable>::chunk_item_content failed
- Execution of *EcmascriptChunkItemContent::new failed
- Execution of EcmascriptModuleContent::new failed
- the chunking context (unknown) does not support external modules (request: node:module)

Import trace:
  Client Component Browser:
    ./node_modules/@prisma/client/runtime/client.mjs [Client Component Browser]
    ./app/generated/prisma/internal/prismaNamespace.ts [Client Component Browser]
    ./app/generated/prisma/client.ts [Client Component Browser]
    ./lib/prisma.ts [Client Component Browser]
    ./lib/cleanup.ts [Client Component Browser]
    ./app/(manager)/settings/page.tsx [Client Component Browser]
    ./app/(manager)/settings/page.tsx [Server Component] @ http://localhost:3000/_next/static/chunks/node_modules_next_dist_115brz8._.js:3318
[ 1982394ms] [ERROR] ./node_modules/@prisma/client/runtime/client.mjs
Code generation for chunk item errored
An error occurred while generating the chunk item [project]/node_modules/@prisma/client/runtime/client.mjs [app-client] (ecmascript) <locals>

Caused by:
- the chunking context (unknown) does not support external modules (request: node:module)

Debug info:
- An error occurred while generating the chunk item [project]/node_modules/@prisma/client/runtime/client.mjs [app-client] (ecmascript) <locals>
- Execution of <EcmascriptModuleLocalsModule as EcmascriptChunkPlaceable>::chunk_item_content failed
- Execution of *EcmascriptChunkItemContent::new failed
- Execution of EcmascriptModuleContent::new failed
- the chunking context (unknown) does not support external modules (request: node:module)

Import trace:
  Client Component Browser:
    ./node_modules/@prisma/client/runtime/client.mjs [Client Component Browser]
    ./app/generated/prisma/internal/prismaNamespace.ts [Client Component Browser]
    ./app/generated/prisma/client.ts [Client Component Browser]
    ./lib/prisma.ts [Client Component Browser]
    ./lib/cleanup.ts [Client Component Browser]
    ./app/(manager)/settings/page.tsx [Client Component Browser]
    ./app/(manager)/settings/page.tsx [Server Component] @ http://localhost:3000/_next/static/chunks/node_modules_next_dist_115brz8._.js:3318
[ 1982452ms] [ERROR] ./node_modules/@prisma/client/runtime/client.mjs
Code generation for chunk item errored
An error occurred while generating the chunk item [project]/node_modules/@prisma/client/runtime/client.mjs [app-client] (ecmascript) <locals>

Caused by:
- the chunking context (unknown) does not support external modules (request: node:module)

Debug info:
- An error occurred while generating the chunk item [project]/node_modules/@prisma/client/runtime/client.mjs [app-client] (ecmascript) <locals>
- Execution of <EcmascriptModuleLocalsModule as EcmascriptChunkPlaceable>::chunk_item_content failed
- Execution of *EcmascriptChunkItemContent::new failed
- Execution of EcmascriptModuleContent::new failed
- the chunking context (unknown) does not support external modules (request: node:module)

Import trace:
  Client Component Browser:
    ./node_modules/@prisma/client/runtime/client.mjs [Client Component Browser]
    ./app/generated/prisma/internal/prismaNamespace.ts [Client Component Browser]
    ./app/generated/prisma/client.ts [Client Component Browser]
    ./lib/prisma.ts [Client Component Browser]
    ./lib/cleanup.ts [Client Component Browser]
    ./app/(manager)/settings/page.tsx [Client Component Browser]
    ./app/(manager)/settings/page.tsx [Server Component] @ http://localhost:3000/_next/static/chunks/node_modules_next_dist_115brz8._.js:3318
[ 1982515ms] [ERROR] ./node_modules/@prisma/client/runtime/client.mjs
Code generation for chunk item errored
An error occurred while generating the chunk item [project]/node_modules/@prisma/client/runtime/client.mjs [app-client] (ecmascript) <locals>

Caused by:
- the chunking context (unknown) does not support external modules (request: node:module)

Debug info:
- An error occurred while generating the chunk item [project]/node_modules/@prisma/client/runtime/client.mjs [app-client] (ecmascript) <locals>
- Execution of <EcmascriptModuleLocalsModule as EcmascriptChunkPlaceable>::chunk_item_content failed
- Execution of *EcmascriptChunkItemContent::new failed
- Execution of EcmascriptModuleContent::new failed
- the chunking context (unknown) does not support external modules (request: node:module)

Import trace:
  Client Component Browser:
    ./node_modules/@prisma/client/runtime/client.mjs [Client Component Browser]
    ./app/generated/prisma/internal/prismaNamespace.ts [Client Component Browser]
    ./app/generated/prisma/client.ts [Client Component Browser]
    ./lib/prisma.ts [Client Component Browser]
    ./lib/cleanup.ts [Client Component Browser]
    ./app/(manager)/settings/page.tsx [Client Component Browser]
    ./app/(manager)/settings/page.tsx [Server Component] @ http://localhost:3000/_next/static/chunks/node_modules_next_dist_115brz8._.js:3318
[ 1982573ms] [ERROR] ./node_modules/@prisma/client/runtime/client.mjs
Code generation for chunk item errored
An error occurred while generating the chunk item [project]/node_modules/@prisma/client/runtime/client.mjs [app-client] (ecmascript) <locals>

Caused by:
- the chunking context (unknown) does not support external modules (request: node:module)

Debug info:
- An error occurred while generating the chunk item [project]/node_modules/@prisma/client/runtime/client.mjs [app-client] (ecmascript) <locals>
- Execution of <EcmascriptModuleLocalsModule as EcmascriptChunkPlaceable>::chunk_item_content failed
- Execution of *EcmascriptChunkItemContent::new failed
- Execution of EcmascriptModuleContent::new failed
- the chunking context (unknown) does not support external modules (request: node:module)

Import trace:
  Client Component Browser:
    ./node_modules/@prisma/client/runtime/client.mjs [Client Component Browser]
    ./app/generated/prisma/internal/prismaNamespace.ts [Client Component Browser]
    ./app/generated/prisma/client.ts [Client Component Browser]
    ./lib/prisma.ts [Client Component Browser]
    ./lib/cleanup.ts [Client Component Browser]
    ./app/(manager)/settings/page.tsx [Client Component Browser]
    ./app/(manager)/settings/page.tsx [Server Component] @ http://localhost:3000/_next/static/chunks/node_modules_next_dist_115brz8._.js:3318
[ 1982629ms] [ERROR] ./node_modules/@prisma/client/runtime/client.mjs
Code generation for chunk item errored
An error occurred while generating the chunk item [project]/node_modules/@prisma/client/runtime/client.mjs [app-client] (ecmascript) <locals>

Caused by:
- the chunking context (unknown) does not support external modules (request: node:module)

Debug info:
- An error occurred while generating the chunk item [project]/node_modules/@prisma/client/runtime/client.mjs [app-client] (ecmascript) <locals>
- Execution of <EcmascriptModuleLocalsModule as EcmascriptChunkPlaceable>::chunk_item_content failed
- Execution of *EcmascriptChunkItemContent::new failed
- Execution of EcmascriptModuleContent::new failed
- the chunking context (unknown) does not support external modules (request: node:module)

Import trace:
  Client Component Browser:
    ./node_modules/@prisma/client/runtime/client.mjs [Client Component Browser]
    ./app/generated/prisma/internal/prismaNamespace.ts [Client Component Browser]
    ./app/generated/prisma/client.ts [Client Component Browser]
    ./lib/prisma.ts [Client Component Browser]
    ./lib/cleanup.ts [Client Component Browser]
    ./app/(manager)/settings/page.tsx [Client Component Browser]
    ./app/(manager)/settings/page.tsx [Server Component] @ http://localhost:3000/_next/static/chunks/node_modules_next_dist_115brz8._.js:3318
[ 1982681ms] [ERROR] ./node_modules/@prisma/client/runtime/client.mjs
Code generation for chunk item errored
An error occurred while generating the chunk item [project]/node_modules/@prisma/client/runtime/client.mjs [app-client] (ecmascript) <locals>

Caused by:
- the chunking context (unknown) does not support external modules (request: node:module)

Debug info:
- An error occurred while generating the chunk item [project]/node_modules/@prisma/client/runtime/client.mjs [app-client] (ecmascript) <locals>
- Execution of <EcmascriptModuleLocalsModule as EcmascriptChunkPlaceable>::chunk_item_content failed
- Execution of *EcmascriptChunkItemContent::new failed
- Execution of EcmascriptModuleContent::new failed
- the chunking context (unknown) does not support external modules (request: node:module)

Import trace:
  Client Component Browser:
    ./node_modules/@prisma/client/runtime/client.mjs [Client Component Browser]
    ./app/generated/prisma/internal/prismaNamespace.ts [Client Component Browser]
    ./app/generated/prisma/client.ts [Client Component Browser]
    ./lib/prisma.ts [Client Component Browser]
    ./lib/cleanup.ts [Client Component Browser]
    ./app/(manager)/settings/page.tsx [Client Component Browser]
    ./app/(manager)/settings/page.tsx [Server Component] @ http://localhost:3000/_next/static/chunks/node_modules_next_dist_115brz8._.js:3318
[ 1982734ms] [ERROR] ./node_modules/@prisma/client/runtime/client.mjs
Code generation for chunk item errored
An error occurred while generating the chunk item [project]/node_modules/@prisma/client/runtime/client.mjs [app-client] (ecmascript) <locals>

Caused by:
- the chunking context (unknown) does not support external modules (request: node:module)

Debug info:
- An error occurred while generating the chunk item [project]/node_modules/@prisma/client/runtime/client.mjs [app-client] (ecmascript) <locals>
- Execution of <EcmascriptModuleLocalsModule as EcmascriptChunkPlaceable>::chunk_item_content failed
- Execution of *EcmascriptChunkItemContent::new failed
- Execution of EcmascriptModuleContent::new failed
- the chunking context (unknown) does not support external modules (request: node:module)

Import trace:
  Client Component Browser:
    ./node_modules/@prisma/client/runtime/client.mjs [Client Component Browser]
    ./app/generated/prisma/internal/prismaNamespace.ts [Client Component Browser]
    ./app/generated/prisma/client.ts [Client Component Browser]
    ./lib/prisma.ts [Client Component Browser]
    ./lib/cleanup.ts [Client Component Browser]
    ./app/(manager)/settings/page.tsx [Client Component Browser]
    ./app/(manager)/settings/page.tsx [Server Component] @ http://localhost:3000/_next/static/chunks/node_modules_next_dist_115brz8._.js:3318
[ 1982785ms] [ERROR] ./node_modules/@prisma/client/runtime/client.mjs
Code generation for chunk item errored
An error occurred while generating the chunk item [project]/node_modules/@prisma/client/runtime/client.mjs [app-client] (ecmascript) <locals>

Caused by:
- the chunking context (unknown) does not support external modules (request: node:module)

Debug info:
- An error occurred while generating the chunk item [project]/node_modules/@prisma/client/runtime/client.mjs [app-client] (ecmascript) <locals>
- Execution of <EcmascriptModuleLocalsModule as EcmascriptChunkPlaceable>::chunk_item_content failed
- Execution of *EcmascriptChunkItemContent::new failed
- Execution of EcmascriptModuleContent::new failed
- the chunking context (unknown) does not support external modules (request: node:module)

Import trace:
  Client Component Browser:
    ./node_modules/@prisma/client/runtime/client.mjs [Client Component Browser]
    ./app/generated/prisma/internal/prismaNamespace.ts [Client Component Browser]
    ./app/generated/prisma/client.ts [Client Component Browser]
    ./lib/prisma.ts [Client Component Browser]
    ./lib/cleanup.ts [Client Component Browser]
    ./app/(manager)/settings/page.tsx [Client Component Browser]
    ./app/(manager)/settings/page.tsx [Server Component] @ http://localhost:3000/_next/static/chunks/node_modules_next_dist_115brz8._.js:3318
[ 1982837ms] [ERROR] ./node_modules/@prisma/client/runtime/client.mjs
Code generation for chunk item errored
An error occurred while generating the chunk item [project]/node_modules/@prisma/client/runtime/client.mjs [app-client] (ecmascript) <locals>

Caused by:
- the chunking context (unknown) does not support external modules (request: node:module)

Debug info:
- An error occurred while generating the chunk item [project]/node_modules/@prisma/client/runtime/client.mjs [app-client] (ecmascript) <locals>
- Execution of <EcmascriptModuleLocalsModule as EcmascriptChunkPlaceable>::chunk_item_content failed
- Execution of *EcmascriptChunkItemContent::new failed
- Execution of EcmascriptModuleContent::new failed
- the chunking context (unknown) does not support external modules (request: node:module)

Import trace:
  Client Component Browser:
    ./node_modules/@prisma/client/runtime/client.mjs [Client Component Browser]
    ./app/generated/prisma/internal/prismaNamespace.ts [Client Component Browser]
    ./app/generated/prisma/client.ts [Client Component Browser]
    ./lib/prisma.ts [Client Component Browser]
    ./lib/cleanup.ts [Client Component Browser]
    ./app/(manager)/settings/page.tsx [Client Component Browser]
    ./app/(manager)/settings/page.tsx [Server Component] @ http://localhost:3000/_next/static/chunks/node_modules_next_dist_115brz8._.js:3318
[ 1982887ms] [ERROR] ./node_modules/@prisma/client/runtime/client.mjs
Code generation for chunk item errored
An error occurred while generating the chunk item [project]/node_modules/@prisma/client/runtime/client.mjs [app-client] (ecmascript) <locals>

Caused by:
- the chunking context (unknown) does not support external modules (request: node:module)

Debug info:
- An error occurred while generating the chunk item [project]/node_modules/@prisma/client/runtime/client.mjs [app-client] (ecmascript) <locals>
- Execution of <EcmascriptModuleLocalsModule as EcmascriptChunkPlaceable>::chunk_item_content failed
- Execution of *EcmascriptChunkItemContent::new failed
- Execution of EcmascriptModuleContent::new failed
- the chunking context (unknown) does not support external modules (request: node:module)

Import trace:
  Client Component Browser:
    ./node_modules/@prisma/client/runtime/client.mjs [Client Component Browser]
    ./app/generated/prisma/internal/prismaNamespace.ts [Client Component Browser]
    ./app/generated/prisma/client.ts [Client Component Browser]
    ./lib/prisma.ts [Client Component Browser]
    ./lib/cleanup.ts [Client Component Browser]
    ./app/(manager)/settings/page.tsx [Client Component Browser]
    ./app/(manager)/settings/page.tsx [Server Component] @ http://localhost:3000/_next/static/chunks/node_modules_next_dist_115brz8._.js:3318
[ 1982938ms] [ERROR] ./node_modules/@prisma/client/runtime/client.mjs
Code generation for chunk item errored
An error occurred while generating the chunk item [project]/node_modules/@prisma/client/runtime/client.mjs [app-client] (ecmascript) <locals>

Caused by:
- the chunking context (unknown) does not support external modules (request: node:module)

Debug info:
- An error occurred while generating the chunk item [project]/node_modules/@prisma/client/runtime/client.mjs [app-client] (ecmascript) <locals>
- Execution of <EcmascriptModuleLocalsModule as EcmascriptChunkPlaceable>::chunk_item_content failed
- Execution of *EcmascriptChunkItemContent::new failed
- Execution of EcmascriptModuleContent::new failed
- the chunking context (unknown) does not support external modules (request: node:module)

Import trace:
  Client Component Browser:
    ./node_modules/@prisma/client/runtime/client.mjs [Client Component Browser]
    ./app/generated/prisma/internal/prismaNamespace.ts [Client Component Browser]
    ./app/generated/prisma/client.ts [Client Component Browser]
    ./lib/prisma.ts [Client Component Browser]
    ./lib/cleanup.ts [Client Component Browser]
    ./app/(manager)/settings/page.tsx [Client Component Browser]
    ./app/(manager)/settings/page.tsx [Server Component] @ http://localhost:3000/_next/static/chunks/node_modules_next_dist_115brz8._.js:3318
[ 1982991ms] [ERROR] ./node_modules/@prisma/client/runtime/client.mjs
Code generation for chunk item errored
An error occurred while generating the chunk item [project]/node_modules/@prisma/client/runtime/client.mjs [app-client] (ecmascript) <locals>

Caused by:
- the chunking context (unknown) does not support external modules (request: node:module)

Debug info:
- An error occurred while generating the chunk item [project]/node_modules/@prisma/client/runtime/client.mjs [app-client] (ecmascript) <locals>
- Execution of <EcmascriptModuleLocalsModule as EcmascriptChunkPlaceable>::chunk_item_content failed
- Execution of *EcmascriptChunkItemContent::new failed
- Execution of EcmascriptModuleContent::new failed
- the chunking context (unknown) does not support external modules (request: node:module)

Import trace:
  Client Component Browser:
    ./node_modules/@prisma/client/runtime/client.mjs [Client Component Browser]
    ./app/generated/prisma/internal/prismaNamespace.ts [Client Component Browser]
    ./app/generated/prisma/client.ts [Client Component Browser]
    ./lib/prisma.ts [Client Component Browser]
    ./lib/cleanup.ts [Client Component Browser]
    ./app/(manager)/settings/page.tsx [Client Component Browser]
    ./app/(manager)/settings/page.tsx [Server Component] @ http://localhost:3000/_next/static/chunks/node_modules_next_dist_115brz8._.js:3318
[ 1983042ms] [ERROR] ./node_modules/@prisma/client/runtime/client.mjs
Code generation for chunk item errored
An error occurred while generating the chunk item [project]/node_modules/@prisma/client/runtime/client.mjs [app-client] (ecmascript) <locals>

Caused by:
- the chunking context (unknown) does not support external modules (request: node:module)

Debug info:
- An error occurred while generating the chunk item [project]/node_modules/@prisma/client/runtime/client.mjs [app-client] (ecmascript) <locals>
- Execution of <EcmascriptModuleLocalsModule as EcmascriptChunkPlaceable>::chunk_item_content failed
- Execution of *EcmascriptChunkItemContent::new failed
- Execution of EcmascriptModuleContent::new failed
- the chunking context (unknown) does not support external modules (request: node:module)

Import trace:
  Client Component Browser:
    ./node_modules/@prisma/client/runtime/client.mjs [Client Component Browser]
    ./app/generated/prisma/internal/prismaNamespace.ts [Client Component Browser]
    ./app/generated/prisma/client.ts [Client Component Browser]
    ./lib/prisma.ts [Client Component Browser]
    ./lib/cleanup.ts [Client Component Browser]
    ./app/(manager)/settings/page.tsx [Client Component Browser]
    ./app/(manager)/settings/page.tsx [Server Component] @ http://localhost:3000/_next/static/chunks/node_modules_next_dist_115brz8._.js:3318
[ 1983098ms] [ERROR] ./node_modules/@prisma/client/runtime/client.mjs
Code generation for chunk item errored
An error occurred while generating the chunk item [project]/node_modules/@prisma/client/runtime/client.mjs [app-client] (ecmascript) <locals>

Caused by:
- the chunking context (unknown) does not support external modules (request: node:module)

Debug info:
- An error occurred while generating the chunk item [project]/node_modules/@prisma/client/runtime/client.mjs [app-client] (ecmascript) <locals>
- Execution of <EcmascriptModuleLocalsModule as EcmascriptChunkPlaceable>::chunk_item_content failed
- Execution of *EcmascriptChunkItemContent::new failed
- Execution of EcmascriptModuleContent::new failed
- the chunking context (unknown) does not support external modules (request: node:module)

Import trace:
  Client Component Browser:
    ./node_modules/@prisma/client/runtime/client.mjs [Client Component Browser]
    ./app/generated/prisma/internal/prismaNamespace.ts [Client Component Browser]
    ./app/generated/prisma/client.ts [Client Component Browser]
    ./lib/prisma.ts [Client Component Browser]
    ./lib/cleanup.ts [Client Component Browser]
    ./app/(manager)/settings/page.tsx [Client Component Browser]
    ./app/(manager)/settings/page.tsx [Server Component] @ http://localhost:3000/_next/static/chunks/node_modules_next_dist_115brz8._.js:3318
[ 1983156ms] [ERROR] ./node_modules/@prisma/client/runtime/client.mjs
Code generation for chunk item errored
An error occurred while generating the chunk item [project]/node_modules/@prisma/client/runtime/client.mjs [app-client] (ecmascript) <locals>

Caused by:
- the chunking context (unknown) does not support external modules (request: node:module)

Debug info:
- An error occurred while generating the chunk item [project]/node_modules/@prisma/client/runtime/client.mjs [app-client] (ecmascript) <locals>
- Execution of <EcmascriptModuleLocalsModule as EcmascriptChunkPlaceable>::chunk_item_content failed
- Execution of *EcmascriptChunkItemContent::new failed
- Execution of EcmascriptModuleContent::new failed
- the chunking context (unknown) does not support external modules (request: node:module)

Import trace:
  Client Component Browser:
    ./node_modules/@prisma/client/runtime/client.mjs [Client Component Browser]
    ./app/generated/prisma/internal/prismaNamespace.ts [Client Component Browser]
    ./app/generated/prisma/client.ts [Client Component Browser]
    ./lib/prisma.ts [Client Component Browser]
    ./lib/cleanup.ts [Client Component Browser]
    ./app/(manager)/settings/page.tsx [Client Component Browser]
    ./app/(manager)/settings/page.tsx [Server Component] @ http://localhost:3000/_next/static/chunks/node_modules_next_dist_115brz8._.js:3318
[ 1983212ms] [ERROR] ./node_modules/@prisma/client/runtime/client.mjs
Code generation for chunk item errored
An error occurred while generating the chunk item [project]/node_modules/@prisma/client/runtime/client.mjs [app-client] (ecmascript) <locals>

Caused by:
- the chunking context (unknown) does not support external modules (request: node:module)

Debug info:
- An error occurred while generating the chunk item [project]/node_modules/@prisma/client/runtime/client.mjs [app-client] (ecmascript) <locals>
- Execution of <EcmascriptModuleLocalsModule as EcmascriptChunkPlaceable>::chunk_item_content failed
- Execution of *EcmascriptChunkItemContent::new failed
- Execution of EcmascriptModuleContent::new failed
- the chunking context (unknown) does not support external modules (request: node:module)

Import trace:
  Client Component Browser:
    ./node_modules/@prisma/client/runtime/client.mjs [Client Component Browser]
    ./app/generated/prisma/internal/prismaNamespace.ts [Client Component Browser]
    ./app/generated/prisma/client.ts [Client Component Browser]
    ./lib/prisma.ts [Client Component Browser]
    ./lib/cleanup.ts [Client Component Browser]
    ./app/(manager)/settings/page.tsx [Client Component Browser]
    ./app/(manager)/settings/page.tsx [Server Component] @ http://localhost:3000/_next/static/chunks/node_modules_next_dist_115brz8._.js:3318
[ 1983278ms] [ERROR] ./node_modules/@prisma/client/runtime/client.mjs
Code generation for chunk item errored
An error occurred while generating the chunk item [project]/node_modules/@prisma/client/runtime/client.mjs [app-client] (ecmascript) <locals>

Caused by:
- the chunking context (unknown) does not support external modules (request: node:module)

Debug info:
- An error occurred while generating the chunk item [project]/node_modules/@prisma/client/runtime/client.mjs [app-client] (ecmascript) <locals>
- Execution of <EcmascriptModuleLocalsModule as EcmascriptChunkPlaceable>::chunk_item_content failed
- Execution of *EcmascriptChunkItemContent::new failed
- Execution of EcmascriptModuleContent::new failed
- the chunking context (unknown) does not support external modules (request: node:module)

Import trace:
  Client Component Browser:
    ./node_modules/@prisma/client/runtime/client.mjs [Client Component Browser]
    ./app/generated/prisma/internal/prismaNamespace.ts [Client Component Browser]
    ./app/generated/prisma/client.ts [Client Component Browser]
    ./lib/prisma.ts [Client Component Browser]
    ./lib/cleanup.ts [Client Component Browser]
    ./app/(manager)/settings/page.tsx [Client Component Browser]
    ./app/(manager)/settings/page.tsx [Server Component] @ http://localhost:3000/_next/static/chunks/node_modules_next_dist_115brz8._.js:3318
[ 1983332ms] [ERROR] ./node_modules/@prisma/client/runtime/client.mjs
Code generation for chunk item errored
An error occurred while generating the chunk item [project]/node_modules/@prisma/client/runtime/client.mjs [app-client] (ecmascript) <locals>

Caused by:
- the chunking context (unknown) does not support external modules (request: node:module)

Debug info:
- An error occurred while generating the chunk item [project]/node_modules/@prisma/client/runtime/client.mjs [app-client] (ecmascript) <locals>
- Execution of <EcmascriptModuleLocalsModule as EcmascriptChunkPlaceable>::chunk_item_content failed
- Execution of *EcmascriptChunkItemContent::new failed
- Execution of EcmascriptModuleContent::new failed
- the chunking context (unknown) does not support external modules (request: node:module)

Import trace:
  Client Component Browser:
    ./node_modules/@prisma/client/runtime/client.mjs [Client Component Browser]
    ./app/generated/prisma/internal/prismaNamespace.ts [Client Component Browser]
    ./app/generated/prisma/client.ts [Client Component Browser]
    ./lib/prisma.ts [Client Component Browser]
    ./lib/cleanup.ts [Client Component Browser]
    ./app/(manager)/settings/page.tsx [Client Component Browser]
    ./app/(manager)/settings/page.tsx [Server Component] @ http://localhost:3000/_next/static/chunks/node_modules_next_dist_115brz8._.js:3318
[ 1983392ms] [ERROR] ./node_modules/@prisma/client/runtime/client.mjs
Code generation for chunk item errored
An error occurred while generating the chunk item [project]/node_modules/@prisma/client/runtime/client.mjs [app-client] (ecmascript) <locals>

Caused by:
- the chunking context (unknown) does not support external modules (request: node:module)

Debug info:
- An error occurred while generating the chunk item [project]/node_modules/@prisma/client/runtime/client.mjs [app-client] (ecmascript) <locals>
- Execution of <EcmascriptModuleLocalsModule as EcmascriptChunkPlaceable>::chunk_item_content failed
- Execution of *EcmascriptChunkItemContent::new failed
- Execution of EcmascriptModuleContent::new failed
- the chunking context (unknown) does not support external modules (request: node:module)

Import trace:
  Client Component Browser:
    ./node_modules/@prisma/client/runtime/client.mjs [Client Component Browser]
    ./app/generated/prisma/internal/prismaNamespace.ts [Client Component Browser]
    ./app/generated/prisma/client.ts [Client Component Browser]
    ./lib/prisma.ts [Client Component Browser]
    ./lib/cleanup.ts [Client Component Browser]
    ./app/(manager)/settings/page.tsx [Client Component Browser]
    ./app/(manager)/settings/page.tsx [Server Component] @ http://localhost:3000/_next/static/chunks/node_modules_next_dist_115brz8._.js:3318
[ 1983446ms] [ERROR] ./node_modules/@prisma/client/runtime/client.mjs
Code generation for chunk item errored
An error occurred while generating the chunk item [project]/node_modules/@prisma/client/runtime/client.mjs [app-client] (ecmascript) <locals>

Caused by:
- the chunking context (unknown) does not support external modules (request: node:module)

Debug info:
- An error occurred while generating the chunk item [project]/node_modules/@prisma/client/runtime/client.mjs [app-client] (ecmascript) <locals>
- Execution of <EcmascriptModuleLocalsModule as EcmascriptChunkPlaceable>::chunk_item_content failed
- Execution of *EcmascriptChunkItemContent::new failed
- Execution of EcmascriptModuleContent::new failed
- the chunking context (unknown) does not support external modules (request: node:module)

Import trace:
  Client Component Browser:
    ./node_modules/@prisma/client/runtime/client.mjs [Client Component Browser]
    ./app/generated/prisma/internal/prismaNamespace.ts [Client Component Browser]
    ./app/generated/prisma/client.ts [Client Component Browser]
    ./lib/prisma.ts [Client Component Browser]
    ./lib/cleanup.ts [Client Component Browser]
    ./app/(manager)/settings/page.tsx [Client Component Browser]
    ./app/(manager)/settings/page.tsx [Server Component] @ http://localhost:3000/_next/static/chunks/node_modules_next_dist_115brz8._.js:3318
[ 1983498ms] [ERROR] ./node_modules/@prisma/client/runtime/client.mjs
Code generation for chunk item errored
An error occurred while generating the chunk item [project]/node_modules/@prisma/client/runtime/client.mjs [app-client] (ecmascript) <locals>

Caused by:
- the chunking context (unknown) does not support external modules (request: node:module)

Debug info:
- An error occurred while generating the chunk item [project]/node_modules/@prisma/client/runtime/client.mjs [app-client] (ecmascript) <locals>
- Execution of <EcmascriptModuleLocalsModule as EcmascriptChunkPlaceable>::chunk_item_content failed
- Execution of *EcmascriptChunkItemContent::new failed
- Execution of EcmascriptModuleContent::new failed
- the chunking context (unknown) does not support external modules (request: node:module)

Import trace:
  Client Component Browser:
    ./node_modules/@prisma/client/runtime/client.mjs [Client Component Browser]
    ./app/generated/prisma/internal/prismaNamespace.ts [Client Component Browser]
    ./app/generated/prisma/client.ts [Client Component Browser]
    ./lib/prisma.ts [Client Component Browser]
    ./lib/cleanup.ts [Client Component Browser]
    ./app/(manager)/settings/page.tsx [Client Component Browser]
    ./app/(manager)/settings/page.tsx [Server Component] @ http://localhost:3000/_next/static/chunks/node_modules_next_dist_115brz8._.js:3318
[ 1983568ms] [ERROR] ./node_modules/@prisma/client/runtime/client.mjs
Code generation for chunk item errored
An error occurred while generating the chunk item [project]/node_modules/@prisma/client/runtime/client.mjs [app-client] (ecmascript) <locals>

Caused by:
- the chunking context (unknown) does not support external modules (request: node:module)

Debug info:
- An error occurred while generating the chunk item [project]/node_modules/@prisma/client/runtime/client.mjs [app-client] (ecmascript) <locals>
- Execution of <EcmascriptModuleLocalsModule as EcmascriptChunkPlaceable>::chunk_item_content failed
- Execution of *EcmascriptChunkItemContent::new failed
- Execution of EcmascriptModuleContent::new failed
- the chunking context (unknown) does not support external modules (request: node:module)

Import trace:
  Client Component Browser:
    ./node_modules/@prisma/client/runtime/client.mjs [Client Component Browser]
    ./app/generated/prisma/internal/prismaNamespace.ts [Client Component Browser]
    ./app/generated/prisma/client.ts [Client Component Browser]
    ./lib/prisma.ts [Client Component Browser]
    ./lib/cleanup.ts [Client Component Browser]
    ./app/(manager)/settings/page.tsx [Client Component Browser]
    ./app/(manager)/settings/page.tsx [Server Component] @ http://localhost:3000/_next/static/chunks/node_modules_next_dist_115brz8._.js:3318
[ 1983620ms] [ERROR] ./node_modules/@prisma/client/runtime/client.mjs
Code generation for chunk item errored
An error occurred while generating the chunk item [project]/node_modules/@prisma/client/runtime/client.mjs [app-client] (ecmascript) <locals>

Caused by:
- the chunking context (unknown) does not support external modules (request: node:module)

Debug info:
- An error occurred while generating the chunk item [project]/node_modules/@prisma/client/runtime/client.mjs [app-client] (ecmascript) <locals>
- Execution of <EcmascriptModuleLocalsModule as EcmascriptChunkPlaceable>::chunk_item_content failed
- Execution of *EcmascriptChunkItemContent::new failed
- Execution of EcmascriptModuleContent::new failed
- the chunking context (unknown) does not support external modules (request: node:module)

Import trace:
  Client Component Browser:
    ./node_modules/@prisma/client/runtime/client.mjs [Client Component Browser]
    ./app/generated/prisma/internal/prismaNamespace.ts [Client Component Browser]
    ./app/generated/prisma/client.ts [Client Component Browser]
    ./lib/prisma.ts [Client Component Browser]
    ./lib/cleanup.ts [Client Component Browser]
    ./app/(manager)/settings/page.tsx [Client Component Browser]
    ./app/(manager)/settings/page.tsx [Server Component] @ http://localhost:3000/_next/static/chunks/node_modules_next_dist_115brz8._.js:3318
[ 1983671ms] [ERROR] ./node_modules/@prisma/client/runtime/client.mjs
Code generation for chunk item errored
An error occurred while generating the chunk item [project]/node_modules/@prisma/client/runtime/client.mjs [app-client] (ecmascript) <locals>

Caused by:
- the chunking context (unknown) does not support external modules (request: node:module)

Debug info:
- An error occurred while generating the chunk item [project]/node_modules/@prisma/client/runtime/client.mjs [app-client] (ecmascript) <locals>
- Execution of <EcmascriptModuleLocalsModule as EcmascriptChunkPlaceable>::chunk_item_content failed
- Execution of *EcmascriptChunkItemContent::new failed
- Execution of EcmascriptModuleContent::new failed
- the chunking context (unknown) does not support external modules (request: node:module)

Import trace:
  Client Component Browser:
    ./node_modules/@prisma/client/runtime/client.mjs [Client Component Browser]
    ./app/generated/prisma/internal/prismaNamespace.ts [Client Component Browser]
    ./app/generated/prisma/client.ts [Client Component Browser]
    ./lib/prisma.ts [Client Component Browser]
    ./lib/cleanup.ts [Client Component Browser]
    ./app/(manager)/settings/page.tsx [Client Component Browser]
    ./app/(manager)/settings/page.tsx [Server Component] @ http://localhost:3000/_next/static/chunks/node_modules_next_dist_115brz8._.js:3318
[ 1983723ms] [ERROR] ./node_modules/@prisma/client/runtime/client.mjs
Code generation for chunk item errored
An error occurred while generating the chunk item [project]/node_modules/@prisma/client/runtime/client.mjs [app-client] (ecmascript) <locals>

Caused by:
- the chunking context (unknown) does not support external modules (request: node:module)

Debug info:
- An error occurred while generating the chunk item [project]/node_modules/@prisma/client/runtime/client.mjs [app-client] (ecmascript) <locals>
- Execution of <EcmascriptModuleLocalsModule as EcmascriptChunkPlaceable>::chunk_item_content failed
- Execution of *EcmascriptChunkItemContent::new failed
- Execution of EcmascriptModuleContent::new failed
- the chunking context (unknown) does not support external modules (request: node:module)

Import trace:
  Client Component Browser:
    ./node_modules/@prisma/client/runtime/client.mjs [Client Component Browser]
    ./app/generated/prisma/internal/prismaNamespace.ts [Client Component Browser]
    ./app/generated/prisma/client.ts [Client Component Browser]
    ./lib/prisma.ts [Client Component Browser]
    ./lib/cleanup.ts [Client Component Browser]
    ./app/(manager)/settings/page.tsx [Client Component Browser]
    ./app/(manager)/settings/page.tsx [Server Component] @ http://localhost:3000/_next/static/chunks/node_modules_next_dist_115brz8._.js:3318
[ 1983774ms] [ERROR] ./node_modules/@prisma/client/runtime/client.mjs
Code generation for chunk item errored
An error occurred while generating the chunk item [project]/node_modules/@prisma/client/runtime/client.mjs [app-client] (ecmascript) <locals>

Caused by:
- the chunking context (unknown) does not support external modules (request: node:module)

Debug info:
- An error occurred while generating the chunk item [project]/node_modules/@prisma/client/runtime/client.mjs [app-client] (ecmascript) <locals>
- Execution of <EcmascriptModuleLocalsModule as EcmascriptChunkPlaceable>::chunk_item_content failed
- Execution of *EcmascriptChunkItemContent::new failed
- Execution of EcmascriptModuleContent::new failed
- the chunking context (unknown) does not support external modules (request: node:module)

Import trace:
  Client Component Browser:
    ./node_modules/@prisma/client/runtime/client.mjs [Client Component Browser]
    ./app/generated/prisma/internal/prismaNamespace.ts [Client Component Browser]
    ./app/generated/prisma/client.ts [Client Component Browser]
    ./lib/prisma.ts [Client Component Browser]
    ./lib/cleanup.ts [Client Component Browser]
    ./app/(manager)/settings/page.tsx [Client Component Browser]
    ./app/(manager)/settings/page.tsx [Server Component] @ http://localhost:3000/_next/static/chunks/node_modules_next_dist_115brz8._.js:3318
[ 1983825ms] [ERROR] ./node_modules/@prisma/client/runtime/client.mjs
Code generation for chunk item errored
An error occurred while generating the chunk item [project]/node_modules/@prisma/client/runtime/client.mjs [app-client] (ecmascript) <locals>

Caused by:
- the chunking context (unknown) does not support external modules (request: node:module)

Debug info:
- An error occurred while generating the chunk item [project]/node_modules/@prisma/client/runtime/client.mjs [app-client] (ecmascript) <locals>
- Execution of <EcmascriptModuleLocalsModule as EcmascriptChunkPlaceable>::chunk_item_content failed
- Execution of *EcmascriptChunkItemContent::new failed
- Execution of EcmascriptModuleContent::new failed
- the chunking context (unknown) does not support external modules (request: node:module)

Import trace:
  Client Component Browser:
    ./node_modules/@prisma/client/runtime/client.mjs [Client Component Browser]
    ./app/generated/prisma/internal/prismaNamespace.ts [Client Component Browser]
    ./app/generated/prisma/client.ts [Client Component Browser]
    ./lib/prisma.ts [Client Component Browser]
    ./lib/cleanup.ts [Client Component Browser]
    ./app/(manager)/settings/page.tsx [Client Component Browser]
    ./app/(manager)/settings/page.tsx [Server Component] @ http://localhost:3000/_next/static/chunks/node_modules_next_dist_115brz8._.js:3318
[ 1983877ms] [ERROR] ./node_modules/@prisma/client/runtime/client.mjs
Code generation for chunk item errored
An error occurred while generating the chunk item [project]/node_modules/@prisma/client/runtime/client.mjs [app-client] (ecmascript) <locals>

Caused by:
- the chunking context (unknown) does not support external modules (request: node:module)

Debug info:
- An error occurred while generating the chunk item [project]/node_modules/@prisma/client/runtime/client.mjs [app-client] (ecmascript) <locals>
- Execution of <EcmascriptModuleLocalsModule as EcmascriptChunkPlaceable>::chunk_item_content failed
- Execution of *EcmascriptChunkItemContent::new failed
- Execution of EcmascriptModuleContent::new failed
- the chunking context (unknown) does not support external modules (request: node:module)

Import trace:
  Client Component Browser:
    ./node_modules/@prisma/client/runtime/client.mjs [Client Component Browser]
    ./app/generated/prisma/internal/prismaNamespace.ts [Client Component Browser]
    ./app/generated/prisma/client.ts [Client Component Browser]
    ./lib/prisma.ts [Client Component Browser]
    ./lib/cleanup.ts [Client Component Browser]
    ./app/(manager)/settings/page.tsx [Client Component Browser]
    ./app/(manager)/settings/page.tsx [Server Component] @ http://localhost:3000/_next/static/chunks/node_modules_next_dist_115brz8._.js:3318
[ 1983930ms] [ERROR] ./node_modules/@prisma/client/runtime/client.mjs
Code generation for chunk item errored
An error occurred while generating the chunk item [project]/node_modules/@prisma/client/runtime/client.mjs [app-client] (ecmascript) <locals>

Caused by:
- the chunking context (unknown) does not support external modules (request: node:module)

Debug info:
- An error occurred while generating the chunk item [project]/node_modules/@prisma/client/runtime/client.mjs [app-client] (ecmascript) <locals>
- Execution of <EcmascriptModuleLocalsModule as EcmascriptChunkPlaceable>::chunk_item_content failed
- Execution of *EcmascriptChunkItemContent::new failed
- Execution of EcmascriptModuleContent::new failed
- the chunking context (unknown) does not support external modules (request: node:module)

Import trace:
  Client Component Browser:
    ./node_modules/@prisma/client/runtime/client.mjs [Client Component Browser]
    ./app/generated/prisma/internal/prismaNamespace.ts [Client Component Browser]
    ./app/generated/prisma/client.ts [Client Component Browser]
    ./lib/prisma.ts [Client Component Browser]
    ./lib/cleanup.ts [Client Component Browser]
    ./app/(manager)/settings/page.tsx [Client Component Browser]
    ./app/(manager)/settings/page.tsx [Server Component] @ http://localhost:3000/_next/static/chunks/node_modules_next_dist_115brz8._.js:3318
[ 1983983ms] [ERROR] ./node_modules/@prisma/client/runtime/client.mjs
Code generation for chunk item errored
An error occurred while generating the chunk item [project]/node_modules/@prisma/client/runtime/client.mjs [app-client] (ecmascript) <locals>

Caused by:
- the chunking context (unknown) does not support external modules (request: node:module)

Debug info:
- An error occurred while generating the chunk item [project]/node_modules/@prisma/client/runtime/client.mjs [app-client] (ecmascript) <locals>
- Execution of <EcmascriptModuleLocalsModule as EcmascriptChunkPlaceable>::chunk_item_content failed
- Execution of *EcmascriptChunkItemContent::new failed
- Execution of EcmascriptModuleContent::new failed
- the chunking context (unknown) does not support external modules (request: node:module)

Import trace:
  Client Component Browser:
    ./node_modules/@prisma/client/runtime/client.mjs [Client Component Browser]
    ./app/generated/prisma/internal/prismaNamespace.ts [Client Component Browser]
    ./app/generated/prisma/client.ts [Client Component Browser]
    ./lib/prisma.ts [Client Component Browser]
    ./lib/cleanup.ts [Client Component Browser]
    ./app/(manager)/settings/page.tsx [Client Component Browser]
    ./app/(manager)/settings/page.tsx [Server Component] @ http://localhost:3000/_next/static/chunks/node_modules_next_dist_115brz8._.js:3318
[ 1984034ms] [ERROR] ./node_modules/@prisma/client/runtime/client.mjs
Code generation for chunk item errored
An error occurred while generating the chunk item [project]/node_modules/@prisma/client/runtime/client.mjs [app-client] (ecmascript) <locals>

Caused by:
- the chunking context (unknown) does not support external modules (request: node:module)

Debug info:
- An error occurred while generating the chunk item [project]/node_modules/@prisma/client/runtime/client.mjs [app-client] (ecmascript) <locals>
- Execution of <EcmascriptModuleLocalsModule as EcmascriptChunkPlaceable>::chunk_item_content failed
- Execution of *EcmascriptChunkItemContent::new failed
- Execution of EcmascriptModuleContent::new failed
- the chunking context (unknown) does not support external modules (request: node:module)

Import trace:
  Client Component Browser:
    ./node_modules/@prisma/client/runtime/client.mjs [Client Component Browser]
    ./app/generated/prisma/internal/prismaNamespace.ts [Client Component Browser]
    ./app/generated/prisma/client.ts [Client Component Browser]
    ./lib/prisma.ts [Client Component Browser]
    ./lib/cleanup.ts [Client Component Browser]
    ./app/(manager)/settings/page.tsx [Client Component Browser]
    ./app/(manager)/settings/page.tsx [Server Component] @ http://localhost:3000/_next/static/chunks/node_modules_next_dist_115brz8._.js:3318
[ 1984086ms] [ERROR] ./node_modules/@prisma/client/runtime/client.mjs
Code generation for chunk item errored
An error occurred while generating the chunk item [project]/node_modules/@prisma/client/runtime/client.mjs [app-client] (ecmascript) <locals>

Caused by:
- the chunking context (unknown) does not support external modules (request: node:module)

Debug info:
- An error occurred while generating the chunk item [project]/node_modules/@prisma/client/runtime/client.mjs [app-client] (ecmascript) <locals>
- Execution of <EcmascriptModuleLocalsModule as EcmascriptChunkPlaceable>::chunk_item_content failed
- Execution of *EcmascriptChunkItemContent::new failed
- Execution of EcmascriptModuleContent::new failed
- the chunking context (unknown) does not support external modules (request: node:module)

Import trace:
  Client Component Browser:
    ./node_modules/@prisma/client/runtime/client.mjs [Client Component Browser]
    ./app/generated/prisma/internal/prismaNamespace.ts [Client Component Browser]
    ./app/generated/prisma/client.ts [Client Component Browser]
    ./lib/prisma.ts [Client Component Browser]
    ./lib/cleanup.ts [Client Component Browser]
    ./app/(manager)/settings/page.tsx [Client Component Browser]
    ./app/(manager)/settings/page.tsx [Server Component] @ http://localhost:3000/_next/static/chunks/node_modules_next_dist_115brz8._.js:3318
[ 1984141ms] [ERROR] ./node_modules/@prisma/client/runtime/client.mjs
Code generation for chunk item errored
An error occurred while generating the chunk item [project]/node_modules/@prisma/client/runtime/client.mjs [app-client] (ecmascript) <locals>

Caused by:
- the chunking context (unknown) does not support external modules (request: node:module)

Debug info:
- An error occurred while generating the chunk item [project]/node_modules/@prisma/client/runtime/client.mjs [app-client] (ecmascript) <locals>
- Execution of <EcmascriptModuleLocalsModule as EcmascriptChunkPlaceable>::chunk_item_content failed
- Execution of *EcmascriptChunkItemContent::new failed
- Execution of EcmascriptModuleContent::new failed
- the chunking context (unknown) does not support external modules (request: node:module)

Import trace:
  Client Component Browser:
    ./node_modules/@prisma/client/runtime/client.mjs [Client Component Browser]
    ./app/generated/prisma/internal/prismaNamespace.ts [Client Component Browser]
    ./app/generated/prisma/client.ts [Client Component Browser]
    ./lib/prisma.ts [Client Component Browser]
    ./lib/cleanup.ts [Client Component Browser]
    ./app/(manager)/settings/page.tsx [Client Component Browser]
    ./app/(manager)/settings/page.tsx [Server Component] @ http://localhost:3000/_next/static/chunks/node_modules_next_dist_115brz8._.js:3318
[ 1984196ms] [ERROR] ./node_modules/@prisma/client/runtime/client.mjs
Code generation for chunk item errored
An error occurred while generating the chunk item [project]/node_modules/@prisma/client/runtime/client.mjs [app-client] (ecmascript) <locals>

Caused by:
- the chunking context (unknown) does not support external modules (request: node:module)

Debug info:
- An error occurred while generating the chunk item [project]/node_modules/@prisma/client/runtime/client.mjs [app-client] (ecmascript) <locals>
- Execution of <EcmascriptModuleLocalsModule as EcmascriptChunkPlaceable>::chunk_item_content failed
- Execution of *EcmascriptChunkItemContent::new failed
- Execution of EcmascriptModuleContent::new failed
- the chunking context (unknown) does not support external modules (request: node:module)

Import trace:
  Client Component Browser:
    ./node_modules/@prisma/client/runtime/client.mjs [Client Component Browser]
    ./app/generated/prisma/internal/prismaNamespace.ts [Client Component Browser]
    ./app/generated/prisma/client.ts [Client Component Browser]
    ./lib/prisma.ts [Client Component Browser]
    ./lib/cleanup.ts [Client Component Browser]
    ./app/(manager)/settings/page.tsx [Client Component Browser]
    ./app/(manager)/settings/page.tsx [Server Component] @ http://localhost:3000/_next/static/chunks/node_modules_next_dist_115brz8._.js:3318
[ 1984252ms] [ERROR] ./node_modules/@prisma/client/runtime/client.mjs
Code generation for chunk item errored
An error occurred while generating the chunk item [project]/node_modules/@prisma/client/runtime/client.mjs [app-client] (ecmascript) <locals>

Caused by:
- the chunking context (unknown) does not support external modules (request: node:module)

Debug info:
- An error occurred while generating the chunk item [project]/node_modules/@prisma/client/runtime/client.mjs [app-client] (ecmascript) <locals>
- Execution of <EcmascriptModuleLocalsModule as EcmascriptChunkPlaceable>::chunk_item_content failed
- Execution of *EcmascriptChunkItemContent::new failed
- Execution of EcmascriptModuleContent::new failed
- the chunking context (unknown) does not support external modules (request: node:module)

Import trace:
  Client Component Browser:
    ./node_modules/@prisma/client/runtime/client.mjs [Client Component Browser]
    ./app/generated/prisma/internal/prismaNamespace.ts [Client Component Browser]
    ./app/generated/prisma/client.ts [Client Component Browser]
    ./lib/prisma.ts [Client Component Browser]
    ./lib/cleanup.ts [Client Component Browser]
    ./app/(manager)/settings/page.tsx [Client Component Browser]
    ./app/(manager)/settings/page.tsx [Server Component] @ http://localhost:3000/_next/static/chunks/node_modules_next_dist_115brz8._.js:3318
[ 1984313ms] [ERROR] ./node_modules/@prisma/client/runtime/client.mjs
Code generation for chunk item errored
An error occurred while generating the chunk item [project]/node_modules/@prisma/client/runtime/client.mjs [app-client] (ecmascript) <locals>

Caused by:
- the chunking context (unknown) does not support external modules (request: node:module)

Debug info:
- An error occurred while generating the chunk item [project]/node_modules/@prisma/client/runtime/client.mjs [app-client] (ecmascript) <locals>
- Execution of <EcmascriptModuleLocalsModule as EcmascriptChunkPlaceable>::chunk_item_content failed
- Execution of *EcmascriptChunkItemContent::new failed
- Execution of EcmascriptModuleContent::new failed
- the chunking context (unknown) does not support external modules (request: node:module)

Import trace:
  Client Component Browser:
    ./node_modules/@prisma/client/runtime/client.mjs [Client Component Browser]
    ./app/generated/prisma/internal/prismaNamespace.ts [Client Component Browser]
    ./app/generated/prisma/client.ts [Client Component Browser]
    ./lib/prisma.ts [Client Component Browser]
    ./lib/cleanup.ts [Client Component Browser]
    ./app/(manager)/settings/page.tsx [Client Component Browser]
    ./app/(manager)/settings/page.tsx [Server Component] @ http://localhost:3000/_next/static/chunks/node_modules_next_dist_115brz8._.js:3318
[ 1984372ms] [ERROR] ./node_modules/@prisma/client/runtime/client.mjs
Code generation for chunk item errored
An error occurred while generating the chunk item [project]/node_modules/@prisma/client/runtime/client.mjs [app-client] (ecmascript) <locals>

Caused by:
- the chunking context (unknown) does not support external modules (request: node:module)

Debug info:
- An error occurred while generating the chunk item [project]/node_modules/@prisma/client/runtime/client.mjs [app-client] (ecmascript) <locals>
- Execution of <EcmascriptModuleLocalsModule as EcmascriptChunkPlaceable>::chunk_item_content failed
- Execution of *EcmascriptChunkItemContent::new failed
- Execution of EcmascriptModuleContent::new failed
- the chunking context (unknown) does not support external modules (request: node:module)

Import trace:
  Client Component Browser:
    ./node_modules/@prisma/client/runtime/client.mjs [Client Component Browser]
    ./app/generated/prisma/internal/prismaNamespace.ts [Client Component Browser]
    ./app/generated/prisma/client.ts [Client Component Browser]
    ./lib/prisma.ts [Client Component Browser]
    ./lib/cleanup.ts [Client Component Browser]
    ./app/(manager)/settings/page.tsx [Client Component Browser]
    ./app/(manager)/settings/page.tsx [Server Component] @ http://localhost:3000/_next/static/chunks/node_modules_next_dist_115brz8._.js:3318
[ 1984423ms] [ERROR] ./node_modules/@prisma/client/runtime/client.mjs
Code generation for chunk item errored
An error occurred while generating the chunk item [project]/node_modules/@prisma/client/runtime/client.mjs [app-client] (ecmascript) <locals>

Caused by:
- the chunking context (unknown) does not support external modules (request: node:module)

Debug info:
- An error occurred while generating the chunk item [project]/node_modules/@prisma/client/runtime/client.mjs [app-client] (ecmascript) <locals>
- Execution of <EcmascriptModuleLocalsModule as EcmascriptChunkPlaceable>::chunk_item_content failed
- Execution of *EcmascriptChunkItemContent::new failed
- Execution of EcmascriptModuleContent::new failed
- the chunking context (unknown) does not support external modules (request: node:module)

Import trace:
  Client Component Browser:
    ./node_modules/@prisma/client/runtime/client.mjs [Client Component Browser]
    ./app/generated/prisma/internal/prismaNamespace.ts [Client Component Browser]
    ./app/generated/prisma/client.ts [Client Component Browser]
    ./lib/prisma.ts [Client Component Browser]
    ./lib/cleanup.ts [Client Component Browser]
    ./app/(manager)/settings/page.tsx [Client Component Browser]
    ./app/(manager)/settings/page.tsx [Server Component] @ http://localhost:3000/_next/static/chunks/node_modules_next_dist_115brz8._.js:3318
[ 1984474ms] [ERROR] ./node_modules/@prisma/client/runtime/client.mjs
Code generation for chunk item errored
An error occurred while generating the chunk item [project]/node_modules/@prisma/client/runtime/client.mjs [app-client] (ecmascript) <locals>

Caused by:
- the chunking context (unknown) does not support external modules (request: node:module)

Debug info:
- An error occurred while generating the chunk item [project]/node_modules/@prisma/client/runtime/client.mjs [app-client] (ecmascript) <locals>
- Execution of <EcmascriptModuleLocalsModule as EcmascriptChunkPlaceable>::chunk_item_content failed
- Execution of *EcmascriptChunkItemContent::new failed
- Execution of EcmascriptModuleContent::new failed
- the chunking context (unknown) does not support external modules (request: node:module)

Import trace:
  Client Component Browser:
    ./node_modules/@prisma/client/runtime/client.mjs [Client Component Browser]
    ./app/generated/prisma/internal/prismaNamespace.ts [Client Component Browser]
    ./app/generated/prisma/client.ts [Client Component Browser]
    ./lib/prisma.ts [Client Component Browser]
    ./lib/cleanup.ts [Client Component Browser]
    ./app/(manager)/settings/page.tsx [Client Component Browser]
    ./app/(manager)/settings/page.tsx [Server Component] @ http://localhost:3000/_next/static/chunks/node_modules_next_dist_115brz8._.js:3318
[ 1984529ms] [ERROR] ./node_modules/@prisma/client/runtime/client.mjs
Code generation for chunk item errored
An error occurred while generating the chunk item [project]/node_modules/@prisma/client/runtime/client.mjs [app-client] (ecmascript) <locals>

Caused by:
- the chunking context (unknown) does not support external modules (request: node:module)

Debug info:
- An error occurred while generating the chunk item [project]/node_modules/@prisma/client/runtime/client.mjs [app-client] (ecmascript) <locals>
- Execution of <EcmascriptModuleLocalsModule as EcmascriptChunkPlaceable>::chunk_item_content failed
- Execution of *EcmascriptChunkItemContent::new failed
- Execution of EcmascriptModuleContent::new failed
- the chunking context (unknown) does not support external modules (request: node:module)

Import trace:
  Client Component Browser:
    ./node_modules/@prisma/client/runtime/client.mjs [Client Component Browser]
    ./app/generated/prisma/internal/prismaNamespace.ts [Client Component Browser]
    ./app/generated/prisma/client.ts [Client Component Browser]
    ./lib/prisma.ts [Client Component Browser]
    ./lib/cleanup.ts [Client Component Browser]
    ./app/(manager)/settings/page.tsx [Client Component Browser]
    ./app/(manager)/settings/page.tsx [Server Component] @ http://localhost:3000/_next/static/chunks/node_modules_next_dist_115brz8._.js:3318
[ 1984592ms] [ERROR] ./node_modules/@prisma/client/runtime/client.mjs
Code generation for chunk item errored
An error occurred while generating the chunk item [project]/node_modules/@prisma/client/runtime/client.mjs [app-client] (ecmascript) <locals>

Caused by:
- the chunking context (unknown) does not support external modules (request: node:module)

Debug info:
- An error occurred while generating the chunk item [project]/node_modules/@prisma/client/runtime/client.mjs [app-client] (ecmascript) <locals>
- Execution of <EcmascriptModuleLocalsModule as EcmascriptChunkPlaceable>::chunk_item_content failed
- Execution of *EcmascriptChunkItemContent::new failed
- Execution of EcmascriptModuleContent::new failed
- the chunking context (unknown) does not support external modules (request: node:module)

Import trace:
  Client Component Browser:
    ./node_modules/@prisma/client/runtime/client.mjs [Client Component Browser]
    ./app/generated/prisma/internal/prismaNamespace.ts [Client Component Browser]
    ./app/generated/prisma/client.ts [Client Component Browser]
    ./lib/prisma.ts [Client Component Browser]
    ./lib/cleanup.ts [Client Component Browser]
    ./app/(manager)/settings/page.tsx [Client Component Browser]
    ./app/(manager)/settings/page.tsx [Server Component] @ http://localhost:3000/_next/static/chunks/node_modules_next_dist_115brz8._.js:3318
[ 1984644ms] [ERROR] ./node_modules/@prisma/client/runtime/client.mjs
Code generation for chunk item errored
An error occurred while generating the chunk item [project]/node_modules/@prisma/client/runtime/client.mjs [app-client] (ecmascript) <locals>

Caused by:
- the chunking context (unknown) does not support external modules (request: node:module)

Debug info:
- An error occurred while generating the chunk item [project]/node_modules/@prisma/client/runtime/client.mjs [app-client] (ecmascript) <locals>
- Execution of <EcmascriptModuleLocalsModule as EcmascriptChunkPlaceable>::chunk_item_content failed
- Execution of *EcmascriptChunkItemContent::new failed
- Execution of EcmascriptModuleContent::new failed
- the chunking context (unknown) does not support external modules (request: node:module)

Import trace:
  Client Component Browser:
    ./node_modules/@prisma/client/runtime/client.mjs [Client Component Browser]
    ./app/generated/prisma/internal/prismaNamespace.ts [Client Component Browser]
    ./app/generated/prisma/client.ts [Client Component Browser]
    ./lib/prisma.ts [Client Component Browser]
    ./lib/cleanup.ts [Client Component Browser]
    ./app/(manager)/settings/page.tsx [Client Component Browser]
    ./app/(manager)/settings/page.tsx [Server Component] @ http://localhost:3000/_next/static/chunks/node_modules_next_dist_115brz8._.js:3318
[ 1984699ms] [ERROR] ./node_modules/@prisma/client/runtime/client.mjs
Code generation for chunk item errored
An error occurred while generating the chunk item [project]/node_modules/@prisma/client/runtime/client.mjs [app-client] (ecmascript) <locals>

Caused by:
- the chunking context (unknown) does not support external modules (request: node:module)

Debug info:
- An error occurred while generating the chunk item [project]/node_modules/@prisma/client/runtime/client.mjs [app-client] (ecmascript) <locals>
- Execution of <EcmascriptModuleLocalsModule as EcmascriptChunkPlaceable>::chunk_item_content failed
- Execution of *EcmascriptChunkItemContent::new failed
- Execution of EcmascriptModuleContent::new failed
- the chunking context (unknown) does not support external modules (request: node:module)

Import trace:
  Client Component Browser:
    ./node_modules/@prisma/client/runtime/client.mjs [Client Component Browser]
    ./app/generated/prisma/internal/prismaNamespace.ts [Client Component Browser]
    ./app/generated/prisma/client.ts [Client Component Browser]
    ./lib/prisma.ts [Client Component Browser]
    ./lib/cleanup.ts [Client Component Browser]
    ./app/(manager)/settings/page.tsx [Client Component Browser]
    ./app/(manager)/settings/page.tsx [Server Component] @ http://localhost:3000/_next/static/chunks/node_modules_next_dist_115brz8._.js:3318
[ 1984757ms] [ERROR] ./node_modules/@prisma/client/runtime/client.mjs
Code generation for chunk item errored
An error occurred while generating the chunk item [project]/node_modules/@prisma/client/runtime/client.mjs [app-client] (ecmascript) <locals>

Caused by:
- the chunking context (unknown) does not support external modules (request: node:module)

Debug info:
- An error occurred while generating the chunk item [project]/node_modules/@prisma/client/runtime/client.mjs [app-client] (ecmascript) <locals>
- Execution of <EcmascriptModuleLocalsModule as EcmascriptChunkPlaceable>::chunk_item_content failed
- Execution of *EcmascriptChunkItemContent::new failed
- Execution of EcmascriptModuleContent::new failed
- the chunking context (unknown) does not support external modules (request: node:module)

Import trace:
  Client Component Browser:
    ./node_modules/@prisma/client/runtime/client.mjs [Client Component Browser]
    ./app/generated/prisma/internal/prismaNamespace.ts [Client Component Browser]
    ./app/generated/prisma/client.ts [Client Component Browser]
    ./lib/prisma.ts [Client Component Browser]
    ./lib/cleanup.ts [Client Component Browser]
    ./app/(manager)/settings/page.tsx [Client Component Browser]
    ./app/(manager)/settings/page.tsx [Server Component] @ http://localhost:3000/_next/static/chunks/node_modules_next_dist_115brz8._.js:3318
[ 1984812ms] [ERROR] ./node_modules/@prisma/client/runtime/client.mjs
Code generation for chunk item errored
An error occurred while generating the chunk item [project]/node_modules/@prisma/client/runtime/client.mjs [app-client] (ecmascript) <locals>

Caused by:
- the chunking context (unknown) does not support external modules (request: node:module)

Debug info:
- An error occurred while generating the chunk item [project]/node_modules/@prisma/client/runtime/client.mjs [app-client] (ecmascript) <locals>
- Execution of <EcmascriptModuleLocalsModule as EcmascriptChunkPlaceable>::chunk_item_content failed
- Execution of *EcmascriptChunkItemContent::new failed
- Execution of EcmascriptModuleContent::new failed
- the chunking context (unknown) does not support external modules (request: node:module)

Import trace:
  Client Component Browser:
    ./node_modules/@prisma/client/runtime/client.mjs [Client Component Browser]
    ./app/generated/prisma/internal/prismaNamespace.ts [Client Component Browser]
    ./app/generated/prisma/client.ts [Client Component Browser]
    ./lib/prisma.ts [Client Component Browser]
    ./lib/cleanup.ts [Client Component Browser]
    ./app/(manager)/settings/page.tsx [Client Component Browser]
    ./app/(manager)/settings/page.tsx [Server Component] @ http://localhost:3000/_next/static/chunks/node_modules_next_dist_115brz8._.js:3318
[ 1984869ms] [ERROR] ./node_modules/@prisma/client/runtime/client.mjs
Code generation for chunk item errored
An error occurred while generating the chunk item [project]/node_modules/@prisma/client/runtime/client.mjs [app-client] (ecmascript) <locals>

Caused by:
- the chunking context (unknown) does not support external modules (request: node:module)

Debug info:
- An error occurred while generating the chunk item [project]/node_modules/@prisma/client/runtime/client.mjs [app-client] (ecmascript) <locals>
- Execution of <EcmascriptModuleLocalsModule as EcmascriptChunkPlaceable>::chunk_item_content failed
- Execution of *EcmascriptChunkItemContent::new failed
- Execution of EcmascriptModuleContent::new failed
- the chunking context (unknown) does not support external modules (request: node:module)

Import trace:
  Client Component Browser:
    ./node_modules/@prisma/client/runtime/client.mjs [Client Component Browser]
    ./app/generated/prisma/internal/prismaNamespace.ts [Client Component Browser]
    ./app/generated/prisma/client.ts [Client Component Browser]
    ./lib/prisma.ts [Client Component Browser]
    ./lib/cleanup.ts [Client Component Browser]
    ./app/(manager)/settings/page.tsx [Client Component Browser]
    ./app/(manager)/settings/page.tsx [Server Component] @ http://localhost:3000/_next/static/chunks/node_modules_next_dist_115brz8._.js:3318
[ 1984921ms] [ERROR] ./node_modules/@prisma/client/runtime/client.mjs
Code generation for chunk item errored
An error occurred while generating the chunk item [project]/node_modules/@prisma/client/runtime/client.mjs [app-client] (ecmascript) <locals>

Caused by:
- the chunking context (unknown) does not support external modules (request: node:module)

Debug info:
- An error occurred while generating the chunk item [project]/node_modules/@prisma/client/runtime/client.mjs [app-client] (ecmascript) <locals>
- Execution of <EcmascriptModuleLocalsModule as EcmascriptChunkPlaceable>::chunk_item_content failed
- Execution of *EcmascriptChunkItemContent::new failed
- Execution of EcmascriptModuleContent::new failed
- the chunking context (unknown) does not support external modules (request: node:module)

Import trace:
  Client Component Browser:
    ./node_modules/@prisma/client/runtime/client.mjs [Client Component Browser]
    ./app/generated/prisma/internal/prismaNamespace.ts [Client Component Browser]
    ./app/generated/prisma/client.ts [Client Component Browser]
    ./lib/prisma.ts [Client Component Browser]
    ./lib/cleanup.ts [Client Component Browser]
    ./app/(manager)/settings/page.tsx [Client Component Browser]
    ./app/(manager)/settings/page.tsx [Server Component] @ http://localhost:3000/_next/static/chunks/node_modules_next_dist_115brz8._.js:3318
[ 1984974ms] [ERROR] ./node_modules/@prisma/client/runtime/client.mjs
Code generation for chunk item errored
An error occurred while generating the chunk item [project]/node_modules/@prisma/client/runtime/client.mjs [app-client] (ecmascript) <locals>

Caused by:
- the chunking context (unknown) does not support external modules (request: node:module)

Debug info:
- An error occurred while generating the chunk item [project]/node_modules/@prisma/client/runtime/client.mjs [app-client] (ecmascript) <locals>
- Execution of <EcmascriptModuleLocalsModule as EcmascriptChunkPlaceable>::chunk_item_content failed
- Execution of *EcmascriptChunkItemContent::new failed
- Execution of EcmascriptModuleContent::new failed
- the chunking context (unknown) does not support external modules (request: node:module)

Import trace:
  Client Component Browser:
    ./node_modules/@prisma/client/runtime/client.mjs [Client Component Browser]
    ./app/generated/prisma/internal/prismaNamespace.ts [Client Component Browser]
    ./app/generated/prisma/client.ts [Client Component Browser]
    ./lib/prisma.ts [Client Component Browser]
    ./lib/cleanup.ts [Client Component Browser]
    ./app/(manager)/settings/page.tsx [Client Component Browser]
    ./app/(manager)/settings/page.tsx [Server Component] @ http://localhost:3000/_next/static/chunks/node_modules_next_dist_115brz8._.js:3318
[ 1985032ms] [ERROR] ./node_modules/@prisma/client/runtime/client.mjs
Code generation for chunk item errored
An error occurred while generating the chunk item [project]/node_modules/@prisma/client/runtime/client.mjs [app-client] (ecmascript) <locals>

Caused by:
- the chunking context (unknown) does not support external modules (request: node:module)

Debug info:
- An error occurred while generating the chunk item [project]/node_modules/@prisma/client/runtime/client.mjs [app-client] (ecmascript) <locals>
- Execution of <EcmascriptModuleLocalsModule as EcmascriptChunkPlaceable>::chunk_item_content failed
- Execution of *EcmascriptChunkItemContent::new failed
- Execution of EcmascriptModuleContent::new failed
- the chunking context (unknown) does not support external modules (request: node:module)

Import trace:
  Client Component Browser:
    ./node_modules/@prisma/client/runtime/client.mjs [Client Component Browser]
    ./app/generated/prisma/internal/prismaNamespace.ts [Client Component Browser]
    ./app/generated/prisma/client.ts [Client Component Browser]
    ./lib/prisma.ts [Client Component Browser]
    ./lib/cleanup.ts [Client Component Browser]
    ./app/(manager)/settings/page.tsx [Client Component Browser]
    ./app/(manager)/settings/page.tsx [Server Component] @ http://localhost:3000/_next/static/chunks/node_modules_next_dist_115brz8._.js:3318
[ 1985089ms] [ERROR] ./node_modules/@prisma/client/runtime/client.mjs
Code generation for chunk item errored
An error occurred while generating the chunk item [project]/node_modules/@prisma/client/runtime/client.mjs [app-client] (ecmascript) <locals>

Caused by:
- the chunking context (unknown) does not support external modules (request: node:module)

Debug info:
- An error occurred while generating the chunk item [project]/node_modules/@prisma/client/runtime/client.mjs [app-client] (ecmascript) <locals>
- Execution of <EcmascriptModuleLocalsModule as EcmascriptChunkPlaceable>::chunk_item_content failed
- Execution of *EcmascriptChunkItemContent::new failed
- Execution of EcmascriptModuleContent::new failed
- the chunking context (unknown) does not support external modules (request: node:module)

Import trace:
  Client Component Browser:
    ./node_modules/@prisma/client/runtime/client.mjs [Client Component Browser]
    ./app/generated/prisma/internal/prismaNamespace.ts [Client Component Browser]
    ./app/generated/prisma/client.ts [Client Component Browser]
    ./lib/prisma.ts [Client Component Browser]
    ./lib/cleanup.ts [Client Component Browser]
    ./app/(manager)/settings/page.tsx [Client Component Browser]
    ./app/(manager)/settings/page.tsx [Server Component] @ http://localhost:3000/_next/static/chunks/node_modules_next_dist_115brz8._.js:3318
[ 1985140ms] [ERROR] ./node_modules/@prisma/client/runtime/client.mjs
Code generation for chunk item errored
An error occurred while generating the chunk item [project]/node_modules/@prisma/client/runtime/client.mjs [app-client] (ecmascript) <locals>

Caused by:
- the chunking context (unknown) does not support external modules (request: node:module)

Debug info:
- An error occurred while generating the chunk item [project]/node_modules/@prisma/client/runtime/client.mjs [app-client] (ecmascript) <locals>
- Execution of <EcmascriptModuleLocalsModule as EcmascriptChunkPlaceable>::chunk_item_content failed
- Execution of *EcmascriptChunkItemContent::new failed
- Execution of EcmascriptModuleContent::new failed
- the chunking context (unknown) does not support external modules (request: node:module)

Import trace:
  Client Component Browser:
    ./node_modules/@prisma/client/runtime/client.mjs [Client Component Browser]
    ./app/generated/prisma/internal/prismaNamespace.ts [Client Component Browser]
    ./app/generated/prisma/client.ts [Client Component Browser]
    ./lib/prisma.ts [Client Component Browser]
    ./lib/cleanup.ts [Client Component Browser]
    ./app/(manager)/settings/page.tsx [Client Component Browser]
    ./app/(manager)/settings/page.tsx [Server Component] @ http://localhost:3000/_next/static/chunks/node_modules_next_dist_115brz8._.js:3318
[ 1985194ms] [ERROR] ./node_modules/@prisma/client/runtime/client.mjs
Code generation for chunk item errored
An error occurred while generating the chunk item [project]/node_modules/@prisma/client/runtime/client.mjs [app-client] (ecmascript) <locals>

Caused by:
- the chunking context (unknown) does not support external modules (request: node:module)

Debug info:
- An error occurred while generating the chunk item [project]/node_modules/@prisma/client/runtime/client.mjs [app-client] (ecmascript) <locals>
- Execution of <EcmascriptModuleLocalsModule as EcmascriptChunkPlaceable>::chunk_item_content failed
- Execution of *EcmascriptChunkItemContent::new failed
- Execution of EcmascriptModuleContent::new failed
- the chunking context (unknown) does not support external modules (request: node:module)

Import trace:
  Client Component Browser:
    ./node_modules/@prisma/client/runtime/client.mjs [Client Component Browser]
    ./app/generated/prisma/internal/prismaNamespace.ts [Client Component Browser]
    ./app/generated/prisma/client.ts [Client Component Browser]
    ./lib/prisma.ts [Client Component Browser]
    ./lib/cleanup.ts [Client Component Browser]
    ./app/(manager)/settings/page.tsx [Client Component Browser]
    ./app/(manager)/settings/page.tsx [Server Component] @ http://localhost:3000/_next/static/chunks/node_modules_next_dist_115brz8._.js:3318
[ 1985250ms] [ERROR] ./node_modules/@prisma/client/runtime/client.mjs
Code generation for chunk item errored
An error occurred while generating the chunk item [project]/node_modules/@prisma/client/runtime/client.mjs [app-client] (ecmascript) <locals>

Caused by:
- the chunking context (unknown) does not support external modules (request: node:module)

Debug info:
- An error occurred while generating the chunk item [project]/node_modules/@prisma/client/runtime/client.mjs [app-client] (ecmascript) <locals>
- Execution of <EcmascriptModuleLocalsModule as EcmascriptChunkPlaceable>::chunk_item_content failed
- Execution of *EcmascriptChunkItemContent::new failed
- Execution of EcmascriptModuleContent::new failed
- the chunking context (unknown) does not support external modules (request: node:module)

Import trace:
  Client Component Browser:
    ./node_modules/@prisma/client/runtime/client.mjs [Client Component Browser]
    ./app/generated/prisma/internal/prismaNamespace.ts [Client Component Browser]
    ./app/generated/prisma/client.ts [Client Component Browser]
    ./lib/prisma.ts [Client Component Browser]
    ./lib/cleanup.ts [Client Component Browser]
    ./app/(manager)/settings/page.tsx [Client Component Browser]
    ./app/(manager)/settings/page.tsx [Server Component] @ http://localhost:3000/_next/static/chunks/node_modules_next_dist_115brz8._.js:3318
[ 1985309ms] [ERROR] ./node_modules/@prisma/client/runtime/client.mjs
Code generation for chunk item errored
An error occurred while generating the chunk item [project]/node_modules/@prisma/client/runtime/client.mjs [app-client] (ecmascript) <locals>

Caused by:
- the chunking context (unknown) does not support external modules (request: node:module)

Debug info:
- An error occurred while generating the chunk item [project]/node_modules/@prisma/client/runtime/client.mjs [app-client] (ecmascript) <locals>
- Execution of <EcmascriptModuleLocalsModule as EcmascriptChunkPlaceable>::chunk_item_content failed
- Execution of *EcmascriptChunkItemContent::new failed
- Execution of EcmascriptModuleContent::new failed
- the chunking context (unknown) does not support external modules (request: node:module)

Import trace:
  Client Component Browser:
    ./node_modules/@prisma/client/runtime/client.mjs [Client Component Browser]
    ./app/generated/prisma/internal/prismaNamespace.ts [Client Component Browser]
    ./app/generated/prisma/client.ts [Client Component Browser]
    ./lib/prisma.ts [Client Component Browser]
    ./lib/cleanup.ts [Client Component Browser]
    ./app/(manager)/settings/page.tsx [Client Component Browser]
    ./app/(manager)/settings/page.tsx [Server Component] @ http://localhost:3000/_next/static/chunks/node_modules_next_dist_115brz8._.js:3318
[ 1985363ms] [ERROR] ./node_modules/@prisma/client/runtime/client.mjs
Code generation for chunk item errored
An error occurred while generating the chunk item [project]/node_modules/@prisma/client/runtime/client.mjs [app-client] (ecmascript) <locals>

Caused by:
- the chunking context (unknown) does not support external modules (request: node:module)

Debug info:
- An error occurred while generating the chunk item [project]/node_modules/@prisma/client/runtime/client.mjs [app-client] (ecmascript) <locals>
- Execution of <EcmascriptModuleLocalsModule as EcmascriptChunkPlaceable>::chunk_item_content failed
- Execution of *EcmascriptChunkItemContent::new failed
- Execution of EcmascriptModuleContent::new failed
- the chunking context (unknown) does not support external modules (request: node:module)

Import trace:
  Client Component Browser:
    ./node_modules/@prisma/client/runtime/client.mjs [Client Component Browser]
    ./app/generated/prisma/internal/prismaNamespace.ts [Client Component Browser]
    ./app/generated/prisma/client.ts [Client Component Browser]
    ./lib/prisma.ts [Client Component Browser]
    ./lib/cleanup.ts [Client Component Browser]
    ./app/(manager)/settings/page.tsx [Client Component Browser]
    ./app/(manager)/settings/page.tsx [Server Component] @ http://localhost:3000/_next/static/chunks/node_modules_next_dist_115brz8._.js:3318
[ 1985418ms] [ERROR] ./node_modules/@prisma/client/runtime/client.mjs
Code generation for chunk item errored
An error occurred while generating the chunk item [project]/node_modules/@prisma/client/runtime/client.mjs [app-client] (ecmascript) <locals>

Caused by:
- the chunking context (unknown) does not support external modules (request: node:module)

Debug info:
- An error occurred while generating the chunk item [project]/node_modules/@prisma/client/runtime/client.mjs [app-client] (ecmascript) <locals>
- Execution of <EcmascriptModuleLocalsModule as EcmascriptChunkPlaceable>::chunk_item_content failed
- Execution of *EcmascriptChunkItemContent::new failed
- Execution of EcmascriptModuleContent::new failed
- the chunking context (unknown) does not support external modules (request: node:module)

Import trace:
  Client Component Browser:
    ./node_modules/@prisma/client/runtime/client.mjs [Client Component Browser]
    ./app/generated/prisma/internal/prismaNamespace.ts [Client Component Browser]
    ./app/generated/prisma/client.ts [Client Component Browser]
    ./lib/prisma.ts [Client Component Browser]
    ./lib/cleanup.ts [Client Component Browser]
    ./app/(manager)/settings/page.tsx [Client Component Browser]
    ./app/(manager)/settings/page.tsx [Server Component] @ http://localhost:3000/_next/static/chunks/node_modules_next_dist_115brz8._.js:3318
[ 1985476ms] [ERROR] ./node_modules/@prisma/client/runtime/client.mjs
Code generation for chunk item errored
An error occurred while generating the chunk item [project]/node_modules/@prisma/client/runtime/client.mjs [app-client] (ecmascript) <locals>

Caused by:
- the chunking context (unknown) does not support external modules (request: node:module)

Debug info:
- An error occurred while generating the chunk item [project]/node_modules/@prisma/client/runtime/client.mjs [app-client] (ecmascript) <locals>
- Execution of <EcmascriptModuleLocalsModule as EcmascriptChunkPlaceable>::chunk_item_content failed
- Execution of *EcmascriptChunkItemContent::new failed
- Execution of EcmascriptModuleContent::new failed
- the chunking context (unknown) does not support external modules (request: node:module)

Import trace:
  Client Component Browser:
    ./node_modules/@prisma/client/runtime/client.mjs [Client Component Browser]
    ./app/generated/prisma/internal/prismaNamespace.ts [Client Component Browser]
    ./app/generated/prisma/client.ts [Client Component Browser]
    ./lib/prisma.ts [Client Component Browser]
    ./lib/cleanup.ts [Client Component Browser]
    ./app/(manager)/settings/page.tsx [Client Component Browser]
    ./app/(manager)/settings/page.tsx [Server Component] @ http://localhost:3000/_next/static/chunks/node_modules_next_dist_115brz8._.js:3318
[ 1985530ms] [ERROR] ./node_modules/@prisma/client/runtime/client.mjs
Code generation for chunk item errored
An error occurred while generating the chunk item [project]/node_modules/@prisma/client/runtime/client.mjs [app-client] (ecmascript) <locals>

Caused by:
- the chunking context (unknown) does not support external modules (request: node:module)

Debug info:
- An error occurred while generating the chunk item [project]/node_modules/@prisma/client/runtime/client.mjs [app-client] (ecmascript) <locals>
- Execution of <EcmascriptModuleLocalsModule as EcmascriptChunkPlaceable>::chunk_item_content failed
- Execution of *EcmascriptChunkItemContent::new failed
- Execution of EcmascriptModuleContent::new failed
- the chunking context (unknown) does not support external modules (request: node:module)

Import trace:
  Client Component Browser:
    ./node_modules/@prisma/client/runtime/client.mjs [Client Component Browser]
    ./app/generated/prisma/internal/prismaNamespace.ts [Client Component Browser]
    ./app/generated/prisma/client.ts [Client Component Browser]
    ./lib/prisma.ts [Client Component Browser]
    ./lib/cleanup.ts [Client Component Browser]
    ./app/(manager)/settings/page.tsx [Client Component Browser]
    ./app/(manager)/settings/page.tsx [Server Component] @ http://localhost:3000/_next/static/chunks/node_modules_next_dist_115brz8._.js:3318
[ 1985584ms] [ERROR] ./node_modules/@prisma/client/runtime/client.mjs
Code generation for chunk item errored
An error occurred while generating the chunk item [project]/node_modules/@prisma/client/runtime/client.mjs [app-client] (ecmascript) <locals>

Caused by:
- the chunking context (unknown) does not support external modules (request: node:module)

Debug info:
- An error occurred while generating the chunk item [project]/node_modules/@prisma/client/runtime/client.mjs [app-client] (ecmascript) <locals>
- Execution of <EcmascriptModuleLocalsModule as EcmascriptChunkPlaceable>::chunk_item_content failed
- Execution of *EcmascriptChunkItemContent::new failed
- Execution of EcmascriptModuleContent::new failed
- the chunking context (unknown) does not support external modules (request: node:module)

Import trace:
  Client Component Browser:
    ./node_modules/@prisma/client/runtime/client.mjs [Client Component Browser]
    ./app/generated/prisma/internal/prismaNamespace.ts [Client Component Browser]
    ./app/generated/prisma/client.ts [Client Component Browser]
    ./lib/prisma.ts [Client Component Browser]
    ./lib/cleanup.ts [Client Component Browser]
    ./app/(manager)/settings/page.tsx [Client Component Browser]
    ./app/(manager)/settings/page.tsx [Server Component] @ http://localhost:3000/_next/static/chunks/node_modules_next_dist_115brz8._.js:3318
[ 1985638ms] [ERROR] ./node_modules/@prisma/client/runtime/client.mjs
Code generation for chunk item errored
An error occurred while generating the chunk item [project]/node_modules/@prisma/client/runtime/client.mjs [app-client] (ecmascript) <locals>

Caused by:
- the chunking context (unknown) does not support external modules (request: node:module)

Debug info:
- An error occurred while generating the chunk item [project]/node_modules/@prisma/client/runtime/client.mjs [app-client] (ecmascript) <locals>
- Execution of <EcmascriptModuleLocalsModule as EcmascriptChunkPlaceable>::chunk_item_content failed
- Execution of *EcmascriptChunkItemContent::new failed
- Execution of EcmascriptModuleContent::new failed
- the chunking context (unknown) does not support external modules (request: node:module)

Import trace:
  Client Component Browser:
    ./node_modules/@prisma/client/runtime/client.mjs [Client Component Browser]
    ./app/generated/prisma/internal/prismaNamespace.ts [Client Component Browser]
    ./app/generated/prisma/client.ts [Client Component Browser]
    ./lib/prisma.ts [Client Component Browser]
    ./lib/cleanup.ts [Client Component Browser]
    ./app/(manager)/settings/page.tsx [Client Component Browser]
    ./app/(manager)/settings/page.tsx [Server Component] @ http://localhost:3000/_next/static/chunks/node_modules_next_dist_115brz8._.js:3318
[ 1985689ms] [ERROR] ./node_modules/@prisma/client/runtime/client.mjs
Code generation for chunk item errored
An error occurred while generating the chunk item [project]/node_modules/@prisma/client/runtime/client.mjs [app-client] (ecmascript) <locals>

Caused by:
- the chunking context (unknown) does not support external modules (request: node:module)

Debug info:
- An error occurred while generating the chunk item [project]/node_modules/@prisma/client/runtime/client.mjs [app-client] (ecmascript) <locals>
- Execution of <EcmascriptModuleLocalsModule as EcmascriptChunkPlaceable>::chunk_item_content failed
- Execution of *EcmascriptChunkItemContent::new failed
- Execution of EcmascriptModuleContent::new failed
- the chunking context (unknown) does not support external modules (request: node:module)

Import trace:
  Client Component Browser:
    ./node_modules/@prisma/client/runtime/client.mjs [Client Component Browser]
    ./app/generated/prisma/internal/prismaNamespace.ts [Client Component Browser]
    ./app/generated/prisma/client.ts [Client Component Browser]
    ./lib/prisma.ts [Client Component Browser]
    ./lib/cleanup.ts [Client Component Browser]
    ./app/(manager)/settings/page.tsx [Client Component Browser]
    ./app/(manager)/settings/page.tsx [Server Component] @ http://localhost:3000/_next/static/chunks/node_modules_next_dist_115brz8._.js:3318
[ 1985741ms] [ERROR] ./node_modules/@prisma/client/runtime/client.mjs
Code generation for chunk item errored
An error occurred while generating the chunk item [project]/node_modules/@prisma/client/runtime/client.mjs [app-client] (ecmascript) <locals>

Caused by:
- the chunking context (unknown) does not support external modules (request: node:module)

Debug info:
- An error occurred while generating the chunk item [project]/node_modules/@prisma/client/runtime/client.mjs [app-client] (ecmascript) <locals>
- Execution of <EcmascriptModuleLocalsModule as EcmascriptChunkPlaceable>::chunk_item_content failed
- Execution of *EcmascriptChunkItemContent::new failed
- Execution of EcmascriptModuleContent::new failed
- the chunking context (unknown) does not support external modules (request: node:module)

Import trace:
  Client Component Browser:
    ./node_modules/@prisma/client/runtime/client.mjs [Client Component Browser]
    ./app/generated/prisma/internal/prismaNamespace.ts [Client Component Browser]
    ./app/generated/prisma/client.ts [Client Component Browser]
    ./lib/prisma.ts [Client Component Browser]
    ./lib/cleanup.ts [Client Component Browser]
    ./app/(manager)/settings/page.tsx [Client Component Browser]
    ./app/(manager)/settings/page.tsx [Server Component] @ http://localhost:3000/_next/static/chunks/node_modules_next_dist_115brz8._.js:3318
[ 1985792ms] [ERROR] ./node_modules/@prisma/client/runtime/client.mjs
Code generation for chunk item errored
An error occurred while generating the chunk item [project]/node_modules/@prisma/client/runtime/client.mjs [app-client] (ecmascript) <locals>

Caused by:
- the chunking context (unknown) does not support external modules (request: node:module)

Debug info:
- An error occurred while generating the chunk item [project]/node_modules/@prisma/client/runtime/client.mjs [app-client] (ecmascript) <locals>
- Execution of <EcmascriptModuleLocalsModule as EcmascriptChunkPlaceable>::chunk_item_content failed
- Execution of *EcmascriptChunkItemContent::new failed
- Execution of EcmascriptModuleContent::new failed
- the chunking context (unknown) does not support external modules (request: node:module)

Import trace:
  Client Component Browser:
    ./node_modules/@prisma/client/runtime/client.mjs [Client Component Browser]
    ./app/generated/prisma/internal/prismaNamespace.ts [Client Component Browser]
    ./app/generated/prisma/client.ts [Client Component Browser]
    ./lib/prisma.ts [Client Component Browser]
    ./lib/cleanup.ts [Client Component Browser]
    ./app/(manager)/settings/page.tsx [Client Component Browser]
    ./app/(manager)/settings/page.tsx [Server Component] @ http://localhost:3000/_next/static/chunks/node_modules_next_dist_115brz8._.js:3318
[ 1985844ms] [ERROR] ./node_modules/@prisma/client/runtime/client.mjs
Code generation for chunk item errored
An error occurred while generating the chunk item [project]/node_modules/@prisma/client/runtime/client.mjs [app-client] (ecmascript) <locals>

Caused by:
- the chunking context (unknown) does not support external modules (request: node:module)

Debug info:
- An error occurred while generating the chunk item [project]/node_modules/@prisma/client/runtime/client.mjs [app-client] (ecmascript) <locals>
- Execution of <EcmascriptModuleLocalsModule as EcmascriptChunkPlaceable>::chunk_item_content failed
- Execution of *EcmascriptChunkItemContent::new failed
- Execution of EcmascriptModuleContent::new failed
- the chunking context (unknown) does not support external modules (request: node:module)

Import trace:
  Client Component Browser:
    ./node_modules/@prisma/client/runtime/client.mjs [Client Component Browser]
    ./app/generated/prisma/internal/prismaNamespace.ts [Client Component Browser]
    ./app/generated/prisma/client.ts [Client Component Browser]
    ./lib/prisma.ts [Client Component Browser]
    ./lib/cleanup.ts [Client Component Browser]
    ./app/(manager)/settings/page.tsx [Client Component Browser]
    ./app/(manager)/settings/page.tsx [Server Component] @ http://localhost:3000/_next/static/chunks/node_modules_next_dist_115brz8._.js:3318
[ 1985897ms] [ERROR] ./node_modules/@prisma/client/runtime/client.mjs
Code generation for chunk item errored
An error occurred while generating the chunk item [project]/node_modules/@prisma/client/runtime/client.mjs [app-client] (ecmascript) <locals>

Caused by:
- the chunking context (unknown) does not support external modules (request: node:module)

Debug info:
- An error occurred while generating the chunk item [project]/node_modules/@prisma/client/runtime/client.mjs [app-client] (ecmascript) <locals>
- Execution of <EcmascriptModuleLocalsModule as EcmascriptChunkPlaceable>::chunk_item_content failed
- Execution of *EcmascriptChunkItemContent::new failed
- Execution of EcmascriptModuleContent::new failed
- the chunking context (unknown) does not support external modules (request: node:module)

Import trace:
  Client Component Browser:
    ./node_modules/@prisma/client/runtime/client.mjs [Client Component Browser]
    ./app/generated/prisma/internal/prismaNamespace.ts [Client Component Browser]
    ./app/generated/prisma/client.ts [Client Component Browser]
    ./lib/prisma.ts [Client Component Browser]
    ./lib/cleanup.ts [Client Component Browser]
    ./app/(manager)/settings/page.tsx [Client Component Browser]
    ./app/(manager)/settings/page.tsx [Server Component] @ http://localhost:3000/_next/static/chunks/node_modules_next_dist_115brz8._.js:3318
[ 1985951ms] [ERROR] ./node_modules/@prisma/client/runtime/client.mjs
Code generation for chunk item errored
An error occurred while generating the chunk item [project]/node_modules/@prisma/client/runtime/client.mjs [app-client] (ecmascript) <locals>

Caused by:
- the chunking context (unknown) does not support external modules (request: node:module)

Debug info:
- An error occurred while generating the chunk item [project]/node_modules/@prisma/client/runtime/client.mjs [app-client] (ecmascript) <locals>
- Execution of <EcmascriptModuleLocalsModule as EcmascriptChunkPlaceable>::chunk_item_content failed
- Execution of *EcmascriptChunkItemContent::new failed
- Execution of EcmascriptModuleContent::new failed
- the chunking context (unknown) does not support external modules (request: node:module)

Import trace:
  Client Component Browser:
    ./node_modules/@prisma/client/runtime/client.mjs [Client Component Browser]
    ./app/generated/prisma/internal/prismaNamespace.ts [Client Component Browser]
    ./app/generated/prisma/client.ts [Client Component Browser]
    ./lib/prisma.ts [Client Component Browser]
    ./lib/cleanup.ts [Client Component Browser]
    ./app/(manager)/settings/page.tsx [Client Component Browser]
    ./app/(manager)/settings/page.tsx [Server Component] @ http://localhost:3000/_next/static/chunks/node_modules_next_dist_115brz8._.js:3318
[ 1986010ms] [ERROR] ./node_modules/@prisma/client/runtime/client.mjs
Code generation for chunk item errored
An error occurred while generating the chunk item [project]/node_modules/@prisma/client/runtime/client.mjs [app-client] (ecmascript) <locals>

Caused by:
- the chunking context (unknown) does not support external modules (request: node:module)

Debug info:
- An error occurred while generating the chunk item [project]/node_modules/@prisma/client/runtime/client.mjs [app-client] (ecmascript) <locals>
- Execution of <EcmascriptModuleLocalsModule as EcmascriptChunkPlaceable>::chunk_item_content failed
- Execution of *EcmascriptChunkItemContent::new failed
- Execution of EcmascriptModuleContent::new failed
- the chunking context (unknown) does not support external modules (request: node:module)

Import trace:
  Client Component Browser:
    ./node_modules/@prisma/client/runtime/client.mjs [Client Component Browser]
    ./app/generated/prisma/internal/prismaNamespace.ts [Client Component Browser]
    ./app/generated/prisma/client.ts [Client Component Browser]
    ./lib/prisma.ts [Client Component Browser]
    ./lib/cleanup.ts [Client Component Browser]
    ./app/(manager)/settings/page.tsx [Client Component Browser]
    ./app/(manager)/settings/page.tsx [Server Component] @ http://localhost:3000/_next/static/chunks/node_modules_next_dist_115brz8._.js:3318
[ 1986064ms] [ERROR] ./node_modules/@prisma/client/runtime/client.mjs
Code generation for chunk item errored
An error occurred while generating the chunk item [project]/node_modules/@prisma/client/runtime/client.mjs [app-client] (ecmascript) <locals>

Caused by:
- the chunking context (unknown) does not support external modules (request: node:module)

Debug info:
- An error occurred while generating the chunk item [project]/node_modules/@prisma/client/runtime/client.mjs [app-client] (ecmascript) <locals>
- Execution of <EcmascriptModuleLocalsModule as EcmascriptChunkPlaceable>::chunk_item_content failed
- Execution of *EcmascriptChunkItemContent::new failed
- Execution of EcmascriptModuleContent::new failed
- the chunking context (unknown) does not support external modules (request: node:module)

Import trace:
  Client Component Browser:
    ./node_modules/@prisma/client/runtime/client.mjs [Client Component Browser]
    ./app/generated/prisma/internal/prismaNamespace.ts [Client Component Browser]
    ./app/generated/prisma/client.ts [Client Component Browser]
    ./lib/prisma.ts [Client Component Browser]
    ./lib/cleanup.ts [Client Component Browser]
    ./app/(manager)/settings/page.tsx [Client Component Browser]
    ./app/(manager)/settings/page.tsx [Server Component] @ http://localhost:3000/_next/static/chunks/node_modules_next_dist_115brz8._.js:3318
[ 1986120ms] [ERROR] ./node_modules/@prisma/client/runtime/client.mjs
Code generation for chunk item errored
An error occurred while generating the chunk item [project]/node_modules/@prisma/client/runtime/client.mjs [app-client] (ecmascript) <locals>

Caused by:
- the chunking context (unknown) does not support external modules (request: node:module)

Debug info:
- An error occurred while generating the chunk item [project]/node_modules/@prisma/client/runtime/client.mjs [app-client] (ecmascript) <locals>
- Execution of <EcmascriptModuleLocalsModule as EcmascriptChunkPlaceable>::chunk_item_content failed
- Execution of *EcmascriptChunkItemContent::new failed
- Execution of EcmascriptModuleContent::new failed
- the chunking context (unknown) does not support external modules (request: node:module)

Import trace:
  Client Component Browser:
    ./node_modules/@prisma/client/runtime/client.mjs [Client Component Browser]
    ./app/generated/prisma/internal/prismaNamespace.ts [Client Component Browser]
    ./app/generated/prisma/client.ts [Client Component Browser]
    ./lib/prisma.ts [Client Component Browser]
    ./lib/cleanup.ts [Client Component Browser]
    ./app/(manager)/settings/page.tsx [Client Component Browser]
    ./app/(manager)/settings/page.tsx [Server Component] @ http://localhost:3000/_next/static/chunks/node_modules_next_dist_115brz8._.js:3318
[ 1986172ms] [ERROR] ./node_modules/@prisma/client/runtime/client.mjs
Code generation for chunk item errored
An error occurred while generating the chunk item [project]/node_modules/@prisma/client/runtime/client.mjs [app-client] (ecmascript) <locals>

Caused by:
- the chunking context (unknown) does not support external modules (request: node:module)

Debug info:
- An error occurred while generating the chunk item [project]/node_modules/@prisma/client/runtime/client.mjs [app-client] (ecmascript) <locals>
- Execution of <EcmascriptModuleLocalsModule as EcmascriptChunkPlaceable>::chunk_item_content failed
- Execution of *EcmascriptChunkItemContent::new failed
- Execution of EcmascriptModuleContent::new failed
- the chunking context (unknown) does not support external modules (request: node:module)

Import trace:
  Client Component Browser:
    ./node_modules/@prisma/client/runtime/client.mjs [Client Component Browser]
    ./app/generated/prisma/internal/prismaNamespace.ts [Client Component Browser]
    ./app/generated/prisma/client.ts [Client Component Browser]
    ./lib/prisma.ts [Client Component Browser]
    ./lib/cleanup.ts [Client Component Browser]
    ./app/(manager)/settings/page.tsx [Client Component Browser]
    ./app/(manager)/settings/page.tsx [Server Component] @ http://localhost:3000/_next/static/chunks/node_modules_next_dist_115brz8._.js:3318
[ 1986224ms] [ERROR] ./node_modules/@prisma/client/runtime/client.mjs
Code generation for chunk item errored
An error occurred while generating the chunk item [project]/node_modules/@prisma/client/runtime/client.mjs [app-client] (ecmascript) <locals>

Caused by:
- the chunking context (unknown) does not support external modules (request: node:module)

Debug info:
- An error occurred while generating the chunk item [project]/node_modules/@prisma/client/runtime/client.mjs [app-client] (ecmascript) <locals>
- Execution of <EcmascriptModuleLocalsModule as EcmascriptChunkPlaceable>::chunk_item_content failed
- Execution of *EcmascriptChunkItemContent::new failed
- Execution of EcmascriptModuleContent::new failed
- the chunking context (unknown) does not support external modules (request: node:module)

Import trace:
  Client Component Browser:
    ./node_modules/@prisma/client/runtime/client.mjs [Client Component Browser]
    ./app/generated/prisma/internal/prismaNamespace.ts [Client Component Browser]
    ./app/generated/prisma/client.ts [Client Component Browser]
    ./lib/prisma.ts [Client Component Browser]
    ./lib/cleanup.ts [Client Component Browser]
    ./app/(manager)/settings/page.tsx [Client Component Browser]
    ./app/(manager)/settings/page.tsx [Server Component] @ http://localhost:3000/_next/static/chunks/node_modules_next_dist_115brz8._.js:3318
[ 1986275ms] [ERROR] ./node_modules/@prisma/client/runtime/client.mjs
Code generation for chunk item errored
An error occurred while generating the chunk item [project]/node_modules/@prisma/client/runtime/client.mjs [app-client] (ecmascript) <locals>

Caused by:
- the chunking context (unknown) does not support external modules (request: node:module)

Debug info:
- An error occurred while generating the chunk item [project]/node_modules/@prisma/client/runtime/client.mjs [app-client] (ecmascript) <locals>
- Execution of <EcmascriptModuleLocalsModule as EcmascriptChunkPlaceable>::chunk_item_content failed
- Execution of *EcmascriptChunkItemContent::new failed
- Execution of EcmascriptModuleContent::new failed
- the chunking context (unknown) does not support external modules (request: node:module)

Import trace:
  Client Component Browser:
    ./node_modules/@prisma/client/runtime/client.mjs [Client Component Browser]
    ./app/generated/prisma/internal/prismaNamespace.ts [Client Component Browser]
    ./app/generated/prisma/client.ts [Client Component Browser]
    ./lib/prisma.ts [Client Component Browser]
    ./lib/cleanup.ts [Client Component Browser]
    ./app/(manager)/settings/page.tsx [Client Component Browser]
    ./app/(manager)/settings/page.tsx [Server Component] @ http://localhost:3000/_next/static/chunks/node_modules_next_dist_115brz8._.js:3318
[ 1986330ms] [ERROR] ./node_modules/@prisma/client/runtime/client.mjs
Code generation for chunk item errored
An error occurred while generating the chunk item [project]/node_modules/@prisma/client/runtime/client.mjs [app-client] (ecmascript) <locals>

Caused by:
- the chunking context (unknown) does not support external modules (request: node:module)

Debug info:
- An error occurred while generating the chunk item [project]/node_modules/@prisma/client/runtime/client.mjs [app-client] (ecmascript) <locals>
- Execution of <EcmascriptModuleLocalsModule as EcmascriptChunkPlaceable>::chunk_item_content failed
- Execution of *EcmascriptChunkItemContent::new failed
- Execution of EcmascriptModuleContent::new failed
- the chunking context (unknown) does not support external modules (request: node:module)

Import trace:
  Client Component Browser:
    ./node_modules/@prisma/client/runtime/client.mjs [Client Component Browser]
    ./app/generated/prisma/internal/prismaNamespace.ts [Client Component Browser]
    ./app/generated/prisma/client.ts [Client Component Browser]
    ./lib/prisma.ts [Client Component Browser]
    ./lib/cleanup.ts [Client Component Browser]
    ./app/(manager)/settings/page.tsx [Client Component Browser]
    ./app/(manager)/settings/page.tsx [Server Component] @ http://localhost:3000/_next/static/chunks/node_modules_next_dist_115brz8._.js:3318
[ 1986390ms] [ERROR] ./node_modules/@prisma/client/runtime/client.mjs
Code generation for chunk item errored
An error occurred while generating the chunk item [project]/node_modules/@prisma/client/runtime/client.mjs [app-client] (ecmascript) <locals>

Caused by:
- the chunking context (unknown) does not support external modules (request: node:module)

Debug info:
- An error occurred while generating the chunk item [project]/node_modules/@prisma/client/runtime/client.mjs [app-client] (ecmascript) <locals>
- Execution of <EcmascriptModuleLocalsModule as EcmascriptChunkPlaceable>::chunk_item_content failed
- Execution of *EcmascriptChunkItemContent::new failed
- Execution of EcmascriptModuleContent::new failed
- the chunking context (unknown) does not support external modules (request: node:module)

Import trace:
  Client Component Browser:
    ./node_modules/@prisma/client/runtime/client.mjs [Client Component Browser]
    ./app/generated/prisma/internal/prismaNamespace.ts [Client Component Browser]
    ./app/generated/prisma/client.ts [Client Component Browser]
    ./lib/prisma.ts [Client Component Browser]
    ./lib/cleanup.ts [Client Component Browser]
    ./app/(manager)/settings/page.tsx [Client Component Browser]
    ./app/(manager)/settings/page.tsx [Server Component] @ http://localhost:3000/_next/static/chunks/node_modules_next_dist_115brz8._.js:3318
[ 1986441ms] [ERROR] ./node_modules/@prisma/client/runtime/client.mjs
Code generation for chunk item errored
An error occurred while generating the chunk item [project]/node_modules/@prisma/client/runtime/client.mjs [app-client] (ecmascript) <locals>

Caused by:
- the chunking context (unknown) does not support external modules (request: node:module)

Debug info:
- An error occurred while generating the chunk item [project]/node_modules/@prisma/client/runtime/client.mjs [app-client] (ecmascript) <locals>
- Execution of <EcmascriptModuleLocalsModule as EcmascriptChunkPlaceable>::chunk_item_content failed
- Execution of *EcmascriptChunkItemContent::new failed
- Execution of EcmascriptModuleContent::new failed
- the chunking context (unknown) does not support external modules (request: node:module)

Import trace:
  Client Component Browser:
    ./node_modules/@prisma/client/runtime/client.mjs [Client Component Browser]
    ./app/generated/prisma/internal/prismaNamespace.ts [Client Component Browser]
    ./app/generated/prisma/client.ts [Client Component Browser]
    ./lib/prisma.ts [Client Component Browser]
    ./lib/cleanup.ts [Client Component Browser]
    ./app/(manager)/settings/page.tsx [Client Component Browser]
    ./app/(manager)/settings/page.tsx [Server Component] @ http://localhost:3000/_next/static/chunks/node_modules_next_dist_115brz8._.js:3318
[ 1986499ms] [ERROR] ./node_modules/@prisma/client/runtime/client.mjs
Code generation for chunk item errored
An error occurred while generating the chunk item [project]/node_modules/@prisma/client/runtime/client.mjs [app-client] (ecmascript) <locals>

Caused by:
- the chunking context (unknown) does not support external modules (request: node:module)

Debug info:
- An error occurred while generating the chunk item [project]/node_modules/@prisma/client/runtime/client.mjs [app-client] (ecmascript) <locals>
- Execution of <EcmascriptModuleLocalsModule as EcmascriptChunkPlaceable>::chunk_item_content failed
- Execution of *EcmascriptChunkItemContent::new failed
- Execution of EcmascriptModuleContent::new failed
- the chunking context (unknown) does not support external modules (request: node:module)

Import trace:
  Client Component Browser:
    ./node_modules/@prisma/client/runtime/client.mjs [Client Component Browser]
    ./app/generated/prisma/internal/prismaNamespace.ts [Client Component Browser]
    ./app/generated/prisma/client.ts [Client Component Browser]
    ./lib/prisma.ts [Client Component Browser]
    ./lib/cleanup.ts [Client Component Browser]
    ./app/(manager)/settings/page.tsx [Client Component Browser]
    ./app/(manager)/settings/page.tsx [Server Component] @ http://localhost:3000/_next/static/chunks/node_modules_next_dist_115brz8._.js:3318
[ 1986559ms] [ERROR] ./node_modules/@prisma/client/runtime/client.mjs
Code generation for chunk item errored
An error occurred while generating the chunk item [project]/node_modules/@prisma/client/runtime/client.mjs [app-client] (ecmascript) <locals>

Caused by:
- the chunking context (unknown) does not support external modules (request: node:module)

Debug info:
- An error occurred while generating the chunk item [project]/node_modules/@prisma/client/runtime/client.mjs [app-client] (ecmascript) <locals>
- Execution of <EcmascriptModuleLocalsModule as EcmascriptChunkPlaceable>::chunk_item_content failed
- Execution of *EcmascriptChunkItemContent::new failed
- Execution of EcmascriptModuleContent::new failed
- the chunking context (unknown) does not support external modules (request: node:module)

Import trace:
  Client Component Browser:
    ./node_modules/@prisma/client/runtime/client.mjs [Client Component Browser]
    ./app/generated/prisma/internal/prismaNamespace.ts [Client Component Browser]
    ./app/generated/prisma/client.ts [Client Component Browser]
    ./lib/prisma.ts [Client Component Browser]
    ./lib/cleanup.ts [Client Component Browser]
    ./app/(manager)/settings/page.tsx [Client Component Browser]
    ./app/(manager)/settings/page.tsx [Server Component] @ http://localhost:3000/_next/static/chunks/node_modules_next_dist_115brz8._.js:3318
[ 1986612ms] [ERROR] ./node_modules/@prisma/client/runtime/client.mjs
Code generation for chunk item errored
An error occurred while generating the chunk item [project]/node_modules/@prisma/client/runtime/client.mjs [app-client] (ecmascript) <locals>

Caused by:
- the chunking context (unknown) does not support external modules (request: node:module)

Debug info:
- An error occurred while generating the chunk item [project]/node_modules/@prisma/client/runtime/client.mjs [app-client] (ecmascript) <locals>
- Execution of <EcmascriptModuleLocalsModule as EcmascriptChunkPlaceable>::chunk_item_content failed
- Execution of *EcmascriptChunkItemContent::new failed
- Execution of EcmascriptModuleContent::new failed
- the chunking context (unknown) does not support external modules (request: node:module)

Import trace:
  Client Component Browser:
    ./node_modules/@prisma/client/runtime/client.mjs [Client Component Browser]
    ./app/generated/prisma/internal/prismaNamespace.ts [Client Component Browser]
    ./app/generated/prisma/client.ts [Client Component Browser]
    ./lib/prisma.ts [Client Component Browser]
    ./lib/cleanup.ts [Client Component Browser]
    ./app/(manager)/settings/page.tsx [Client Component Browser]
    ./app/(manager)/settings/page.tsx [Server Component] @ http://localhost:3000/_next/static/chunks/node_modules_next_dist_115brz8._.js:3318
[ 1986673ms] [ERROR] ./node_modules/@prisma/client/runtime/client.mjs
Code generation for chunk item errored
An error occurred while generating the chunk item [project]/node_modules/@prisma/client/runtime/client.mjs [app-client] (ecmascript) <locals>

Caused by:
- the chunking context (unknown) does not support external modules (request: node:module)

Debug info:
- An error occurred while generating the chunk item [project]/node_modules/@prisma/client/runtime/client.mjs [app-client] (ecmascript) <locals>
- Execution of <EcmascriptModuleLocalsModule as EcmascriptChunkPlaceable>::chunk_item_content failed
- Execution of *EcmascriptChunkItemContent::new failed
- Execution of EcmascriptModuleContent::new failed
- the chunking context (unknown) does not support external modules (request: node:module)

Import trace:
  Client Component Browser:
    ./node_modules/@prisma/client/runtime/client.mjs [Client Component Browser]
    ./app/generated/prisma/internal/prismaNamespace.ts [Client Component Browser]
    ./app/generated/prisma/client.ts [Client Component Browser]
    ./lib/prisma.ts [Client Component Browser]
    ./lib/cleanup.ts [Client Component Browser]
    ./app/(manager)/settings/page.tsx [Client Component Browser]
    ./app/(manager)/settings/page.tsx [Server Component] @ http://localhost:3000/_next/static/chunks/node_modules_next_dist_115brz8._.js:3318
[ 1986737ms] [ERROR] ./node_modules/@prisma/client/runtime/client.mjs
Code generation for chunk item errored
An error occurred while generating the chunk item [project]/node_modules/@prisma/client/runtime/client.mjs [app-client] (ecmascript) <locals>

Caused by:
- the chunking context (unknown) does not support external modules (request: node:module)

Debug info:
- An error occurred while generating the chunk item [project]/node_modules/@prisma/client/runtime/client.mjs [app-client] (ecmascript) <locals>
- Execution of <EcmascriptModuleLocalsModule as EcmascriptChunkPlaceable>::chunk_item_content failed
- Execution of *EcmascriptChunkItemContent::new failed
- Execution of EcmascriptModuleContent::new failed
- the chunking context (unknown) does not support external modules (request: node:module)

Import trace:
  Client Component Browser:
    ./node_modules/@prisma/client/runtime/client.mjs [Client Component Browser]
    ./app/generated/prisma/internal/prismaNamespace.ts [Client Component Browser]
    ./app/generated/prisma/client.ts [Client Component Browser]
    ./lib/prisma.ts [Client Component Browser]
    ./lib/cleanup.ts [Client Component Browser]
    ./app/(manager)/settings/page.tsx [Client Component Browser]
    ./app/(manager)/settings/page.tsx [Server Component] @ http://localhost:3000/_next/static/chunks/node_modules_next_dist_115brz8._.js:3318
[ 1986794ms] [ERROR] ./node_modules/@prisma/client/runtime/client.mjs
Code generation for chunk item errored
An error occurred while generating the chunk item [project]/node_modules/@prisma/client/runtime/client.mjs [app-client] (ecmascript) <locals>

Caused by:
- the chunking context (unknown) does not support external modules (request: node:module)

Debug info:
- An error occurred while generating the chunk item [project]/node_modules/@prisma/client/runtime/client.mjs [app-client] (ecmascript) <locals>
- Execution of <EcmascriptModuleLocalsModule as EcmascriptChunkPlaceable>::chunk_item_content failed
- Execution of *EcmascriptChunkItemContent::new failed
- Execution of EcmascriptModuleContent::new failed
- the chunking context (unknown) does not support external modules (request: node:module)

Import trace:
  Client Component Browser:
    ./node_modules/@prisma/client/runtime/client.mjs [Client Component Browser]
    ./app/generated/prisma/internal/prismaNamespace.ts [Client Component Browser]
    ./app/generated/prisma/client.ts [Client Component Browser]
    ./lib/prisma.ts [Client Component Browser]
    ./lib/cleanup.ts [Client Component Browser]
    ./app/(manager)/settings/page.tsx [Client Component Browser]
    ./app/(manager)/settings/page.tsx [Server Component] @ http://localhost:3000/_next/static/chunks/node_modules_next_dist_115brz8._.js:3318
[ 1986850ms] [ERROR] ./node_modules/@prisma/client/runtime/client.mjs
Code generation for chunk item errored
An error occurred while generating the chunk item [project]/node_modules/@prisma/client/runtime/client.mjs [app-client] (ecmascript) <locals>

Caused by:
- the chunking context (unknown) does not support external modules (request: node:module)

Debug info:
- An error occurred while generating the chunk item [project]/node_modules/@prisma/client/runtime/client.mjs [app-client] (ecmascript) <locals>
- Execution of <EcmascriptModuleLocalsModule as EcmascriptChunkPlaceable>::chunk_item_content failed
- Execution of *EcmascriptChunkItemContent::new failed
- Execution of EcmascriptModuleContent::new failed
- the chunking context (unknown) does not support external modules (request: node:module)

Import trace:
  Client Component Browser:
    ./node_modules/@prisma/client/runtime/client.mjs [Client Component Browser]
    ./app/generated/prisma/internal/prismaNamespace.ts [Client Component Browser]
    ./app/generated/prisma/client.ts [Client Component Browser]
    ./lib/prisma.ts [Client Component Browser]
    ./lib/cleanup.ts [Client Component Browser]
    ./app/(manager)/settings/page.tsx [Client Component Browser]
    ./app/(manager)/settings/page.tsx [Server Component] @ http://localhost:3000/_next/static/chunks/node_modules_next_dist_115brz8._.js:3318
[ 1986903ms] [ERROR] ./node_modules/@prisma/client/runtime/client.mjs
Code generation for chunk item errored
An error occurred while generating the chunk item [project]/node_modules/@prisma/client/runtime/client.mjs [app-client] (ecmascript) <locals>

Caused by:
- the chunking context (unknown) does not support external modules (request: node:module)

Debug info:
- An error occurred while generating the chunk item [project]/node_modules/@prisma/client/runtime/client.mjs [app-client] (ecmascript) <locals>
- Execution of <EcmascriptModuleLocalsModule as EcmascriptChunkPlaceable>::chunk_item_content failed
- Execution of *EcmascriptChunkItemContent::new failed
- Execution of EcmascriptModuleContent::new failed
- the chunking context (unknown) does not support external modules (request: node:module)

Import trace:
  Client Component Browser:
    ./node_modules/@prisma/client/runtime/client.mjs [Client Component Browser]
    ./app/generated/prisma/internal/prismaNamespace.ts [Client Component Browser]
    ./app/generated/prisma/client.ts [Client Component Browser]
    ./lib/prisma.ts [Client Component Browser]
    ./lib/cleanup.ts [Client Component Browser]
    ./app/(manager)/settings/page.tsx [Client Component Browser]
    ./app/(manager)/settings/page.tsx [Server Component] @ http://localhost:3000/_next/static/chunks/node_modules_next_dist_115brz8._.js:3318
[ 1986959ms] [ERROR] ./node_modules/@prisma/client/runtime/client.mjs
Code generation for chunk item errored
An error occurred while generating the chunk item [project]/node_modules/@prisma/client/runtime/client.mjs [app-client] (ecmascript) <locals>

Caused by:
- the chunking context (unknown) does not support external modules (request: node:module)

Debug info:
- An error occurred while generating the chunk item [project]/node_modules/@prisma/client/runtime/client.mjs [app-client] (ecmascript) <locals>
- Execution of <EcmascriptModuleLocalsModule as EcmascriptChunkPlaceable>::chunk_item_content failed
- Execution of *EcmascriptChunkItemContent::new failed
- Execution of EcmascriptModuleContent::new failed
- the chunking context (unknown) does not support external modules (request: node:module)

Import trace:
  Client Component Browser:
    ./node_modules/@prisma/client/runtime/client.mjs [Client Component Browser]
    ./app/generated/prisma/internal/prismaNamespace.ts [Client Component Browser]
    ./app/generated/prisma/client.ts [Client Component Browser]
    ./lib/prisma.ts [Client Component Browser]
    ./lib/cleanup.ts [Client Component Browser]
    ./app/(manager)/settings/page.tsx [Client Component Browser]
    ./app/(manager)/settings/page.tsx [Server Component] @ http://localhost:3000/_next/static/chunks/node_modules_next_dist_115brz8._.js:3318
[ 1987017ms] [ERROR] ./node_modules/@prisma/client/runtime/client.mjs
Code generation for chunk item errored
An error occurred while generating the chunk item [project]/node_modules/@prisma/client/runtime/client.mjs [app-client] (ecmascript) <locals>

Caused by:
- the chunking context (unknown) does not support external modules (request: node:module)

Debug info:
- An error occurred while generating the chunk item [project]/node_modules/@prisma/client/runtime/client.mjs [app-client] (ecmascript) <locals>
- Execution of <EcmascriptModuleLocalsModule as EcmascriptChunkPlaceable>::chunk_item_content failed
- Execution of *EcmascriptChunkItemContent::new failed
- Execution of EcmascriptModuleContent::new failed
- the chunking context (unknown) does not support external modules (request: node:module)

Import trace:
  Client Component Browser:
    ./node_modules/@prisma/client/runtime/client.mjs [Client Component Browser]
    ./app/generated/prisma/internal/prismaNamespace.ts [Client Component Browser]
    ./app/generated/prisma/client.ts [Client Component Browser]
    ./lib/prisma.ts [Client Component Browser]
    ./lib/cleanup.ts [Client Component Browser]
    ./app/(manager)/settings/page.tsx [Client Component Browser]
    ./app/(manager)/settings/page.tsx [Server Component] @ http://localhost:3000/_next/static/chunks/node_modules_next_dist_115brz8._.js:3318
[ 1987074ms] [ERROR] ./node_modules/@prisma/client/runtime/client.mjs
Code generation for chunk item errored
An error occurred while generating the chunk item [project]/node_modules/@prisma/client/runtime/client.mjs [app-client] (ecmascript) <locals>

Caused by:
- the chunking context (unknown) does not support external modules (request: node:module)

Debug info:
- An error occurred while generating the chunk item [project]/node_modules/@prisma/client/runtime/client.mjs [app-client] (ecmascript) <locals>
- Execution of <EcmascriptModuleLocalsModule as EcmascriptChunkPlaceable>::chunk_item_content failed
- Execution of *EcmascriptChunkItemContent::new failed
- Execution of EcmascriptModuleContent::new failed
- the chunking context (unknown) does not support external modules (request: node:module)

Import trace:
  Client Component Browser:
    ./node_modules/@prisma/client/runtime/client.mjs [Client Component Browser]
    ./app/generated/prisma/internal/prismaNamespace.ts [Client Component Browser]
    ./app/generated/prisma/client.ts [Client Component Browser]
    ./lib/prisma.ts [Client Component Browser]
    ./lib/cleanup.ts [Client Component Browser]
    ./app/(manager)/settings/page.tsx [Client Component Browser]
    ./app/(manager)/settings/page.tsx [Server Component] @ http://localhost:3000/_next/static/chunks/node_modules_next_dist_115brz8._.js:3318
[ 1987141ms] [ERROR] ./node_modules/@prisma/client/runtime/client.mjs
Code generation for chunk item errored
An error occurred while generating the chunk item [project]/node_modules/@prisma/client/runtime/client.mjs [app-client] (ecmascript) <locals>

Caused by:
- the chunking context (unknown) does not support external modules (request: node:module)

Debug info:
- An error occurred while generating the chunk item [project]/node_modules/@prisma/client/runtime/client.mjs [app-client] (ecmascript) <locals>
- Execution of <EcmascriptModuleLocalsModule as EcmascriptChunkPlaceable>::chunk_item_content failed
- Execution of *EcmascriptChunkItemContent::new failed
- Execution of EcmascriptModuleContent::new failed
- the chunking context (unknown) does not support external modules (request: node:module)

Import trace:
  Client Component Browser:
    ./node_modules/@prisma/client/runtime/client.mjs [Client Component Browser]
    ./app/generated/prisma/internal/prismaNamespace.ts [Client Component Browser]
    ./app/generated/prisma/client.ts [Client Component Browser]
    ./lib/prisma.ts [Client Component Browser]
    ./lib/cleanup.ts [Client Component Browser]
    ./app/(manager)/settings/page.tsx [Client Component Browser]
    ./app/(manager)/settings/page.tsx [Server Component] @ http://localhost:3000/_next/static/chunks/node_modules_next_dist_115brz8._.js:3318
[ 1987196ms] [ERROR] ./node_modules/@prisma/client/runtime/client.mjs
Code generation for chunk item errored
An error occurred while generating the chunk item [project]/node_modules/@prisma/client/runtime/client.mjs [app-client] (ecmascript) <locals>

Caused by:
- the chunking context (unknown) does not support external modules (request: node:module)

Debug info:
- An error occurred while generating the chunk item [project]/node_modules/@prisma/client/runtime/client.mjs [app-client] (ecmascript) <locals>
- Execution of <EcmascriptModuleLocalsModule as EcmascriptChunkPlaceable>::chunk_item_content failed
- Execution of *EcmascriptChunkItemContent::new failed
- Execution of EcmascriptModuleContent::new failed
- the chunking context (unknown) does not support external modules (request: node:module)

Import trace:
  Client Component Browser:
    ./node_modules/@prisma/client/runtime/client.mjs [Client Component Browser]
    ./app/generated/prisma/internal/prismaNamespace.ts [Client Component Browser]
    ./app/generated/prisma/client.ts [Client Component Browser]
    ./lib/prisma.ts [Client Component Browser]
    ./lib/cleanup.ts [Client Component Browser]
    ./app/(manager)/settings/page.tsx [Client Component Browser]
    ./app/(manager)/settings/page.tsx [Server Component] @ http://localhost:3000/_next/static/chunks/node_modules_next_dist_115brz8._.js:3318
[ 1987252ms] [ERROR] ./node_modules/@prisma/client/runtime/client.mjs
Code generation for chunk item errored
An error occurred while generating the chunk item [project]/node_modules/@prisma/client/runtime/client.mjs [app-client] (ecmascript) <locals>

Caused by:
- the chunking context (unknown) does not support external modules (request: node:module)

Debug info:
- An error occurred while generating the chunk item [project]/node_modules/@prisma/client/runtime/client.mjs [app-client] (ecmascript) <locals>
- Execution of <EcmascriptModuleLocalsModule as EcmascriptChunkPlaceable>::chunk_item_content failed
- Execution of *EcmascriptChunkItemContent::new failed
- Execution of EcmascriptModuleContent::new failed
- the chunking context (unknown) does not support external modules (request: node:module)

Import trace:
  Client Component Browser:
    ./node_modules/@prisma/client/runtime/client.mjs [Client Component Browser]
    ./app/generated/prisma/internal/prismaNamespace.ts [Client Component Browser]
    ./app/generated/prisma/client.ts [Client Component Browser]
    ./lib/prisma.ts [Client Component Browser]
    ./lib/cleanup.ts [Client Component Browser]
    ./app/(manager)/settings/page.tsx [Client Component Browser]
    ./app/(manager)/settings/page.tsx [Server Component] @ http://localhost:3000/_next/static/chunks/node_modules_next_dist_115brz8._.js:3318
[ 1987309ms] [ERROR] ./node_modules/@prisma/client/runtime/client.mjs
Code generation for chunk item errored
An error occurred while generating the chunk item [project]/node_modules/@prisma/client/runtime/client.mjs [app-client] (ecmascript) <locals>

Caused by:
- the chunking context (unknown) does not support external modules (request: node:module)

Debug info:
- An error occurred while generating the chunk item [project]/node_modules/@prisma/client/runtime/client.mjs [app-client] (ecmascript) <locals>
- Execution of <EcmascriptModuleLocalsModule as EcmascriptChunkPlaceable>::chunk_item_content failed
- Execution of *EcmascriptChunkItemContent::new failed
- Execution of EcmascriptModuleContent::new failed
- the chunking context (unknown) does not support external modules (request: node:module)

Import trace:
  Client Component Browser:
    ./node_modules/@prisma/client/runtime/client.mjs [Client Component Browser]
    ./app/generated/prisma/internal/prismaNamespace.ts [Client Component Browser]
    ./app/generated/prisma/client.ts [Client Component Browser]
    ./lib/prisma.ts [Client Component Browser]
    ./lib/cleanup.ts [Client Component Browser]
    ./app/(manager)/settings/page.tsx [Client Component Browser]
    ./app/(manager)/settings/page.tsx [Server Component] @ http://localhost:3000/_next/static/chunks/node_modules_next_dist_115brz8._.js:3318
[ 1987365ms] [ERROR] ./node_modules/@prisma/client/runtime/client.mjs
Code generation for chunk item errored
An error occurred while generating the chunk item [project]/node_modules/@prisma/client/runtime/client.mjs [app-client] (ecmascript) <locals>

Caused by:
- the chunking context (unknown) does not support external modules (request: node:module)

Debug info:
- An error occurred while generating the chunk item [project]/node_modules/@prisma/client/runtime/client.mjs [app-client] (ecmascript) <locals>
- Execution of <EcmascriptModuleLocalsModule as EcmascriptChunkPlaceable>::chunk_item_content failed
- Execution of *EcmascriptChunkItemContent::new failed
- Execution of EcmascriptModuleContent::new failed
- the chunking context (unknown) does not support external modules (request: node:module)

Import trace:
  Client Component Browser:
    ./node_modules/@prisma/client/runtime/client.mjs [Client Component Browser]
    ./app/generated/prisma/internal/prismaNamespace.ts [Client Component Browser]
    ./app/generated/prisma/client.ts [Client Component Browser]
    ./lib/prisma.ts [Client Component Browser]
    ./lib/cleanup.ts [Client Component Browser]
    ./app/(manager)/settings/page.tsx [Client Component Browser]
    ./app/(manager)/settings/page.tsx [Server Component] @ http://localhost:3000/_next/static/chunks/node_modules_next_dist_115brz8._.js:3318
[ 1987419ms] [ERROR] ./node_modules/@prisma/client/runtime/client.mjs
Code generation for chunk item errored
An error occurred while generating the chunk item [project]/node_modules/@prisma/client/runtime/client.mjs [app-client] (ecmascript) <locals>

Caused by:
- the chunking context (unknown) does not support external modules (request: node:module)

Debug info:
- An error occurred while generating the chunk item [project]/node_modules/@prisma/client/runtime/client.mjs [app-client] (ecmascript) <locals>
- Execution of <EcmascriptModuleLocalsModule as EcmascriptChunkPlaceable>::chunk_item_content failed
- Execution of *EcmascriptChunkItemContent::new failed
- Execution of EcmascriptModuleContent::new failed
- the chunking context (unknown) does not support external modules (request: node:module)

Import trace:
  Client Component Browser:
    ./node_modules/@prisma/client/runtime/client.mjs [Client Component Browser]
    ./app/generated/prisma/internal/prismaNamespace.ts [Client Component Browser]
    ./app/generated/prisma/client.ts [Client Component Browser]
    ./lib/prisma.ts [Client Component Browser]
    ./lib/cleanup.ts [Client Component Browser]
    ./app/(manager)/settings/page.tsx [Client Component Browser]
    ./app/(manager)/settings/page.tsx [Server Component] @ http://localhost:3000/_next/static/chunks/node_modules_next_dist_115brz8._.js:3318
[ 1987477ms] [ERROR] ./node_modules/@prisma/client/runtime/client.mjs
Code generation for chunk item errored
An error occurred while generating the chunk item [project]/node_modules/@prisma/client/runtime/client.mjs [app-client] (ecmascript) <locals>

Caused by:
- the chunking context (unknown) does not support external modules (request: node:module)

Debug info:
- An error occurred while generating the chunk item [project]/node_modules/@prisma/client/runtime/client.mjs [app-client] (ecmascript) <locals>
- Execution of <EcmascriptModuleLocalsModule as EcmascriptChunkPlaceable>::chunk_item_content failed
- Execution of *EcmascriptChunkItemContent::new failed
- Execution of EcmascriptModuleContent::new failed
- the chunking context (unknown) does not support external modules (request: node:module)

Import trace:
  Client Component Browser:
    ./node_modules/@prisma/client/runtime/client.mjs [Client Component Browser]
    ./app/generated/prisma/internal/prismaNamespace.ts [Client Component Browser]
    ./app/generated/prisma/client.ts [Client Component Browser]
    ./lib/prisma.ts [Client Component Browser]
    ./lib/cleanup.ts [Client Component Browser]
    ./app/(manager)/settings/page.tsx [Client Component Browser]
    ./app/(manager)/settings/page.tsx [Server Component] @ http://localhost:3000/_next/static/chunks/node_modules_next_dist_115brz8._.js:3318
[ 1987536ms] [ERROR] ./node_modules/@prisma/client/runtime/client.mjs
Code generation for chunk item errored
An error occurred while generating the chunk item [project]/node_modules/@prisma/client/runtime/client.mjs [app-client] (ecmascript) <locals>

Caused by:
- the chunking context (unknown) does not support external modules (request: node:module)

Debug info:
- An error occurred while generating the chunk item [project]/node_modules/@prisma/client/runtime/client.mjs [app-client] (ecmascript) <locals>
- Execution of <EcmascriptModuleLocalsModule as EcmascriptChunkPlaceable>::chunk_item_content failed
- Execution of *EcmascriptChunkItemContent::new failed
- Execution of EcmascriptModuleContent::new failed
- the chunking context (unknown) does not support external modules (request: node:module)

Import trace:
  Client Component Browser:
    ./node_modules/@prisma/client/runtime/client.mjs [Client Component Browser]
    ./app/generated/prisma/internal/prismaNamespace.ts [Client Component Browser]
    ./app/generated/prisma/client.ts [Client Component Browser]
    ./lib/prisma.ts [Client Component Browser]
    ./lib/cleanup.ts [Client Component Browser]
    ./app/(manager)/settings/page.tsx [Client Component Browser]
    ./app/(manager)/settings/page.tsx [Server Component] @ http://localhost:3000/_next/static/chunks/node_modules_next_dist_115brz8._.js:3318
[ 1987592ms] [ERROR] ./node_modules/@prisma/client/runtime/client.mjs
Code generation for chunk item errored
An error occurred while generating the chunk item [project]/node_modules/@prisma/client/runtime/client.mjs [app-client] (ecmascript) <locals>

Caused by:
- the chunking context (unknown) does not support external modules (request: node:module)

Debug info:
- An error occurred while generating the chunk item [project]/node_modules/@prisma/client/runtime/client.mjs [app-client] (ecmascript) <locals>
- Execution of <EcmascriptModuleLocalsModule as EcmascriptChunkPlaceable>::chunk_item_content failed
- Execution of *EcmascriptChunkItemContent::new failed
- Execution of EcmascriptModuleContent::new failed
- the chunking context (unknown) does not support external modules (request: node:module)

Import trace:
  Client Component Browser:
    ./node_modules/@prisma/client/runtime/client.mjs [Client Component Browser]
    ./app/generated/prisma/internal/prismaNamespace.ts [Client Component Browser]
    ./app/generated/prisma/client.ts [Client Component Browser]
    ./lib/prisma.ts [Client Component Browser]
    ./lib/cleanup.ts [Client Component Browser]
    ./app/(manager)/settings/page.tsx [Client Component Browser]
    ./app/(manager)/settings/page.tsx [Server Component] @ http://localhost:3000/_next/static/chunks/node_modules_next_dist_115brz8._.js:3318
[ 1987645ms] [ERROR] ./node_modules/@prisma/client/runtime/client.mjs
Code generation for chunk item errored
An error occurred while generating the chunk item [project]/node_modules/@prisma/client/runtime/client.mjs [app-client] (ecmascript) <locals>

Caused by:
- the chunking context (unknown) does not support external modules (request: node:module)

Debug info:
- An error occurred while generating the chunk item [project]/node_modules/@prisma/client/runtime/client.mjs [app-client] (ecmascript) <locals>
- Execution of <EcmascriptModuleLocalsModule as EcmascriptChunkPlaceable>::chunk_item_content failed
- Execution of *EcmascriptChunkItemContent::new failed
- Execution of EcmascriptModuleContent::new failed
- the chunking context (unknown) does not support external modules (request: node:module)

Import trace:
  Client Component Browser:
    ./node_modules/@prisma/client/runtime/client.mjs [Client Component Browser]
    ./app/generated/prisma/internal/prismaNamespace.ts [Client Component Browser]
    ./app/generated/prisma/client.ts [Client Component Browser]
    ./lib/prisma.ts [Client Component Browser]
    ./lib/cleanup.ts [Client Component Browser]
    ./app/(manager)/settings/page.tsx [Client Component Browser]
    ./app/(manager)/settings/page.tsx [Server Component] @ http://localhost:3000/_next/static/chunks/node_modules_next_dist_115brz8._.js:3318
[ 1987698ms] [ERROR] ./node_modules/@prisma/client/runtime/client.mjs
Code generation for chunk item errored
An error occurred while generating the chunk item [project]/node_modules/@prisma/client/runtime/client.mjs [app-client] (ecmascript) <locals>

Caused by:
- the chunking context (unknown) does not support external modules (request: node:module)

Debug info:
- An error occurred while generating the chunk item [project]/node_modules/@prisma/client/runtime/client.mjs [app-client] (ecmascript) <locals>
- Execution of <EcmascriptModuleLocalsModule as EcmascriptChunkPlaceable>::chunk_item_content failed
- Execution of *EcmascriptChunkItemContent::new failed
- Execution of EcmascriptModuleContent::new failed
- the chunking context (unknown) does not support external modules (request: node:module)

Import trace:
  Client Component Browser:
    ./node_modules/@prisma/client/runtime/client.mjs [Client Component Browser]
    ./app/generated/prisma/internal/prismaNamespace.ts [Client Component Browser]
    ./app/generated/prisma/client.ts [Client Component Browser]
    ./lib/prisma.ts [Client Component Browser]
    ./lib/cleanup.ts [Client Component Browser]
    ./app/(manager)/settings/page.tsx [Client Component Browser]
    ./app/(manager)/settings/page.tsx [Server Component] @ http://localhost:3000/_next/static/chunks/node_modules_next_dist_115brz8._.js:3318
[ 1987754ms] [ERROR] ./node_modules/@prisma/client/runtime/client.mjs
Code generation for chunk item errored
An error occurred while generating the chunk item [project]/node_modules/@prisma/client/runtime/client.mjs [app-client] (ecmascript) <locals>

Caused by:
- the chunking context (unknown) does not support external modules (request: node:module)

Debug info:
- An error occurred while generating the chunk item [project]/node_modules/@prisma/client/runtime/client.mjs [app-client] (ecmascript) <locals>
- Execution of <EcmascriptModuleLocalsModule as EcmascriptChunkPlaceable>::chunk_item_content failed
- Execution of *EcmascriptChunkItemContent::new failed
- Execution of EcmascriptModuleContent::new failed
- the chunking context (unknown) does not support external modules (request: node:module)

Import trace:
  Client Component Browser:
    ./node_modules/@prisma/client/runtime/client.mjs [Client Component Browser]
    ./app/generated/prisma/internal/prismaNamespace.ts [Client Component Browser]
    ./app/generated/prisma/client.ts [Client Component Browser]
    ./lib/prisma.ts [Client Component Browser]
    ./lib/cleanup.ts [Client Component Browser]
    ./app/(manager)/settings/page.tsx [Client Component Browser]
    ./app/(manager)/settings/page.tsx [Server Component] @ http://localhost:3000/_next/static/chunks/node_modules_next_dist_115brz8._.js:3318
[ 1987811ms] [ERROR] ./node_modules/@prisma/client/runtime/client.mjs
Code generation for chunk item errored
An error occurred while generating the chunk item [project]/node_modules/@prisma/client/runtime/client.mjs [app-client] (ecmascript) <locals>

Caused by:
- the chunking context (unknown) does not support external modules (request: node:module)

Debug info:
- An error occurred while generating the chunk item [project]/node_modules/@prisma/client/runtime/client.mjs [app-client] (ecmascript) <locals>
- Execution of <EcmascriptModuleLocalsModule as EcmascriptChunkPlaceable>::chunk_item_content failed
- Execution of *EcmascriptChunkItemContent::new failed
- Execution of EcmascriptModuleContent::new failed
- the chunking context (unknown) does not support external modules (request: node:module)

Import trace:
  Client Component Browser:
    ./node_modules/@prisma/client/runtime/client.mjs [Client Component Browser]
    ./app/generated/prisma/internal/prismaNamespace.ts [Client Component Browser]
    ./app/generated/prisma/client.ts [Client Component Browser]
    ./lib/prisma.ts [Client Component Browser]
    ./lib/cleanup.ts [Client Component Browser]
    ./app/(manager)/settings/page.tsx [Client Component Browser]
    ./app/(manager)/settings/page.tsx [Server Component] @ http://localhost:3000/_next/static/chunks/node_modules_next_dist_115brz8._.js:3318
[ 1987869ms] [ERROR] ./node_modules/@prisma/client/runtime/client.mjs
Code generation for chunk item errored
An error occurred while generating the chunk item [project]/node_modules/@prisma/client/runtime/client.mjs [app-client] (ecmascript) <locals>

Caused by:
- the chunking context (unknown) does not support external modules (request: node:module)

Debug info:
- An error occurred while generating the chunk item [project]/node_modules/@prisma/client/runtime/client.mjs [app-client] (ecmascript) <locals>
- Execution of <EcmascriptModuleLocalsModule as EcmascriptChunkPlaceable>::chunk_item_content failed
- Execution of *EcmascriptChunkItemContent::new failed
- Execution of EcmascriptModuleContent::new failed
- the chunking context (unknown) does not support external modules (request: node:module)

Import trace:
  Client Component Browser:
    ./node_modules/@prisma/client/runtime/client.mjs [Client Component Browser]
    ./app/generated/prisma/internal/prismaNamespace.ts [Client Component Browser]
    ./app/generated/prisma/client.ts [Client Component Browser]
    ./lib/prisma.ts [Client Component Browser]
    ./lib/cleanup.ts [Client Component Browser]
    ./app/(manager)/settings/page.tsx [Client Component Browser]
    ./app/(manager)/settings/page.tsx [Server Component] @ http://localhost:3000/_next/static/chunks/node_modules_next_dist_115brz8._.js:3318
[ 1987920ms] [ERROR] ./node_modules/@prisma/client/runtime/client.mjs
Code generation for chunk item errored
An error occurred while generating the chunk item [project]/node_modules/@prisma/client/runtime/client.mjs [app-client] (ecmascript) <locals>

Caused by:
- the chunking context (unknown) does not support external modules (request: node:module)

Debug info:
- An error occurred while generating the chunk item [project]/node_modules/@prisma/client/runtime/client.mjs [app-client] (ecmascript) <locals>
- Execution of <EcmascriptModuleLocalsModule as EcmascriptChunkPlaceable>::chunk_item_content failed
- Execution of *EcmascriptChunkItemContent::new failed
- Execution of EcmascriptModuleContent::new failed
- the chunking context (unknown) does not support external modules (request: node:module)

Import trace:
  Client Component Browser:
    ./node_modules/@prisma/client/runtime/client.mjs [Client Component Browser]
    ./app/generated/prisma/internal/prismaNamespace.ts [Client Component Browser]
    ./app/generated/prisma/client.ts [Client Component Browser]
    ./lib/prisma.ts [Client Component Browser]
    ./lib/cleanup.ts [Client Component Browser]
    ./app/(manager)/settings/page.tsx [Client Component Browser]
    ./app/(manager)/settings/page.tsx [Server Component] @ http://localhost:3000/_next/static/chunks/node_modules_next_dist_115brz8._.js:3318
[ 1987977ms] [ERROR] ./node_modules/@prisma/client/runtime/client.mjs
Code generation for chunk item errored
An error occurred while generating the chunk item [project]/node_modules/@prisma/client/runtime/client.mjs [app-client] (ecmascript) <locals>

Caused by:
- the chunking context (unknown) does not support external modules (request: node:module)

Debug info:
- An error occurred while generating the chunk item [project]/node_modules/@prisma/client/runtime/client.mjs [app-client] (ecmascript) <locals>
- Execution of <EcmascriptModuleLocalsModule as EcmascriptChunkPlaceable>::chunk_item_content failed
- Execution of *EcmascriptChunkItemContent::new failed
- Execution of EcmascriptModuleContent::new failed
- the chunking context (unknown) does not support external modules (request: node:module)

Import trace:
  Client Component Browser:
    ./node_modules/@prisma/client/runtime/client.mjs [Client Component Browser]
    ./app/generated/prisma/internal/prismaNamespace.ts [Client Component Browser]
    ./app/generated/prisma/client.ts [Client Component Browser]
    ./lib/prisma.ts [Client Component Browser]
    ./lib/cleanup.ts [Client Component Browser]
    ./app/(manager)/settings/page.tsx [Client Component Browser]
    ./app/(manager)/settings/page.tsx [Server Component] @ http://localhost:3000/_next/static/chunks/node_modules_next_dist_115brz8._.js:3318
[ 1988033ms] [ERROR] ./node_modules/@prisma/client/runtime/client.mjs
Code generation for chunk item errored
An error occurred while generating the chunk item [project]/node_modules/@prisma/client/runtime/client.mjs [app-client] (ecmascript) <locals>

Caused by:
- the chunking context (unknown) does not support external modules (request: node:module)

Debug info:
- An error occurred while generating the chunk item [project]/node_modules/@prisma/client/runtime/client.mjs [app-client] (ecmascript) <locals>
- Execution of <EcmascriptModuleLocalsModule as EcmascriptChunkPlaceable>::chunk_item_content failed
- Execution of *EcmascriptChunkItemContent::new failed
- Execution of EcmascriptModuleContent::new failed
- the chunking context (unknown) does not support external modules (request: node:module)

Import trace:
  Client Component Browser:
    ./node_modules/@prisma/client/runtime/client.mjs [Client Component Browser]
    ./app/generated/prisma/internal/prismaNamespace.ts [Client Component Browser]
    ./app/generated/prisma/client.ts [Client Component Browser]
    ./lib/prisma.ts [Client Component Browser]
    ./lib/cleanup.ts [Client Component Browser]
    ./app/(manager)/settings/page.tsx [Client Component Browser]
    ./app/(manager)/settings/page.tsx [Server Component] @ http://localhost:3000/_next/static/chunks/node_modules_next_dist_115brz8._.js:3318
[ 1988090ms] [ERROR] ./node_modules/@prisma/client/runtime/client.mjs
Code generation for chunk item errored
An error occurred while generating the chunk item [project]/node_modules/@prisma/client/runtime/client.mjs [app-client] (ecmascript) <locals>

Caused by:
- the chunking context (unknown) does not support external modules (request: node:module)

Debug info:
- An error occurred while generating the chunk item [project]/node_modules/@prisma/client/runtime/client.mjs [app-client] (ecmascript) <locals>
- Execution of <EcmascriptModuleLocalsModule as EcmascriptChunkPlaceable>::chunk_item_content failed
- Execution of *EcmascriptChunkItemContent::new failed
- Execution of EcmascriptModuleContent::new failed
- the chunking context (unknown) does not support external modules (request: node:module)

Import trace:
  Client Component Browser:
    ./node_modules/@prisma/client/runtime/client.mjs [Client Component Browser]
    ./app/generated/prisma/internal/prismaNamespace.ts [Client Component Browser]
    ./app/generated/prisma/client.ts [Client Component Browser]
    ./lib/prisma.ts [Client Component Browser]
    ./lib/cleanup.ts [Client Component Browser]
    ./app/(manager)/settings/page.tsx [Client Component Browser]
    ./app/(manager)/settings/page.tsx [Server Component] @ http://localhost:3000/_next/static/chunks/node_modules_next_dist_115brz8._.js:3318
[ 1988147ms] [ERROR] ./node_modules/@prisma/client/runtime/client.mjs
Code generation for chunk item errored
An error occurred while generating the chunk item [project]/node_modules/@prisma/client/runtime/client.mjs [app-client] (ecmascript) <locals>

Caused by:
- the chunking context (unknown) does not support external modules (request: node:module)

Debug info:
- An error occurred while generating the chunk item [project]/node_modules/@prisma/client/runtime/client.mjs [app-client] (ecmascript) <locals>
- Execution of <EcmascriptModuleLocalsModule as EcmascriptChunkPlaceable>::chunk_item_content failed
- Execution of *EcmascriptChunkItemContent::new failed
- Execution of EcmascriptModuleContent::new failed
- the chunking context (unknown) does not support external modules (request: node:module)

Import trace:
  Client Component Browser:
    ./node_modules/@prisma/client/runtime/client.mjs [Client Component Browser]
    ./app/generated/prisma/internal/prismaNamespace.ts [Client Component Browser]
    ./app/generated/prisma/client.ts [Client Component Browser]
    ./lib/prisma.ts [Client Component Browser]
    ./lib/cleanup.ts [Client Component Browser]
    ./app/(manager)/settings/page.tsx [Client Component Browser]
    ./app/(manager)/settings/page.tsx [Server Component] @ http://localhost:3000/_next/static/chunks/node_modules_next_dist_115brz8._.js:3318
[ 1988199ms] [ERROR] ./node_modules/@prisma/client/runtime/client.mjs
Code generation for chunk item errored
An error occurred while generating the chunk item [project]/node_modules/@prisma/client/runtime/client.mjs [app-client] (ecmascript) <locals>

Caused by:
- the chunking context (unknown) does not support external modules (request: node:module)

Debug info:
- An error occurred while generating the chunk item [project]/node_modules/@prisma/client/runtime/client.mjs [app-client] (ecmascript) <locals>
- Execution of <EcmascriptModuleLocalsModule as EcmascriptChunkPlaceable>::chunk_item_content failed
- Execution of *EcmascriptChunkItemContent::new failed
- Execution of EcmascriptModuleContent::new failed
- the chunking context (unknown) does not support external modules (request: node:module)

Import trace:
  Client Component Browser:
    ./node_modules/@prisma/client/runtime/client.mjs [Client Component Browser]
    ./app/generated/prisma/internal/prismaNamespace.ts [Client Component Browser]
    ./app/generated/prisma/client.ts [Client Component Browser]
    ./lib/prisma.ts [Client Component Browser]
    ./lib/cleanup.ts [Client Component Browser]
    ./app/(manager)/settings/page.tsx [Client Component Browser]
    ./app/(manager)/settings/page.tsx [Server Component] @ http://localhost:3000/_next/static/chunks/node_modules_next_dist_115brz8._.js:3318
[ 1988257ms] [ERROR] ./node_modules/@prisma/client/runtime/client.mjs
Code generation for chunk item errored
An error occurred while generating the chunk item [project]/node_modules/@prisma/client/runtime/client.mjs [app-client] (ecmascript) <locals>

Caused by:
- the chunking context (unknown) does not support external modules (request: node:module)

Debug info:
- An error occurred while generating the chunk item [project]/node_modules/@prisma/client/runtime/client.mjs [app-client] (ecmascript) <locals>
- Execution of <EcmascriptModuleLocalsModule as EcmascriptChunkPlaceable>::chunk_item_content failed
- Execution of *EcmascriptChunkItemContent::new failed
- Execution of EcmascriptModuleContent::new failed
- the chunking context (unknown) does not support external modules (request: node:module)

Import trace:
  Client Component Browser:
    ./node_modules/@prisma/client/runtime/client.mjs [Client Component Browser]
    ./app/generated/prisma/internal/prismaNamespace.ts [Client Component Browser]
    ./app/generated/prisma/client.ts [Client Component Browser]
    ./lib/prisma.ts [Client Component Browser]
    ./lib/cleanup.ts [Client Component Browser]
    ./app/(manager)/settings/page.tsx [Client Component Browser]
    ./app/(manager)/settings/page.tsx [Server Component] @ http://localhost:3000/_next/static/chunks/node_modules_next_dist_115brz8._.js:3318
[ 1988309ms] [ERROR] ./node_modules/@prisma/client/runtime/client.mjs
Code generation for chunk item errored
An error occurred while generating the chunk item [project]/node_modules/@prisma/client/runtime/client.mjs [app-client] (ecmascript) <locals>

Caused by:
- the chunking context (unknown) does not support external modules (request: node:module)

Debug info:
- An error occurred while generating the chunk item [project]/node_modules/@prisma/client/runtime/client.mjs [app-client] (ecmascript) <locals>
- Execution of <EcmascriptModuleLocalsModule as EcmascriptChunkPlaceable>::chunk_item_content failed
- Execution of *EcmascriptChunkItemContent::new failed
- Execution of EcmascriptModuleContent::new failed
- the chunking context (unknown) does not support external modules (request: node:module)

Import trace:
  Client Component Browser:
    ./node_modules/@prisma/client/runtime/client.mjs [Client Component Browser]
    ./app/generated/prisma/internal/prismaNamespace.ts [Client Component Browser]
    ./app/generated/prisma/client.ts [Client Component Browser]
    ./lib/prisma.ts [Client Component Browser]
    ./lib/cleanup.ts [Client Component Browser]
    ./app/(manager)/settings/page.tsx [Client Component Browser]
    ./app/(manager)/settings/page.tsx [Server Component] @ http://localhost:3000/_next/static/chunks/node_modules_next_dist_115brz8._.js:3318
[ 1988363ms] [ERROR] ./node_modules/@prisma/client/runtime/client.mjs
Code generation for chunk item errored
An error occurred while generating the chunk item [project]/node_modules/@prisma/client/runtime/client.mjs [app-client] (ecmascript) <locals>

Caused by:
- the chunking context (unknown) does not support external modules (request: node:module)

Debug info:
- An error occurred while generating the chunk item [project]/node_modules/@prisma/client/runtime/client.mjs [app-client] (ecmascript) <locals>
- Execution of <EcmascriptModuleLocalsModule as EcmascriptChunkPlaceable>::chunk_item_content failed
- Execution of *EcmascriptChunkItemContent::new failed
- Execution of EcmascriptModuleContent::new failed
- the chunking context (unknown) does not support external modules (request: node:module)

Import trace:
  Client Component Browser:
    ./node_modules/@prisma/client/runtime/client.mjs [Client Component Browser]
    ./app/generated/prisma/internal/prismaNamespace.ts [Client Component Browser]
    ./app/generated/prisma/client.ts [Client Component Browser]
    ./lib/prisma.ts [Client Component Browser]
    ./lib/cleanup.ts [Client Component Browser]
    ./app/(manager)/settings/page.tsx [Client Component Browser]
    ./app/(manager)/settings/page.tsx [Server Component] @ http://localhost:3000/_next/static/chunks/node_modules_next_dist_115brz8._.js:3318
[ 1988420ms] [ERROR] ./node_modules/@prisma/client/runtime/client.mjs
Code generation for chunk item errored
An error occurred while generating the chunk item [project]/node_modules/@prisma/client/runtime/client.mjs [app-client] (ecmascript) <locals>

Caused by:
- the chunking context (unknown) does not support external modules (request: node:module)

Debug info:
- An error occurred while generating the chunk item [project]/node_modules/@prisma/client/runtime/client.mjs [app-client] (ecmascript) <locals>
- Execution of <EcmascriptModuleLocalsModule as EcmascriptChunkPlaceable>::chunk_item_content failed
- Execution of *EcmascriptChunkItemContent::new failed
- Execution of EcmascriptModuleContent::new failed
- the chunking context (unknown) does not support external modules (request: node:module)

Import trace:
  Client Component Browser:
    ./node_modules/@prisma/client/runtime/client.mjs [Client Component Browser]
    ./app/generated/prisma/internal/prismaNamespace.ts [Client Component Browser]
    ./app/generated/prisma/client.ts [Client Component Browser]
    ./lib/prisma.ts [Client Component Browser]
    ./lib/cleanup.ts [Client Component Browser]
    ./app/(manager)/settings/page.tsx [Client Component Browser]
    ./app/(manager)/settings/page.tsx [Server Component] @ http://localhost:3000/_next/static/chunks/node_modules_next_dist_115brz8._.js:3318
[ 1988475ms] [ERROR] ./node_modules/@prisma/client/runtime/client.mjs
Code generation for chunk item errored
An error occurred while generating the chunk item [project]/node_modules/@prisma/client/runtime/client.mjs [app-client] (ecmascript) <locals>

Caused by:
- the chunking context (unknown) does not support external modules (request: node:module)

Debug info:
- An error occurred while generating the chunk item [project]/node_modules/@prisma/client/runtime/client.mjs [app-client] (ecmascript) <locals>
- Execution of <EcmascriptModuleLocalsModule as EcmascriptChunkPlaceable>::chunk_item_content failed
- Execution of *EcmascriptChunkItemContent::new failed
- Execution of EcmascriptModuleContent::new failed
- the chunking context (unknown) does not support external modules (request: node:module)

Import trace:
  Client Component Browser:
    ./node_modules/@prisma/client/runtime/client.mjs [Client Component Browser]
    ./app/generated/prisma/internal/prismaNamespace.ts [Client Component Browser]
    ./app/generated/prisma/client.ts [Client Component Browser]
    ./lib/prisma.ts [Client Component Browser]
    ./lib/cleanup.ts [Client Component Browser]
    ./app/(manager)/settings/page.tsx [Client Component Browser]
    ./app/(manager)/settings/page.tsx [Server Component] @ http://localhost:3000/_next/static/chunks/node_modules_next_dist_115brz8._.js:3318
[ 1988533ms] [ERROR] ./node_modules/@prisma/client/runtime/client.mjs
Code generation for chunk item errored
An error occurred while generating the chunk item [project]/node_modules/@prisma/client/runtime/client.mjs [app-client] (ecmascript) <locals>

Caused by:
- the chunking context (unknown) does not support external modules (request: node:module)

Debug info:
- An error occurred while generating the chunk item [project]/node_modules/@prisma/client/runtime/client.mjs [app-client] (ecmascript) <locals>
- Execution of <EcmascriptModuleLocalsModule as EcmascriptChunkPlaceable>::chunk_item_content failed
- Execution of *EcmascriptChunkItemContent::new failed
- Execution of EcmascriptModuleContent::new failed
- the chunking context (unknown) does not support external modules (request: node:module)

Import trace:
  Client Component Browser:
    ./node_modules/@prisma/client/runtime/client.mjs [Client Component Browser]
    ./app/generated/prisma/internal/prismaNamespace.ts [Client Component Browser]
    ./app/generated/prisma/client.ts [Client Component Browser]
    ./lib/prisma.ts [Client Component Browser]
    ./lib/cleanup.ts [Client Component Browser]
    ./app/(manager)/settings/page.tsx [Client Component Browser]
    ./app/(manager)/settings/page.tsx [Server Component] @ http://localhost:3000/_next/static/chunks/node_modules_next_dist_115brz8._.js:3318
[ 1988595ms] [ERROR] ./node_modules/@prisma/client/runtime/client.mjs
Code generation for chunk item errored
An error occurred while generating the chunk item [project]/node_modules/@prisma/client/runtime/client.mjs [app-client] (ecmascript) <locals>

Caused by:
- the chunking context (unknown) does not support external modules (request: node:module)

Debug info:
- An error occurred while generating the chunk item [project]/node_modules/@prisma/client/runtime/client.mjs [app-client] (ecmascript) <locals>
- Execution of <EcmascriptModuleLocalsModule as EcmascriptChunkPlaceable>::chunk_item_content failed
- Execution of *EcmascriptChunkItemContent::new failed
- Execution of EcmascriptModuleContent::new failed
- the chunking context (unknown) does not support external modules (request: node:module)

Import trace:
  Client Component Browser:
    ./node_modules/@prisma/client/runtime/client.mjs [Client Component Browser]
    ./app/generated/prisma/internal/prismaNamespace.ts [Client Component Browser]
    ./app/generated/prisma/client.ts [Client Component Browser]
    ./lib/prisma.ts [Client Component Browser]
    ./lib/cleanup.ts [Client Component Browser]
    ./app/(manager)/settings/page.tsx [Client Component Browser]
    ./app/(manager)/settings/page.tsx [Server Component] @ http://localhost:3000/_next/static/chunks/node_modules_next_dist_115brz8._.js:3318
[ 1988650ms] [ERROR] ./node_modules/@prisma/client/runtime/client.mjs
Code generation for chunk item errored
An error occurred while generating the chunk item [project]/node_modules/@prisma/client/runtime/client.mjs [app-client] (ecmascript) <locals>

Caused by:
- the chunking context (unknown) does not support external modules (request: node:module)

Debug info:
- An error occurred while generating the chunk item [project]/node_modules/@prisma/client/runtime/client.mjs [app-client] (ecmascript) <locals>
- Execution of <EcmascriptModuleLocalsModule as EcmascriptChunkPlaceable>::chunk_item_content failed
- Execution of *EcmascriptChunkItemContent::new failed
- Execution of EcmascriptModuleContent::new failed
- the chunking context (unknown) does not support external modules (request: node:module)

Import trace:
  Client Component Browser:
    ./node_modules/@prisma/client/runtime/client.mjs [Client Component Browser]
    ./app/generated/prisma/internal/prismaNamespace.ts [Client Component Browser]
    ./app/generated/prisma/client.ts [Client Component Browser]
    ./lib/prisma.ts [Client Component Browser]
    ./lib/cleanup.ts [Client Component Browser]
    ./app/(manager)/settings/page.tsx [Client Component Browser]
    ./app/(manager)/settings/page.tsx [Server Component] @ http://localhost:3000/_next/static/chunks/node_modules_next_dist_115brz8._.js:3318
[ 1988707ms] [ERROR] ./node_modules/@prisma/client/runtime/client.mjs
Code generation for chunk item errored
An error occurred while generating the chunk item [project]/node_modules/@prisma/client/runtime/client.mjs [app-client] (ecmascript) <locals>

Caused by:
- the chunking context (unknown) does not support external modules (request: node:module)

Debug info:
- An error occurred while generating the chunk item [project]/node_modules/@prisma/client/runtime/client.mjs [app-client] (ecmascript) <locals>
- Execution of <EcmascriptModuleLocalsModule as EcmascriptChunkPlaceable>::chunk_item_content failed
- Execution of *EcmascriptChunkItemContent::new failed
- Execution of EcmascriptModuleContent::new failed
- the chunking context (unknown) does not support external modules (request: node:module)

Import trace:
  Client Component Browser:
    ./node_modules/@prisma/client/runtime/client.mjs [Client Component Browser]
    ./app/generated/prisma/internal/prismaNamespace.ts [Client Component Browser]
    ./app/generated/prisma/client.ts [Client Component Browser]
    ./lib/prisma.ts [Client Component Browser]
    ./lib/cleanup.ts [Client Component Browser]
    ./app/(manager)/settings/page.tsx [Client Component Browser]
    ./app/(manager)/settings/page.tsx [Server Component] @ http://localhost:3000/_next/static/chunks/node_modules_next_dist_115brz8._.js:3318
[ 1988760ms] [ERROR] ./node_modules/@prisma/client/runtime/client.mjs
Code generation for chunk item errored
An error occurred while generating the chunk item [project]/node_modules/@prisma/client/runtime/client.mjs [app-client] (ecmascript) <locals>

Caused by:
- the chunking context (unknown) does not support external modules (request: node:module)

Debug info:
- An error occurred while generating the chunk item [project]/node_modules/@prisma/client/runtime/client.mjs [app-client] (ecmascript) <locals>
- Execution of <EcmascriptModuleLocalsModule as EcmascriptChunkPlaceable>::chunk_item_content failed
- Execution of *EcmascriptChunkItemContent::new failed
- Execution of EcmascriptModuleContent::new failed
- the chunking context (unknown) does not support external modules (request: node:module)

Import trace:
  Client Component Browser:
    ./node_modules/@prisma/client/runtime/client.mjs [Client Component Browser]
    ./app/generated/prisma/internal/prismaNamespace.ts [Client Component Browser]
    ./app/generated/prisma/client.ts [Client Component Browser]
    ./lib/prisma.ts [Client Component Browser]
    ./lib/cleanup.ts [Client Component Browser]
    ./app/(manager)/settings/page.tsx [Client Component Browser]
    ./app/(manager)/settings/page.tsx [Server Component] @ http://localhost:3000/_next/static/chunks/node_modules_next_dist_115brz8._.js:3318
[ 1988817ms] [ERROR] ./node_modules/@prisma/client/runtime/client.mjs
Code generation for chunk item errored
An error occurred while generating the chunk item [project]/node_modules/@prisma/client/runtime/client.mjs [app-client] (ecmascript) <locals>

Caused by:
- the chunking context (unknown) does not support external modules (request: node:module)

Debug info:
- An error occurred while generating the chunk item [project]/node_modules/@prisma/client/runtime/client.mjs [app-client] (ecmascript) <locals>
- Execution of <EcmascriptModuleLocalsModule as EcmascriptChunkPlaceable>::chunk_item_content failed
- Execution of *EcmascriptChunkItemContent::new failed
- Execution of EcmascriptModuleContent::new failed
- the chunking context (unknown) does not support external modules (request: node:module)

Import trace:
  Client Component Browser:
    ./node_modules/@prisma/client/runtime/client.mjs [Client Component Browser]
    ./app/generated/prisma/internal/prismaNamespace.ts [Client Component Browser]
    ./app/generated/prisma/client.ts [Client Component Browser]
    ./lib/prisma.ts [Client Component Browser]
    ./lib/cleanup.ts [Client Component Browser]
    ./app/(manager)/settings/page.tsx [Client Component Browser]
    ./app/(manager)/settings/page.tsx [Server Component] @ http://localhost:3000/_next/static/chunks/node_modules_next_dist_115brz8._.js:3318
[ 1988876ms] [ERROR] ./node_modules/@prisma/client/runtime/client.mjs
Code generation for chunk item errored
An error occurred while generating the chunk item [project]/node_modules/@prisma/client/runtime/client.mjs [app-client] (ecmascript) <locals>

Caused by:
- the chunking context (unknown) does not support external modules (request: node:module)

Debug info:
- An error occurred while generating the chunk item [project]/node_modules/@prisma/client/runtime/client.mjs [app-client] (ecmascript) <locals>
- Execution of <EcmascriptModuleLocalsModule as EcmascriptChunkPlaceable>::chunk_item_content failed
- Execution of *EcmascriptChunkItemContent::new failed
- Execution of EcmascriptModuleContent::new failed
- the chunking context (unknown) does not support external modules (request: node:module)

Import trace:
  Client Component Browser:
    ./node_modules/@prisma/client/runtime/client.mjs [Client Component Browser]
    ./app/generated/prisma/internal/prismaNamespace.ts [Client Component Browser]
    ./app/generated/prisma/client.ts [Client Component Browser]
    ./lib/prisma.ts [Client Component Browser]
    ./lib/cleanup.ts [Client Component Browser]
    ./app/(manager)/settings/page.tsx [Client Component Browser]
    ./app/(manager)/settings/page.tsx [Server Component] @ http://localhost:3000/_next/static/chunks/node_modules_next_dist_115brz8._.js:3318
[ 1988931ms] [ERROR] ./node_modules/@prisma/client/runtime/client.mjs
Code generation for chunk item errored
An error occurred while generating the chunk item [project]/node_modules/@prisma/client/runtime/client.mjs [app-client] (ecmascript) <locals>

Caused by:
- the chunking context (unknown) does not support external modules (request: node:module)

Debug info:
- An error occurred while generating the chunk item [project]/node_modules/@prisma/client/runtime/client.mjs [app-client] (ecmascript) <locals>
- Execution of <EcmascriptModuleLocalsModule as EcmascriptChunkPlaceable>::chunk_item_content failed
- Execution of *EcmascriptChunkItemContent::new failed
- Execution of EcmascriptModuleContent::new failed
- the chunking context (unknown) does not support external modules (request: node:module)

Import trace:
  Client Component Browser:
    ./node_modules/@prisma/client/runtime/client.mjs [Client Component Browser]
    ./app/generated/prisma/internal/prismaNamespace.ts [Client Component Browser]
    ./app/generated/prisma/client.ts [Client Component Browser]
    ./lib/prisma.ts [Client Component Browser]
    ./lib/cleanup.ts [Client Component Browser]
    ./app/(manager)/settings/page.tsx [Client Component Browser]
    ./app/(manager)/settings/page.tsx [Server Component] @ http://localhost:3000/_next/static/chunks/node_modules_next_dist_115brz8._.js:3318
[ 1988977ms] [ERROR] ./node_modules/@prisma/client/runtime/client.mjs
Code generation for chunk item errored
An error occurred while generating the chunk item [project]/node_modules/@prisma/client/runtime/client.mjs [app-client] (ecmascript) <locals>

Caused by:
- the chunking context (unknown) does not support external modules (request: node:module)

Debug info:
- An error occurred while generating the chunk item [project]/node_modules/@prisma/client/runtime/client.mjs [app-client] (ecmascript) <locals>
- Execution of <EcmascriptModuleLocalsModule as EcmascriptChunkPlaceable>::chunk_item_content failed
- Execution of *EcmascriptChunkItemContent::new failed
- Execution of EcmascriptModuleContent::new failed
- the chunking context (unknown) does not support external modules (request: node:module)

Import trace:
  Client Component Browser:
    ./node_modules/@prisma/client/runtime/client.mjs [Client Component Browser]
    ./app/generated/prisma/internal/prismaNamespace.ts [Client Component Browser]
    ./app/generated/prisma/client.ts [Client Component Browser]
    ./lib/prisma.ts [Client Component Browser]
    ./lib/cleanup.ts [Client Component Browser]
    ./app/(manager)/settings/page.tsx [Client Component Browser]
    ./app/(manager)/settings/page.tsx [Server Component] @ http://localhost:3000/_next/static/chunks/node_modules_next_dist_115brz8._.js:3318
[ 1989034ms] [ERROR] ./node_modules/@prisma/client/runtime/client.mjs
Code generation for chunk item errored
An error occurred while generating the chunk item [project]/node_modules/@prisma/client/runtime/client.mjs [app-client] (ecmascript) <locals>

Caused by:
- the chunking context (unknown) does not support external modules (request: node:module)

Debug info:
- An error occurred while generating the chunk item [project]/node_modules/@prisma/client/runtime/client.mjs [app-client] (ecmascript) <locals>
- Execution of <EcmascriptModuleLocalsModule as EcmascriptChunkPlaceable>::chunk_item_content failed
- Execution of *EcmascriptChunkItemContent::new failed
- Execution of EcmascriptModuleContent::new failed
- the chunking context (unknown) does not support external modules (request: node:module)

Import trace:
  Client Component Browser:
    ./node_modules/@prisma/client/runtime/client.mjs [Client Component Browser]
    ./app/generated/prisma/internal/prismaNamespace.ts [Client Component Browser]
    ./app/generated/prisma/client.ts [Client Component Browser]
    ./lib/prisma.ts [Client Component Browser]
    ./lib/cleanup.ts [Client Component Browser]
    ./app/(manager)/settings/page.tsx [Client Component Browser]
    ./app/(manager)/settings/page.tsx [Server Component] @ http://localhost:3000/_next/static/chunks/node_modules_next_dist_115brz8._.js:3318
[ 1989091ms] [ERROR] ./node_modules/@prisma/client/runtime/client.mjs
Code generation for chunk item errored
An error occurred while generating the chunk item [project]/node_modules/@prisma/client/runtime/client.mjs [app-client] (ecmascript) <locals>

Caused by:
- the chunking context (unknown) does not support external modules (request: node:module)

Debug info:
- An error occurred while generating the chunk item [project]/node_modules/@prisma/client/runtime/client.mjs [app-client] (ecmascript) <locals>
- Execution of <EcmascriptModuleLocalsModule as EcmascriptChunkPlaceable>::chunk_item_content failed
- Execution of *EcmascriptChunkItemContent::new failed
- Execution of EcmascriptModuleContent::new failed
- the chunking context (unknown) does not support external modules (request: node:module)

Import trace:
  Client Component Browser:
    ./node_modules/@prisma/client/runtime/client.mjs [Client Component Browser]
    ./app/generated/prisma/internal/prismaNamespace.ts [Client Component Browser]
    ./app/generated/prisma/client.ts [Client Component Browser]
    ./lib/prisma.ts [Client Component Browser]
    ./lib/cleanup.ts [Client Component Browser]
    ./app/(manager)/settings/page.tsx [Client Component Browser]
    ./app/(manager)/settings/page.tsx [Server Component] @ http://localhost:3000/_next/static/chunks/node_modules_next_dist_115brz8._.js:3318
[ 1989149ms] [ERROR] ./node_modules/@prisma/client/runtime/client.mjs
Code generation for chunk item errored
An error occurred while generating the chunk item [project]/node_modules/@prisma/client/runtime/client.mjs [app-client] (ecmascript) <locals>

Caused by:
- the chunking context (unknown) does not support external modules (request: node:module)

Debug info:
- An error occurred while generating the chunk item [project]/node_modules/@prisma/client/runtime/client.mjs [app-client] (ecmascript) <locals>
- Execution of <EcmascriptModuleLocalsModule as EcmascriptChunkPlaceable>::chunk_item_content failed
- Execution of *EcmascriptChunkItemContent::new failed
- Execution of EcmascriptModuleContent::new failed
- the chunking context (unknown) does not support external modules (request: node:module)

Import trace:
  Client Component Browser:
    ./node_modules/@prisma/client/runtime/client.mjs [Client Component Browser]
    ./app/generated/prisma/internal/prismaNamespace.ts [Client Component Browser]
    ./app/generated/prisma/client.ts [Client Component Browser]
    ./lib/prisma.ts [Client Component Browser]
    ./lib/cleanup.ts [Client Component Browser]
    ./app/(manager)/settings/page.tsx [Client Component Browser]
    ./app/(manager)/settings/page.tsx [Server Component] @ http://localhost:3000/_next/static/chunks/node_modules_next_dist_115brz8._.js:3318
[ 1989203ms] [ERROR] ./node_modules/@prisma/client/runtime/client.mjs
Code generation for chunk item errored
An error occurred while generating the chunk item [project]/node_modules/@prisma/client/runtime/client.mjs [app-client] (ecmascript) <locals>

Caused by:
- the chunking context (unknown) does not support external modules (request: node:module)

Debug info:
- An error occurred while generating the chunk item [project]/node_modules/@prisma/client/runtime/client.mjs [app-client] (ecmascript) <locals>
- Execution of <EcmascriptModuleLocalsModule as EcmascriptChunkPlaceable>::chunk_item_content failed
- Execution of *EcmascriptChunkItemContent::new failed
- Execution of EcmascriptModuleContent::new failed
- the chunking context (unknown) does not support external modules (request: node:module)

Import trace:
  Client Component Browser:
    ./node_modules/@prisma/client/runtime/client.mjs [Client Component Browser]
    ./app/generated/prisma/internal/prismaNamespace.ts [Client Component Browser]
    ./app/generated/prisma/client.ts [Client Component Browser]
    ./lib/prisma.ts [Client Component Browser]
    ./lib/cleanup.ts [Client Component Browser]
    ./app/(manager)/settings/page.tsx [Client Component Browser]
    ./app/(manager)/settings/page.tsx [Server Component] @ http://localhost:3000/_next/static/chunks/node_modules_next_dist_115brz8._.js:3318
[ 1989257ms] [ERROR] ./node_modules/@prisma/client/runtime/client.mjs
Code generation for chunk item errored
An error occurred while generating the chunk item [project]/node_modules/@prisma/client/runtime/client.mjs [app-client] (ecmascript) <locals>

Caused by:
- the chunking context (unknown) does not support external modules (request: node:module)

Debug info:
- An error occurred while generating the chunk item [project]/node_modules/@prisma/client/runtime/client.mjs [app-client] (ecmascript) <locals>
- Execution of <EcmascriptModuleLocalsModule as EcmascriptChunkPlaceable>::chunk_item_content failed
- Execution of *EcmascriptChunkItemContent::new failed
- Execution of EcmascriptModuleContent::new failed
- the chunking context (unknown) does not support external modules (request: node:module)

Import trace:
  Client Component Browser:
    ./node_modules/@prisma/client/runtime/client.mjs [Client Component Browser]
    ./app/generated/prisma/internal/prismaNamespace.ts [Client Component Browser]
    ./app/generated/prisma/client.ts [Client Component Browser]
    ./lib/prisma.ts [Client Component Browser]
    ./lib/cleanup.ts [Client Component Browser]
    ./app/(manager)/settings/page.tsx [Client Component Browser]
    ./app/(manager)/settings/page.tsx [Server Component] @ http://localhost:3000/_next/static/chunks/node_modules_next_dist_115brz8._.js:3318
[ 1989323ms] [ERROR] ./node_modules/@prisma/client/runtime/client.mjs
Code generation for chunk item errored
An error occurred while generating the chunk item [project]/node_modules/@prisma/client/runtime/client.mjs [app-client] (ecmascript) <locals>

Caused by:
- the chunking context (unknown) does not support external modules (request: node:module)

Debug info:
- An error occurred while generating the chunk item [project]/node_modules/@prisma/client/runtime/client.mjs [app-client] (ecmascript) <locals>
- Execution of <EcmascriptModuleLocalsModule as EcmascriptChunkPlaceable>::chunk_item_content failed
- Execution of *EcmascriptChunkItemContent::new failed
- Execution of EcmascriptModuleContent::new failed
- the chunking context (unknown) does not support external modules (request: node:module)

Import trace:
  Client Component Browser:
    ./node_modules/@prisma/client/runtime/client.mjs [Client Component Browser]
    ./app/generated/prisma/internal/prismaNamespace.ts [Client Component Browser]
    ./app/generated/prisma/client.ts [Client Component Browser]
    ./lib/prisma.ts [Client Component Browser]
    ./lib/cleanup.ts [Client Component Browser]
    ./app/(manager)/settings/page.tsx [Client Component Browser]
    ./app/(manager)/settings/page.tsx [Server Component] @ http://localhost:3000/_next/static/chunks/node_modules_next_dist_115brz8._.js:3318
[ 1989376ms] [ERROR] ./node_modules/@prisma/client/runtime/client.mjs
Code generation for chunk item errored
An error occurred while generating the chunk item [project]/node_modules/@prisma/client/runtime/client.mjs [app-client] (ecmascript) <locals>

Caused by:
- the chunking context (unknown) does not support external modules (request: node:module)

Debug info:
- An error occurred while generating the chunk item [project]/node_modules/@prisma/client/runtime/client.mjs [app-client] (ecmascript) <locals>
- Execution of <EcmascriptModuleLocalsModule as EcmascriptChunkPlaceable>::chunk_item_content failed
- Execution of *EcmascriptChunkItemContent::new failed
- Execution of EcmascriptModuleContent::new failed
- the chunking context (unknown) does not support external modules (request: node:module)

Import trace:
  Client Component Browser:
    ./node_modules/@prisma/client/runtime/client.mjs [Client Component Browser]
    ./app/generated/prisma/internal/prismaNamespace.ts [Client Component Browser]
    ./app/generated/prisma/client.ts [Client Component Browser]
    ./lib/prisma.ts [Client Component Browser]
    ./lib/cleanup.ts [Client Component Browser]
    ./app/(manager)/settings/page.tsx [Client Component Browser]
    ./app/(manager)/settings/page.tsx [Server Component] @ http://localhost:3000/_next/static/chunks/node_modules_next_dist_115brz8._.js:3318
[ 1989431ms] [ERROR] ./node_modules/@prisma/client/runtime/client.mjs
Code generation for chunk item errored
An error occurred while generating the chunk item [project]/node_modules/@prisma/client/runtime/client.mjs [app-client] (ecmascript) <locals>

Caused by:
- the chunking context (unknown) does not support external modules (request: node:module)

Debug info:
- An error occurred while generating the chunk item [project]/node_modules/@prisma/client/runtime/client.mjs [app-client] (ecmascript) <locals>
- Execution of <EcmascriptModuleLocalsModule as EcmascriptChunkPlaceable>::chunk_item_content failed
- Execution of *EcmascriptChunkItemContent::new failed
- Execution of EcmascriptModuleContent::new failed
- the chunking context (unknown) does not support external modules (request: node:module)

Import trace:
  Client Component Browser:
    ./node_modules/@prisma/client/runtime/client.mjs [Client Component Browser]
    ./app/generated/prisma/internal/prismaNamespace.ts [Client Component Browser]
    ./app/generated/prisma/client.ts [Client Component Browser]
    ./lib/prisma.ts [Client Component Browser]
    ./lib/cleanup.ts [Client Component Browser]
    ./app/(manager)/settings/page.tsx [Client Component Browser]
    ./app/(manager)/settings/page.tsx [Server Component] @ http://localhost:3000/_next/static/chunks/node_modules_next_dist_115brz8._.js:3318
[ 1989491ms] [ERROR] ./node_modules/@prisma/client/runtime/client.mjs
Code generation for chunk item errored
An error occurred while generating the chunk item [project]/node_modules/@prisma/client/runtime/client.mjs [app-client] (ecmascript) <locals>

Caused by:
- the chunking context (unknown) does not support external modules (request: node:module)

Debug info:
- An error occurred while generating the chunk item [project]/node_modules/@prisma/client/runtime/client.mjs [app-client] (ecmascript) <locals>
- Execution of <EcmascriptModuleLocalsModule as EcmascriptChunkPlaceable>::chunk_item_content failed
- Execution of *EcmascriptChunkItemContent::new failed
- Execution of EcmascriptModuleContent::new failed
- the chunking context (unknown) does not support external modules (request: node:module)

Import trace:
  Client Component Browser:
    ./node_modules/@prisma/client/runtime/client.mjs [Client Component Browser]
    ./app/generated/prisma/internal/prismaNamespace.ts [Client Component Browser]
    ./app/generated/prisma/client.ts [Client Component Browser]
    ./lib/prisma.ts [Client Component Browser]
    ./lib/cleanup.ts [Client Component Browser]
    ./app/(manager)/settings/page.tsx [Client Component Browser]
    ./app/(manager)/settings/page.tsx [Server Component] @ http://localhost:3000/_next/static/chunks/node_modules_next_dist_115brz8._.js:3318
[ 1989543ms] [ERROR] ./node_modules/@prisma/client/runtime/client.mjs
Code generation for chunk item errored
An error occurred while generating the chunk item [project]/node_modules/@prisma/client/runtime/client.mjs [app-client] (ecmascript) <locals>

Caused by:
- the chunking context (unknown) does not support external modules (request: node:module)

Debug info:
- An error occurred while generating the chunk item [project]/node_modules/@prisma/client/runtime/client.mjs [app-client] (ecmascript) <locals>
- Execution of <EcmascriptModuleLocalsModule as EcmascriptChunkPlaceable>::chunk_item_content failed
- Execution of *EcmascriptChunkItemContent::new failed
- Execution of EcmascriptModuleContent::new failed
- the chunking context (unknown) does not support external modules (request: node:module)

Import trace:
  Client Component Browser:
    ./node_modules/@prisma/client/runtime/client.mjs [Client Component Browser]
    ./app/generated/prisma/internal/prismaNamespace.ts [Client Component Browser]
    ./app/generated/prisma/client.ts [Client Component Browser]
    ./lib/prisma.ts [Client Component Browser]
    ./lib/cleanup.ts [Client Component Browser]
    ./app/(manager)/settings/page.tsx [Client Component Browser]
    ./app/(manager)/settings/page.tsx [Server Component] @ http://localhost:3000/_next/static/chunks/node_modules_next_dist_115brz8._.js:3318
[ 1989597ms] [ERROR] ./node_modules/@prisma/client/runtime/client.mjs
Code generation for chunk item errored
An error occurred while generating the chunk item [project]/node_modules/@prisma/client/runtime/client.mjs [app-client] (ecmascript) <locals>

Caused by:
- the chunking context (unknown) does not support external modules (request: node:module)

Debug info:
- An error occurred while generating the chunk item [project]/node_modules/@prisma/client/runtime/client.mjs [app-client] (ecmascript) <locals>
- Execution of <EcmascriptModuleLocalsModule as EcmascriptChunkPlaceable>::chunk_item_content failed
- Execution of *EcmascriptChunkItemContent::new failed
- Execution of EcmascriptModuleContent::new failed
- the chunking context (unknown) does not support external modules (request: node:module)

Import trace:
  Client Component Browser:
    ./node_modules/@prisma/client/runtime/client.mjs [Client Component Browser]
    ./app/generated/prisma/internal/prismaNamespace.ts [Client Component Browser]
    ./app/generated/prisma/client.ts [Client Component Browser]
    ./lib/prisma.ts [Client Component Browser]
    ./lib/cleanup.ts [Client Component Browser]
    ./app/(manager)/settings/page.tsx [Client Component Browser]
    ./app/(manager)/settings/page.tsx [Server Component] @ http://localhost:3000/_next/static/chunks/node_modules_next_dist_115brz8._.js:3318
[ 1989652ms] [ERROR] ./node_modules/@prisma/client/runtime/client.mjs
Code generation for chunk item errored
An error occurred while generating the chunk item [project]/node_modules/@prisma/client/runtime/client.mjs [app-client] (ecmascript) <locals>

Caused by:
- the chunking context (unknown) does not support external modules (request: node:module)

Debug info:
- An error occurred while generating the chunk item [project]/node_modules/@prisma/client/runtime/client.mjs [app-client] (ecmascript) <locals>
- Execution of <EcmascriptModuleLocalsModule as EcmascriptChunkPlaceable>::chunk_item_content failed
- Execution of *EcmascriptChunkItemContent::new failed
- Execution of EcmascriptModuleContent::new failed
- the chunking context (unknown) does not support external modules (request: node:module)

Import trace:
  Client Component Browser:
    ./node_modules/@prisma/client/runtime/client.mjs [Client Component Browser]
    ./app/generated/prisma/internal/prismaNamespace.ts [Client Component Browser]
    ./app/generated/prisma/client.ts [Client Component Browser]
    ./lib/prisma.ts [Client Component Browser]
    ./lib/cleanup.ts [Client Component Browser]
    ./app/(manager)/settings/page.tsx [Client Component Browser]
    ./app/(manager)/settings/page.tsx [Server Component] @ http://localhost:3000/_next/static/chunks/node_modules_next_dist_115brz8._.js:3318
[ 1989708ms] [ERROR] ./node_modules/@prisma/client/runtime/client.mjs
Code generation for chunk item errored
An error occurred while generating the chunk item [project]/node_modules/@prisma/client/runtime/client.mjs [app-client] (ecmascript) <locals>

Caused by:
- the chunking context (unknown) does not support external modules (request: node:module)

Debug info:
- An error occurred while generating the chunk item [project]/node_modules/@prisma/client/runtime/client.mjs [app-client] (ecmascript) <locals>
- Execution of <EcmascriptModuleLocalsModule as EcmascriptChunkPlaceable>::chunk_item_content failed
- Execution of *EcmascriptChunkItemContent::new failed
- Execution of EcmascriptModuleContent::new failed
- the chunking context (unknown) does not support external modules (request: node:module)

Import trace:
  Client Component Browser:
    ./node_modules/@prisma/client/runtime/client.mjs [Client Component Browser]
    ./app/generated/prisma/internal/prismaNamespace.ts [Client Component Browser]
    ./app/generated/prisma/client.ts [Client Component Browser]
    ./lib/prisma.ts [Client Component Browser]
    ./lib/cleanup.ts [Client Component Browser]
    ./app/(manager)/settings/page.tsx [Client Component Browser]
    ./app/(manager)/settings/page.tsx [Server Component] @ http://localhost:3000/_next/static/chunks/node_modules_next_dist_115brz8._.js:3318
[ 1989762ms] [ERROR] ./node_modules/@prisma/client/runtime/client.mjs
Code generation for chunk item errored
An error occurred while generating the chunk item [project]/node_modules/@prisma/client/runtime/client.mjs [app-client] (ecmascript) <locals>

Caused by:
- the chunking context (unknown) does not support external modules (request: node:module)

Debug info:
- An error occurred while generating the chunk item [project]/node_modules/@prisma/client/runtime/client.mjs [app-client] (ecmascript) <locals>
- Execution of <EcmascriptModuleLocalsModule as EcmascriptChunkPlaceable>::chunk_item_content failed
- Execution of *EcmascriptChunkItemContent::new failed
- Execution of EcmascriptModuleContent::new failed
- the chunking context (unknown) does not support external modules (request: node:module)

Import trace:
  Client Component Browser:
    ./node_modules/@prisma/client/runtime/client.mjs [Client Component Browser]
    ./app/generated/prisma/internal/prismaNamespace.ts [Client Component Browser]
    ./app/generated/prisma/client.ts [Client Component Browser]
    ./lib/prisma.ts [Client Component Browser]
    ./lib/cleanup.ts [Client Component Browser]
    ./app/(manager)/settings/page.tsx [Client Component Browser]
    ./app/(manager)/settings/page.tsx [Server Component] @ http://localhost:3000/_next/static/chunks/node_modules_next_dist_115brz8._.js:3318
[ 1989824ms] [ERROR] ./node_modules/@prisma/client/runtime/client.mjs
Code generation for chunk item errored
An error occurred while generating the chunk item [project]/node_modules/@prisma/client/runtime/client.mjs [app-client] (ecmascript) <locals>

Caused by:
- the chunking context (unknown) does not support external modules (request: node:module)

Debug info:
- An error occurred while generating the chunk item [project]/node_modules/@prisma/client/runtime/client.mjs [app-client] (ecmascript) <locals>
- Execution of <EcmascriptModuleLocalsModule as EcmascriptChunkPlaceable>::chunk_item_content failed
- Execution of *EcmascriptChunkItemContent::new failed
- Execution of EcmascriptModuleContent::new failed
- the chunking context (unknown) does not support external modules (request: node:module)

Import trace:
  Client Component Browser:
    ./node_modules/@prisma/client/runtime/client.mjs [Client Component Browser]
    ./app/generated/prisma/internal/prismaNamespace.ts [Client Component Browser]
    ./app/generated/prisma/client.ts [Client Component Browser]
    ./lib/prisma.ts [Client Component Browser]
    ./lib/cleanup.ts [Client Component Browser]
    ./app/(manager)/settings/page.tsx [Client Component Browser]
    ./app/(manager)/settings/page.tsx [Server Component] @ http://localhost:3000/_next/static/chunks/node_modules_next_dist_115brz8._.js:3318
[ 1989880ms] [ERROR] ./node_modules/@prisma/client/runtime/client.mjs
Code generation for chunk item errored
An error occurred while generating the chunk item [project]/node_modules/@prisma/client/runtime/client.mjs [app-client] (ecmascript) <locals>

Caused by:
- the chunking context (unknown) does not support external modules (request: node:module)

Debug info:
- An error occurred while generating the chunk item [project]/node_modules/@prisma/client/runtime/client.mjs [app-client] (ecmascript) <locals>
- Execution of <EcmascriptModuleLocalsModule as EcmascriptChunkPlaceable>::chunk_item_content failed
- Execution of *EcmascriptChunkItemContent::new failed
- Execution of EcmascriptModuleContent::new failed
- the chunking context (unknown) does not support external modules (request: node:module)

Import trace:
  Client Component Browser:
    ./node_modules/@prisma/client/runtime/client.mjs [Client Component Browser]
    ./app/generated/prisma/internal/prismaNamespace.ts [Client Component Browser]
    ./app/generated/prisma/client.ts [Client Component Browser]
    ./lib/prisma.ts [Client Component Browser]
    ./lib/cleanup.ts [Client Component Browser]
    ./app/(manager)/settings/page.tsx [Client Component Browser]
    ./app/(manager)/settings/page.tsx [Server Component] @ http://localhost:3000/_next/static/chunks/node_modules_next_dist_115brz8._.js:3318
[ 1989934ms] [ERROR] ./node_modules/@prisma/client/runtime/client.mjs
Code generation for chunk item errored
An error occurred while generating the chunk item [project]/node_modules/@prisma/client/runtime/client.mjs [app-client] (ecmascript) <locals>

Caused by:
- the chunking context (unknown) does not support external modules (request: node:module)

Debug info:
- An error occurred while generating the chunk item [project]/node_modules/@prisma/client/runtime/client.mjs [app-client] (ecmascript) <locals>
- Execution of <EcmascriptModuleLocalsModule as EcmascriptChunkPlaceable>::chunk_item_content failed
- Execution of *EcmascriptChunkItemContent::new failed
- Execution of EcmascriptModuleContent::new failed
- the chunking context (unknown) does not support external modules (request: node:module)

Import trace:
  Client Component Browser:
    ./node_modules/@prisma/client/runtime/client.mjs [Client Component Browser]
    ./app/generated/prisma/internal/prismaNamespace.ts [Client Component Browser]
    ./app/generated/prisma/client.ts [Client Component Browser]
    ./lib/prisma.ts [Client Component Browser]
    ./lib/cleanup.ts [Client Component Browser]
    ./app/(manager)/settings/page.tsx [Client Component Browser]
    ./app/(manager)/settings/page.tsx [Server Component] @ http://localhost:3000/_next/static/chunks/node_modules_next_dist_115brz8._.js:3318
[ 1989990ms] [ERROR] ./node_modules/@prisma/client/runtime/client.mjs
Code generation for chunk item errored
An error occurred while generating the chunk item [project]/node_modules/@prisma/client/runtime/client.mjs [app-client] (ecmascript) <locals>

Caused by:
- the chunking context (unknown) does not support external modules (request: node:module)

Debug info:
- An error occurred while generating the chunk item [project]/node_modules/@prisma/client/runtime/client.mjs [app-client] (ecmascript) <locals>
- Execution of <EcmascriptModuleLocalsModule as EcmascriptChunkPlaceable>::chunk_item_content failed
- Execution of *EcmascriptChunkItemContent::new failed
- Execution of EcmascriptModuleContent::new failed
- the chunking context (unknown) does not support external modules (request: node:module)

Import trace:
  Client Component Browser:
    ./node_modules/@prisma/client/runtime/client.mjs [Client Component Browser]
    ./app/generated/prisma/internal/prismaNamespace.ts [Client Component Browser]
    ./app/generated/prisma/client.ts [Client Component Browser]
    ./lib/prisma.ts [Client Component Browser]
    ./lib/cleanup.ts [Client Component Browser]
    ./app/(manager)/settings/page.tsx [Client Component Browser]
    ./app/(manager)/settings/page.tsx [Server Component] @ http://localhost:3000/_next/static/chunks/node_modules_next_dist_115brz8._.js:3318
[ 1990045ms] [ERROR] ./node_modules/@prisma/client/runtime/client.mjs
Code generation for chunk item errored
An error occurred while generating the chunk item [project]/node_modules/@prisma/client/runtime/client.mjs [app-client] (ecmascript) <locals>

Caused by:
- the chunking context (unknown) does not support external modules (request: node:module)

Debug info:
- An error occurred while generating the chunk item [project]/node_modules/@prisma/client/runtime/client.mjs [app-client] (ecmascript) <locals>
- Execution of <EcmascriptModuleLocalsModule as EcmascriptChunkPlaceable>::chunk_item_content failed
- Execution of *EcmascriptChunkItemContent::new failed
- Execution of EcmascriptModuleContent::new failed
- the chunking context (unknown) does not support external modules (request: node:module)

Import trace:
  Client Component Browser:
    ./node_modules/@prisma/client/runtime/client.mjs [Client Component Browser]
    ./app/generated/prisma/internal/prismaNamespace.ts [Client Component Browser]
    ./app/generated/prisma/client.ts [Client Component Browser]
    ./lib/prisma.ts [Client Component Browser]
    ./lib/cleanup.ts [Client Component Browser]
    ./app/(manager)/settings/page.tsx [Client Component Browser]
    ./app/(manager)/settings/page.tsx [Server Component] @ http://localhost:3000/_next/static/chunks/node_modules_next_dist_115brz8._.js:3318
[ 1990101ms] [ERROR] ./node_modules/@prisma/client/runtime/client.mjs
Code generation for chunk item errored
An error occurred while generating the chunk item [project]/node_modules/@prisma/client/runtime/client.mjs [app-client] (ecmascript) <locals>

Caused by:
- the chunking context (unknown) does not support external modules (request: node:module)

Debug info:
- An error occurred while generating the chunk item [project]/node_modules/@prisma/client/runtime/client.mjs [app-client] (ecmascript) <locals>
- Execution of <EcmascriptModuleLocalsModule as EcmascriptChunkPlaceable>::chunk_item_content failed
- Execution of *EcmascriptChunkItemContent::new failed
- Execution of EcmascriptModuleContent::new failed
- the chunking context (unknown) does not support external modules (request: node:module)

Import trace:
  Client Component Browser:
    ./node_modules/@prisma/client/runtime/client.mjs [Client Component Browser]
    ./app/generated/prisma/internal/prismaNamespace.ts [Client Component Browser]
    ./app/generated/prisma/client.ts [Client Component Browser]
    ./lib/prisma.ts [Client Component Browser]
    ./lib/cleanup.ts [Client Component Browser]
    ./app/(manager)/settings/page.tsx [Client Component Browser]
    ./app/(manager)/settings/page.tsx [Server Component] @ http://localhost:3000/_next/static/chunks/node_modules_next_dist_115brz8._.js:3318
[ 1990165ms] [ERROR] ./node_modules/@prisma/client/runtime/client.mjs
Code generation for chunk item errored
An error occurred while generating the chunk item [project]/node_modules/@prisma/client/runtime/client.mjs [app-client] (ecmascript) <locals>

Caused by:
- the chunking context (unknown) does not support external modules (request: node:module)

Debug info:
- An error occurred while generating the chunk item [project]/node_modules/@prisma/client/runtime/client.mjs [app-client] (ecmascript) <locals>
- Execution of <EcmascriptModuleLocalsModule as EcmascriptChunkPlaceable>::chunk_item_content failed
- Execution of *EcmascriptChunkItemContent::new failed
- Execution of EcmascriptModuleContent::new failed
- the chunking context (unknown) does not support external modules (request: node:module)

Import trace:
  Client Component Browser:
    ./node_modules/@prisma/client/runtime/client.mjs [Client Component Browser]
    ./app/generated/prisma/internal/prismaNamespace.ts [Client Component Browser]
    ./app/generated/prisma/client.ts [Client Component Browser]
    ./lib/prisma.ts [Client Component Browser]
    ./lib/cleanup.ts [Client Component Browser]
    ./app/(manager)/settings/page.tsx [Client Component Browser]
    ./app/(manager)/settings/page.tsx [Server Component] @ http://localhost:3000/_next/static/chunks/node_modules_next_dist_115brz8._.js:3318
[ 1990218ms] [ERROR] ./node_modules/@prisma/client/runtime/client.mjs
Code generation for chunk item errored
An error occurred while generating the chunk item [project]/node_modules/@prisma/client/runtime/client.mjs [app-client] (ecmascript) <locals>

Caused by:
- the chunking context (unknown) does not support external modules (request: node:module)

Debug info:
- An error occurred while generating the chunk item [project]/node_modules/@prisma/client/runtime/client.mjs [app-client] (ecmascript) <locals>
- Execution of <EcmascriptModuleLocalsModule as EcmascriptChunkPlaceable>::chunk_item_content failed
- Execution of *EcmascriptChunkItemContent::new failed
- Execution of EcmascriptModuleContent::new failed
- the chunking context (unknown) does not support external modules (request: node:module)

Import trace:
  Client Component Browser:
    ./node_modules/@prisma/client/runtime/client.mjs [Client Component Browser]
    ./app/generated/prisma/internal/prismaNamespace.ts [Client Component Browser]
    ./app/generated/prisma/client.ts [Client Component Browser]
    ./lib/prisma.ts [Client Component Browser]
    ./lib/cleanup.ts [Client Component Browser]
    ./app/(manager)/settings/page.tsx [Client Component Browser]
    ./app/(manager)/settings/page.tsx [Server Component] @ http://localhost:3000/_next/static/chunks/node_modules_next_dist_115brz8._.js:3318
[ 1990273ms] [ERROR] ./node_modules/@prisma/client/runtime/client.mjs
Code generation for chunk item errored
An error occurred while generating the chunk item [project]/node_modules/@prisma/client/runtime/client.mjs [app-client] (ecmascript) <locals>

Caused by:
- the chunking context (unknown) does not support external modules (request: node:module)

Debug info:
- An error occurred while generating the chunk item [project]/node_modules/@prisma/client/runtime/client.mjs [app-client] (ecmascript) <locals>
- Execution of <EcmascriptModuleLocalsModule as EcmascriptChunkPlaceable>::chunk_item_content failed
- Execution of *EcmascriptChunkItemContent::new failed
- Execution of EcmascriptModuleContent::new failed
- the chunking context (unknown) does not support external modules (request: node:module)

Import trace:
  Client Component Browser:
    ./node_modules/@prisma/client/runtime/client.mjs [Client Component Browser]
    ./app/generated/prisma/internal/prismaNamespace.ts [Client Component Browser]
    ./app/generated/prisma/client.ts [Client Component Browser]
    ./lib/prisma.ts [Client Component Browser]
    ./lib/cleanup.ts [Client Component Browser]
    ./app/(manager)/settings/page.tsx [Client Component Browser]
    ./app/(manager)/settings/page.tsx [Server Component] @ http://localhost:3000/_next/static/chunks/node_modules_next_dist_115brz8._.js:3318
[ 1990336ms] [ERROR] ./node_modules/@prisma/client/runtime/client.mjs
Code generation for chunk item errored
An error occurred while generating the chunk item [project]/node_modules/@prisma/client/runtime/client.mjs [app-client] (ecmascript) <locals>

Caused by:
- the chunking context (unknown) does not support external modules (request: node:module)

Debug info:
- An error occurred while generating the chunk item [project]/node_modules/@prisma/client/runtime/client.mjs [app-client] (ecmascript) <locals>
- Execution of <EcmascriptModuleLocalsModule as EcmascriptChunkPlaceable>::chunk_item_content failed
- Execution of *EcmascriptChunkItemContent::new failed
- Execution of EcmascriptModuleContent::new failed
- the chunking context (unknown) does not support external modules (request: node:module)

Import trace:
  Client Component Browser:
    ./node_modules/@prisma/client/runtime/client.mjs [Client Component Browser]
    ./app/generated/prisma/internal/prismaNamespace.ts [Client Component Browser]
    ./app/generated/prisma/client.ts [Client Component Browser]
    ./lib/prisma.ts [Client Component Browser]
    ./lib/cleanup.ts [Client Component Browser]
    ./app/(manager)/settings/page.tsx [Client Component Browser]
    ./app/(manager)/settings/page.tsx [Server Component] @ http://localhost:3000/_next/static/chunks/node_modules_next_dist_115brz8._.js:3318
[ 1990390ms] [ERROR] ./node_modules/@prisma/client/runtime/client.mjs
Code generation for chunk item errored
An error occurred while generating the chunk item [project]/node_modules/@prisma/client/runtime/client.mjs [app-client] (ecmascript) <locals>

Caused by:
- the chunking context (unknown) does not support external modules (request: node:module)

Debug info:
- An error occurred while generating the chunk item [project]/node_modules/@prisma/client/runtime/client.mjs [app-client] (ecmascript) <locals>
- Execution of <EcmascriptModuleLocalsModule as EcmascriptChunkPlaceable>::chunk_item_content failed
- Execution of *EcmascriptChunkItemContent::new failed
- Execution of EcmascriptModuleContent::new failed
- the chunking context (unknown) does not support external modules (request: node:module)

Import trace:
  Client Component Browser:
    ./node_modules/@prisma/client/runtime/client.mjs [Client Component Browser]
    ./app/generated/prisma/internal/prismaNamespace.ts [Client Component Browser]
    ./app/generated/prisma/client.ts [Client Component Browser]
    ./lib/prisma.ts [Client Component Browser]
    ./lib/cleanup.ts [Client Component Browser]
    ./app/(manager)/settings/page.tsx [Client Component Browser]
    ./app/(manager)/settings/page.tsx [Server Component] @ http://localhost:3000/_next/static/chunks/node_modules_next_dist_115brz8._.js:3318
[ 1990451ms] [ERROR] ./node_modules/@prisma/client/runtime/client.mjs
Code generation for chunk item errored
An error occurred while generating the chunk item [project]/node_modules/@prisma/client/runtime/client.mjs [app-client] (ecmascript) <locals>

Caused by:
- the chunking context (unknown) does not support external modules (request: node:module)

Debug info:
- An error occurred while generating the chunk item [project]/node_modules/@prisma/client/runtime/client.mjs [app-client] (ecmascript) <locals>
- Execution of <EcmascriptModuleLocalsModule as EcmascriptChunkPlaceable>::chunk_item_content failed
- Execution of *EcmascriptChunkItemContent::new failed
- Execution of EcmascriptModuleContent::new failed
- the chunking context (unknown) does not support external modules (request: node:module)

Import trace:
  Client Component Browser:
    ./node_modules/@prisma/client/runtime/client.mjs [Client Component Browser]
    ./app/generated/prisma/internal/prismaNamespace.ts [Client Component Browser]
    ./app/generated/prisma/client.ts [Client Component Browser]
    ./lib/prisma.ts [Client Component Browser]
    ./lib/cleanup.ts [Client Component Browser]
    ./app/(manager)/settings/page.tsx [Client Component Browser]
    ./app/(manager)/settings/page.tsx [Server Component] @ http://localhost:3000/_next/static/chunks/node_modules_next_dist_115brz8._.js:3318
[ 1990506ms] [ERROR] ./node_modules/@prisma/client/runtime/client.mjs
Code generation for chunk item errored
An error occurred while generating the chunk item [project]/node_modules/@prisma/client/runtime/client.mjs [app-client] (ecmascript) <locals>

Caused by:
- the chunking context (unknown) does not support external modules (request: node:module)

Debug info:
- An error occurred while generating the chunk item [project]/node_modules/@prisma/client/runtime/client.mjs [app-client] (ecmascript) <locals>
- Execution of <EcmascriptModuleLocalsModule as EcmascriptChunkPlaceable>::chunk_item_content failed
- Execution of *EcmascriptChunkItemContent::new failed
- Execution of EcmascriptModuleContent::new failed
- the chunking context (unknown) does not support external modules (request: node:module)

Import trace:
  Client Component Browser:
    ./node_modules/@prisma/client/runtime/client.mjs [Client Component Browser]
    ./app/generated/prisma/internal/prismaNamespace.ts [Client Component Browser]
    ./app/generated/prisma/client.ts [Client Component Browser]
    ./lib/prisma.ts [Client Component Browser]
    ./lib/cleanup.ts [Client Component Browser]
    ./app/(manager)/settings/page.tsx [Client Component Browser]
    ./app/(manager)/settings/page.tsx [Server Component] @ http://localhost:3000/_next/static/chunks/node_modules_next_dist_115brz8._.js:3318
[ 1990560ms] [ERROR] ./node_modules/@prisma/client/runtime/client.mjs
Code generation for chunk item errored
An error occurred while generating the chunk item [project]/node_modules/@prisma/client/runtime/client.mjs [app-client] (ecmascript) <locals>

Caused by:
- the chunking context (unknown) does not support external modules (request: node:module)

Debug info:
- An error occurred while generating the chunk item [project]/node_modules/@prisma/client/runtime/client.mjs [app-client] (ecmascript) <locals>
- Execution of <EcmascriptModuleLocalsModule as EcmascriptChunkPlaceable>::chunk_item_content failed
- Execution of *EcmascriptChunkItemContent::new failed
- Execution of EcmascriptModuleContent::new failed
- the chunking context (unknown) does not support external modules (request: node:module)

Import trace:
  Client Component Browser:
    ./node_modules/@prisma/client/runtime/client.mjs [Client Component Browser]
    ./app/generated/prisma/internal/prismaNamespace.ts [Client Component Browser]
    ./app/generated/prisma/client.ts [Client Component Browser]
    ./lib/prisma.ts [Client Component Browser]
    ./lib/cleanup.ts [Client Component Browser]
    ./app/(manager)/settings/page.tsx [Client Component Browser]
    ./app/(manager)/settings/page.tsx [Server Component] @ http://localhost:3000/_next/static/chunks/node_modules_next_dist_115brz8._.js:3318
[ 1990616ms] [ERROR] ./node_modules/@prisma/client/runtime/client.mjs
Code generation for chunk item errored
An error occurred while generating the chunk item [project]/node_modules/@prisma/client/runtime/client.mjs [app-client] (ecmascript) <locals>

Caused by:
- the chunking context (unknown) does not support external modules (request: node:module)

Debug info:
- An error occurred while generating the chunk item [project]/node_modules/@prisma/client/runtime/client.mjs [app-client] (ecmascript) <locals>
- Execution of <EcmascriptModuleLocalsModule as EcmascriptChunkPlaceable>::chunk_item_content failed
- Execution of *EcmascriptChunkItemContent::new failed
- Execution of EcmascriptModuleContent::new failed
- the chunking context (unknown) does not support external modules (request: node:module)

Import trace:
  Client Component Browser:
    ./node_modules/@prisma/client/runtime/client.mjs [Client Component Browser]
    ./app/generated/prisma/internal/prismaNamespace.ts [Client Component Browser]
    ./app/generated/prisma/client.ts [Client Component Browser]
    ./lib/prisma.ts [Client Component Browser]
    ./lib/cleanup.ts [Client Component Browser]
    ./app/(manager)/settings/page.tsx [Client Component Browser]
    ./app/(manager)/settings/page.tsx [Server Component] @ http://localhost:3000/_next/static/chunks/node_modules_next_dist_115brz8._.js:3318
[ 1990673ms] [ERROR] ./node_modules/@prisma/client/runtime/client.mjs
Code generation for chunk item errored
An error occurred while generating the chunk item [project]/node_modules/@prisma/client/runtime/client.mjs [app-client] (ecmascript) <locals>

Caused by:
- the chunking context (unknown) does not support external modules (request: node:module)

Debug info:
- An error occurred while generating the chunk item [project]/node_modules/@prisma/client/runtime/client.mjs [app-client] (ecmascript) <locals>
- Execution of <EcmascriptModuleLocalsModule as EcmascriptChunkPlaceable>::chunk_item_content failed
- Execution of *EcmascriptChunkItemContent::new failed
- Execution of EcmascriptModuleContent::new failed
- the chunking context (unknown) does not support external modules (request: node:module)

Import trace:
  Client Component Browser:
    ./node_modules/@prisma/client/runtime/client.mjs [Client Component Browser]
    ./app/generated/prisma/internal/prismaNamespace.ts [Client Component Browser]
    ./app/generated/prisma/client.ts [Client Component Browser]
    ./lib/prisma.ts [Client Component Browser]
    ./lib/cleanup.ts [Client Component Browser]
    ./app/(manager)/settings/page.tsx [Client Component Browser]
    ./app/(manager)/settings/page.tsx [Server Component] @ http://localhost:3000/_next/static/chunks/node_modules_next_dist_115brz8._.js:3318
[ 1990727ms] [ERROR] ./node_modules/@prisma/client/runtime/client.mjs
Code generation for chunk item errored
An error occurred while generating the chunk item [project]/node_modules/@prisma/client/runtime/client.mjs [app-client] (ecmascript) <locals>

Caused by:
- the chunking context (unknown) does not support external modules (request: node:module)

Debug info:
- An error occurred while generating the chunk item [project]/node_modules/@prisma/client/runtime/client.mjs [app-client] (ecmascript) <locals>
- Execution of <EcmascriptModuleLocalsModule as EcmascriptChunkPlaceable>::chunk_item_content failed
- Execution of *EcmascriptChunkItemContent::new failed
- Execution of EcmascriptModuleContent::new failed
- the chunking context (unknown) does not support external modules (request: node:module)

Import trace:
  Client Component Browser:
    ./node_modules/@prisma/client/runtime/client.mjs [Client Component Browser]
    ./app/generated/prisma/internal/prismaNamespace.ts [Client Component Browser]
    ./app/generated/prisma/client.ts [Client Component Browser]
    ./lib/prisma.ts [Client Component Browser]
    ./lib/cleanup.ts [Client Component Browser]
    ./app/(manager)/settings/page.tsx [Client Component Browser]
    ./app/(manager)/settings/page.tsx [Server Component] @ http://localhost:3000/_next/static/chunks/node_modules_next_dist_115brz8._.js:3318
[ 1990782ms] [ERROR] ./node_modules/@prisma/client/runtime/client.mjs
Code generation for chunk item errored
An error occurred while generating the chunk item [project]/node_modules/@prisma/client/runtime/client.mjs [app-client] (ecmascript) <locals>

Caused by:
- the chunking context (unknown) does not support external modules (request: node:module)

Debug info:
- An error occurred while generating the chunk item [project]/node_modules/@prisma/client/runtime/client.mjs [app-client] (ecmascript) <locals>
- Execution of <EcmascriptModuleLocalsModule as EcmascriptChunkPlaceable>::chunk_item_content failed
- Execution of *EcmascriptChunkItemContent::new failed
- Execution of EcmascriptModuleContent::new failed
- the chunking context (unknown) does not support external modules (request: node:module)

Import trace:
  Client Component Browser:
    ./node_modules/@prisma/client/runtime/client.mjs [Client Component Browser]
    ./app/generated/prisma/internal/prismaNamespace.ts [Client Component Browser]
    ./app/generated/prisma/client.ts [Client Component Browser]
    ./lib/prisma.ts [Client Component Browser]
    ./lib/cleanup.ts [Client Component Browser]
    ./app/(manager)/settings/page.tsx [Client Component Browser]
    ./app/(manager)/settings/page.tsx [Server Component] @ http://localhost:3000/_next/static/chunks/node_modules_next_dist_115brz8._.js:3318
[ 1990836ms] [ERROR] ./node_modules/@prisma/client/runtime/client.mjs
Code generation for chunk item errored
An error occurred while generating the chunk item [project]/node_modules/@prisma/client/runtime/client.mjs [app-client] (ecmascript) <locals>

Caused by:
- the chunking context (unknown) does not support external modules (request: node:module)

Debug info:
- An error occurred while generating the chunk item [project]/node_modules/@prisma/client/runtime/client.mjs [app-client] (ecmascript) <locals>
- Execution of <EcmascriptModuleLocalsModule as EcmascriptChunkPlaceable>::chunk_item_content failed
- Execution of *EcmascriptChunkItemContent::new failed
- Execution of EcmascriptModuleContent::new failed
- the chunking context (unknown) does not support external modules (request: node:module)

Import trace:
  Client Component Browser:
    ./node_modules/@prisma/client/runtime/client.mjs [Client Component Browser]
    ./app/generated/prisma/internal/prismaNamespace.ts [Client Component Browser]
    ./app/generated/prisma/client.ts [Client Component Browser]
    ./lib/prisma.ts [Client Component Browser]
    ./lib/cleanup.ts [Client Component Browser]
    ./app/(manager)/settings/page.tsx [Client Component Browser]
    ./app/(manager)/settings/page.tsx [Server Component] @ http://localhost:3000/_next/static/chunks/node_modules_next_dist_115brz8._.js:3318
[ 1990891ms] [ERROR] ./node_modules/@prisma/client/runtime/client.mjs
Code generation for chunk item errored
An error occurred while generating the chunk item [project]/node_modules/@prisma/client/runtime/client.mjs [app-client] (ecmascript) <locals>

Caused by:
- the chunking context (unknown) does not support external modules (request: node:module)

Debug info:
- An error occurred while generating the chunk item [project]/node_modules/@prisma/client/runtime/client.mjs [app-client] (ecmascript) <locals>
- Execution of <EcmascriptModuleLocalsModule as EcmascriptChunkPlaceable>::chunk_item_content failed
- Execution of *EcmascriptChunkItemContent::new failed
- Execution of EcmascriptModuleContent::new failed
- the chunking context (unknown) does not support external modules (request: node:module)

Import trace:
  Client Component Browser:
    ./node_modules/@prisma/client/runtime/client.mjs [Client Component Browser]
    ./app/generated/prisma/internal/prismaNamespace.ts [Client Component Browser]
    ./app/generated/prisma/client.ts [Client Component Browser]
    ./lib/prisma.ts [Client Component Browser]
    ./lib/cleanup.ts [Client Component Browser]
    ./app/(manager)/settings/page.tsx [Client Component Browser]
    ./app/(manager)/settings/page.tsx [Server Component] @ http://localhost:3000/_next/static/chunks/node_modules_next_dist_115brz8._.js:3318
[ 1990948ms] [ERROR] ./node_modules/@prisma/client/runtime/client.mjs
Code generation for chunk item errored
An error occurred while generating the chunk item [project]/node_modules/@prisma/client/runtime/client.mjs [app-client] (ecmascript) <locals>

Caused by:
- the chunking context (unknown) does not support external modules (request: node:module)

Debug info:
- An error occurred while generating the chunk item [project]/node_modules/@prisma/client/runtime/client.mjs [app-client] (ecmascript) <locals>
- Execution of <EcmascriptModuleLocalsModule as EcmascriptChunkPlaceable>::chunk_item_content failed
- Execution of *EcmascriptChunkItemContent::new failed
- Execution of EcmascriptModuleContent::new failed
- the chunking context (unknown) does not support external modules (request: node:module)

Import trace:
  Client Component Browser:
    ./node_modules/@prisma/client/runtime/client.mjs [Client Component Browser]
    ./app/generated/prisma/internal/prismaNamespace.ts [Client Component Browser]
    ./app/generated/prisma/client.ts [Client Component Browser]
    ./lib/prisma.ts [Client Component Browser]
    ./lib/cleanup.ts [Client Component Browser]
    ./app/(manager)/settings/page.tsx [Client Component Browser]
    ./app/(manager)/settings/page.tsx [Server Component] @ http://localhost:3000/_next/static/chunks/node_modules_next_dist_115brz8._.js:3318
[ 1990993ms] [ERROR] ./node_modules/@prisma/client/runtime/client.mjs
Code generation for chunk item errored
An error occurred while generating the chunk item [project]/node_modules/@prisma/client/runtime/client.mjs [app-client] (ecmascript) <locals>

Caused by:
- the chunking context (unknown) does not support external modules (request: node:module)

Debug info:
- An error occurred while generating the chunk item [project]/node_modules/@prisma/client/runtime/client.mjs [app-client] (ecmascript) <locals>
- Execution of <EcmascriptModuleLocalsModule as EcmascriptChunkPlaceable>::chunk_item_content failed
- Execution of *EcmascriptChunkItemContent::new failed
- Execution of EcmascriptModuleContent::new failed
- the chunking context (unknown) does not support external modules (request: node:module)

Import trace:
  Client Component Browser:
    ./node_modules/@prisma/client/runtime/client.mjs [Client Component Browser]
    ./app/generated/prisma/internal/prismaNamespace.ts [Client Component Browser]
    ./app/generated/prisma/client.ts [Client Component Browser]
    ./lib/prisma.ts [Client Component Browser]
    ./lib/cleanup.ts [Client Component Browser]
    ./app/(manager)/settings/page.tsx [Client Component Browser]
    ./app/(manager)/settings/page.tsx [Server Component] @ http://localhost:3000/_next/static/chunks/node_modules_next_dist_115brz8._.js:3318
[ 1991049ms] [ERROR] ./node_modules/@prisma/client/runtime/client.mjs
Code generation for chunk item errored
An error occurred while generating the chunk item [project]/node_modules/@prisma/client/runtime/client.mjs [app-client] (ecmascript) <locals>

Caused by:
- the chunking context (unknown) does not support external modules (request: node:module)

Debug info:
- An error occurred while generating the chunk item [project]/node_modules/@prisma/client/runtime/client.mjs [app-client] (ecmascript) <locals>
- Execution of <EcmascriptModuleLocalsModule as EcmascriptChunkPlaceable>::chunk_item_content failed
- Execution of *EcmascriptChunkItemContent::new failed
- Execution of EcmascriptModuleContent::new failed
- the chunking context (unknown) does not support external modules (request: node:module)

Import trace:
  Client Component Browser:
    ./node_modules/@prisma/client/runtime/client.mjs [Client Component Browser]
    ./app/generated/prisma/internal/prismaNamespace.ts [Client Component Browser]
    ./app/generated/prisma/client.ts [Client Component Browser]
    ./lib/prisma.ts [Client Component Browser]
    ./lib/cleanup.ts [Client Component Browser]
    ./app/(manager)/settings/page.tsx [Client Component Browser]
    ./app/(manager)/settings/page.tsx [Server Component] @ http://localhost:3000/_next/static/chunks/node_modules_next_dist_115brz8._.js:3318
[ 1991107ms] [ERROR] ./node_modules/@prisma/client/runtime/client.mjs
Code generation for chunk item errored
An error occurred while generating the chunk item [project]/node_modules/@prisma/client/runtime/client.mjs [app-client] (ecmascript) <locals>

Caused by:
- the chunking context (unknown) does not support external modules (request: node:module)

Debug info:
- An error occurred while generating the chunk item [project]/node_modules/@prisma/client/runtime/client.mjs [app-client] (ecmascript) <locals>
- Execution of <EcmascriptModuleLocalsModule as EcmascriptChunkPlaceable>::chunk_item_content failed
- Execution of *EcmascriptChunkItemContent::new failed
- Execution of EcmascriptModuleContent::new failed
- the chunking context (unknown) does not support external modules (request: node:module)

Import trace:
  Client Component Browser:
    ./node_modules/@prisma/client/runtime/client.mjs [Client Component Browser]
    ./app/generated/prisma/internal/prismaNamespace.ts [Client Component Browser]
    ./app/generated/prisma/client.ts [Client Component Browser]
    ./lib/prisma.ts [Client Component Browser]
    ./lib/cleanup.ts [Client Component Browser]
    ./app/(manager)/settings/page.tsx [Client Component Browser]
    ./app/(manager)/settings/page.tsx [Server Component] @ http://localhost:3000/_next/static/chunks/node_modules_next_dist_115brz8._.js:3318
[ 1991164ms] [ERROR] ./node_modules/@prisma/client/runtime/client.mjs
Code generation for chunk item errored
An error occurred while generating the chunk item [project]/node_modules/@prisma/client/runtime/client.mjs [app-client] (ecmascript) <locals>

Caused by:
- the chunking context (unknown) does not support external modules (request: node:module)

Debug info:
- An error occurred while generating the chunk item [project]/node_modules/@prisma/client/runtime/client.mjs [app-client] (ecmascript) <locals>
- Execution of <EcmascriptModuleLocalsModule as EcmascriptChunkPlaceable>::chunk_item_content failed
- Execution of *EcmascriptChunkItemContent::new failed
- Execution of EcmascriptModuleContent::new failed
- the chunking context (unknown) does not support external modules (request: node:module)

Import trace:
  Client Component Browser:
    ./node_modules/@prisma/client/runtime/client.mjs [Client Component Browser]
    ./app/generated/prisma/internal/prismaNamespace.ts [Client Component Browser]
    ./app/generated/prisma/client.ts [Client Component Browser]
    ./lib/prisma.ts [Client Component Browser]
    ./lib/cleanup.ts [Client Component Browser]
    ./app/(manager)/settings/page.tsx [Client Component Browser]
    ./app/(manager)/settings/page.tsx [Server Component] @ http://localhost:3000/_next/static/chunks/node_modules_next_dist_115brz8._.js:3318
[ 1991219ms] [ERROR] ./node_modules/@prisma/client/runtime/client.mjs
Code generation for chunk item errored
An error occurred while generating the chunk item [project]/node_modules/@prisma/client/runtime/client.mjs [app-client] (ecmascript) <locals>

Caused by:
- the chunking context (unknown) does not support external modules (request: node:module)

Debug info:
- An error occurred while generating the chunk item [project]/node_modules/@prisma/client/runtime/client.mjs [app-client] (ecmascript) <locals>
- Execution of <EcmascriptModuleLocalsModule as EcmascriptChunkPlaceable>::chunk_item_content failed
- Execution of *EcmascriptChunkItemContent::new failed
- Execution of EcmascriptModuleContent::new failed
- the chunking context (unknown) does not support external modules (request: node:module)

Import trace:
  Client Component Browser:
    ./node_modules/@prisma/client/runtime/client.mjs [Client Component Browser]
    ./app/generated/prisma/internal/prismaNamespace.ts [Client Component Browser]
    ./app/generated/prisma/client.ts [Client Component Browser]
    ./lib/prisma.ts [Client Component Browser]
    ./lib/cleanup.ts [Client Component Browser]
    ./app/(manager)/settings/page.tsx [Client Component Browser]
    ./app/(manager)/settings/page.tsx [Server Component] @ http://localhost:3000/_next/static/chunks/node_modules_next_dist_115brz8._.js:3318
[ 1991275ms] [ERROR] ./node_modules/@prisma/client/runtime/client.mjs
Code generation for chunk item errored
An error occurred while generating the chunk item [project]/node_modules/@prisma/client/runtime/client.mjs [app-client] (ecmascript) <locals>

Caused by:
- the chunking context (unknown) does not support external modules (request: node:module)

Debug info:
- An error occurred while generating the chunk item [project]/node_modules/@prisma/client/runtime/client.mjs [app-client] (ecmascript) <locals>
- Execution of <EcmascriptModuleLocalsModule as EcmascriptChunkPlaceable>::chunk_item_content failed
- Execution of *EcmascriptChunkItemContent::new failed
- Execution of EcmascriptModuleContent::new failed
- the chunking context (unknown) does not support external modules (request: node:module)

Import trace:
  Client Component Browser:
    ./node_modules/@prisma/client/runtime/client.mjs [Client Component Browser]
    ./app/generated/prisma/internal/prismaNamespace.ts [Client Component Browser]
    ./app/generated/prisma/client.ts [Client Component Browser]
    ./lib/prisma.ts [Client Component Browser]
    ./lib/cleanup.ts [Client Component Browser]
    ./app/(manager)/settings/page.tsx [Client Component Browser]
    ./app/(manager)/settings/page.tsx [Server Component] @ http://localhost:3000/_next/static/chunks/node_modules_next_dist_115brz8._.js:3318
[ 1991331ms] [ERROR] ./node_modules/@prisma/client/runtime/client.mjs
Code generation for chunk item errored
An error occurred while generating the chunk item [project]/node_modules/@prisma/client/runtime/client.mjs [app-client] (ecmascript) <locals>

Caused by:
- the chunking context (unknown) does not support external modules (request: node:module)

Debug info:
- An error occurred while generating the chunk item [project]/node_modules/@prisma/client/runtime/client.mjs [app-client] (ecmascript) <locals>
- Execution of <EcmascriptModuleLocalsModule as EcmascriptChunkPlaceable>::chunk_item_content failed
- Execution of *EcmascriptChunkItemContent::new failed
- Execution of EcmascriptModuleContent::new failed
- the chunking context (unknown) does not support external modules (request: node:module)

Import trace:
  Client Component Browser:
    ./node_modules/@prisma/client/runtime/client.mjs [Client Component Browser]
    ./app/generated/prisma/internal/prismaNamespace.ts [Client Component Browser]
    ./app/generated/prisma/client.ts [Client Component Browser]
    ./lib/prisma.ts [Client Component Browser]
    ./lib/cleanup.ts [Client Component Browser]
    ./app/(manager)/settings/page.tsx [Client Component Browser]
    ./app/(manager)/settings/page.tsx [Server Component] @ http://localhost:3000/_next/static/chunks/node_modules_next_dist_115brz8._.js:3318
[ 1991392ms] [ERROR] ./node_modules/@prisma/client/runtime/client.mjs
Code generation for chunk item errored
An error occurred while generating the chunk item [project]/node_modules/@prisma/client/runtime/client.mjs [app-client] (ecmascript) <locals>

Caused by:
- the chunking context (unknown) does not support external modules (request: node:module)

Debug info:
- An error occurred while generating the chunk item [project]/node_modules/@prisma/client/runtime/client.mjs [app-client] (ecmascript) <locals>
- Execution of <EcmascriptModuleLocalsModule as EcmascriptChunkPlaceable>::chunk_item_content failed
- Execution of *EcmascriptChunkItemContent::new failed
- Execution of EcmascriptModuleContent::new failed
- the chunking context (unknown) does not support external modules (request: node:module)

Import trace:
  Client Component Browser:
    ./node_modules/@prisma/client/runtime/client.mjs [Client Component Browser]
    ./app/generated/prisma/internal/prismaNamespace.ts [Client Component Browser]
    ./app/generated/prisma/client.ts [Client Component Browser]
    ./lib/prisma.ts [Client Component Browser]
    ./lib/cleanup.ts [Client Component Browser]
    ./app/(manager)/settings/page.tsx [Client Component Browser]
    ./app/(manager)/settings/page.tsx [Server Component] @ http://localhost:3000/_next/static/chunks/node_modules_next_dist_115brz8._.js:3318
[ 1991446ms] [ERROR] ./node_modules/@prisma/client/runtime/client.mjs
Code generation for chunk item errored
An error occurred while generating the chunk item [project]/node_modules/@prisma/client/runtime/client.mjs [app-client] (ecmascript) <locals>

Caused by:
- the chunking context (unknown) does not support external modules (request: node:module)

Debug info:
- An error occurred while generating the chunk item [project]/node_modules/@prisma/client/runtime/client.mjs [app-client] (ecmascript) <locals>
- Execution of <EcmascriptModuleLocalsModule as EcmascriptChunkPlaceable>::chunk_item_content failed
- Execution of *EcmascriptChunkItemContent::new failed
- Execution of EcmascriptModuleContent::new failed
- the chunking context (unknown) does not support external modules (request: node:module)

Import trace:
  Client Component Browser:
    ./node_modules/@prisma/client/runtime/client.mjs [Client Component Browser]
    ./app/generated/prisma/internal/prismaNamespace.ts [Client Component Browser]
    ./app/generated/prisma/client.ts [Client Component Browser]
    ./lib/prisma.ts [Client Component Browser]
    ./lib/cleanup.ts [Client Component Browser]
    ./app/(manager)/settings/page.tsx [Client Component Browser]
    ./app/(manager)/settings/page.tsx [Server Component] @ http://localhost:3000/_next/static/chunks/node_modules_next_dist_115brz8._.js:3318
[ 1991505ms] [ERROR] ./node_modules/@prisma/client/runtime/client.mjs
Code generation for chunk item errored
An error occurred while generating the chunk item [project]/node_modules/@prisma/client/runtime/client.mjs [app-client] (ecmascript) <locals>

Caused by:
- the chunking context (unknown) does not support external modules (request: node:module)

Debug info:
- An error occurred while generating the chunk item [project]/node_modules/@prisma/client/runtime/client.mjs [app-client] (ecmascript) <locals>
- Execution of <EcmascriptModuleLocalsModule as EcmascriptChunkPlaceable>::chunk_item_content failed
- Execution of *EcmascriptChunkItemContent::new failed
- Execution of EcmascriptModuleContent::new failed
- the chunking context (unknown) does not support external modules (request: node:module)

Import trace:
  Client Component Browser:
    ./node_modules/@prisma/client/runtime/client.mjs [Client Component Browser]
    ./app/generated/prisma/internal/prismaNamespace.ts [Client Component Browser]
    ./app/generated/prisma/client.ts [Client Component Browser]
    ./lib/prisma.ts [Client Component Browser]
    ./lib/cleanup.ts [Client Component Browser]
    ./app/(manager)/settings/page.tsx [Client Component Browser]
    ./app/(manager)/settings/page.tsx [Server Component] @ http://localhost:3000/_next/static/chunks/node_modules_next_dist_115brz8._.js:3318
[ 1991565ms] [ERROR] ./node_modules/@prisma/client/runtime/client.mjs
Code generation for chunk item errored
An error occurred while generating the chunk item [project]/node_modules/@prisma/client/runtime/client.mjs [app-client] (ecmascript) <locals>

Caused by:
- the chunking context (unknown) does not support external modules (request: node:module)

Debug info:
- An error occurred while generating the chunk item [project]/node_modules/@prisma/client/runtime/client.mjs [app-client] (ecmascript) <locals>
- Execution of <EcmascriptModuleLocalsModule as EcmascriptChunkPlaceable>::chunk_item_content failed
- Execution of *EcmascriptChunkItemContent::new failed
- Execution of EcmascriptModuleContent::new failed
- the chunking context (unknown) does not support external modules (request: node:module)

Import trace:
  Client Component Browser:
    ./node_modules/@prisma/client/runtime/client.mjs [Client Component Browser]
    ./app/generated/prisma/internal/prismaNamespace.ts [Client Component Browser]
    ./app/generated/prisma/client.ts [Client Component Browser]
    ./lib/prisma.ts [Client Component Browser]
    ./lib/cleanup.ts [Client Component Browser]
    ./app/(manager)/settings/page.tsx [Client Component Browser]
    ./app/(manager)/settings/page.tsx [Server Component] @ http://localhost:3000/_next/static/chunks/node_modules_next_dist_115brz8._.js:3318
[ 1991617ms] [ERROR] ./node_modules/@prisma/client/runtime/client.mjs
Code generation for chunk item errored
An error occurred while generating the chunk item [project]/node_modules/@prisma/client/runtime/client.mjs [app-client] (ecmascript) <locals>

Caused by:
- the chunking context (unknown) does not support external modules (request: node:module)

Debug info:
- An error occurred while generating the chunk item [project]/node_modules/@prisma/client/runtime/client.mjs [app-client] (ecmascript) <locals>
- Execution of <EcmascriptModuleLocalsModule as EcmascriptChunkPlaceable>::chunk_item_content failed
- Execution of *EcmascriptChunkItemContent::new failed
- Execution of EcmascriptModuleContent::new failed
- the chunking context (unknown) does not support external modules (request: node:module)

Import trace:
  Client Component Browser:
    ./node_modules/@prisma/client/runtime/client.mjs [Client Component Browser]
    ./app/generated/prisma/internal/prismaNamespace.ts [Client Component Browser]
    ./app/generated/prisma/client.ts [Client Component Browser]
    ./lib/prisma.ts [Client Component Browser]
    ./lib/cleanup.ts [Client Component Browser]
    ./app/(manager)/settings/page.tsx [Client Component Browser]
    ./app/(manager)/settings/page.tsx [Server Component] @ http://localhost:3000/_next/static/chunks/node_modules_next_dist_115brz8._.js:3318
[ 1991675ms] [ERROR] ./node_modules/@prisma/client/runtime/client.mjs
Code generation for chunk item errored
An error occurred while generating the chunk item [project]/node_modules/@prisma/client/runtime/client.mjs [app-client] (ecmascript) <locals>

Caused by:
- the chunking context (unknown) does not support external modules (request: node:module)

Debug info:
- An error occurred while generating the chunk item [project]/node_modules/@prisma/client/runtime/client.mjs [app-client] (ecmascript) <locals>
- Execution of <EcmascriptModuleLocalsModule as EcmascriptChunkPlaceable>::chunk_item_content failed
- Execution of *EcmascriptChunkItemContent::new failed
- Execution of EcmascriptModuleContent::new failed
- the chunking context (unknown) does not support external modules (request: node:module)

Import trace:
  Client Component Browser:
    ./node_modules/@prisma/client/runtime/client.mjs [Client Component Browser]
    ./app/generated/prisma/internal/prismaNamespace.ts [Client Component Browser]
    ./app/generated/prisma/client.ts [Client Component Browser]
    ./lib/prisma.ts [Client Component Browser]
    ./lib/cleanup.ts [Client Component Browser]
    ./app/(manager)/settings/page.tsx [Client Component Browser]
    ./app/(manager)/settings/page.tsx [Server Component] @ http://localhost:3000/_next/static/chunks/node_modules_next_dist_115brz8._.js:3318
[ 1991733ms] [ERROR] ./node_modules/@prisma/client/runtime/client.mjs
Code generation for chunk item errored
An error occurred while generating the chunk item [project]/node_modules/@prisma/client/runtime/client.mjs [app-client] (ecmascript) <locals>

Caused by:
- the chunking context (unknown) does not support external modules (request: node:module)

Debug info:
- An error occurred while generating the chunk item [project]/node_modules/@prisma/client/runtime/client.mjs [app-client] (ecmascript) <locals>
- Execution of <EcmascriptModuleLocalsModule as EcmascriptChunkPlaceable>::chunk_item_content failed
- Execution of *EcmascriptChunkItemContent::new failed
- Execution of EcmascriptModuleContent::new failed
- the chunking context (unknown) does not support external modules (request: node:module)

Import trace:
  Client Component Browser:
    ./node_modules/@prisma/client/runtime/client.mjs [Client Component Browser]
    ./app/generated/prisma/internal/prismaNamespace.ts [Client Component Browser]
    ./app/generated/prisma/client.ts [Client Component Browser]
    ./lib/prisma.ts [Client Component Browser]
    ./lib/cleanup.ts [Client Component Browser]
    ./app/(manager)/settings/page.tsx [Client Component Browser]
    ./app/(manager)/settings/page.tsx [Server Component] @ http://localhost:3000/_next/static/chunks/node_modules_next_dist_115brz8._.js:3318
[ 1991790ms] [ERROR] ./node_modules/@prisma/client/runtime/client.mjs
Code generation for chunk item errored
An error occurred while generating the chunk item [project]/node_modules/@prisma/client/runtime/client.mjs [app-client] (ecmascript) <locals>

Caused by:
- the chunking context (unknown) does not support external modules (request: node:module)

Debug info:
- An error occurred while generating the chunk item [project]/node_modules/@prisma/client/runtime/client.mjs [app-client] (ecmascript) <locals>
- Execution of <EcmascriptModuleLocalsModule as EcmascriptChunkPlaceable>::chunk_item_content failed
- Execution of *EcmascriptChunkItemContent::new failed
- Execution of EcmascriptModuleContent::new failed
- the chunking context (unknown) does not support external modules (request: node:module)

Import trace:
  Client Component Browser:
    ./node_modules/@prisma/client/runtime/client.mjs [Client Component Browser]
    ./app/generated/prisma/internal/prismaNamespace.ts [Client Component Browser]
    ./app/generated/prisma/client.ts [Client Component Browser]
    ./lib/prisma.ts [Client Component Browser]
    ./lib/cleanup.ts [Client Component Browser]
    ./app/(manager)/settings/page.tsx [Client Component Browser]
    ./app/(manager)/settings/page.tsx [Server Component] @ http://localhost:3000/_next/static/chunks/node_modules_next_dist_115brz8._.js:3318
[ 1991844ms] [ERROR] ./node_modules/@prisma/client/runtime/client.mjs
Code generation for chunk item errored
An error occurred while generating the chunk item [project]/node_modules/@prisma/client/runtime/client.mjs [app-client] (ecmascript) <locals>

Caused by:
- the chunking context (unknown) does not support external modules (request: node:module)

Debug info:
- An error occurred while generating the chunk item [project]/node_modules/@prisma/client/runtime/client.mjs [app-client] (ecmascript) <locals>
- Execution of <EcmascriptModuleLocalsModule as EcmascriptChunkPlaceable>::chunk_item_content failed
- Execution of *EcmascriptChunkItemContent::new failed
- Execution of EcmascriptModuleContent::new failed
- the chunking context (unknown) does not support external modules (request: node:module)

Import trace:
  Client Component Browser:
    ./node_modules/@prisma/client/runtime/client.mjs [Client Component Browser]
    ./app/generated/prisma/internal/prismaNamespace.ts [Client Component Browser]
    ./app/generated/prisma/client.ts [Client Component Browser]
    ./lib/prisma.ts [Client Component Browser]
    ./lib/cleanup.ts [Client Component Browser]
    ./app/(manager)/settings/page.tsx [Client Component Browser]
    ./app/(manager)/settings/page.tsx [Server Component] @ http://localhost:3000/_next/static/chunks/node_modules_next_dist_115brz8._.js:3318
[ 1991898ms] [ERROR] ./node_modules/@prisma/client/runtime/client.mjs
Code generation for chunk item errored
An error occurred while generating the chunk item [project]/node_modules/@prisma/client/runtime/client.mjs [app-client] (ecmascript) <locals>

Caused by:
- the chunking context (unknown) does not support external modules (request: node:module)

Debug info:
- An error occurred while generating the chunk item [project]/node_modules/@prisma/client/runtime/client.mjs [app-client] (ecmascript) <locals>
- Execution of <EcmascriptModuleLocalsModule as EcmascriptChunkPlaceable>::chunk_item_content failed
- Execution of *EcmascriptChunkItemContent::new failed
- Execution of EcmascriptModuleContent::new failed
- the chunking context (unknown) does not support external modules (request: node:module)

Import trace:
  Client Component Browser:
    ./node_modules/@prisma/client/runtime/client.mjs [Client Component Browser]
    ./app/generated/prisma/internal/prismaNamespace.ts [Client Component Browser]
    ./app/generated/prisma/client.ts [Client Component Browser]
    ./lib/prisma.ts [Client Component Browser]
    ./lib/cleanup.ts [Client Component Browser]
    ./app/(manager)/settings/page.tsx [Client Component Browser]
    ./app/(manager)/settings/page.tsx [Server Component] @ http://localhost:3000/_next/static/chunks/node_modules_next_dist_115brz8._.js:3318
[ 1991951ms] [ERROR] ./node_modules/@prisma/client/runtime/client.mjs
Code generation for chunk item errored
An error occurred while generating the chunk item [project]/node_modules/@prisma/client/runtime/client.mjs [app-client] (ecmascript) <locals>

Caused by:
- the chunking context (unknown) does not support external modules (request: node:module)

Debug info:
- An error occurred while generating the chunk item [project]/node_modules/@prisma/client/runtime/client.mjs [app-client] (ecmascript) <locals>
- Execution of <EcmascriptModuleLocalsModule as EcmascriptChunkPlaceable>::chunk_item_content failed
- Execution of *EcmascriptChunkItemContent::new failed
- Execution of EcmascriptModuleContent::new failed
- the chunking context (unknown) does not support external modules (request: node:module)

Import trace:
  Client Component Browser:
    ./node_modules/@prisma/client/runtime/client.mjs [Client Component Browser]
    ./app/generated/prisma/internal/prismaNamespace.ts [Client Component Browser]
    ./app/generated/prisma/client.ts [Client Component Browser]
    ./lib/prisma.ts [Client Component Browser]
    ./lib/cleanup.ts [Client Component Browser]
    ./app/(manager)/settings/page.tsx [Client Component Browser]
    ./app/(manager)/settings/page.tsx [Server Component] @ http://localhost:3000/_next/static/chunks/node_modules_next_dist_115brz8._.js:3318
[ 1992010ms] [ERROR] ./node_modules/@prisma/client/runtime/client.mjs
Code generation for chunk item errored
An error occurred while generating the chunk item [project]/node_modules/@prisma/client/runtime/client.mjs [app-client] (ecmascript) <locals>

Caused by:
- the chunking context (unknown) does not support external modules (request: node:module)

Debug info:
- An error occurred while generating the chunk item [project]/node_modules/@prisma/client/runtime/client.mjs [app-client] (ecmascript) <locals>
- Execution of <EcmascriptModuleLocalsModule as EcmascriptChunkPlaceable>::chunk_item_content failed
- Execution of *EcmascriptChunkItemContent::new failed
- Execution of EcmascriptModuleContent::new failed
- the chunking context (unknown) does not support external modules (request: node:module)

Import trace:
  Client Component Browser:
    ./node_modules/@prisma/client/runtime/client.mjs [Client Component Browser]
    ./app/generated/prisma/internal/prismaNamespace.ts [Client Component Browser]
    ./app/generated/prisma/client.ts [Client Component Browser]
    ./lib/prisma.ts [Client Component Browser]
    ./lib/cleanup.ts [Client Component Browser]
    ./app/(manager)/settings/page.tsx [Client Component Browser]
    ./app/(manager)/settings/page.tsx [Server Component] @ http://localhost:3000/_next/static/chunks/node_modules_next_dist_115brz8._.js:3318
[ 1992065ms] [ERROR] ./node_modules/@prisma/client/runtime/client.mjs
Code generation for chunk item errored
An error occurred while generating the chunk item [project]/node_modules/@prisma/client/runtime/client.mjs [app-client] (ecmascript) <locals>

Caused by:
- the chunking context (unknown) does not support external modules (request: node:module)

Debug info:
- An error occurred while generating the chunk item [project]/node_modules/@prisma/client/runtime/client.mjs [app-client] (ecmascript) <locals>
- Execution of <EcmascriptModuleLocalsModule as EcmascriptChunkPlaceable>::chunk_item_content failed
- Execution of *EcmascriptChunkItemContent::new failed
- Execution of EcmascriptModuleContent::new failed
- the chunking context (unknown) does not support external modules (request: node:module)

Import trace:
  Client Component Browser:
    ./node_modules/@prisma/client/runtime/client.mjs [Client Component Browser]
    ./app/generated/prisma/internal/prismaNamespace.ts [Client Component Browser]
    ./app/generated/prisma/client.ts [Client Component Browser]
    ./lib/prisma.ts [Client Component Browser]
    ./lib/cleanup.ts [Client Component Browser]
    ./app/(manager)/settings/page.tsx [Client Component Browser]
    ./app/(manager)/settings/page.tsx [Server Component] @ http://localhost:3000/_next/static/chunks/node_modules_next_dist_115brz8._.js:3318
[ 1992122ms] [ERROR] ./node_modules/@prisma/client/runtime/client.mjs
Code generation for chunk item errored
An error occurred while generating the chunk item [project]/node_modules/@prisma/client/runtime/client.mjs [app-client] (ecmascript) <locals>

Caused by:
- the chunking context (unknown) does not support external modules (request: node:module)

Debug info:
- An error occurred while generating the chunk item [project]/node_modules/@prisma/client/runtime/client.mjs [app-client] (ecmascript) <locals>
- Execution of <EcmascriptModuleLocalsModule as EcmascriptChunkPlaceable>::chunk_item_content failed
- Execution of *EcmascriptChunkItemContent::new failed
- Execution of EcmascriptModuleContent::new failed
- the chunking context (unknown) does not support external modules (request: node:module)

Import trace:
  Client Component Browser:
    ./node_modules/@prisma/client/runtime/client.mjs [Client Component Browser]
    ./app/generated/prisma/internal/prismaNamespace.ts [Client Component Browser]
    ./app/generated/prisma/client.ts [Client Component Browser]
    ./lib/prisma.ts [Client Component Browser]
    ./lib/cleanup.ts [Client Component Browser]
    ./app/(manager)/settings/page.tsx [Client Component Browser]
    ./app/(manager)/settings/page.tsx [Server Component] @ http://localhost:3000/_next/static/chunks/node_modules_next_dist_115brz8._.js:3318
[ 1992178ms] [ERROR] ./node_modules/@prisma/client/runtime/client.mjs
Code generation for chunk item errored
An error occurred while generating the chunk item [project]/node_modules/@prisma/client/runtime/client.mjs [app-client] (ecmascript) <locals>

Caused by:
- the chunking context (unknown) does not support external modules (request: node:module)

Debug info:
- An error occurred while generating the chunk item [project]/node_modules/@prisma/client/runtime/client.mjs [app-client] (ecmascript) <locals>
- Execution of <EcmascriptModuleLocalsModule as EcmascriptChunkPlaceable>::chunk_item_content failed
- Execution of *EcmascriptChunkItemContent::new failed
- Execution of EcmascriptModuleContent::new failed
- the chunking context (unknown) does not support external modules (request: node:module)

Import trace:
  Client Component Browser:
    ./node_modules/@prisma/client/runtime/client.mjs [Client Component Browser]
    ./app/generated/prisma/internal/prismaNamespace.ts [Client Component Browser]
    ./app/generated/prisma/client.ts [Client Component Browser]
    ./lib/prisma.ts [Client Component Browser]
    ./lib/cleanup.ts [Client Component Browser]
    ./app/(manager)/settings/page.tsx [Client Component Browser]
    ./app/(manager)/settings/page.tsx [Server Component] @ http://localhost:3000/_next/static/chunks/node_modules_next_dist_115brz8._.js:3318
[ 1992219ms] [ERROR] ./node_modules/@prisma/client/runtime/client.mjs
Code generation for chunk item errored
An error occurred while generating the chunk item [project]/node_modules/@prisma/client/runtime/client.mjs [app-client] (ecmascript) <locals>

Caused by:
- the chunking context (unknown) does not support external modules (request: node:module)

Debug info:
- An error occurred while generating the chunk item [project]/node_modules/@prisma/client/runtime/client.mjs [app-client] (ecmascript) <locals>
- Execution of <EcmascriptModuleLocalsModule as EcmascriptChunkPlaceable>::chunk_item_content failed
- Execution of *EcmascriptChunkItemContent::new failed
- Execution of EcmascriptModuleContent::new failed
- the chunking context (unknown) does not support external modules (request: node:module)

Import trace:
  Client Component Browser:
    ./node_modules/@prisma/client/runtime/client.mjs [Client Component Browser]
    ./app/generated/prisma/internal/prismaNamespace.ts [Client Component Browser]
    ./app/generated/prisma/client.ts [Client Component Browser]
    ./lib/prisma.ts [Client Component Browser]
    ./lib/cleanup.ts [Client Component Browser]
    ./app/(manager)/settings/page.tsx [Client Component Browser]
    ./app/(manager)/settings/page.tsx [Server Component] @ http://localhost:3000/_next/static/chunks/node_modules_next_dist_115brz8._.js:3318
[ 1992269ms] [ERROR] ./node_modules/@prisma/client/runtime/client.mjs
Code generation for chunk item errored
An error occurred while generating the chunk item [project]/node_modules/@prisma/client/runtime/client.mjs [app-client] (ecmascript) <locals>

Caused by:
- the chunking context (unknown) does not support external modules (request: node:module)

Debug info:
- An error occurred while generating the chunk item [project]/node_modules/@prisma/client/runtime/client.mjs [app-client] (ecmascript) <locals>
- Execution of <EcmascriptModuleLocalsModule as EcmascriptChunkPlaceable>::chunk_item_content failed
- Execution of *EcmascriptChunkItemContent::new failed
- Execution of EcmascriptModuleContent::new failed
- the chunking context (unknown) does not support external modules (request: node:module)

Import trace:
  Client Component Browser:
    ./node_modules/@prisma/client/runtime/client.mjs [Client Component Browser]
    ./app/generated/prisma/internal/prismaNamespace.ts [Client Component Browser]
    ./app/generated/prisma/client.ts [Client Component Browser]
    ./lib/prisma.ts [Client Component Browser]
    ./lib/cleanup.ts [Client Component Browser]
    ./app/(manager)/settings/page.tsx [Client Component Browser]
    ./app/(manager)/settings/page.tsx [Server Component] @ http://localhost:3000/_next/static/chunks/node_modules_next_dist_115brz8._.js:3318
[ 1992328ms] [ERROR] ./node_modules/@prisma/client/runtime/client.mjs
Code generation for chunk item errored
An error occurred while generating the chunk item [project]/node_modules/@prisma/client/runtime/client.mjs [app-client] (ecmascript) <locals>

Caused by:
- the chunking context (unknown) does not support external modules (request: node:module)

Debug info:
- An error occurred while generating the chunk item [project]/node_modules/@prisma/client/runtime/client.mjs [app-client] (ecmascript) <locals>
- Execution of <EcmascriptModuleLocalsModule as EcmascriptChunkPlaceable>::chunk_item_content failed
- Execution of *EcmascriptChunkItemContent::new failed
- Execution of EcmascriptModuleContent::new failed
- the chunking context (unknown) does not support external modules (request: node:module)

Import trace:
  Client Component Browser:
    ./node_modules/@prisma/client/runtime/client.mjs [Client Component Browser]
    ./app/generated/prisma/internal/prismaNamespace.ts [Client Component Browser]
    ./app/generated/prisma/client.ts [Client Component Browser]
    ./lib/prisma.ts [Client Component Browser]
    ./lib/cleanup.ts [Client Component Browser]
    ./app/(manager)/settings/page.tsx [Client Component Browser]
    ./app/(manager)/settings/page.tsx [Server Component] @ http://localhost:3000/_next/static/chunks/node_modules_next_dist_115brz8._.js:3318
[ 1992383ms] [ERROR] ./node_modules/@prisma/client/runtime/client.mjs
Code generation for chunk item errored
An error occurred while generating the chunk item [project]/node_modules/@prisma/client/runtime/client.mjs [app-client] (ecmascript) <locals>

Caused by:
- the chunking context (unknown) does not support external modules (request: node:module)

Debug info:
- An error occurred while generating the chunk item [project]/node_modules/@prisma/client/runtime/client.mjs [app-client] (ecmascript) <locals>
- Execution of <EcmascriptModuleLocalsModule as EcmascriptChunkPlaceable>::chunk_item_content failed
- Execution of *EcmascriptChunkItemContent::new failed
- Execution of EcmascriptModuleContent::new failed
- the chunking context (unknown) does not support external modules (request: node:module)

Import trace:
  Client Component Browser:
    ./node_modules/@prisma/client/runtime/client.mjs [Client Component Browser]
    ./app/generated/prisma/internal/prismaNamespace.ts [Client Component Browser]
    ./app/generated/prisma/client.ts [Client Component Browser]
    ./lib/prisma.ts [Client Component Browser]
    ./lib/cleanup.ts [Client Component Browser]
    ./app/(manager)/settings/page.tsx [Client Component Browser]
    ./app/(manager)/settings/page.tsx [Server Component] @ http://localhost:3000/_next/static/chunks/node_modules_next_dist_115brz8._.js:3318
[ 1992442ms] [ERROR] ./node_modules/@prisma/client/runtime/client.mjs
Code generation for chunk item errored
An error occurred while generating the chunk item [project]/node_modules/@prisma/client/runtime/client.mjs [app-client] (ecmascript) <locals>

Caused by:
- the chunking context (unknown) does not support external modules (request: node:module)

Debug info:
- An error occurred while generating the chunk item [project]/node_modules/@prisma/client/runtime/client.mjs [app-client] (ecmascript) <locals>
- Execution of <EcmascriptModuleLocalsModule as EcmascriptChunkPlaceable>::chunk_item_content failed
- Execution of *EcmascriptChunkItemContent::new failed
- Execution of EcmascriptModuleContent::new failed
- the chunking context (unknown) does not support external modules (request: node:module)

Import trace:
  Client Component Browser:
    ./node_modules/@prisma/client/runtime/client.mjs [Client Component Browser]
    ./app/generated/prisma/internal/prismaNamespace.ts [Client Component Browser]
    ./app/generated/prisma/client.ts [Client Component Browser]
    ./lib/prisma.ts [Client Component Browser]
    ./lib/cleanup.ts [Client Component Browser]
    ./app/(manager)/settings/page.tsx [Client Component Browser]
    ./app/(manager)/settings/page.tsx [Server Component] @ http://localhost:3000/_next/static/chunks/node_modules_next_dist_115brz8._.js:3318
[ 1992508ms] [ERROR] ./node_modules/@prisma/client/runtime/client.mjs
Code generation for chunk item errored
An error occurred while generating the chunk item [project]/node_modules/@prisma/client/runtime/client.mjs [app-client] (ecmascript) <locals>

Caused by:
- the chunking context (unknown) does not support external modules (request: node:module)

Debug info:
- An error occurred while generating the chunk item [project]/node_modules/@prisma/client/runtime/client.mjs [app-client] (ecmascript) <locals>
- Execution of <EcmascriptModuleLocalsModule as EcmascriptChunkPlaceable>::chunk_item_content failed
- Execution of *EcmascriptChunkItemContent::new failed
- Execution of EcmascriptModuleContent::new failed
- the chunking context (unknown) does not support external modules (request: node:module)

Import trace:
  Client Component Browser:
    ./node_modules/@prisma/client/runtime/client.mjs [Client Component Browser]
    ./app/generated/prisma/internal/prismaNamespace.ts [Client Component Browser]
    ./app/generated/prisma/client.ts [Client Component Browser]
    ./lib/prisma.ts [Client Component Browser]
    ./lib/cleanup.ts [Client Component Browser]
    ./app/(manager)/settings/page.tsx [Client Component Browser]
    ./app/(manager)/settings/page.tsx [Server Component] @ http://localhost:3000/_next/static/chunks/node_modules_next_dist_115brz8._.js:3318
[ 1992561ms] [ERROR] ./node_modules/@prisma/client/runtime/client.mjs
Code generation for chunk item errored
An error occurred while generating the chunk item [project]/node_modules/@prisma/client/runtime/client.mjs [app-client] (ecmascript) <locals>

Caused by:
- the chunking context (unknown) does not support external modules (request: node:module)

Debug info:
- An error occurred while generating the chunk item [project]/node_modules/@prisma/client/runtime/client.mjs [app-client] (ecmascript) <locals>
- Execution of <EcmascriptModuleLocalsModule as EcmascriptChunkPlaceable>::chunk_item_content failed
- Execution of *EcmascriptChunkItemContent::new failed
- Execution of EcmascriptModuleContent::new failed
- the chunking context (unknown) does not support external modules (request: node:module)

Import trace:
  Client Component Browser:
    ./node_modules/@prisma/client/runtime/client.mjs [Client Component Browser]
    ./app/generated/prisma/internal/prismaNamespace.ts [Client Component Browser]
    ./app/generated/prisma/client.ts [Client Component Browser]
    ./lib/prisma.ts [Client Component Browser]
    ./lib/cleanup.ts [Client Component Browser]
    ./app/(manager)/settings/page.tsx [Client Component Browser]
    ./app/(manager)/settings/page.tsx [Server Component] @ http://localhost:3000/_next/static/chunks/node_modules_next_dist_115brz8._.js:3318
[ 1992611ms] [ERROR] ./node_modules/@prisma/client/runtime/client.mjs
Code generation for chunk item errored
An error occurred while generating the chunk item [project]/node_modules/@prisma/client/runtime/client.mjs [app-client] (ecmascript) <locals>

Caused by:
- the chunking context (unknown) does not support external modules (request: node:module)

Debug info:
- An error occurred while generating the chunk item [project]/node_modules/@prisma/client/runtime/client.mjs [app-client] (ecmascript) <locals>
- Execution of <EcmascriptModuleLocalsModule as EcmascriptChunkPlaceable>::chunk_item_content failed
- Execution of *EcmascriptChunkItemContent::new failed
- Execution of EcmascriptModuleContent::new failed
- the chunking context (unknown) does not support external modules (request: node:module)

Import trace:
  Client Component Browser:
    ./node_modules/@prisma/client/runtime/client.mjs [Client Component Browser]
    ./app/generated/prisma/internal/prismaNamespace.ts [Client Component Browser]
    ./app/generated/prisma/client.ts [Client Component Browser]
    ./lib/prisma.ts [Client Component Browser]
    ./lib/cleanup.ts [Client Component Browser]
    ./app/(manager)/settings/page.tsx [Client Component Browser]
    ./app/(manager)/settings/page.tsx [Server Component] @ http://localhost:3000/_next/static/chunks/node_modules_next_dist_115brz8._.js:3318
[ 1992667ms] [ERROR] ./node_modules/@prisma/client/runtime/client.mjs
Code generation for chunk item errored
An error occurred while generating the chunk item [project]/node_modules/@prisma/client/runtime/client.mjs [app-client] (ecmascript) <locals>

Caused by:
- the chunking context (unknown) does not support external modules (request: node:module)

Debug info:
- An error occurred while generating the chunk item [project]/node_modules/@prisma/client/runtime/client.mjs [app-client] (ecmascript) <locals>
- Execution of <EcmascriptModuleLocalsModule as EcmascriptChunkPlaceable>::chunk_item_content failed
- Execution of *EcmascriptChunkItemContent::new failed
- Execution of EcmascriptModuleContent::new failed
- the chunking context (unknown) does not support external modules (request: node:module)

Import trace:
  Client Component Browser:
    ./node_modules/@prisma/client/runtime/client.mjs [Client Component Browser]
    ./app/generated/prisma/internal/prismaNamespace.ts [Client Component Browser]
    ./app/generated/prisma/client.ts [Client Component Browser]
    ./lib/prisma.ts [Client Component Browser]
    ./lib/cleanup.ts [Client Component Browser]
    ./app/(manager)/settings/page.tsx [Client Component Browser]
    ./app/(manager)/settings/page.tsx [Server Component] @ http://localhost:3000/_next/static/chunks/node_modules_next_dist_115brz8._.js:3318
[ 1992724ms] [ERROR] ./node_modules/@prisma/client/runtime/client.mjs
Code generation for chunk item errored
An error occurred while generating the chunk item [project]/node_modules/@prisma/client/runtime/client.mjs [app-client] (ecmascript) <locals>

Caused by:
- the chunking context (unknown) does not support external modules (request: node:module)

Debug info:
- An error occurred while generating the chunk item [project]/node_modules/@prisma/client/runtime/client.mjs [app-client] (ecmascript) <locals>
- Execution of <EcmascriptModuleLocalsModule as EcmascriptChunkPlaceable>::chunk_item_content failed
- Execution of *EcmascriptChunkItemContent::new failed
- Execution of EcmascriptModuleContent::new failed
- the chunking context (unknown) does not support external modules (request: node:module)

Import trace:
  Client Component Browser:
    ./node_modules/@prisma/client/runtime/client.mjs [Client Component Browser]
    ./app/generated/prisma/internal/prismaNamespace.ts [Client Component Browser]
    ./app/generated/prisma/client.ts [Client Component Browser]
    ./lib/prisma.ts [Client Component Browser]
    ./lib/cleanup.ts [Client Component Browser]
    ./app/(manager)/settings/page.tsx [Client Component Browser]
    ./app/(manager)/settings/page.tsx [Server Component] @ http://localhost:3000/_next/static/chunks/node_modules_next_dist_115brz8._.js:3318
[ 1992784ms] [ERROR] ./node_modules/@prisma/client/runtime/client.mjs
Code generation for chunk item errored
An error occurred while generating the chunk item [project]/node_modules/@prisma/client/runtime/client.mjs [app-client] (ecmascript) <locals>

Caused by:
- the chunking context (unknown) does not support external modules (request: node:module)

Debug info:
- An error occurred while generating the chunk item [project]/node_modules/@prisma/client/runtime/client.mjs [app-client] (ecmascript) <locals>
- Execution of <EcmascriptModuleLocalsModule as EcmascriptChunkPlaceable>::chunk_item_content failed
- Execution of *EcmascriptChunkItemContent::new failed
- Execution of EcmascriptModuleContent::new failed
- the chunking context (unknown) does not support external modules (request: node:module)

Import trace:
  Client Component Browser:
    ./node_modules/@prisma/client/runtime/client.mjs [Client Component Browser]
    ./app/generated/prisma/internal/prismaNamespace.ts [Client Component Browser]
    ./app/generated/prisma/client.ts [Client Component Browser]
    ./lib/prisma.ts [Client Component Browser]
    ./lib/cleanup.ts [Client Component Browser]
    ./app/(manager)/settings/page.tsx [Client Component Browser]
    ./app/(manager)/settings/page.tsx [Server Component] @ http://localhost:3000/_next/static/chunks/node_modules_next_dist_115brz8._.js:3318
[ 1992840ms] [ERROR] ./node_modules/@prisma/client/runtime/client.mjs
Code generation for chunk item errored
An error occurred while generating the chunk item [project]/node_modules/@prisma/client/runtime/client.mjs [app-client] (ecmascript) <locals>

Caused by:
- the chunking context (unknown) does not support external modules (request: node:module)

Debug info:
- An error occurred while generating the chunk item [project]/node_modules/@prisma/client/runtime/client.mjs [app-client] (ecmascript) <locals>
- Execution of <EcmascriptModuleLocalsModule as EcmascriptChunkPlaceable>::chunk_item_content failed
- Execution of *EcmascriptChunkItemContent::new failed
- Execution of EcmascriptModuleContent::new failed
- the chunking context (unknown) does not support external modules (request: node:module)

Import trace:
  Client Component Browser:
    ./node_modules/@prisma/client/runtime/client.mjs [Client Component Browser]
    ./app/generated/prisma/internal/prismaNamespace.ts [Client Component Browser]
    ./app/generated/prisma/client.ts [Client Component Browser]
    ./lib/prisma.ts [Client Component Browser]
    ./lib/cleanup.ts [Client Component Browser]
    ./app/(manager)/settings/page.tsx [Client Component Browser]
    ./app/(manager)/settings/page.tsx [Server Component] @ http://localhost:3000/_next/static/chunks/node_modules_next_dist_115brz8._.js:3318
[ 1992892ms] [ERROR] ./node_modules/@prisma/client/runtime/client.mjs
Code generation for chunk item errored
An error occurred while generating the chunk item [project]/node_modules/@prisma/client/runtime/client.mjs [app-client] (ecmascript) <locals>

Caused by:
- the chunking context (unknown) does not support external modules (request: node:module)

Debug info:
- An error occurred while generating the chunk item [project]/node_modules/@prisma/client/runtime/client.mjs [app-client] (ecmascript) <locals>
- Execution of <EcmascriptModuleLocalsModule as EcmascriptChunkPlaceable>::chunk_item_content failed
- Execution of *EcmascriptChunkItemContent::new failed
- Execution of EcmascriptModuleContent::new failed
- the chunking context (unknown) does not support external modules (request: node:module)

Import trace:
  Client Component Browser:
    ./node_modules/@prisma/client/runtime/client.mjs [Client Component Browser]
    ./app/generated/prisma/internal/prismaNamespace.ts [Client Component Browser]
    ./app/generated/prisma/client.ts [Client Component Browser]
    ./lib/prisma.ts [Client Component Browser]
    ./lib/cleanup.ts [Client Component Browser]
    ./app/(manager)/settings/page.tsx [Client Component Browser]
    ./app/(manager)/settings/page.tsx [Server Component] @ http://localhost:3000/_next/static/chunks/node_modules_next_dist_115brz8._.js:3318
[ 1992950ms] [ERROR] ./node_modules/@prisma/client/runtime/client.mjs
Code generation for chunk item errored
An error occurred while generating the chunk item [project]/node_modules/@prisma/client/runtime/client.mjs [app-client] (ecmascript) <locals>

Caused by:
- the chunking context (unknown) does not support external modules (request: node:module)

Debug info:
- An error occurred while generating the chunk item [project]/node_modules/@prisma/client/runtime/client.mjs [app-client] (ecmascript) <locals>
- Execution of <EcmascriptModuleLocalsModule as EcmascriptChunkPlaceable>::chunk_item_content failed
- Execution of *EcmascriptChunkItemContent::new failed
- Execution of EcmascriptModuleContent::new failed
- the chunking context (unknown) does not support external modules (request: node:module)

Import trace:
  Client Component Browser:
    ./node_modules/@prisma/client/runtime/client.mjs [Client Component Browser]
    ./app/generated/prisma/internal/prismaNamespace.ts [Client Component Browser]
    ./app/generated/prisma/client.ts [Client Component Browser]
    ./lib/prisma.ts [Client Component Browser]
    ./lib/cleanup.ts [Client Component Browser]
    ./app/(manager)/settings/page.tsx [Client Component Browser]
    ./app/(manager)/settings/page.tsx [Server Component] @ http://localhost:3000/_next/static/chunks/node_modules_next_dist_115brz8._.js:3318
[ 1993002ms] [ERROR] ./node_modules/@prisma/client/runtime/client.mjs
Code generation for chunk item errored
An error occurred while generating the chunk item [project]/node_modules/@prisma/client/runtime/client.mjs [app-client] (ecmascript) <locals>

Caused by:
- the chunking context (unknown) does not support external modules (request: node:module)

Debug info:
- An error occurred while generating the chunk item [project]/node_modules/@prisma/client/runtime/client.mjs [app-client] (ecmascript) <locals>
- Execution of <EcmascriptModuleLocalsModule as EcmascriptChunkPlaceable>::chunk_item_content failed
- Execution of *EcmascriptChunkItemContent::new failed
- Execution of EcmascriptModuleContent::new failed
- the chunking context (unknown) does not support external modules (request: node:module)

Import trace:
  Client Component Browser:
    ./node_modules/@prisma/client/runtime/client.mjs [Client Component Browser]
    ./app/generated/prisma/internal/prismaNamespace.ts [Client Component Browser]
    ./app/generated/prisma/client.ts [Client Component Browser]
    ./lib/prisma.ts [Client Component Browser]
    ./lib/cleanup.ts [Client Component Browser]
    ./app/(manager)/settings/page.tsx [Client Component Browser]
    ./app/(manager)/settings/page.tsx [Server Component] @ http://localhost:3000/_next/static/chunks/node_modules_next_dist_115brz8._.js:3318
[ 1993057ms] [ERROR] ./node_modules/@prisma/client/runtime/client.mjs
Code generation for chunk item errored
An error occurred while generating the chunk item [project]/node_modules/@prisma/client/runtime/client.mjs [app-client] (ecmascript) <locals>

Caused by:
- the chunking context (unknown) does not support external modules (request: node:module)

Debug info:
- An error occurred while generating the chunk item [project]/node_modules/@prisma/client/runtime/client.mjs [app-client] (ecmascript) <locals>
- Execution of <EcmascriptModuleLocalsModule as EcmascriptChunkPlaceable>::chunk_item_content failed
- Execution of *EcmascriptChunkItemContent::new failed
- Execution of EcmascriptModuleContent::new failed
- the chunking context (unknown) does not support external modules (request: node:module)

Import trace:
  Client Component Browser:
    ./node_modules/@prisma/client/runtime/client.mjs [Client Component Browser]
    ./app/generated/prisma/internal/prismaNamespace.ts [Client Component Browser]
    ./app/generated/prisma/client.ts [Client Component Browser]
    ./lib/prisma.ts [Client Component Browser]
    ./lib/cleanup.ts [Client Component Browser]
    ./app/(manager)/settings/page.tsx [Client Component Browser]
    ./app/(manager)/settings/page.tsx [Server Component] @ http://localhost:3000/_next/static/chunks/node_modules_next_dist_115brz8._.js:3318
[ 1993110ms] [ERROR] ./node_modules/@prisma/client/runtime/client.mjs
Code generation for chunk item errored
An error occurred while generating the chunk item [project]/node_modules/@prisma/client/runtime/client.mjs [app-client] (ecmascript) <locals>

Caused by:
- the chunking context (unknown) does not support external modules (request: node:module)

Debug info:
- An error occurred while generating the chunk item [project]/node_modules/@prisma/client/runtime/client.mjs [app-client] (ecmascript) <locals>
- Execution of <EcmascriptModuleLocalsModule as EcmascriptChunkPlaceable>::chunk_item_content failed
- Execution of *EcmascriptChunkItemContent::new failed
- Execution of EcmascriptModuleContent::new failed
- the chunking context (unknown) does not support external modules (request: node:module)

Import trace:
  Client Component Browser:
    ./node_modules/@prisma/client/runtime/client.mjs [Client Component Browser]
    ./app/generated/prisma/internal/prismaNamespace.ts [Client Component Browser]
    ./app/generated/prisma/client.ts [Client Component Browser]
    ./lib/prisma.ts [Client Component Browser]
    ./lib/cleanup.ts [Client Component Browser]
    ./app/(manager)/settings/page.tsx [Client Component Browser]
    ./app/(manager)/settings/page.tsx [Server Component] @ http://localhost:3000/_next/static/chunks/node_modules_next_dist_115brz8._.js:3318
[ 1993162ms] [ERROR] ./node_modules/@prisma/client/runtime/client.mjs
Code generation for chunk item errored
An error occurred while generating the chunk item [project]/node_modules/@prisma/client/runtime/client.mjs [app-client] (ecmascript) <locals>

Caused by:
- the chunking context (unknown) does not support external modules (request: node:module)

Debug info:
- An error occurred while generating the chunk item [project]/node_modules/@prisma/client/runtime/client.mjs [app-client] (ecmascript) <locals>
- Execution of <EcmascriptModuleLocalsModule as EcmascriptChunkPlaceable>::chunk_item_content failed
- Execution of *EcmascriptChunkItemContent::new failed
- Execution of EcmascriptModuleContent::new failed
- the chunking context (unknown) does not support external modules (request: node:module)

Import trace:
  Client Component Browser:
    ./node_modules/@prisma/client/runtime/client.mjs [Client Component Browser]
    ./app/generated/prisma/internal/prismaNamespace.ts [Client Component Browser]
    ./app/generated/prisma/client.ts [Client Component Browser]
    ./lib/prisma.ts [Client Component Browser]
    ./lib/cleanup.ts [Client Component Browser]
    ./app/(manager)/settings/page.tsx [Client Component Browser]
    ./app/(manager)/settings/page.tsx [Server Component] @ http://localhost:3000/_next/static/chunks/node_modules_next_dist_115brz8._.js:3318
[ 1993217ms] [ERROR] ./node_modules/@prisma/client/runtime/client.mjs
Code generation for chunk item errored
An error occurred while generating the chunk item [project]/node_modules/@prisma/client/runtime/client.mjs [app-client] (ecmascript) <locals>

Caused by:
- the chunking context (unknown) does not support external modules (request: node:module)

Debug info:
- An error occurred while generating the chunk item [project]/node_modules/@prisma/client/runtime/client.mjs [app-client] (ecmascript) <locals>
- Execution of <EcmascriptModuleLocalsModule as EcmascriptChunkPlaceable>::chunk_item_content failed
- Execution of *EcmascriptChunkItemContent::new failed
- Execution of EcmascriptModuleContent::new failed
- the chunking context (unknown) does not support external modules (request: node:module)

Import trace:
  Client Component Browser:
    ./node_modules/@prisma/client/runtime/client.mjs [Client Component Browser]
    ./app/generated/prisma/internal/prismaNamespace.ts [Client Component Browser]
    ./app/generated/prisma/client.ts [Client Component Browser]
    ./lib/prisma.ts [Client Component Browser]
    ./lib/cleanup.ts [Client Component Browser]
    ./app/(manager)/settings/page.tsx [Client Component Browser]
    ./app/(manager)/settings/page.tsx [Server Component] @ http://localhost:3000/_next/static/chunks/node_modules_next_dist_115brz8._.js:3318
[ 1993273ms] [ERROR] ./node_modules/@prisma/client/runtime/client.mjs
Code generation for chunk item errored
An error occurred while generating the chunk item [project]/node_modules/@prisma/client/runtime/client.mjs [app-client] (ecmascript) <locals>

Caused by:
- the chunking context (unknown) does not support external modules (request: node:module)

Debug info:
- An error occurred while generating the chunk item [project]/node_modules/@prisma/client/runtime/client.mjs [app-client] (ecmascript) <locals>
- Execution of <EcmascriptModuleLocalsModule as EcmascriptChunkPlaceable>::chunk_item_content failed
- Execution of *EcmascriptChunkItemContent::new failed
- Execution of EcmascriptModuleContent::new failed
- the chunking context (unknown) does not support external modules (request: node:module)

Import trace:
  Client Component Browser:
    ./node_modules/@prisma/client/runtime/client.mjs [Client Component Browser]
    ./app/generated/prisma/internal/prismaNamespace.ts [Client Component Browser]
    ./app/generated/prisma/client.ts [Client Component Browser]
    ./lib/prisma.ts [Client Component Browser]
    ./lib/cleanup.ts [Client Component Browser]
    ./app/(manager)/settings/page.tsx [Client Component Browser]
    ./app/(manager)/settings/page.tsx [Server Component] @ http://localhost:3000/_next/static/chunks/node_modules_next_dist_115brz8._.js:3318
[ 1993327ms] [ERROR] ./node_modules/@prisma/client/runtime/client.mjs
Code generation for chunk item errored
An error occurred while generating the chunk item [project]/node_modules/@prisma/client/runtime/client.mjs [app-client] (ecmascript) <locals>

Caused by:
- the chunking context (unknown) does not support external modules (request: node:module)

Debug info:
- An error occurred while generating the chunk item [project]/node_modules/@prisma/client/runtime/client.mjs [app-client] (ecmascript) <locals>
- Execution of <EcmascriptModuleLocalsModule as EcmascriptChunkPlaceable>::chunk_item_content failed
- Execution of *EcmascriptChunkItemContent::new failed
- Execution of EcmascriptModuleContent::new failed
- the chunking context (unknown) does not support external modules (request: node:module)

Import trace:
  Client Component Browser:
    ./node_modules/@prisma/client/runtime/client.mjs [Client Component Browser]
    ./app/generated/prisma/internal/prismaNamespace.ts [Client Component Browser]
    ./app/generated/prisma/client.ts [Client Component Browser]
    ./lib/prisma.ts [Client Component Browser]
    ./lib/cleanup.ts [Client Component Browser]
    ./app/(manager)/settings/page.tsx [Client Component Browser]
    ./app/(manager)/settings/page.tsx [Server Component] @ http://localhost:3000/_next/static/chunks/node_modules_next_dist_115brz8._.js:3318
[ 1993383ms] [ERROR] ./node_modules/@prisma/client/runtime/client.mjs
Code generation for chunk item errored
An error occurred while generating the chunk item [project]/node_modules/@prisma/client/runtime/client.mjs [app-client] (ecmascript) <locals>

Caused by:
- the chunking context (unknown) does not support external modules (request: node:module)

Debug info:
- An error occurred while generating the chunk item [project]/node_modules/@prisma/client/runtime/client.mjs [app-client] (ecmascript) <locals>
- Execution of <EcmascriptModuleLocalsModule as EcmascriptChunkPlaceable>::chunk_item_content failed
- Execution of *EcmascriptChunkItemContent::new failed
- Execution of EcmascriptModuleContent::new failed
- the chunking context (unknown) does not support external modules (request: node:module)

Import trace:
  Client Component Browser:
    ./node_modules/@prisma/client/runtime/client.mjs [Client Component Browser]
    ./app/generated/prisma/internal/prismaNamespace.ts [Client Component Browser]
    ./app/generated/prisma/client.ts [Client Component Browser]
    ./lib/prisma.ts [Client Component Browser]
    ./lib/cleanup.ts [Client Component Browser]
    ./app/(manager)/settings/page.tsx [Client Component Browser]
    ./app/(manager)/settings/page.tsx [Server Component] @ http://localhost:3000/_next/static/chunks/node_modules_next_dist_115brz8._.js:3318
[ 1993441ms] [ERROR] ./node_modules/@prisma/client/runtime/client.mjs
Code generation for chunk item errored
An error occurred while generating the chunk item [project]/node_modules/@prisma/client/runtime/client.mjs [app-client] (ecmascript) <locals>

Caused by:
- the chunking context (unknown) does not support external modules (request: node:module)

Debug info:
- An error occurred while generating the chunk item [project]/node_modules/@prisma/client/runtime/client.mjs [app-client] (ecmascript) <locals>
- Execution of <EcmascriptModuleLocalsModule as EcmascriptChunkPlaceable>::chunk_item_content failed
- Execution of *EcmascriptChunkItemContent::new failed
- Execution of EcmascriptModuleContent::new failed
- the chunking context (unknown) does not support external modules (request: node:module)

Import trace:
  Client Component Browser:
    ./node_modules/@prisma/client/runtime/client.mjs [Client Component Browser]
    ./app/generated/prisma/internal/prismaNamespace.ts [Client Component Browser]
    ./app/generated/prisma/client.ts [Client Component Browser]
    ./lib/prisma.ts [Client Component Browser]
    ./lib/cleanup.ts [Client Component Browser]
    ./app/(manager)/settings/page.tsx [Client Component Browser]
    ./app/(manager)/settings/page.tsx [Server Component] @ http://localhost:3000/_next/static/chunks/node_modules_next_dist_115brz8._.js:3318
[ 1993498ms] [ERROR] ./node_modules/@prisma/client/runtime/client.mjs
Code generation for chunk item errored
An error occurred while generating the chunk item [project]/node_modules/@prisma/client/runtime/client.mjs [app-client] (ecmascript) <locals>

Caused by:
- the chunking context (unknown) does not support external modules (request: node:module)

Debug info:
- An error occurred while generating the chunk item [project]/node_modules/@prisma/client/runtime/client.mjs [app-client] (ecmascript) <locals>
- Execution of <EcmascriptModuleLocalsModule as EcmascriptChunkPlaceable>::chunk_item_content failed
- Execution of *EcmascriptChunkItemContent::new failed
- Execution of EcmascriptModuleContent::new failed
- the chunking context (unknown) does not support external modules (request: node:module)

Import trace:
  Client Component Browser:
    ./node_modules/@prisma/client/runtime/client.mjs [Client Component Browser]
    ./app/generated/prisma/internal/prismaNamespace.ts [Client Component Browser]
    ./app/generated/prisma/client.ts [Client Component Browser]
    ./lib/prisma.ts [Client Component Browser]
    ./lib/cleanup.ts [Client Component Browser]
    ./app/(manager)/settings/page.tsx [Client Component Browser]
    ./app/(manager)/settings/page.tsx [Server Component] @ http://localhost:3000/_next/static/chunks/node_modules_next_dist_115brz8._.js:3318
[ 1993555ms] [ERROR] ./node_modules/@prisma/client/runtime/client.mjs
Code generation for chunk item errored
An error occurred while generating the chunk item [project]/node_modules/@prisma/client/runtime/client.mjs [app-client] (ecmascript) <locals>

Caused by:
- the chunking context (unknown) does not support external modules (request: node:module)

Debug info:
- An error occurred while generating the chunk item [project]/node_modules/@prisma/client/runtime/client.mjs [app-client] (ecmascript) <locals>
- Execution of <EcmascriptModuleLocalsModule as EcmascriptChunkPlaceable>::chunk_item_content failed
- Execution of *EcmascriptChunkItemContent::new failed
- Execution of EcmascriptModuleContent::new failed
- the chunking context (unknown) does not support external modules (request: node:module)

Import trace:
  Client Component Browser:
    ./node_modules/@prisma/client/runtime/client.mjs [Client Component Browser]
    ./app/generated/prisma/internal/prismaNamespace.ts [Client Component Browser]
    ./app/generated/prisma/client.ts [Client Component Browser]
    ./lib/prisma.ts [Client Component Browser]
    ./lib/cleanup.ts [Client Component Browser]
    ./app/(manager)/settings/page.tsx [Client Component Browser]
    ./app/(manager)/settings/page.tsx [Server Component] @ http://localhost:3000/_next/static/chunks/node_modules_next_dist_115brz8._.js:3318
[ 1993610ms] [ERROR] ./node_modules/@prisma/client/runtime/client.mjs
Code generation for chunk item errored
An error occurred while generating the chunk item [project]/node_modules/@prisma/client/runtime/client.mjs [app-client] (ecmascript) <locals>

Caused by:
- the chunking context (unknown) does not support external modules (request: node:module)

Debug info:
- An error occurred while generating the chunk item [project]/node_modules/@prisma/client/runtime/client.mjs [app-client] (ecmascript) <locals>
- Execution of <EcmascriptModuleLocalsModule as EcmascriptChunkPlaceable>::chunk_item_content failed
- Execution of *EcmascriptChunkItemContent::new failed
- Execution of EcmascriptModuleContent::new failed
- the chunking context (unknown) does not support external modules (request: node:module)

Import trace:
  Client Component Browser:
    ./node_modules/@prisma/client/runtime/client.mjs [Client Component Browser]
    ./app/generated/prisma/internal/prismaNamespace.ts [Client Component Browser]
    ./app/generated/prisma/client.ts [Client Component Browser]
    ./lib/prisma.ts [Client Component Browser]
    ./lib/cleanup.ts [Client Component Browser]
    ./app/(manager)/settings/page.tsx [Client Component Browser]
    ./app/(manager)/settings/page.tsx [Server Component] @ http://localhost:3000/_next/static/chunks/node_modules_next_dist_115brz8._.js:3318
[ 1993665ms] [ERROR] ./node_modules/@prisma/client/runtime/client.mjs
Code generation for chunk item errored
An error occurred while generating the chunk item [project]/node_modules/@prisma/client/runtime/client.mjs [app-client] (ecmascript) <locals>

Caused by:
- the chunking context (unknown) does not support external modules (request: node:module)

Debug info:
- An error occurred while generating the chunk item [project]/node_modules/@prisma/client/runtime/client.mjs [app-client] (ecmascript) <locals>
- Execution of <EcmascriptModuleLocalsModule as EcmascriptChunkPlaceable>::chunk_item_content failed
- Execution of *EcmascriptChunkItemContent::new failed
- Execution of EcmascriptModuleContent::new failed
- the chunking context (unknown) does not support external modules (request: node:module)

Import trace:
  Client Component Browser:
    ./node_modules/@prisma/client/runtime/client.mjs [Client Component Browser]
    ./app/generated/prisma/internal/prismaNamespace.ts [Client Component Browser]
    ./app/generated/prisma/client.ts [Client Component Browser]
    ./lib/prisma.ts [Client Component Browser]
    ./lib/cleanup.ts [Client Component Browser]
    ./app/(manager)/settings/page.tsx [Client Component Browser]
    ./app/(manager)/settings/page.tsx [Server Component] @ http://localhost:3000/_next/static/chunks/node_modules_next_dist_115brz8._.js:3318
[ 1993719ms] [ERROR] ./node_modules/@prisma/client/runtime/client.mjs
Code generation for chunk item errored
An error occurred while generating the chunk item [project]/node_modules/@prisma/client/runtime/client.mjs [app-client] (ecmascript) <locals>

Caused by:
- the chunking context (unknown) does not support external modules (request: node:module)

Debug info:
- An error occurred while generating the chunk item [project]/node_modules/@prisma/client/runtime/client.mjs [app-client] (ecmascript) <locals>
- Execution of <EcmascriptModuleLocalsModule as EcmascriptChunkPlaceable>::chunk_item_content failed
- Execution of *EcmascriptChunkItemContent::new failed
- Execution of EcmascriptModuleContent::new failed
- the chunking context (unknown) does not support external modules (request: node:module)

Import trace:
  Client Component Browser:
    ./node_modules/@prisma/client/runtime/client.mjs [Client Component Browser]
    ./app/generated/prisma/internal/prismaNamespace.ts [Client Component Browser]
    ./app/generated/prisma/client.ts [Client Component Browser]
    ./lib/prisma.ts [Client Component Browser]
    ./lib/cleanup.ts [Client Component Browser]
    ./app/(manager)/settings/page.tsx [Client Component Browser]
    ./app/(manager)/settings/page.tsx [Server Component] @ http://localhost:3000/_next/static/chunks/node_modules_next_dist_115brz8._.js:3318
[ 1993774ms] [ERROR] ./node_modules/@prisma/client/runtime/client.mjs
Code generation for chunk item errored
An error occurred while generating the chunk item [project]/node_modules/@prisma/client/runtime/client.mjs [app-client] (ecmascript) <locals>

Caused by:
- the chunking context (unknown) does not support external modules (request: node:module)

Debug info:
- An error occurred while generating the chunk item [project]/node_modules/@prisma/client/runtime/client.mjs [app-client] (ecmascript) <locals>
- Execution of <EcmascriptModuleLocalsModule as EcmascriptChunkPlaceable>::chunk_item_content failed
- Execution of *EcmascriptChunkItemContent::new failed
- Execution of EcmascriptModuleContent::new failed
- the chunking context (unknown) does not support external modules (request: node:module)

Import trace:
  Client Component Browser:
    ./node_modules/@prisma/client/runtime/client.mjs [Client Component Browser]
    ./app/generated/prisma/internal/prismaNamespace.ts [Client Component Browser]
    ./app/generated/prisma/client.ts [Client Component Browser]
    ./lib/prisma.ts [Client Component Browser]
    ./lib/cleanup.ts [Client Component Browser]
    ./app/(manager)/settings/page.tsx [Client Component Browser]
    ./app/(manager)/settings/page.tsx [Server Component] @ http://localhost:3000/_next/static/chunks/node_modules_next_dist_115brz8._.js:3318
[ 1993832ms] [ERROR] ./node_modules/@prisma/client/runtime/client.mjs
Code generation for chunk item errored
An error occurred while generating the chunk item [project]/node_modules/@prisma/client/runtime/client.mjs [app-client] (ecmascript) <locals>

Caused by:
- the chunking context (unknown) does not support external modules (request: node:module)

Debug info:
- An error occurred while generating the chunk item [project]/node_modules/@prisma/client/runtime/client.mjs [app-client] (ecmascript) <locals>
- Execution of <EcmascriptModuleLocalsModule as EcmascriptChunkPlaceable>::chunk_item_content failed
- Execution of *EcmascriptChunkItemContent::new failed
- Execution of EcmascriptModuleContent::new failed
- the chunking context (unknown) does not support external modules (request: node:module)

Import trace:
  Client Component Browser:
    ./node_modules/@prisma/client/runtime/client.mjs [Client Component Browser]
    ./app/generated/prisma/internal/prismaNamespace.ts [Client Component Browser]
    ./app/generated/prisma/client.ts [Client Component Browser]
    ./lib/prisma.ts [Client Component Browser]
    ./lib/cleanup.ts [Client Component Browser]
    ./app/(manager)/settings/page.tsx [Client Component Browser]
    ./app/(manager)/settings/page.tsx [Server Component] @ http://localhost:3000/_next/static/chunks/node_modules_next_dist_115brz8._.js:3318
[ 1993888ms] [ERROR] ./node_modules/@prisma/client/runtime/client.mjs
Code generation for chunk item errored
An error occurred while generating the chunk item [project]/node_modules/@prisma/client/runtime/client.mjs [app-client] (ecmascript) <locals>

Caused by:
- the chunking context (unknown) does not support external modules (request: node:module)

Debug info:
- An error occurred while generating the chunk item [project]/node_modules/@prisma/client/runtime/client.mjs [app-client] (ecmascript) <locals>
- Execution of <EcmascriptModuleLocalsModule as EcmascriptChunkPlaceable>::chunk_item_content failed
- Execution of *EcmascriptChunkItemContent::new failed
- Execution of EcmascriptModuleContent::new failed
- the chunking context (unknown) does not support external modules (request: node:module)

Import trace:
  Client Component Browser:
    ./node_modules/@prisma/client/runtime/client.mjs [Client Component Browser]
    ./app/generated/prisma/internal/prismaNamespace.ts [Client Component Browser]
    ./app/generated/prisma/client.ts [Client Component Browser]
    ./lib/prisma.ts [Client Component Browser]
    ./lib/cleanup.ts [Client Component Browser]
    ./app/(manager)/settings/page.tsx [Client Component Browser]
    ./app/(manager)/settings/page.tsx [Server Component] @ http://localhost:3000/_next/static/chunks/node_modules_next_dist_115brz8._.js:3318
[ 1993944ms] [ERROR] ./node_modules/@prisma/client/runtime/client.mjs
Code generation for chunk item errored
An error occurred while generating the chunk item [project]/node_modules/@prisma/client/runtime/client.mjs [app-client] (ecmascript) <locals>

Caused by:
- the chunking context (unknown) does not support external modules (request: node:module)

Debug info:
- An error occurred while generating the chunk item [project]/node_modules/@prisma/client/runtime/client.mjs [app-client] (ecmascript) <locals>
- Execution of <EcmascriptModuleLocalsModule as EcmascriptChunkPlaceable>::chunk_item_content failed
- Execution of *EcmascriptChunkItemContent::new failed
- Execution of EcmascriptModuleContent::new failed
- the chunking context (unknown) does not support external modules (request: node:module)

Import trace:
  Client Component Browser:
    ./node_modules/@prisma/client/runtime/client.mjs [Client Component Browser]
    ./app/generated/prisma/internal/prismaNamespace.ts [Client Component Browser]
    ./app/generated/prisma/client.ts [Client Component Browser]
    ./lib/prisma.ts [Client Component Browser]
    ./lib/cleanup.ts [Client Component Browser]
    ./app/(manager)/settings/page.tsx [Client Component Browser]
    ./app/(manager)/settings/page.tsx [Server Component] @ http://localhost:3000/_next/static/chunks/node_modules_next_dist_115brz8._.js:3318
[ 1993997ms] [ERROR] ./node_modules/@prisma/client/runtime/client.mjs
Code generation for chunk item errored
An error occurred while generating the chunk item [project]/node_modules/@prisma/client/runtime/client.mjs [app-client] (ecmascript) <locals>

Caused by:
- the chunking context (unknown) does not support external modules (request: node:module)

Debug info:
- An error occurred while generating the chunk item [project]/node_modules/@prisma/client/runtime/client.mjs [app-client] (ecmascript) <locals>
- Execution of <EcmascriptModuleLocalsModule as EcmascriptChunkPlaceable>::chunk_item_content failed
- Execution of *EcmascriptChunkItemContent::new failed
- Execution of EcmascriptModuleContent::new failed
- the chunking context (unknown) does not support external modules (request: node:module)

Import trace:
  Client Component Browser:
    ./node_modules/@prisma/client/runtime/client.mjs [Client Component Browser]
    ./app/generated/prisma/internal/prismaNamespace.ts [Client Component Browser]
    ./app/generated/prisma/client.ts [Client Component Browser]
    ./lib/prisma.ts [Client Component Browser]
    ./lib/cleanup.ts [Client Component Browser]
    ./app/(manager)/settings/page.tsx [Client Component Browser]
    ./app/(manager)/settings/page.tsx [Server Component] @ http://localhost:3000/_next/static/chunks/node_modules_next_dist_115brz8._.js:3318
[ 1994053ms] [ERROR] ./node_modules/@prisma/client/runtime/client.mjs
Code generation for chunk item errored
An error occurred while generating the chunk item [project]/node_modules/@prisma/client/runtime/client.mjs [app-client] (ecmascript) <locals>

Caused by:
- the chunking context (unknown) does not support external modules (request: node:module)

Debug info:
- An error occurred while generating the chunk item [project]/node_modules/@prisma/client/runtime/client.mjs [app-client] (ecmascript) <locals>
- Execution of <EcmascriptModuleLocalsModule as EcmascriptChunkPlaceable>::chunk_item_content failed
- Execution of *EcmascriptChunkItemContent::new failed
- Execution of EcmascriptModuleContent::new failed
- the chunking context (unknown) does not support external modules (request: node:module)

Import trace:
  Client Component Browser:
    ./node_modules/@prisma/client/runtime/client.mjs [Client Component Browser]
    ./app/generated/prisma/internal/prismaNamespace.ts [Client Component Browser]
    ./app/generated/prisma/client.ts [Client Component Browser]
    ./lib/prisma.ts [Client Component Browser]
    ./lib/cleanup.ts [Client Component Browser]
    ./app/(manager)/settings/page.tsx [Client Component Browser]
    ./app/(manager)/settings/page.tsx [Server Component] @ http://localhost:3000/_next/static/chunks/node_modules_next_dist_115brz8._.js:3318
[ 1994110ms] [ERROR] ./node_modules/@prisma/client/runtime/client.mjs
Code generation for chunk item errored
An error occurred while generating the chunk item [project]/node_modules/@prisma/client/runtime/client.mjs [app-client] (ecmascript) <locals>

Caused by:
- the chunking context (unknown) does not support external modules (request: node:module)

Debug info:
- An error occurred while generating the chunk item [project]/node_modules/@prisma/client/runtime/client.mjs [app-client] (ecmascript) <locals>
- Execution of <EcmascriptModuleLocalsModule as EcmascriptChunkPlaceable>::chunk_item_content failed
- Execution of *EcmascriptChunkItemContent::new failed
- Execution of EcmascriptModuleContent::new failed
- the chunking context (unknown) does not support external modules (request: node:module)

Import trace:
  Client Component Browser:
    ./node_modules/@prisma/client/runtime/client.mjs [Client Component Browser]
    ./app/generated/prisma/internal/prismaNamespace.ts [Client Component Browser]
    ./app/generated/prisma/client.ts [Client Component Browser]
    ./lib/prisma.ts [Client Component Browser]
    ./lib/cleanup.ts [Client Component Browser]
    ./app/(manager)/settings/page.tsx [Client Component Browser]
    ./app/(manager)/settings/page.tsx [Server Component] @ http://localhost:3000/_next/static/chunks/node_modules_next_dist_115brz8._.js:3318
[ 1994174ms] [ERROR] ./node_modules/@prisma/client/runtime/client.mjs
Code generation for chunk item errored
An error occurred while generating the chunk item [project]/node_modules/@prisma/client/runtime/client.mjs [app-client] (ecmascript) <locals>

Caused by:
- the chunking context (unknown) does not support external modules (request: node:module)

Debug info:
- An error occurred while generating the chunk item [project]/node_modules/@prisma/client/runtime/client.mjs [app-client] (ecmascript) <locals>
- Execution of <EcmascriptModuleLocalsModule as EcmascriptChunkPlaceable>::chunk_item_content failed
- Execution of *EcmascriptChunkItemContent::new failed
- Execution of EcmascriptModuleContent::new failed
- the chunking context (unknown) does not support external modules (request: node:module)

Import trace:
  Client Component Browser:
    ./node_modules/@prisma/client/runtime/client.mjs [Client Component Browser]
    ./app/generated/prisma/internal/prismaNamespace.ts [Client Component Browser]
    ./app/generated/prisma/client.ts [Client Component Browser]
    ./lib/prisma.ts [Client Component Browser]
    ./lib/cleanup.ts [Client Component Browser]
    ./app/(manager)/settings/page.tsx [Client Component Browser]
    ./app/(manager)/settings/page.tsx [Server Component] @ http://localhost:3000/_next/static/chunks/node_modules_next_dist_115brz8._.js:3318
[ 1994232ms] [ERROR] ./node_modules/@prisma/client/runtime/client.mjs
Code generation for chunk item errored
An error occurred while generating the chunk item [project]/node_modules/@prisma/client/runtime/client.mjs [app-client] (ecmascript) <locals>

Caused by:
- the chunking context (unknown) does not support external modules (request: node:module)

Debug info:
- An error occurred while generating the chunk item [project]/node_modules/@prisma/client/runtime/client.mjs [app-client] (ecmascript) <locals>
- Execution of <EcmascriptModuleLocalsModule as EcmascriptChunkPlaceable>::chunk_item_content failed
- Execution of *EcmascriptChunkItemContent::new failed
- Execution of EcmascriptModuleContent::new failed
- the chunking context (unknown) does not support external modules (request: node:module)

Import trace:
  Client Component Browser:
    ./node_modules/@prisma/client/runtime/client.mjs [Client Component Browser]
    ./app/generated/prisma/internal/prismaNamespace.ts [Client Component Browser]
    ./app/generated/prisma/client.ts [Client Component Browser]
    ./lib/prisma.ts [Client Component Browser]
    ./lib/cleanup.ts [Client Component Browser]
    ./app/(manager)/settings/page.tsx [Client Component Browser]
    ./app/(manager)/settings/page.tsx [Server Component] @ http://localhost:3000/_next/static/chunks/node_modules_next_dist_115brz8._.js:3318
[ 1994288ms] [ERROR] ./node_modules/@prisma/client/runtime/client.mjs
Code generation for chunk item errored
An error occurred while generating the chunk item [project]/node_modules/@prisma/client/runtime/client.mjs [app-client] (ecmascript) <locals>

Caused by:
- the chunking context (unknown) does not support external modules (request: node:module)

Debug info:
- An error occurred while generating the chunk item [project]/node_modules/@prisma/client/runtime/client.mjs [app-client] (ecmascript) <locals>
- Execution of <EcmascriptModuleLocalsModule as EcmascriptChunkPlaceable>::chunk_item_content failed
- Execution of *EcmascriptChunkItemContent::new failed
- Execution of EcmascriptModuleContent::new failed
- the chunking context (unknown) does not support external modules (request: node:module)

Import trace:
  Client Component Browser:
    ./node_modules/@prisma/client/runtime/client.mjs [Client Component Browser]
    ./app/generated/prisma/internal/prismaNamespace.ts [Client Component Browser]
    ./app/generated/prisma/client.ts [Client Component Browser]
    ./lib/prisma.ts [Client Component Browser]
    ./lib/cleanup.ts [Client Component Browser]
    ./app/(manager)/settings/page.tsx [Client Component Browser]
    ./app/(manager)/settings/page.tsx [Server Component] @ http://localhost:3000/_next/static/chunks/node_modules_next_dist_115brz8._.js:3318
[ 1994341ms] [ERROR] ./node_modules/@prisma/client/runtime/client.mjs
Code generation for chunk item errored
An error occurred while generating the chunk item [project]/node_modules/@prisma/client/runtime/client.mjs [app-client] (ecmascript) <locals>

Caused by:
- the chunking context (unknown) does not support external modules (request: node:module)

Debug info:
- An error occurred while generating the chunk item [project]/node_modules/@prisma/client/runtime/client.mjs [app-client] (ecmascript) <locals>
- Execution of <EcmascriptModuleLocalsModule as EcmascriptChunkPlaceable>::chunk_item_content failed
- Execution of *EcmascriptChunkItemContent::new failed
- Execution of EcmascriptModuleContent::new failed
- the chunking context (unknown) does not support external modules (request: node:module)

Import trace:
  Client Component Browser:
    ./node_modules/@prisma/client/runtime/client.mjs [Client Component Browser]
    ./app/generated/prisma/internal/prismaNamespace.ts [Client Component Browser]
    ./app/generated/prisma/client.ts [Client Component Browser]
    ./lib/prisma.ts [Client Component Browser]
    ./lib/cleanup.ts [Client Component Browser]
    ./app/(manager)/settings/page.tsx [Client Component Browser]
    ./app/(manager)/settings/page.tsx [Server Component] @ http://localhost:3000/_next/static/chunks/node_modules_next_dist_115brz8._.js:3318
[ 1994395ms] [ERROR] ./node_modules/@prisma/client/runtime/client.mjs
Code generation for chunk item errored
An error occurred while generating the chunk item [project]/node_modules/@prisma/client/runtime/client.mjs [app-client] (ecmascript) <locals>

Caused by:
- the chunking context (unknown) does not support external modules (request: node:module)

Debug info:
- An error occurred while generating the chunk item [project]/node_modules/@prisma/client/runtime/client.mjs [app-client] (ecmascript) <locals>
- Execution of <EcmascriptModuleLocalsModule as EcmascriptChunkPlaceable>::chunk_item_content failed
- Execution of *EcmascriptChunkItemContent::new failed
- Execution of EcmascriptModuleContent::new failed
- the chunking context (unknown) does not support external modules (request: node:module)

Import trace:
  Client Component Browser:
    ./node_modules/@prisma/client/runtime/client.mjs [Client Component Browser]
    ./app/generated/prisma/internal/prismaNamespace.ts [Client Component Browser]
    ./app/generated/prisma/client.ts [Client Component Browser]
    ./lib/prisma.ts [Client Component Browser]
    ./lib/cleanup.ts [Client Component Browser]
    ./app/(manager)/settings/page.tsx [Client Component Browser]
    ./app/(manager)/settings/page.tsx [Server Component] @ http://localhost:3000/_next/static/chunks/node_modules_next_dist_115brz8._.js:3318
[ 1994451ms] [ERROR] ./node_modules/@prisma/client/runtime/client.mjs
Code generation for chunk item errored
An error occurred while generating the chunk item [project]/node_modules/@prisma/client/runtime/client.mjs [app-client] (ecmascript) <locals>

Caused by:
- the chunking context (unknown) does not support external modules (request: node:module)

Debug info:
- An error occurred while generating the chunk item [project]/node_modules/@prisma/client/runtime/client.mjs [app-client] (ecmascript) <locals>
- Execution of <EcmascriptModuleLocalsModule as EcmascriptChunkPlaceable>::chunk_item_content failed
- Execution of *EcmascriptChunkItemContent::new failed
- Execution of EcmascriptModuleContent::new failed
- the chunking context (unknown) does not support external modules (request: node:module)

Import trace:
  Client Component Browser:
    ./node_modules/@prisma/client/runtime/client.mjs [Client Component Browser]
    ./app/generated/prisma/internal/prismaNamespace.ts [Client Component Browser]
    ./app/generated/prisma/client.ts [Client Component Browser]
    ./lib/prisma.ts [Client Component Browser]
    ./lib/cleanup.ts [Client Component Browser]
    ./app/(manager)/settings/page.tsx [Client Component Browser]
    ./app/(manager)/settings/page.tsx [Server Component] @ http://localhost:3000/_next/static/chunks/node_modules_next_dist_115brz8._.js:3318
[ 1994509ms] [ERROR] ./node_modules/@prisma/client/runtime/client.mjs
Code generation for chunk item errored
An error occurred while generating the chunk item [project]/node_modules/@prisma/client/runtime/client.mjs [app-client] (ecmascript) <locals>

Caused by:
- the chunking context (unknown) does not support external modules (request: node:module)

Debug info:
- An error occurred while generating the chunk item [project]/node_modules/@prisma/client/runtime/client.mjs [app-client] (ecmascript) <locals>
- Execution of <EcmascriptModuleLocalsModule as EcmascriptChunkPlaceable>::chunk_item_content failed
- Execution of *EcmascriptChunkItemContent::new failed
- Execution of EcmascriptModuleContent::new failed
- the chunking context (unknown) does not support external modules (request: node:module)

Import trace:
  Client Component Browser:
    ./node_modules/@prisma/client/runtime/client.mjs [Client Component Browser]
    ./app/generated/prisma/internal/prismaNamespace.ts [Client Component Browser]
    ./app/generated/prisma/client.ts [Client Component Browser]
    ./lib/prisma.ts [Client Component Browser]
    ./lib/cleanup.ts [Client Component Browser]
    ./app/(manager)/settings/page.tsx [Client Component Browser]
    ./app/(manager)/settings/page.tsx [Server Component] @ http://localhost:3000/_next/static/chunks/node_modules_next_dist_115brz8._.js:3318
[ 1994563ms] [ERROR] ./node_modules/@prisma/client/runtime/client.mjs
Code generation for chunk item errored
An error occurred while generating the chunk item [project]/node_modules/@prisma/client/runtime/client.mjs [app-client] (ecmascript) <locals>

Caused by:
- the chunking context (unknown) does not support external modules (request: node:module)

Debug info:
- An error occurred while generating the chunk item [project]/node_modules/@prisma/client/runtime/client.mjs [app-client] (ecmascript) <locals>
- Execution of <EcmascriptModuleLocalsModule as EcmascriptChunkPlaceable>::chunk_item_content failed
- Execution of *EcmascriptChunkItemContent::new failed
- Execution of EcmascriptModuleContent::new failed
- the chunking context (unknown) does not support external modules (request: node:module)

Import trace:
  Client Component Browser:
    ./node_modules/@prisma/client/runtime/client.mjs [Client Component Browser]
    ./app/generated/prisma/internal/prismaNamespace.ts [Client Component Browser]
    ./app/generated/prisma/client.ts [Client Component Browser]
    ./lib/prisma.ts [Client Component Browser]
    ./lib/cleanup.ts [Client Component Browser]
    ./app/(manager)/settings/page.tsx [Client Component Browser]
    ./app/(manager)/settings/page.tsx [Server Component] @ http://localhost:3000/_next/static/chunks/node_modules_next_dist_115brz8._.js:3318
[ 1994620ms] [ERROR] ./node_modules/@prisma/client/runtime/client.mjs
Code generation for chunk item errored
An error occurred while generating the chunk item [project]/node_modules/@prisma/client/runtime/client.mjs [app-client] (ecmascript) <locals>

Caused by:
- the chunking context (unknown) does not support external modules (request: node:module)

Debug info:
- An error occurred while generating the chunk item [project]/node_modules/@prisma/client/runtime/client.mjs [app-client] (ecmascript) <locals>
- Execution of <EcmascriptModuleLocalsModule as EcmascriptChunkPlaceable>::chunk_item_content failed
- Execution of *EcmascriptChunkItemContent::new failed
- Execution of EcmascriptModuleContent::new failed
- the chunking context (unknown) does not support external modules (request: node:module)

Import trace:
  Client Component Browser:
    ./node_modules/@prisma/client/runtime/client.mjs [Client Component Browser]
    ./app/generated/prisma/internal/prismaNamespace.ts [Client Component Browser]
    ./app/generated/prisma/client.ts [Client Component Browser]
    ./lib/prisma.ts [Client Component Browser]
    ./lib/cleanup.ts [Client Component Browser]
    ./app/(manager)/settings/page.tsx [Client Component Browser]
    ./app/(manager)/settings/page.tsx [Server Component] @ http://localhost:3000/_next/static/chunks/node_modules_next_dist_115brz8._.js:3318
[ 1994674ms] [ERROR] ./node_modules/@prisma/client/runtime/client.mjs
Code generation for chunk item errored
An error occurred while generating the chunk item [project]/node_modules/@prisma/client/runtime/client.mjs [app-client] (ecmascript) <locals>

Caused by:
- the chunking context (unknown) does not support external modules (request: node:module)

Debug info:
- An error occurred while generating the chunk item [project]/node_modules/@prisma/client/runtime/client.mjs [app-client] (ecmascript) <locals>
- Execution of <EcmascriptModuleLocalsModule as EcmascriptChunkPlaceable>::chunk_item_content failed
- Execution of *EcmascriptChunkItemContent::new failed
- Execution of EcmascriptModuleContent::new failed
- the chunking context (unknown) does not support external modules (request: node:module)

Import trace:
  Client Component Browser:
    ./node_modules/@prisma/client/runtime/client.mjs [Client Component Browser]
    ./app/generated/prisma/internal/prismaNamespace.ts [Client Component Browser]
    ./app/generated/prisma/client.ts [Client Component Browser]
    ./lib/prisma.ts [Client Component Browser]
    ./lib/cleanup.ts [Client Component Browser]
    ./app/(manager)/settings/page.tsx [Client Component Browser]
    ./app/(manager)/settings/page.tsx [Server Component] @ http://localhost:3000/_next/static/chunks/node_modules_next_dist_115brz8._.js:3318
[ 1994735ms] [ERROR] ./node_modules/@prisma/client/runtime/client.mjs
Code generation for chunk item errored
An error occurred while generating the chunk item [project]/node_modules/@prisma/client/runtime/client.mjs [app-client] (ecmascript) <locals>

Caused by:
- the chunking context (unknown) does not support external modules (request: node:module)

Debug info:
- An error occurred while generating the chunk item [project]/node_modules/@prisma/client/runtime/client.mjs [app-client] (ecmascript) <locals>
- Execution of <EcmascriptModuleLocalsModule as EcmascriptChunkPlaceable>::chunk_item_content failed
- Execution of *EcmascriptChunkItemContent::new failed
- Execution of EcmascriptModuleContent::new failed
- the chunking context (unknown) does not support external modules (request: node:module)

Import trace:
  Client Component Browser:
    ./node_modules/@prisma/client/runtime/client.mjs [Client Component Browser]
    ./app/generated/prisma/internal/prismaNamespace.ts [Client Component Browser]
    ./app/generated/prisma/client.ts [Client Component Browser]
    ./lib/prisma.ts [Client Component Browser]
    ./lib/cleanup.ts [Client Component Browser]
    ./app/(manager)/settings/page.tsx [Client Component Browser]
    ./app/(manager)/settings/page.tsx [Server Component] @ http://localhost:3000/_next/static/chunks/node_modules_next_dist_115brz8._.js:3318
[ 1994791ms] [ERROR] ./node_modules/@prisma/client/runtime/client.mjs
Code generation for chunk item errored
An error occurred while generating the chunk item [project]/node_modules/@prisma/client/runtime/client.mjs [app-client] (ecmascript) <locals>

Caused by:
- the chunking context (unknown) does not support external modules (request: node:module)

Debug info:
- An error occurred while generating the chunk item [project]/node_modules/@prisma/client/runtime/client.mjs [app-client] (ecmascript) <locals>
- Execution of <EcmascriptModuleLocalsModule as EcmascriptChunkPlaceable>::chunk_item_content failed
- Execution of *EcmascriptChunkItemContent::new failed
- Execution of EcmascriptModuleContent::new failed
- the chunking context (unknown) does not support external modules (request: node:module)

Import trace:
  Client Component Browser:
    ./node_modules/@prisma/client/runtime/client.mjs [Client Component Browser]
    ./app/generated/prisma/internal/prismaNamespace.ts [Client Component Browser]
    ./app/generated/prisma/client.ts [Client Component Browser]
    ./lib/prisma.ts [Client Component Browser]
    ./lib/cleanup.ts [Client Component Browser]
    ./app/(manager)/settings/page.tsx [Client Component Browser]
    ./app/(manager)/settings/page.tsx [Server Component] @ http://localhost:3000/_next/static/chunks/node_modules_next_dist_115brz8._.js:3318
[ 1994850ms] [ERROR] ./node_modules/@prisma/client/runtime/client.mjs
Code generation for chunk item errored
An error occurred while generating the chunk item [project]/node_modules/@prisma/client/runtime/client.mjs [app-client] (ecmascript) <locals>

Caused by:
- the chunking context (unknown) does not support external modules (request: node:module)

Debug info:
- An error occurred while generating the chunk item [project]/node_modules/@prisma/client/runtime/client.mjs [app-client] (ecmascript) <locals>
- Execution of <EcmascriptModuleLocalsModule as EcmascriptChunkPlaceable>::chunk_item_content failed
- Execution of *EcmascriptChunkItemContent::new failed
- Execution of EcmascriptModuleContent::new failed
- the chunking context (unknown) does not support external modules (request: node:module)

Import trace:
  Client Component Browser:
    ./node_modules/@prisma/client/runtime/client.mjs [Client Component Browser]
    ./app/generated/prisma/internal/prismaNamespace.ts [Client Component Browser]
    ./app/generated/prisma/client.ts [Client Component Browser]
    ./lib/prisma.ts [Client Component Browser]
    ./lib/cleanup.ts [Client Component Browser]
    ./app/(manager)/settings/page.tsx [Client Component Browser]
    ./app/(manager)/settings/page.tsx [Server Component] @ http://localhost:3000/_next/static/chunks/node_modules_next_dist_115brz8._.js:3318
[ 1994902ms] [ERROR] ./node_modules/@prisma/client/runtime/client.mjs
Code generation for chunk item errored
An error occurred while generating the chunk item [project]/node_modules/@prisma/client/runtime/client.mjs [app-client] (ecmascript) <locals>

Caused by:
- the chunking context (unknown) does not support external modules (request: node:module)

Debug info:
- An error occurred while generating the chunk item [project]/node_modules/@prisma/client/runtime/client.mjs [app-client] (ecmascript) <locals>
- Execution of <EcmascriptModuleLocalsModule as EcmascriptChunkPlaceable>::chunk_item_content failed
- Execution of *EcmascriptChunkItemContent::new failed
- Execution of EcmascriptModuleContent::new failed
- the chunking context (unknown) does not support external modules (request: node:module)

Import trace:
  Client Component Browser:
    ./node_modules/@prisma/client/runtime/client.mjs [Client Component Browser]
    ./app/generated/prisma/internal/prismaNamespace.ts [Client Component Browser]
    ./app/generated/prisma/client.ts [Client Component Browser]
    ./lib/prisma.ts [Client Component Browser]
    ./lib/cleanup.ts [Client Component Browser]
    ./app/(manager)/settings/page.tsx [Client Component Browser]
    ./app/(manager)/settings/page.tsx [Server Component] @ http://localhost:3000/_next/static/chunks/node_modules_next_dist_115brz8._.js:3318
[ 1994959ms] [ERROR] ./node_modules/@prisma/client/runtime/client.mjs
Code generation for chunk item errored
An error occurred while generating the chunk item [project]/node_modules/@prisma/client/runtime/client.mjs [app-client] (ecmascript) <locals>

Caused by:
- the chunking context (unknown) does not support external modules (request: node:module)

Debug info:
- An error occurred while generating the chunk item [project]/node_modules/@prisma/client/runtime/client.mjs [app-client] (ecmascript) <locals>
- Execution of <EcmascriptModuleLocalsModule as EcmascriptChunkPlaceable>::chunk_item_content failed
- Execution of *EcmascriptChunkItemContent::new failed
- Execution of EcmascriptModuleContent::new failed
- the chunking context (unknown) does not support external modules (request: node:module)

Import trace:
  Client Component Browser:
    ./node_modules/@prisma/client/runtime/client.mjs [Client Component Browser]
    ./app/generated/prisma/internal/prismaNamespace.ts [Client Component Browser]
    ./app/generated/prisma/client.ts [Client Component Browser]
    ./lib/prisma.ts [Client Component Browser]
    ./lib/cleanup.ts [Client Component Browser]
    ./app/(manager)/settings/page.tsx [Client Component Browser]
    ./app/(manager)/settings/page.tsx [Server Component] @ http://localhost:3000/_next/static/chunks/node_modules_next_dist_115brz8._.js:3318
[ 1995014ms] [ERROR] ./node_modules/@prisma/client/runtime/client.mjs
Code generation for chunk item errored
An error occurred while generating the chunk item [project]/node_modules/@prisma/client/runtime/client.mjs [app-client] (ecmascript) <locals>

Caused by:
- the chunking context (unknown) does not support external modules (request: node:module)

Debug info:
- An error occurred while generating the chunk item [project]/node_modules/@prisma/client/runtime/client.mjs [app-client] (ecmascript) <locals>
- Execution of <EcmascriptModuleLocalsModule as EcmascriptChunkPlaceable>::chunk_item_content failed
- Execution of *EcmascriptChunkItemContent::new failed
- Execution of EcmascriptModuleContent::new failed
- the chunking context (unknown) does not support external modules (request: node:module)

Import trace:
  Client Component Browser:
    ./node_modules/@prisma/client/runtime/client.mjs [Client Component Browser]
    ./app/generated/prisma/internal/prismaNamespace.ts [Client Component Browser]
    ./app/generated/prisma/client.ts [Client Component Browser]
    ./lib/prisma.ts [Client Component Browser]
    ./lib/cleanup.ts [Client Component Browser]
    ./app/(manager)/settings/page.tsx [Client Component Browser]
    ./app/(manager)/settings/page.tsx [Server Component] @ http://localhost:3000/_next/static/chunks/node_modules_next_dist_115brz8._.js:3318
[ 1995074ms] [ERROR] ./node_modules/@prisma/client/runtime/client.mjs
Code generation for chunk item errored
An error occurred while generating the chunk item [project]/node_modules/@prisma/client/runtime/client.mjs [app-client] (ecmascript) <locals>

Caused by:
- the chunking context (unknown) does not support external modules (request: node:module)

Debug info:
- An error occurred while generating the chunk item [project]/node_modules/@prisma/client/runtime/client.mjs [app-client] (ecmascript) <locals>
- Execution of <EcmascriptModuleLocalsModule as EcmascriptChunkPlaceable>::chunk_item_content failed
- Execution of *EcmascriptChunkItemContent::new failed
- Execution of EcmascriptModuleContent::new failed
- the chunking context (unknown) does not support external modules (request: node:module)

Import trace:
  Client Component Browser:
    ./node_modules/@prisma/client/runtime/client.mjs [Client Component Browser]
    ./app/generated/prisma/internal/prismaNamespace.ts [Client Component Browser]
    ./app/generated/prisma/client.ts [Client Component Browser]
    ./lib/prisma.ts [Client Component Browser]
    ./lib/cleanup.ts [Client Component Browser]
    ./app/(manager)/settings/page.tsx [Client Component Browser]
    ./app/(manager)/settings/page.tsx [Server Component] @ http://localhost:3000/_next/static/chunks/node_modules_next_dist_115brz8._.js:3318
[ 1995131ms] [ERROR] ./node_modules/@prisma/client/runtime/client.mjs
Code generation for chunk item errored
An error occurred while generating the chunk item [project]/node_modules/@prisma/client/runtime/client.mjs [app-client] (ecmascript) <locals>

Caused by:
- the chunking context (unknown) does not support external modules (request: node:module)

Debug info:
- An error occurred while generating the chunk item [project]/node_modules/@prisma/client/runtime/client.mjs [app-client] (ecmascript) <locals>
- Execution of <EcmascriptModuleLocalsModule as EcmascriptChunkPlaceable>::chunk_item_content failed
- Execution of *EcmascriptChunkItemContent::new failed
- Execution of EcmascriptModuleContent::new failed
- the chunking context (unknown) does not support external modules (request: node:module)

Import trace:
  Client Component Browser:
    ./node_modules/@prisma/client/runtime/client.mjs [Client Component Browser]
    ./app/generated/prisma/internal/prismaNamespace.ts [Client Component Browser]
    ./app/generated/prisma/client.ts [Client Component Browser]
    ./lib/prisma.ts [Client Component Browser]
    ./lib/cleanup.ts [Client Component Browser]
    ./app/(manager)/settings/page.tsx [Client Component Browser]
    ./app/(manager)/settings/page.tsx [Server Component] @ http://localhost:3000/_next/static/chunks/node_modules_next_dist_115brz8._.js:3318
[ 1995184ms] [ERROR] ./node_modules/@prisma/client/runtime/client.mjs
Code generation for chunk item errored
An error occurred while generating the chunk item [project]/node_modules/@prisma/client/runtime/client.mjs [app-client] (ecmascript) <locals>

Caused by:
- the chunking context (unknown) does not support external modules (request: node:module)

Debug info:
- An error occurred while generating the chunk item [project]/node_modules/@prisma/client/runtime/client.mjs [app-client] (ecmascript) <locals>
- Execution of <EcmascriptModuleLocalsModule as EcmascriptChunkPlaceable>::chunk_item_content failed
- Execution of *EcmascriptChunkItemContent::new failed
- Execution of EcmascriptModuleContent::new failed
- the chunking context (unknown) does not support external modules (request: node:module)

Import trace:
  Client Component Browser:
    ./node_modules/@prisma/client/runtime/client.mjs [Client Component Browser]
    ./app/generated/prisma/internal/prismaNamespace.ts [Client Component Browser]
    ./app/generated/prisma/client.ts [Client Component Browser]
    ./lib/prisma.ts [Client Component Browser]
    ./lib/cleanup.ts [Client Component Browser]
    ./app/(manager)/settings/page.tsx [Client Component Browser]
    ./app/(manager)/settings/page.tsx [Server Component] @ http://localhost:3000/_next/static/chunks/node_modules_next_dist_115brz8._.js:3318
[ 1995238ms] [ERROR] ./node_modules/@prisma/client/runtime/client.mjs
Code generation for chunk item errored
An error occurred while generating the chunk item [project]/node_modules/@prisma/client/runtime/client.mjs [app-client] (ecmascript) <locals>

Caused by:
- the chunking context (unknown) does not support external modules (request: node:module)

Debug info:
- An error occurred while generating the chunk item [project]/node_modules/@prisma/client/runtime/client.mjs [app-client] (ecmascript) <locals>
- Execution of <EcmascriptModuleLocalsModule as EcmascriptChunkPlaceable>::chunk_item_content failed
- Execution of *EcmascriptChunkItemContent::new failed
- Execution of EcmascriptModuleContent::new failed
- the chunking context (unknown) does not support external modules (request: node:module)

Import trace:
  Client Component Browser:
    ./node_modules/@prisma/client/runtime/client.mjs [Client Component Browser]
    ./app/generated/prisma/internal/prismaNamespace.ts [Client Component Browser]
    ./app/generated/prisma/client.ts [Client Component Browser]
    ./lib/prisma.ts [Client Component Browser]
    ./lib/cleanup.ts [Client Component Browser]
    ./app/(manager)/settings/page.tsx [Client Component Browser]
    ./app/(manager)/settings/page.tsx [Server Component] @ http://localhost:3000/_next/static/chunks/node_modules_next_dist_115brz8._.js:3318
[ 1995291ms] [ERROR] ./node_modules/@prisma/client/runtime/client.mjs
Code generation for chunk item errored
An error occurred while generating the chunk item [project]/node_modules/@prisma/client/runtime/client.mjs [app-client] (ecmascript) <locals>

Caused by:
- the chunking context (unknown) does not support external modules (request: node:module)

Debug info:
- An error occurred while generating the chunk item [project]/node_modules/@prisma/client/runtime/client.mjs [app-client] (ecmascript) <locals>
- Execution of <EcmascriptModuleLocalsModule as EcmascriptChunkPlaceable>::chunk_item_content failed
- Execution of *EcmascriptChunkItemContent::new failed
- Execution of EcmascriptModuleContent::new failed
- the chunking context (unknown) does not support external modules (request: node:module)

Import trace:
  Client Component Browser:
    ./node_modules/@prisma/client/runtime/client.mjs [Client Component Browser]
    ./app/generated/prisma/internal/prismaNamespace.ts [Client Component Browser]
    ./app/generated/prisma/client.ts [Client Component Browser]
    ./lib/prisma.ts [Client Component Browser]
    ./lib/cleanup.ts [Client Component Browser]
    ./app/(manager)/settings/page.tsx [Client Component Browser]
    ./app/(manager)/settings/page.tsx [Server Component] @ http://localhost:3000/_next/static/chunks/node_modules_next_dist_115brz8._.js:3318
[ 1995348ms] [ERROR] ./node_modules/@prisma/client/runtime/client.mjs
Code generation for chunk item errored
An error occurred while generating the chunk item [project]/node_modules/@prisma/client/runtime/client.mjs [app-client] (ecmascript) <locals>

Caused by:
- the chunking context (unknown) does not support external modules (request: node:module)

Debug info:
- An error occurred while generating the chunk item [project]/node_modules/@prisma/client/runtime/client.mjs [app-client] (ecmascript) <locals>
- Execution of <EcmascriptModuleLocalsModule as EcmascriptChunkPlaceable>::chunk_item_content failed
- Execution of *EcmascriptChunkItemContent::new failed
- Execution of EcmascriptModuleContent::new failed
- the chunking context (unknown) does not support external modules (request: node:module)

Import trace:
  Client Component Browser:
    ./node_modules/@prisma/client/runtime/client.mjs [Client Component Browser]
    ./app/generated/prisma/internal/prismaNamespace.ts [Client Component Browser]
    ./app/generated/prisma/client.ts [Client Component Browser]
    ./lib/prisma.ts [Client Component Browser]
    ./lib/cleanup.ts [Client Component Browser]
    ./app/(manager)/settings/page.tsx [Client Component Browser]
    ./app/(manager)/settings/page.tsx [Server Component] @ http://localhost:3000/_next/static/chunks/node_modules_next_dist_115brz8._.js:3318
[ 1995402ms] [ERROR] ./node_modules/@prisma/client/runtime/client.mjs
Code generation for chunk item errored
An error occurred while generating the chunk item [project]/node_modules/@prisma/client/runtime/client.mjs [app-client] (ecmascript) <locals>

Caused by:
- the chunking context (unknown) does not support external modules (request: node:module)

Debug info:
- An error occurred while generating the chunk item [project]/node_modules/@prisma/client/runtime/client.mjs [app-client] (ecmascript) <locals>
- Execution of <EcmascriptModuleLocalsModule as EcmascriptChunkPlaceable>::chunk_item_content failed
- Execution of *EcmascriptChunkItemContent::new failed
- Execution of EcmascriptModuleContent::new failed
- the chunking context (unknown) does not support external modules (request: node:module)

Import trace:
  Client Component Browser:
    ./node_modules/@prisma/client/runtime/client.mjs [Client Component Browser]
    ./app/generated/prisma/internal/prismaNamespace.ts [Client Component Browser]
    ./app/generated/prisma/client.ts [Client Component Browser]
    ./lib/prisma.ts [Client Component Browser]
    ./lib/cleanup.ts [Client Component Browser]
    ./app/(manager)/settings/page.tsx [Client Component Browser]
    ./app/(manager)/settings/page.tsx [Server Component] @ http://localhost:3000/_next/static/chunks/node_modules_next_dist_115brz8._.js:3318
[ 1995458ms] [ERROR] ./node_modules/@prisma/client/runtime/client.mjs
Code generation for chunk item errored
An error occurred while generating the chunk item [project]/node_modules/@prisma/client/runtime/client.mjs [app-client] (ecmascript) <locals>

Caused by:
- the chunking context (unknown) does not support external modules (request: node:module)

Debug info:
- An error occurred while generating the chunk item [project]/node_modules/@prisma/client/runtime/client.mjs [app-client] (ecmascript) <locals>
- Execution of <EcmascriptModuleLocalsModule as EcmascriptChunkPlaceable>::chunk_item_content failed
- Execution of *EcmascriptChunkItemContent::new failed
- Execution of EcmascriptModuleContent::new failed
- the chunking context (unknown) does not support external modules (request: node:module)

Import trace:
  Client Component Browser:
    ./node_modules/@prisma/client/runtime/client.mjs [Client Component Browser]
    ./app/generated/prisma/internal/prismaNamespace.ts [Client Component Browser]
    ./app/generated/prisma/client.ts [Client Component Browser]
    ./lib/prisma.ts [Client Component Browser]
    ./lib/cleanup.ts [Client Component Browser]
    ./app/(manager)/settings/page.tsx [Client Component Browser]
    ./app/(manager)/settings/page.tsx [Server Component] @ http://localhost:3000/_next/static/chunks/node_modules_next_dist_115brz8._.js:3318
[ 1995512ms] [ERROR] ./node_modules/@prisma/client/runtime/client.mjs
Code generation for chunk item errored
An error occurred while generating the chunk item [project]/node_modules/@prisma/client/runtime/client.mjs [app-client] (ecmascript) <locals>

Caused by:
- the chunking context (unknown) does not support external modules (request: node:module)

Debug info:
- An error occurred while generating the chunk item [project]/node_modules/@prisma/client/runtime/client.mjs [app-client] (ecmascript) <locals>
- Execution of <EcmascriptModuleLocalsModule as EcmascriptChunkPlaceable>::chunk_item_content failed
- Execution of *EcmascriptChunkItemContent::new failed
- Execution of EcmascriptModuleContent::new failed
- the chunking context (unknown) does not support external modules (request: node:module)

Import trace:
  Client Component Browser:
    ./node_modules/@prisma/client/runtime/client.mjs [Client Component Browser]
    ./app/generated/prisma/internal/prismaNamespace.ts [Client Component Browser]
    ./app/generated/prisma/client.ts [Client Component Browser]
    ./lib/prisma.ts [Client Component Browser]
    ./lib/cleanup.ts [Client Component Browser]
    ./app/(manager)/settings/page.tsx [Client Component Browser]
    ./app/(manager)/settings/page.tsx [Server Component] @ http://localhost:3000/_next/static/chunks/node_modules_next_dist_115brz8._.js:3318
[ 1995572ms] [ERROR] ./node_modules/@prisma/client/runtime/client.mjs
Code generation for chunk item errored
An error occurred while generating the chunk item [project]/node_modules/@prisma/client/runtime/client.mjs [app-client] (ecmascript) <locals>

Caused by:
- the chunking context (unknown) does not support external modules (request: node:module)

Debug info:
- An error occurred while generating the chunk item [project]/node_modules/@prisma/client/runtime/client.mjs [app-client] (ecmascript) <locals>
- Execution of <EcmascriptModuleLocalsModule as EcmascriptChunkPlaceable>::chunk_item_content failed
- Execution of *EcmascriptChunkItemContent::new failed
- Execution of EcmascriptModuleContent::new failed
- the chunking context (unknown) does not support external modules (request: node:module)

Import trace:
  Client Component Browser:
    ./node_modules/@prisma/client/runtime/client.mjs [Client Component Browser]
    ./app/generated/prisma/internal/prismaNamespace.ts [Client Component Browser]
    ./app/generated/prisma/client.ts [Client Component Browser]
    ./lib/prisma.ts [Client Component Browser]
    ./lib/cleanup.ts [Client Component Browser]
    ./app/(manager)/settings/page.tsx [Client Component Browser]
    ./app/(manager)/settings/page.tsx [Server Component] @ http://localhost:3000/_next/static/chunks/node_modules_next_dist_115brz8._.js:3318
[ 1995630ms] [ERROR] ./node_modules/@prisma/client/runtime/client.mjs
Code generation for chunk item errored
An error occurred while generating the chunk item [project]/node_modules/@prisma/client/runtime/client.mjs [app-client] (ecmascript) <locals>

Caused by:
- the chunking context (unknown) does not support external modules (request: node:module)

Debug info:
- An error occurred while generating the chunk item [project]/node_modules/@prisma/client/runtime/client.mjs [app-client] (ecmascript) <locals>
- Execution of <EcmascriptModuleLocalsModule as EcmascriptChunkPlaceable>::chunk_item_content failed
- Execution of *EcmascriptChunkItemContent::new failed
- Execution of EcmascriptModuleContent::new failed
- the chunking context (unknown) does not support external modules (request: node:module)

Import trace:
  Client Component Browser:
    ./node_modules/@prisma/client/runtime/client.mjs [Client Component Browser]
    ./app/generated/prisma/internal/prismaNamespace.ts [Client Component Browser]
    ./app/generated/prisma/client.ts [Client Component Browser]
    ./lib/prisma.ts [Client Component Browser]
    ./lib/cleanup.ts [Client Component Browser]
    ./app/(manager)/settings/page.tsx [Client Component Browser]
    ./app/(manager)/settings/page.tsx [Server Component] @ http://localhost:3000/_next/static/chunks/node_modules_next_dist_115brz8._.js:3318
[ 1995691ms] [ERROR] ./node_modules/@prisma/client/runtime/client.mjs
Code generation for chunk item errored
An error occurred while generating the chunk item [project]/node_modules/@prisma/client/runtime/client.mjs [app-client] (ecmascript) <locals>

Caused by:
- the chunking context (unknown) does not support external modules (request: node:module)

Debug info:
- An error occurred while generating the chunk item [project]/node_modules/@prisma/client/runtime/client.mjs [app-client] (ecmascript) <locals>
- Execution of <EcmascriptModuleLocalsModule as EcmascriptChunkPlaceable>::chunk_item_content failed
- Execution of *EcmascriptChunkItemContent::new failed
- Execution of EcmascriptModuleContent::new failed
- the chunking context (unknown) does not support external modules (request: node:module)

Import trace:
  Client Component Browser:
    ./node_modules/@prisma/client/runtime/client.mjs [Client Component Browser]
    ./app/generated/prisma/internal/prismaNamespace.ts [Client Component Browser]
    ./app/generated/prisma/client.ts [Client Component Browser]
    ./lib/prisma.ts [Client Component Browser]
    ./lib/cleanup.ts [Client Component Browser]
    ./app/(manager)/settings/page.tsx [Client Component Browser]
    ./app/(manager)/settings/page.tsx [Server Component] @ http://localhost:3000/_next/static/chunks/node_modules_next_dist_115brz8._.js:3318
[ 1995747ms] [ERROR] ./node_modules/@prisma/client/runtime/client.mjs
Code generation for chunk item errored
An error occurred while generating the chunk item [project]/node_modules/@prisma/client/runtime/client.mjs [app-client] (ecmascript) <locals>

Caused by:
- the chunking context (unknown) does not support external modules (request: node:module)

Debug info:
- An error occurred while generating the chunk item [project]/node_modules/@prisma/client/runtime/client.mjs [app-client] (ecmascript) <locals>
- Execution of <EcmascriptModuleLocalsModule as EcmascriptChunkPlaceable>::chunk_item_content failed
- Execution of *EcmascriptChunkItemContent::new failed
- Execution of EcmascriptModuleContent::new failed
- the chunking context (unknown) does not support external modules (request: node:module)

Import trace:
  Client Component Browser:
    ./node_modules/@prisma/client/runtime/client.mjs [Client Component Browser]
    ./app/generated/prisma/internal/prismaNamespace.ts [Client Component Browser]
    ./app/generated/prisma/client.ts [Client Component Browser]
    ./lib/prisma.ts [Client Component Browser]
    ./lib/cleanup.ts [Client Component Browser]
    ./app/(manager)/settings/page.tsx [Client Component Browser]
    ./app/(manager)/settings/page.tsx [Server Component] @ http://localhost:3000/_next/static/chunks/node_modules_next_dist_115brz8._.js:3318
[ 1995800ms] [ERROR] ./node_modules/@prisma/client/runtime/client.mjs
Code generation for chunk item errored
An error occurred while generating the chunk item [project]/node_modules/@prisma/client/runtime/client.mjs [app-client] (ecmascript) <locals>

Caused by:
- the chunking context (unknown) does not support external modules (request: node:module)

Debug info:
- An error occurred while generating the chunk item [project]/node_modules/@prisma/client/runtime/client.mjs [app-client] (ecmascript) <locals>
- Execution of <EcmascriptModuleLocalsModule as EcmascriptChunkPlaceable>::chunk_item_content failed
- Execution of *EcmascriptChunkItemContent::new failed
- Execution of EcmascriptModuleContent::new failed
- the chunking context (unknown) does not support external modules (request: node:module)

Import trace:
  Client Component Browser:
    ./node_modules/@prisma/client/runtime/client.mjs [Client Component Browser]
    ./app/generated/prisma/internal/prismaNamespace.ts [Client Component Browser]
    ./app/generated/prisma/client.ts [Client Component Browser]
    ./lib/prisma.ts [Client Component Browser]
    ./lib/cleanup.ts [Client Component Browser]
    ./app/(manager)/settings/page.tsx [Client Component Browser]
    ./app/(manager)/settings/page.tsx [Server Component] @ http://localhost:3000/_next/static/chunks/node_modules_next_dist_115brz8._.js:3318
[ 1995858ms] [ERROR] ./node_modules/@prisma/client/runtime/client.mjs
Code generation for chunk item errored
An error occurred while generating the chunk item [project]/node_modules/@prisma/client/runtime/client.mjs [app-client] (ecmascript) <locals>

Caused by:
- the chunking context (unknown) does not support external modules (request: node:module)

Debug info:
- An error occurred while generating the chunk item [project]/node_modules/@prisma/client/runtime/client.mjs [app-client] (ecmascript) <locals>
- Execution of <EcmascriptModuleLocalsModule as EcmascriptChunkPlaceable>::chunk_item_content failed
- Execution of *EcmascriptChunkItemContent::new failed
- Execution of EcmascriptModuleContent::new failed
- the chunking context (unknown) does not support external modules (request: node:module)

Import trace:
  Client Component Browser:
    ./node_modules/@prisma/client/runtime/client.mjs [Client Component Browser]
    ./app/generated/prisma/internal/prismaNamespace.ts [Client Component Browser]
    ./app/generated/prisma/client.ts [Client Component Browser]
    ./lib/prisma.ts [Client Component Browser]
    ./lib/cleanup.ts [Client Component Browser]
    ./app/(manager)/settings/page.tsx [Client Component Browser]
    ./app/(manager)/settings/page.tsx [Server Component] @ http://localhost:3000/_next/static/chunks/node_modules_next_dist_115brz8._.js:3318
[ 1995914ms] [ERROR] ./node_modules/@prisma/client/runtime/client.mjs
Code generation for chunk item errored
An error occurred while generating the chunk item [project]/node_modules/@prisma/client/runtime/client.mjs [app-client] (ecmascript) <locals>

Caused by:
- the chunking context (unknown) does not support external modules (request: node:module)

Debug info:
- An error occurred while generating the chunk item [project]/node_modules/@prisma/client/runtime/client.mjs [app-client] (ecmascript) <locals>
- Execution of <EcmascriptModuleLocalsModule as EcmascriptChunkPlaceable>::chunk_item_content failed
- Execution of *EcmascriptChunkItemContent::new failed
- Execution of EcmascriptModuleContent::new failed
- the chunking context (unknown) does not support external modules (request: node:module)

Import trace:
  Client Component Browser:
    ./node_modules/@prisma/client/runtime/client.mjs [Client Component Browser]
    ./app/generated/prisma/internal/prismaNamespace.ts [Client Component Browser]
    ./app/generated/prisma/client.ts [Client Component Browser]
    ./lib/prisma.ts [Client Component Browser]
    ./lib/cleanup.ts [Client Component Browser]
    ./app/(manager)/settings/page.tsx [Client Component Browser]
    ./app/(manager)/settings/page.tsx [Server Component] @ http://localhost:3000/_next/static/chunks/node_modules_next_dist_115brz8._.js:3318
[ 1995973ms] [ERROR] ./node_modules/@prisma/client/runtime/client.mjs
Code generation for chunk item errored
An error occurred while generating the chunk item [project]/node_modules/@prisma/client/runtime/client.mjs [app-client] (ecmascript) <locals>

Caused by:
- the chunking context (unknown) does not support external modules (request: node:module)

Debug info:
- An error occurred while generating the chunk item [project]/node_modules/@prisma/client/runtime/client.mjs [app-client] (ecmascript) <locals>
- Execution of <EcmascriptModuleLocalsModule as EcmascriptChunkPlaceable>::chunk_item_content failed
- Execution of *EcmascriptChunkItemContent::new failed
- Execution of EcmascriptModuleContent::new failed
- the chunking context (unknown) does not support external modules (request: node:module)

Import trace:
  Client Component Browser:
    ./node_modules/@prisma/client/runtime/client.mjs [Client Component Browser]
    ./app/generated/prisma/internal/prismaNamespace.ts [Client Component Browser]
    ./app/generated/prisma/client.ts [Client Component Browser]
    ./lib/prisma.ts [Client Component Browser]
    ./lib/cleanup.ts [Client Component Browser]
    ./app/(manager)/settings/page.tsx [Client Component Browser]
    ./app/(manager)/settings/page.tsx [Server Component] @ http://localhost:3000/_next/static/chunks/node_modules_next_dist_115brz8._.js:3318
[ 1996026ms] [ERROR] ./node_modules/@prisma/client/runtime/client.mjs
Code generation for chunk item errored
An error occurred while generating the chunk item [project]/node_modules/@prisma/client/runtime/client.mjs [app-client] (ecmascript) <locals>

Caused by:
- the chunking context (unknown) does not support external modules (request: node:module)

Debug info:
- An error occurred while generating the chunk item [project]/node_modules/@prisma/client/runtime/client.mjs [app-client] (ecmascript) <locals>
- Execution of <EcmascriptModuleLocalsModule as EcmascriptChunkPlaceable>::chunk_item_content failed
- Execution of *EcmascriptChunkItemContent::new failed
- Execution of EcmascriptModuleContent::new failed
- the chunking context (unknown) does not support external modules (request: node:module)

Import trace:
  Client Component Browser:
    ./node_modules/@prisma/client/runtime/client.mjs [Client Component Browser]
    ./app/generated/prisma/internal/prismaNamespace.ts [Client Component Browser]
    ./app/generated/prisma/client.ts [Client Component Browser]
    ./lib/prisma.ts [Client Component Browser]
    ./lib/cleanup.ts [Client Component Browser]
    ./app/(manager)/settings/page.tsx [Client Component Browser]
    ./app/(manager)/settings/page.tsx [Server Component] @ http://localhost:3000/_next/static/chunks/node_modules_next_dist_115brz8._.js:3318
[ 1996078ms] [ERROR] ./node_modules/@prisma/client/runtime/client.mjs
Code generation for chunk item errored
An error occurred while generating the chunk item [project]/node_modules/@prisma/client/runtime/client.mjs [app-client] (ecmascript) <locals>

Caused by:
- the chunking context (unknown) does not support external modules (request: node:module)

Debug info:
- An error occurred while generating the chunk item [project]/node_modules/@prisma/client/runtime/client.mjs [app-client] (ecmascript) <locals>
- Execution of <EcmascriptModuleLocalsModule as EcmascriptChunkPlaceable>::chunk_item_content failed
- Execution of *EcmascriptChunkItemContent::new failed
- Execution of EcmascriptModuleContent::new failed
- the chunking context (unknown) does not support external modules (request: node:module)

Import trace:
  Client Component Browser:
    ./node_modules/@prisma/client/runtime/client.mjs [Client Component Browser]
    ./app/generated/prisma/internal/prismaNamespace.ts [Client Component Browser]
    ./app/generated/prisma/client.ts [Client Component Browser]
    ./lib/prisma.ts [Client Component Browser]
    ./lib/cleanup.ts [Client Component Browser]
    ./app/(manager)/settings/page.tsx [Client Component Browser]
    ./app/(manager)/settings/page.tsx [Server Component] @ http://localhost:3000/_next/static/chunks/node_modules_next_dist_115brz8._.js:3318
[ 1996130ms] [ERROR] ./node_modules/@prisma/client/runtime/client.mjs
Code generation for chunk item errored
An error occurred while generating the chunk item [project]/node_modules/@prisma/client/runtime/client.mjs [app-client] (ecmascript) <locals>

Caused by:
- the chunking context (unknown) does not support external modules (request: node:module)

Debug info:
- An error occurred while generating the chunk item [project]/node_modules/@prisma/client/runtime/client.mjs [app-client] (ecmascript) <locals>
- Execution of <EcmascriptModuleLocalsModule as EcmascriptChunkPlaceable>::chunk_item_content failed
- Execution of *EcmascriptChunkItemContent::new failed
- Execution of EcmascriptModuleContent::new failed
- the chunking context (unknown) does not support external modules (request: node:module)

Import trace:
  Client Component Browser:
    ./node_modules/@prisma/client/runtime/client.mjs [Client Component Browser]
    ./app/generated/prisma/internal/prismaNamespace.ts [Client Component Browser]
    ./app/generated/prisma/client.ts [Client Component Browser]
    ./lib/prisma.ts [Client Component Browser]
    ./lib/cleanup.ts [Client Component Browser]
    ./app/(manager)/settings/page.tsx [Client Component Browser]
    ./app/(manager)/settings/page.tsx [Server Component] @ http://localhost:3000/_next/static/chunks/node_modules_next_dist_115brz8._.js:3318
[ 1996183ms] [ERROR] ./node_modules/@prisma/client/runtime/client.mjs
Code generation for chunk item errored
An error occurred while generating the chunk item [project]/node_modules/@prisma/client/runtime/client.mjs [app-client] (ecmascript) <locals>

Caused by:
- the chunking context (unknown) does not support external modules (request: node:module)

Debug info:
- An error occurred while generating the chunk item [project]/node_modules/@prisma/client/runtime/client.mjs [app-client] (ecmascript) <locals>
- Execution of <EcmascriptModuleLocalsModule as EcmascriptChunkPlaceable>::chunk_item_content failed
- Execution of *EcmascriptChunkItemContent::new failed
- Execution of EcmascriptModuleContent::new failed
- the chunking context (unknown) does not support external modules (request: node:module)

Import trace:
  Client Component Browser:
    ./node_modules/@prisma/client/runtime/client.mjs [Client Component Browser]
    ./app/generated/prisma/internal/prismaNamespace.ts [Client Component Browser]
    ./app/generated/prisma/client.ts [Client Component Browser]
    ./lib/prisma.ts [Client Component Browser]
    ./lib/cleanup.ts [Client Component Browser]
    ./app/(manager)/settings/page.tsx [Client Component Browser]
    ./app/(manager)/settings/page.tsx [Server Component] @ http://localhost:3000/_next/static/chunks/node_modules_next_dist_115brz8._.js:3318
[ 1996234ms] [ERROR] ./node_modules/@prisma/client/runtime/client.mjs
Code generation for chunk item errored
An error occurred while generating the chunk item [project]/node_modules/@prisma/client/runtime/client.mjs [app-client] (ecmascript) <locals>

Caused by:
- the chunking context (unknown) does not support external modules (request: node:module)

Debug info:
- An error occurred while generating the chunk item [project]/node_modules/@prisma/client/runtime/client.mjs [app-client] (ecmascript) <locals>
- Execution of <EcmascriptModuleLocalsModule as EcmascriptChunkPlaceable>::chunk_item_content failed
- Execution of *EcmascriptChunkItemContent::new failed
- Execution of EcmascriptModuleContent::new failed
- the chunking context (unknown) does not support external modules (request: node:module)

Import trace:
  Client Component Browser:
    ./node_modules/@prisma/client/runtime/client.mjs [Client Component Browser]
    ./app/generated/prisma/internal/prismaNamespace.ts [Client Component Browser]
    ./app/generated/prisma/client.ts [Client Component Browser]
    ./lib/prisma.ts [Client Component Browser]
    ./lib/cleanup.ts [Client Component Browser]
    ./app/(manager)/settings/page.tsx [Client Component Browser]
    ./app/(manager)/settings/page.tsx [Server Component] @ http://localhost:3000/_next/static/chunks/node_modules_next_dist_115brz8._.js:3318
[ 1996290ms] [ERROR] ./node_modules/@prisma/client/runtime/client.mjs
Code generation for chunk item errored
An error occurred while generating the chunk item [project]/node_modules/@prisma/client/runtime/client.mjs [app-client] (ecmascript) <locals>

Caused by:
- the chunking context (unknown) does not support external modules (request: node:module)

Debug info:
- An error occurred while generating the chunk item [project]/node_modules/@prisma/client/runtime/client.mjs [app-client] (ecmascript) <locals>
- Execution of <EcmascriptModuleLocalsModule as EcmascriptChunkPlaceable>::chunk_item_content failed
- Execution of *EcmascriptChunkItemContent::new failed
- Execution of EcmascriptModuleContent::new failed
- the chunking context (unknown) does not support external modules (request: node:module)

Import trace:
  Client Component Browser:
    ./node_modules/@prisma/client/runtime/client.mjs [Client Component Browser]
    ./app/generated/prisma/internal/prismaNamespace.ts [Client Component Browser]
    ./app/generated/prisma/client.ts [Client Component Browser]
    ./lib/prisma.ts [Client Component Browser]
    ./lib/cleanup.ts [Client Component Browser]
    ./app/(manager)/settings/page.tsx [Client Component Browser]
    ./app/(manager)/settings/page.tsx [Server Component] @ http://localhost:3000/_next/static/chunks/node_modules_next_dist_115brz8._.js:3318
[ 1996346ms] [ERROR] ./node_modules/@prisma/client/runtime/client.mjs
Code generation for chunk item errored
An error occurred while generating the chunk item [project]/node_modules/@prisma/client/runtime/client.mjs [app-client] (ecmascript) <locals>

Caused by:
- the chunking context (unknown) does not support external modules (request: node:module)

Debug info:
- An error occurred while generating the chunk item [project]/node_modules/@prisma/client/runtime/client.mjs [app-client] (ecmascript) <locals>
- Execution of <EcmascriptModuleLocalsModule as EcmascriptChunkPlaceable>::chunk_item_content failed
- Execution of *EcmascriptChunkItemContent::new failed
- Execution of EcmascriptModuleContent::new failed
- the chunking context (unknown) does not support external modules (request: node:module)

Import trace:
  Client Component Browser:
    ./node_modules/@prisma/client/runtime/client.mjs [Client Component Browser]
    ./app/generated/prisma/internal/prismaNamespace.ts [Client Component Browser]
    ./app/generated/prisma/client.ts [Client Component Browser]
    ./lib/prisma.ts [Client Component Browser]
    ./lib/cleanup.ts [Client Component Browser]
    ./app/(manager)/settings/page.tsx [Client Component Browser]
    ./app/(manager)/settings/page.tsx [Server Component] @ http://localhost:3000/_next/static/chunks/node_modules_next_dist_115brz8._.js:3318
[ 1996403ms] [ERROR] ./node_modules/@prisma/client/runtime/client.mjs
Code generation for chunk item errored
An error occurred while generating the chunk item [project]/node_modules/@prisma/client/runtime/client.mjs [app-client] (ecmascript) <locals>

Caused by:
- the chunking context (unknown) does not support external modules (request: node:module)

Debug info:
- An error occurred while generating the chunk item [project]/node_modules/@prisma/client/runtime/client.mjs [app-client] (ecmascript) <locals>
- Execution of <EcmascriptModuleLocalsModule as EcmascriptChunkPlaceable>::chunk_item_content failed
- Execution of *EcmascriptChunkItemContent::new failed
- Execution of EcmascriptModuleContent::new failed
- the chunking context (unknown) does not support external modules (request: node:module)

Import trace:
  Client Component Browser:
    ./node_modules/@prisma/client/runtime/client.mjs [Client Component Browser]
    ./app/generated/prisma/internal/prismaNamespace.ts [Client Component Browser]
    ./app/generated/prisma/client.ts [Client Component Browser]
    ./lib/prisma.ts [Client Component Browser]
    ./lib/cleanup.ts [Client Component Browser]
    ./app/(manager)/settings/page.tsx [Client Component Browser]
    ./app/(manager)/settings/page.tsx [Server Component] @ http://localhost:3000/_next/static/chunks/node_modules_next_dist_115brz8._.js:3318
[ 1996457ms] [ERROR] ./node_modules/@prisma/client/runtime/client.mjs
Code generation for chunk item errored
An error occurred while generating the chunk item [project]/node_modules/@prisma/client/runtime/client.mjs [app-client] (ecmascript) <locals>

Caused by:
- the chunking context (unknown) does not support external modules (request: node:module)

Debug info:
- An error occurred while generating the chunk item [project]/node_modules/@prisma/client/runtime/client.mjs [app-client] (ecmascript) <locals>
- Execution of <EcmascriptModuleLocalsModule as EcmascriptChunkPlaceable>::chunk_item_content failed
- Execution of *EcmascriptChunkItemContent::new failed
- Execution of EcmascriptModuleContent::new failed
- the chunking context (unknown) does not support external modules (request: node:module)

Import trace:
  Client Component Browser:
    ./node_modules/@prisma/client/runtime/client.mjs [Client Component Browser]
    ./app/generated/prisma/internal/prismaNamespace.ts [Client Component Browser]
    ./app/generated/prisma/client.ts [Client Component Browser]
    ./lib/prisma.ts [Client Component Browser]
    ./lib/cleanup.ts [Client Component Browser]
    ./app/(manager)/settings/page.tsx [Client Component Browser]
    ./app/(manager)/settings/page.tsx [Server Component] @ http://localhost:3000/_next/static/chunks/node_modules_next_dist_115brz8._.js:3318
[ 1996512ms] [ERROR] ./node_modules/@prisma/client/runtime/client.mjs
Code generation for chunk item errored
An error occurred while generating the chunk item [project]/node_modules/@prisma/client/runtime/client.mjs [app-client] (ecmascript) <locals>

Caused by:
- the chunking context (unknown) does not support external modules (request: node:module)

Debug info:
- An error occurred while generating the chunk item [project]/node_modules/@prisma/client/runtime/client.mjs [app-client] (ecmascript) <locals>
- Execution of <EcmascriptModuleLocalsModule as EcmascriptChunkPlaceable>::chunk_item_content failed
- Execution of *EcmascriptChunkItemContent::new failed
- Execution of EcmascriptModuleContent::new failed
- the chunking context (unknown) does not support external modules (request: node:module)

Import trace:
  Client Component Browser:
    ./node_modules/@prisma/client/runtime/client.mjs [Client Component Browser]
    ./app/generated/prisma/internal/prismaNamespace.ts [Client Component Browser]
    ./app/generated/prisma/client.ts [Client Component Browser]
    ./lib/prisma.ts [Client Component Browser]
    ./lib/cleanup.ts [Client Component Browser]
    ./app/(manager)/settings/page.tsx [Client Component Browser]
    ./app/(manager)/settings/page.tsx [Server Component] @ http://localhost:3000/_next/static/chunks/node_modules_next_dist_115brz8._.js:3318
[ 1996567ms] [ERROR] ./node_modules/@prisma/client/runtime/client.mjs
Code generation for chunk item errored
An error occurred while generating the chunk item [project]/node_modules/@prisma/client/runtime/client.mjs [app-client] (ecmascript) <locals>

Caused by:
- the chunking context (unknown) does not support external modules (request: node:module)

Debug info:
- An error occurred while generating the chunk item [project]/node_modules/@prisma/client/runtime/client.mjs [app-client] (ecmascript) <locals>
- Execution of <EcmascriptModuleLocalsModule as EcmascriptChunkPlaceable>::chunk_item_content failed
- Execution of *EcmascriptChunkItemContent::new failed
- Execution of EcmascriptModuleContent::new failed
- the chunking context (unknown) does not support external modules (request: node:module)

Import trace:
  Client Component Browser:
    ./node_modules/@prisma/client/runtime/client.mjs [Client Component Browser]
    ./app/generated/prisma/internal/prismaNamespace.ts [Client Component Browser]
    ./app/generated/prisma/client.ts [Client Component Browser]
    ./lib/prisma.ts [Client Component Browser]
    ./lib/cleanup.ts [Client Component Browser]
    ./app/(manager)/settings/page.tsx [Client Component Browser]
    ./app/(manager)/settings/page.tsx [Server Component] @ http://localhost:3000/_next/static/chunks/node_modules_next_dist_115brz8._.js:3318
[ 1996623ms] [ERROR] ./node_modules/@prisma/client/runtime/client.mjs
Code generation for chunk item errored
An error occurred while generating the chunk item [project]/node_modules/@prisma/client/runtime/client.mjs [app-client] (ecmascript) <locals>

Caused by:
- the chunking context (unknown) does not support external modules (request: node:module)

Debug info:
- An error occurred while generating the chunk item [project]/node_modules/@prisma/client/runtime/client.mjs [app-client] (ecmascript) <locals>
- Execution of <EcmascriptModuleLocalsModule as EcmascriptChunkPlaceable>::chunk_item_content failed
- Execution of *EcmascriptChunkItemContent::new failed
- Execution of EcmascriptModuleContent::new failed
- the chunking context (unknown) does not support external modules (request: node:module)

Import trace:
  Client Component Browser:
    ./node_modules/@prisma/client/runtime/client.mjs [Client Component Browser]
    ./app/generated/prisma/internal/prismaNamespace.ts [Client Component Browser]
    ./app/generated/prisma/client.ts [Client Component Browser]
    ./lib/prisma.ts [Client Component Browser]
    ./lib/cleanup.ts [Client Component Browser]
    ./app/(manager)/settings/page.tsx [Client Component Browser]
    ./app/(manager)/settings/page.tsx [Server Component] @ http://localhost:3000/_next/static/chunks/node_modules_next_dist_115brz8._.js:3318
[ 1996680ms] [ERROR] ./node_modules/@prisma/client/runtime/client.mjs
Code generation for chunk item errored
An error occurred while generating the chunk item [project]/node_modules/@prisma/client/runtime/client.mjs [app-client] (ecmascript) <locals>

Caused by:
- the chunking context (unknown) does not support external modules (request: node:module)

Debug info:
- An error occurred while generating the chunk item [project]/node_modules/@prisma/client/runtime/client.mjs [app-client] (ecmascript) <locals>
- Execution of <EcmascriptModuleLocalsModule as EcmascriptChunkPlaceable>::chunk_item_content failed
- Execution of *EcmascriptChunkItemContent::new failed
- Execution of EcmascriptModuleContent::new failed
- the chunking context (unknown) does not support external modules (request: node:module)

Import trace:
  Client Component Browser:
    ./node_modules/@prisma/client/runtime/client.mjs [Client Component Browser]
    ./app/generated/prisma/internal/prismaNamespace.ts [Client Component Browser]
    ./app/generated/prisma/client.ts [Client Component Browser]
    ./lib/prisma.ts [Client Component Browser]
    ./lib/cleanup.ts [Client Component Browser]
    ./app/(manager)/settings/page.tsx [Client Component Browser]
    ./app/(manager)/settings/page.tsx [Server Component] @ http://localhost:3000/_next/static/chunks/node_modules_next_dist_115brz8._.js:3318
[ 1996737ms] [ERROR] ./node_modules/@prisma/client/runtime/client.mjs
Code generation for chunk item errored
An error occurred while generating the chunk item [project]/node_modules/@prisma/client/runtime/client.mjs [app-client] (ecmascript) <locals>

Caused by:
- the chunking context (unknown) does not support external modules (request: node:module)

Debug info:
- An error occurred while generating the chunk item [project]/node_modules/@prisma/client/runtime/client.mjs [app-client] (ecmascript) <locals>
- Execution of <EcmascriptModuleLocalsModule as EcmascriptChunkPlaceable>::chunk_item_content failed
- Execution of *EcmascriptChunkItemContent::new failed
- Execution of EcmascriptModuleContent::new failed
- the chunking context (unknown) does not support external modules (request: node:module)

Import trace:
  Client Component Browser:
    ./node_modules/@prisma/client/runtime/client.mjs [Client Component Browser]
    ./app/generated/prisma/internal/prismaNamespace.ts [Client Component Browser]
    ./app/generated/prisma/client.ts [Client Component Browser]
    ./lib/prisma.ts [Client Component Browser]
    ./lib/cleanup.ts [Client Component Browser]
    ./app/(manager)/settings/page.tsx [Client Component Browser]
    ./app/(manager)/settings/page.tsx [Server Component] @ http://localhost:3000/_next/static/chunks/node_modules_next_dist_115brz8._.js:3318
[ 1996792ms] [ERROR] ./node_modules/@prisma/client/runtime/client.mjs
Code generation for chunk item errored
An error occurred while generating the chunk item [project]/node_modules/@prisma/client/runtime/client.mjs [app-client] (ecmascript) <locals>

Caused by:
- the chunking context (unknown) does not support external modules (request: node:module)

Debug info:
- An error occurred while generating the chunk item [project]/node_modules/@prisma/client/runtime/client.mjs [app-client] (ecmascript) <locals>
- Execution of <EcmascriptModuleLocalsModule as EcmascriptChunkPlaceable>::chunk_item_content failed
- Execution of *EcmascriptChunkItemContent::new failed
- Execution of EcmascriptModuleContent::new failed
- the chunking context (unknown) does not support external modules (request: node:module)

Import trace:
  Client Component Browser:
    ./node_modules/@prisma/client/runtime/client.mjs [Client Component Browser]
    ./app/generated/prisma/internal/prismaNamespace.ts [Client Component Browser]
    ./app/generated/prisma/client.ts [Client Component Browser]
    ./lib/prisma.ts [Client Component Browser]
    ./lib/cleanup.ts [Client Component Browser]
    ./app/(manager)/settings/page.tsx [Client Component Browser]
    ./app/(manager)/settings/page.tsx [Server Component] @ http://localhost:3000/_next/static/chunks/node_modules_next_dist_115brz8._.js:3318
[ 1996850ms] [ERROR] ./node_modules/@prisma/client/runtime/client.mjs
Code generation for chunk item errored
An error occurred while generating the chunk item [project]/node_modules/@prisma/client/runtime/client.mjs [app-client] (ecmascript) <locals>

Caused by:
- the chunking context (unknown) does not support external modules (request: node:module)

Debug info:
- An error occurred while generating the chunk item [project]/node_modules/@prisma/client/runtime/client.mjs [app-client] (ecmascript) <locals>
- Execution of <EcmascriptModuleLocalsModule as EcmascriptChunkPlaceable>::chunk_item_content failed
- Execution of *EcmascriptChunkItemContent::new failed
- Execution of EcmascriptModuleContent::new failed
- the chunking context (unknown) does not support external modules (request: node:module)

Import trace:
  Client Component Browser:
    ./node_modules/@prisma/client/runtime/client.mjs [Client Component Browser]
    ./app/generated/prisma/internal/prismaNamespace.ts [Client Component Browser]
    ./app/generated/prisma/client.ts [Client Component Browser]
    ./lib/prisma.ts [Client Component Browser]
    ./lib/cleanup.ts [Client Component Browser]
    ./app/(manager)/settings/page.tsx [Client Component Browser]
    ./app/(manager)/settings/page.tsx [Server Component] @ http://localhost:3000/_next/static/chunks/node_modules_next_dist_115brz8._.js:3318
[ 1996904ms] [ERROR] ./node_modules/@prisma/client/runtime/client.mjs
Code generation for chunk item errored
An error occurred while generating the chunk item [project]/node_modules/@prisma/client/runtime/client.mjs [app-client] (ecmascript) <locals>

Caused by:
- the chunking context (unknown) does not support external modules (request: node:module)

Debug info:
- An error occurred while generating the chunk item [project]/node_modules/@prisma/client/runtime/client.mjs [app-client] (ecmascript) <locals>
- Execution of <EcmascriptModuleLocalsModule as EcmascriptChunkPlaceable>::chunk_item_content failed
- Execution of *EcmascriptChunkItemContent::new failed
- Execution of EcmascriptModuleContent::new failed
- the chunking context (unknown) does not support external modules (request: node:module)

Import trace:
  Client Component Browser:
    ./node_modules/@prisma/client/runtime/client.mjs [Client Component Browser]
    ./app/generated/prisma/internal/prismaNamespace.ts [Client Component Browser]
    ./app/generated/prisma/client.ts [Client Component Browser]
    ./lib/prisma.ts [Client Component Browser]
    ./lib/cleanup.ts [Client Component Browser]
    ./app/(manager)/settings/page.tsx [Client Component Browser]
    ./app/(manager)/settings/page.tsx [Server Component] @ http://localhost:3000/_next/static/chunks/node_modules_next_dist_115brz8._.js:3318
[ 1997021ms] [LOG] [Fast Refresh] rebuilding @ http://localhost:3000/_next/static/chunks/node_modules_next_dist_115brz8._.js:2477
[ 1997084ms] [ERROR] ./node_modules/@prisma/client/runtime/client.mjs
Code generation for chunk item errored
An error occurred while generating the chunk item [project]/node_modules/@prisma/client/runtime/client.mjs [app-client] (ecmascript) <locals>

Caused by:
- the chunking context (unknown) does not support external modules (request: node:module)

Debug info:
- An error occurred while generating the chunk item [project]/node_modules/@prisma/client/runtime/client.mjs [app-client] (ecmascript) <locals>
- Execution of <EcmascriptModuleLocalsModule as EcmascriptChunkPlaceable>::chunk_item_content failed
- Execution of *EcmascriptChunkItemContent::new failed
- Execution of EcmascriptModuleContent::new failed
- the chunking context (unknown) does not support external modules (request: node:module)

Import trace:
  Client Component Browser:
    ./node_modules/@prisma/client/runtime/client.mjs [Client Component Browser]
    ./app/generated/prisma/internal/prismaNamespace.ts [Client Component Browser]
    ./app/generated/prisma/client.ts [Client Component Browser]
    ./lib/prisma.ts [Client Component Browser]
    ./lib/cleanup.ts [Client Component Browser]
    ./app/(manager)/settings/page.tsx [Client Component Browser]
    ./app/(manager)/settings/page.tsx [Server Component] @ http://localhost:3000/_next/static/chunks/node_modules_next_dist_115brz8._.js:3318
[ 1997171ms] [ERROR] ./node_modules/@prisma/client/runtime/client.mjs
Code generation for chunk item errored
An error occurred while generating the chunk item [project]/node_modules/@prisma/client/runtime/client.mjs [app-client] (ecmascript) <locals>

Caused by:
- the chunking context (unknown) does not support external modules (request: node:module)

Debug info:
- An error occurred while generating the chunk item [project]/node_modules/@prisma/client/runtime/client.mjs [app-client] (ecmascript) <locals>
- Execution of <EcmascriptModuleLocalsModule as EcmascriptChunkPlaceable>::chunk_item_content failed
- Execution of *EcmascriptChunkItemContent::new failed
- Execution of EcmascriptModuleContent::new failed
- the chunking context (unknown) does not support external modules (request: node:module)

Import trace:
  Client Component Browser:
    ./node_modules/@prisma/client/runtime/client.mjs [Client Component Browser]
    ./app/generated/prisma/internal/prismaNamespace.ts [Client Component Browser]
    ./app/generated/prisma/client.ts [Client Component Browser]
    ./lib/prisma.ts [Client Component Browser]
    ./lib/cleanup.ts [Client Component Browser]
    ./app/(manager)/settings/page.tsx [Client Component Browser]
    ./app/(manager)/settings/page.tsx [Server Component] @ http://localhost:3000/_next/static/chunks/node_modules_next_dist_115brz8._.js:3318
[ 1997255ms] [ERROR] Failed to load resource: the server responded with a status of 500 (Internal Server Error) @ http://localhost:3000/costs?_rsc=7o6eKSRCpSPEXIdW:0
[ 1997276ms] [ERROR] ./node_modules/@prisma/client/runtime/client.mjs
Code generation for chunk item errored
An error occurred while generating the chunk item [project]/node_modules/@prisma/client/runtime/client.mjs [app-client] (ecmascript) <locals>

Caused by:
- the chunking context (unknown) does not support external modules (request: node:module)

Debug info:
- An error occurred while generating the chunk item [project]/node_modules/@prisma/client/runtime/client.mjs [app-client] (ecmascript) <locals>
- Execution of <EcmascriptModuleLocalsModule as EcmascriptChunkPlaceable>::chunk_item_content failed
- Execution of *EcmascriptChunkItemContent::new failed
- Execution of EcmascriptModuleContent::new failed
- the chunking context (unknown) does not support external modules (request: node:module)

Import trace:
  Client Component Browser:
    ./node_modules/@prisma/client/runtime/client.mjs [Client Component Browser]
    ./app/generated/prisma/internal/prismaNamespace.ts [Client Component Browser]
    ./app/generated/prisma/client.ts [Client Component Browser]
    ./lib/prisma.ts [Client Component Browser]
    ./lib/cleanup.ts [Client Component Browser]
    ./app/(manager)/settings/page.tsx [Client Component Browser]
    ./app/(manager)/settings/page.tsx [Server Component] @ http://localhost:3000/_next/static/chunks/node_modules_next_dist_115brz8._.js:3318
[ 1997384ms] [ERROR] Failed to load resource: the server responded with a status of 500 (Internal Server Error) @ http://localhost:3000/costs?_rsc=7o6eKSRCpSPEXIdW:0
[ 1997394ms] [LOG] [Fast Refresh] rebuilding @ http://localhost:3000/_next/static/chunks/node_modules_next_dist_115brz8._.js:2477
[ 1997407ms] [ERROR] Failed to load resource: the server responded with a status of 500 (Internal Server Error) @ http://localhost:3000/costs:0
[ 1997487ms] [INFO] %cDownload the React DevTools for a better development experience: https://react.dev/link/react-devtools font-weight:bold @ http://localhost:3000/_next/static/chunks/node_modules_react-dom_0bruynb._.js:15305
[ 1997497ms] Error: ./node_modules/@prisma/client/runtime/client.mjs
Code generation for chunk item errored
An error occurred while generating the chunk item [project]/node_modules/@prisma/client/runtime/client.mjs [app-client] (ecmascript) <locals>

Caused by:
- the chunking context (unknown) does not support external modules (request: node:module)

Debug info:
- An error occurred while generating the chunk item [project]/node_modules/@prisma/client/runtime/client.mjs [app-client] (ecmascript) <locals>
- Execution of <EcmascriptModuleLocalsModule as EcmascriptChunkPlaceable>::chunk_item_content failed
- Execution of *EcmascriptChunkItemContent::new failed
- Execution of EcmascriptModuleContent::new failed
- the chunking context (unknown) does not support external modules (request: node:module)

Import trace:
  Client Component Browser:
    ./node_modules/@prisma/client/runtime/client.mjs [Client Component Browser]
    ./app/generated/prisma/internal/prismaNamespace.ts [Client Component Browser]
    ./app/generated/prisma/client.ts [Client Component Browser]
    ./lib/prisma.ts [Client Component Browser]
    ./lib/cleanup.ts [Client Component Browser]
    ./app/(manager)/settings/page.tsx [Client Component Browser]
    ./app/(manager)/settings/page.tsx [Server Component]


    at Object.getCompilationErrors (file:///Users/caspergamborg/Desktop/skemaka/node_modules/next/dist/server/dev/hot-reloader-turbopack.js:1186:59)
    at DevBundlerService.getCompilationError (file:///Users/caspergamborg/Desktop/skemaka/node_modules/next/dist/server/lib/dev-bundler-service.js:44:55)
    at DevServer.getCompilationError (file:///Users/caspergamborg/Desktop/skemaka/node_modules/next/dist/server/dev/next-dev-server.js:720:42)
    at DevServer.findPageComponents (file:///Users/caspergamborg/Desktop/skemaka/node_modules/next/dist/server/dev/next-dev-server.js:690:43)
    at async DevServer.renderErrorToResponseImpl (file:///Users/caspergamborg/Desktop/skemaka/node_modules/next/dist/server/base-server.js:1753:26)
[ 1997506ms] [LOG] [HMR] connected @ http://localhost:3000/_next/static/chunks/node_modules_next_dist_0u_w_5s._.js:1226
[ 1997516ms] [ERROR] Refused to execute script from 'http://localhost:3000/_next/static/development/_clientMiddlewareManifest.js' because its MIME type ('application/json') is not executable, and strict MIME type checking is enabled. @ http://localhost:3000/costs:0
[ 1997520ms] [ERROR] ./node_modules/@prisma/client/runtime/client.mjs
Code generation for chunk item errored
An error occurred while generating the chunk item [project]/node_modules/@prisma/client/runtime/client.mjs [app-client] (ecmascript) <locals>

Caused by:
- the chunking context (unknown) does not support external modules (request: node:module)

Debug info:
- An error occurred while generating the chunk item [project]/node_modules/@prisma/client/runtime/client.mjs [app-client] (ecmascript) <locals>
- Execution of <EcmascriptModuleLocalsModule as EcmascriptChunkPlaceable>::chunk_item_content failed
- Execution of *EcmascriptChunkItemContent::new failed
- Execution of EcmascriptModuleContent::new failed
- the chunking context (unknown) does not support external modules (request: node:module)

Import trace:
  Client Component Browser:
    ./node_modules/@prisma/client/runtime/client.mjs [Client Component Browser]
    ./app/generated/prisma/internal/prismaNamespace.ts [Client Component Browser]
    ./app/generated/prisma/client.ts [Client Component Browser]
    ./lib/prisma.ts [Client Component Browser]
    ./lib/cleanup.ts [Client Component Browser]
    ./app/(manager)/settings/page.tsx [Client Component Browser]
    ./app/(manager)/settings/page.tsx [Server Component] @ http://localhost:3000/_next/static/chunks/node_modules_next_dist_0u_w_5s._.js:1945
[ 1997535ms] [ERROR] ./node_modules/@prisma/client/runtime/client.mjs
Code generation for chunk item errored
An error occurred while generating the chunk item [project]/node_modules/@prisma/client/runtime/client.mjs [app-client] (ecmascript) <locals>

Caused by:
- the chunking context (unknown) does not support external modules (request: node:module)

Debug info:
- An error occurred while generating the chunk item [project]/node_modules/@prisma/client/runtime/client.mjs [app-client] (ecmascript) <locals>
- Execution of <EcmascriptModuleLocalsModule as EcmascriptChunkPlaceable>::chunk_item_content failed
- Execution of *EcmascriptChunkItemContent::new failed
- Execution of EcmascriptModuleContent::new failed
- the chunking context (unknown) does not support external modules (request: node:module)

Import trace:
  Client Component Browser:
    ./node_modules/@prisma/client/runtime/client.mjs [Client Component Browser]
    ./app/generated/prisma/internal/prismaNamespace.ts [Client Component Browser]
    ./app/generated/prisma/client.ts [Client Component Browser]
    ./lib/prisma.ts [Client Component Browser]
    ./lib/cleanup.ts [Client Component Browser]
    ./app/(manager)/settings/page.tsx [Client Component Browser]
    ./app/(manager)/settings/page.tsx [Server Component] @ http://localhost:3000/_next/static/chunks/node_modules_next_dist_0u_w_5s._.js:1945
[ 1997585ms] [ERROR] ./node_modules/@prisma/client/runtime/client.mjs
Code generation for chunk item errored
An error occurred while generating the chunk item [project]/node_modules/@prisma/client/runtime/client.mjs [app-client] (ecmascript) <locals>

Caused by:
- the chunking context (unknown) does not support external modules (request: node:module)

Debug info:
- An error occurred while generating the chunk item [project]/node_modules/@prisma/client/runtime/client.mjs [app-client] (ecmascript) <locals>
- Execution of <EcmascriptModuleLocalsModule as EcmascriptChunkPlaceable>::chunk_item_content failed
- Execution of *EcmascriptChunkItemContent::new failed
- Execution of EcmascriptModuleContent::new failed
- the chunking context (unknown) does not support external modules (request: node:module)

Import trace:
  Client Component Browser:
    ./node_modules/@prisma/client/runtime/client.mjs [Client Component Browser]
    ./app/generated/prisma/internal/prismaNamespace.ts [Client Component Browser]
    ./app/generated/prisma/client.ts [Client Component Browser]
    ./lib/prisma.ts [Client Component Browser]
    ./lib/cleanup.ts [Client Component Browser]
    ./app/(manager)/settings/page.tsx [Client Component Browser]
    ./app/(manager)/settings/page.tsx [Server Component] @ http://localhost:3000/_next/static/chunks/node_modules_next_dist_0u_w_5s._.js:1945
[ 1997641ms] [ERROR] ./node_modules/@prisma/client/runtime/client.mjs
Code generation for chunk item errored
An error occurred while generating the chunk item [project]/node_modules/@prisma/client/runtime/client.mjs [app-client] (ecmascript) <locals>

Caused by:
- the chunking context (unknown) does not support external modules (request: node:module)

Debug info:
- An error occurred while generating the chunk item [project]/node_modules/@prisma/client/runtime/client.mjs [app-client] (ecmascript) <locals>
- Execution of <EcmascriptModuleLocalsModule as EcmascriptChunkPlaceable>::chunk_item_content failed
- Execution of *EcmascriptChunkItemContent::new failed
- Execution of EcmascriptModuleContent::new failed
- the chunking context (unknown) does not support external modules (request: node:module)

Import trace:
  Client Component Browser:
    ./node_modules/@prisma/client/runtime/client.mjs [Client Component Browser]
    ./app/generated/prisma/internal/prismaNamespace.ts [Client Component Browser]
    ./app/generated/prisma/client.ts [Client Component Browser]
    ./lib/prisma.ts [Client Component Browser]
    ./lib/cleanup.ts [Client Component Browser]
    ./app/(manager)/settings/page.tsx [Client Component Browser]
    ./app/(manager)/settings/page.tsx [Server Component] @ http://localhost:3000/_next/static/chunks/node_modules_next_dist_0u_w_5s._.js:1945
[ 1997701ms] [ERROR] ./node_modules/@prisma/client/runtime/client.mjs
Code generation for chunk item errored
An error occurred while generating the chunk item [project]/node_modules/@prisma/client/runtime/client.mjs [app-client] (ecmascript) <locals>

Caused by:
- the chunking context (unknown) does not support external modules (request: node:module)

Debug info:
- An error occurred while generating the chunk item [project]/node_modules/@prisma/client/runtime/client.mjs [app-client] (ecmascript) <locals>
- Execution of <EcmascriptModuleLocalsModule as EcmascriptChunkPlaceable>::chunk_item_content failed
- Execution of *EcmascriptChunkItemContent::new failed
- Execution of EcmascriptModuleContent::new failed
- the chunking context (unknown) does not support external modules (request: node:module)

Import trace:
  Client Component Browser:
    ./node_modules/@prisma/client/runtime/client.mjs [Client Component Browser]
    ./app/generated/prisma/internal/prismaNamespace.ts [Client Component Browser]
    ./app/generated/prisma/client.ts [Client Component Browser]
    ./lib/prisma.ts [Client Component Browser]
    ./lib/cleanup.ts [Client Component Browser]
    ./app/(manager)/settings/page.tsx [Client Component Browser]
    ./app/(manager)/settings/page.tsx [Server Component] @ http://localhost:3000/_next/static/chunks/node_modules_next_dist_0u_w_5s._.js:1945
[ 1997757ms] [ERROR] ./node_modules/@prisma/client/runtime/client.mjs
Code generation for chunk item errored
An error occurred while generating the chunk item [project]/node_modules/@prisma/client/runtime/client.mjs [app-client] (ecmascript) <locals>

Caused by:
- the chunking context (unknown) does not support external modules (request: node:module)

Debug info:
- An error occurred while generating the chunk item [project]/node_modules/@prisma/client/runtime/client.mjs [app-client] (ecmascript) <locals>
- Execution of <EcmascriptModuleLocalsModule as EcmascriptChunkPlaceable>::chunk_item_content failed
- Execution of *EcmascriptChunkItemContent::new failed
- Execution of EcmascriptModuleContent::new failed
- the chunking context (unknown) does not support external modules (request: node:module)

Import trace:
  Client Component Browser:
    ./node_modules/@prisma/client/runtime/client.mjs [Client Component Browser]
    ./app/generated/prisma/internal/prismaNamespace.ts [Client Component Browser]
    ./app/generated/prisma/client.ts [Client Component Browser]
    ./lib/prisma.ts [Client Component Browser]
    ./lib/cleanup.ts [Client Component Browser]
    ./app/(manager)/settings/page.tsx [Client Component Browser]
    ./app/(manager)/settings/page.tsx [Server Component] @ http://localhost:3000/_next/static/chunks/node_modules_next_dist_0u_w_5s._.js:1945
[ 1997809ms] [ERROR] ./node_modules/@prisma/client/runtime/client.mjs
Code generation for chunk item errored
An error occurred while generating the chunk item [project]/node_modules/@prisma/client/runtime/client.mjs [app-client] (ecmascript) <locals>

Caused by:
- the chunking context (unknown) does not support external modules (request: node:module)

Debug info:
- An error occurred while generating the chunk item [project]/node_modules/@prisma/client/runtime/client.mjs [app-client] (ecmascript) <locals>
- Execution of <EcmascriptModuleLocalsModule as EcmascriptChunkPlaceable>::chunk_item_content failed
- Execution of *EcmascriptChunkItemContent::new failed
- Execution of EcmascriptModuleContent::new failed
- the chunking context (unknown) does not support external modules (request: node:module)

Import trace:
  Client Component Browser:
    ./node_modules/@prisma/client/runtime/client.mjs [Client Component Browser]
    ./app/generated/prisma/internal/prismaNamespace.ts [Client Component Browser]
    ./app/generated/prisma/client.ts [Client Component Browser]
    ./lib/prisma.ts [Client Component Browser]
    ./lib/cleanup.ts [Client Component Browser]
    ./app/(manager)/settings/page.tsx [Client Component Browser]
    ./app/(manager)/settings/page.tsx [Server Component] @ http://localhost:3000/_next/static/chunks/node_modules_next_dist_0u_w_5s._.js:1945
[ 1997856ms] [ERROR] ./node_modules/@prisma/client/runtime/client.mjs
Code generation for chunk item errored
An error occurred while generating the chunk item [project]/node_modules/@prisma/client/runtime/client.mjs [app-client] (ecmascript) <locals>

Caused by:
- the chunking context (unknown) does not support external modules (request: node:module)

Debug info:
- An error occurred while generating the chunk item [project]/node_modules/@prisma/client/runtime/client.mjs [app-client] (ecmascript) <locals>
- Execution of <EcmascriptModuleLocalsModule as EcmascriptChunkPlaceable>::chunk_item_content failed
- Execution of *EcmascriptChunkItemContent::new failed
- Execution of EcmascriptModuleContent::new failed
- the chunking context (unknown) does not support external modules (request: node:module)

Import trace:
  Client Component Browser:
    ./node_modules/@prisma/client/runtime/client.mjs [Client Component Browser]
    ./app/generated/prisma/internal/prismaNamespace.ts [Client Component Browser]
    ./app/generated/prisma/client.ts [Client Component Browser]
    ./lib/prisma.ts [Client Component Browser]
    ./lib/cleanup.ts [Client Component Browser]
    ./app/(manager)/settings/page.tsx [Client Component Browser]
    ./app/(manager)/settings/page.tsx [Server Component] @ http://localhost:3000/_next/static/chunks/node_modules_next_dist_0u_w_5s._.js:1945
[ 1997909ms] [ERROR] ./node_modules/@prisma/client/runtime/client.mjs
Code generation for chunk item errored
An error occurred while generating the chunk item [project]/node_modules/@prisma/client/runtime/client.mjs [app-client] (ecmascript) <locals>

Caused by:
- the chunking context (unknown) does not support external modules (request: node:module)

Debug info:
- An error occurred while generating the chunk item [project]/node_modules/@prisma/client/runtime/client.mjs [app-client] (ecmascript) <locals>
- Execution of <EcmascriptModuleLocalsModule as EcmascriptChunkPlaceable>::chunk_item_content failed
- Execution of *EcmascriptChunkItemContent::new failed
- Execution of EcmascriptModuleContent::new failed
- the chunking context (unknown) does not support external modules (request: node:module)

Import trace:
  Client Component Browser:
    ./node_modules/@prisma/client/runtime/client.mjs [Client Component Browser]
    ./app/generated/prisma/internal/prismaNamespace.ts [Client Component Browser]
    ./app/generated/prisma/client.ts [Client Component Browser]
    ./lib/prisma.ts [Client Component Browser]
    ./lib/cleanup.ts [Client Component Browser]
    ./app/(manager)/settings/page.tsx [Client Component Browser]
    ./app/(manager)/settings/page.tsx [Server Component] @ http://localhost:3000/_next/static/chunks/node_modules_next_dist_0u_w_5s._.js:1945
[ 1997959ms] [ERROR] ./node_modules/@prisma/client/runtime/client.mjs
Code generation for chunk item errored
An error occurred while generating the chunk item [project]/node_modules/@prisma/client/runtime/client.mjs [app-client] (ecmascript) <locals>

Caused by:
- the chunking context (unknown) does not support external modules (request: node:module)

Debug info:
- An error occurred while generating the chunk item [project]/node_modules/@prisma/client/runtime/client.mjs [app-client] (ecmascript) <locals>
- Execution of <EcmascriptModuleLocalsModule as EcmascriptChunkPlaceable>::chunk_item_content failed
- Execution of *EcmascriptChunkItemContent::new failed
- Execution of EcmascriptModuleContent::new failed
- the chunking context (unknown) does not support external modules (request: node:module)

Import trace:
  Client Component Browser:
    ./node_modules/@prisma/client/runtime/client.mjs [Client Component Browser]
    ./app/generated/prisma/internal/prismaNamespace.ts [Client Component Browser]
    ./app/generated/prisma/client.ts [Client Component Browser]
    ./lib/prisma.ts [Client Component Browser]
    ./lib/cleanup.ts [Client Component Browser]
    ./app/(manager)/settings/page.tsx [Client Component Browser]
    ./app/(manager)/settings/page.tsx [Server Component] @ http://localhost:3000/_next/static/chunks/node_modules_next_dist_0u_w_5s._.js:1945
[ 1998011ms] [ERROR] ./node_modules/@prisma/client/runtime/client.mjs
Code generation for chunk item errored
An error occurred while generating the chunk item [project]/node_modules/@prisma/client/runtime/client.mjs [app-client] (ecmascript) <locals>

Caused by:
- the chunking context (unknown) does not support external modules (request: node:module)

Debug info:
- An error occurred while generating the chunk item [project]/node_modules/@prisma/client/runtime/client.mjs [app-client] (ecmascript) <locals>
- Execution of <EcmascriptModuleLocalsModule as EcmascriptChunkPlaceable>::chunk_item_content failed
- Execution of *EcmascriptChunkItemContent::new failed
- Execution of EcmascriptModuleContent::new failed
- the chunking context (unknown) does not support external modules (request: node:module)

Import trace:
  Client Component Browser:
    ./node_modules/@prisma/client/runtime/client.mjs [Client Component Browser]
    ./app/generated/prisma/internal/prismaNamespace.ts [Client Component Browser]
    ./app/generated/prisma/client.ts [Client Component Browser]
    ./lib/prisma.ts [Client Component Browser]
    ./lib/cleanup.ts [Client Component Browser]
    ./app/(manager)/settings/page.tsx [Client Component Browser]
    ./app/(manager)/settings/page.tsx [Server Component] @ http://localhost:3000/_next/static/chunks/node_modules_next_dist_0u_w_5s._.js:1945
[ 1998064ms] [ERROR] ./node_modules/@prisma/client/runtime/client.mjs
Code generation for chunk item errored
An error occurred while generating the chunk item [project]/node_modules/@prisma/client/runtime/client.mjs [app-client] (ecmascript) <locals>

Caused by:
- the chunking context (unknown) does not support external modules (request: node:module)

Debug info:
- An error occurred while generating the chunk item [project]/node_modules/@prisma/client/runtime/client.mjs [app-client] (ecmascript) <locals>
- Execution of <EcmascriptModuleLocalsModule as EcmascriptChunkPlaceable>::chunk_item_content failed
- Execution of *EcmascriptChunkItemContent::new failed
- Execution of EcmascriptModuleContent::new failed
- the chunking context (unknown) does not support external modules (request: node:module)

Import trace:
  Client Component Browser:
    ./node_modules/@prisma/client/runtime/client.mjs [Client Component Browser]
    ./app/generated/prisma/internal/prismaNamespace.ts [Client Component Browser]
    ./app/generated/prisma/client.ts [Client Component Browser]
    ./lib/prisma.ts [Client Component Browser]
    ./lib/cleanup.ts [Client Component Browser]
    ./app/(manager)/settings/page.tsx [Client Component Browser]
    ./app/(manager)/settings/page.tsx [Server Component] @ http://localhost:3000/_next/static/chunks/node_modules_next_dist_0u_w_5s._.js:1945
[ 1998116ms] [ERROR] ./node_modules/@prisma/client/runtime/client.mjs
Code generation for chunk item errored
An error occurred while generating the chunk item [project]/node_modules/@prisma/client/runtime/client.mjs [app-client] (ecmascript) <locals>

Caused by:
- the chunking context (unknown) does not support external modules (request: node:module)

Debug info:
- An error occurred while generating the chunk item [project]/node_modules/@prisma/client/runtime/client.mjs [app-client] (ecmascript) <locals>
- Execution of <EcmascriptModuleLocalsModule as EcmascriptChunkPlaceable>::chunk_item_content failed
- Execution of *EcmascriptChunkItemContent::new failed
- Execution of EcmascriptModuleContent::new failed
- the chunking context (unknown) does not support external modules (request: node:module)

Import trace:
  Client Component Browser:
    ./node_modules/@prisma/client/runtime/client.mjs [Client Component Browser]
    ./app/generated/prisma/internal/prismaNamespace.ts [Client Component Browser]
    ./app/generated/prisma/client.ts [Client Component Browser]
    ./lib/prisma.ts [Client Component Browser]
    ./lib/cleanup.ts [Client Component Browser]
    ./app/(manager)/settings/page.tsx [Client Component Browser]
    ./app/(manager)/settings/page.tsx [Server Component] @ http://localhost:3000/_next/static/chunks/node_modules_next_dist_0u_w_5s._.js:1945
[ 1998173ms] [ERROR] ./node_modules/@prisma/client/runtime/client.mjs
Code generation for chunk item errored
An error occurred while generating the chunk item [project]/node_modules/@prisma/client/runtime/client.mjs [app-client] (ecmascript) <locals>

Caused by:
- the chunking context (unknown) does not support external modules (request: node:module)

Debug info:
- An error occurred while generating the chunk item [project]/node_modules/@prisma/client/runtime/client.mjs [app-client] (ecmascript) <locals>
- Execution of <EcmascriptModuleLocalsModule as EcmascriptChunkPlaceable>::chunk_item_content failed
- Execution of *EcmascriptChunkItemContent::new failed
- Execution of EcmascriptModuleContent::new failed
- the chunking context (unknown) does not support external modules (request: node:module)

Import trace:
  Client Component Browser:
    ./node_modules/@prisma/client/runtime/client.mjs [Client Component Browser]
    ./app/generated/prisma/internal/prismaNamespace.ts [Client Component Browser]
    ./app/generated/prisma/client.ts [Client Component Browser]
    ./lib/prisma.ts [Client Component Browser]
    ./lib/cleanup.ts [Client Component Browser]
    ./app/(manager)/settings/page.tsx [Client Component Browser]
    ./app/(manager)/settings/page.tsx [Server Component] @ http://localhost:3000/_next/static/chunks/node_modules_next_dist_0u_w_5s._.js:1945
[ 1998226ms] [ERROR] ./node_modules/@prisma/client/runtime/client.mjs
Code generation for chunk item errored
An error occurred while generating the chunk item [project]/node_modules/@prisma/client/runtime/client.mjs [app-client] (ecmascript) <locals>

Caused by:
- the chunking context (unknown) does not support external modules (request: node:module)

Debug info:
- An error occurred while generating the chunk item [project]/node_modules/@prisma/client/runtime/client.mjs [app-client] (ecmascript) <locals>
- Execution of <EcmascriptModuleLocalsModule as EcmascriptChunkPlaceable>::chunk_item_content failed
- Execution of *EcmascriptChunkItemContent::new failed
- Execution of EcmascriptModuleContent::new failed
- the chunking context (unknown) does not support external modules (request: node:module)

Import trace:
  Client Component Browser:
    ./node_modules/@prisma/client/runtime/client.mjs [Client Component Browser]
    ./app/generated/prisma/internal/prismaNamespace.ts [Client Component Browser]
    ./app/generated/prisma/client.ts [Client Component Browser]
    ./lib/prisma.ts [Client Component Browser]
    ./lib/cleanup.ts [Client Component Browser]
    ./app/(manager)/settings/page.tsx [Client Component Browser]
    ./app/(manager)/settings/page.tsx [Server Component] @ http://localhost:3000/_next/static/chunks/node_modules_next_dist_0u_w_5s._.js:1945
[ 1998278ms] [ERROR] ./node_modules/@prisma/client/runtime/client.mjs
Code generation for chunk item errored
An error occurred while generating the chunk item [project]/node_modules/@prisma/client/runtime/client.mjs [app-client] (ecmascript) <locals>

Caused by:
- the chunking context (unknown) does not support external modules (request: node:module)

Debug info:
- An error occurred while generating the chunk item [project]/node_modules/@prisma/client/runtime/client.mjs [app-client] (ecmascript) <locals>
- Execution of <EcmascriptModuleLocalsModule as EcmascriptChunkPlaceable>::chunk_item_content failed
- Execution of *EcmascriptChunkItemContent::new failed
- Execution of EcmascriptModuleContent::new failed
- the chunking context (unknown) does not support external modules (request: node:module)

Import trace:
  Client Component Browser:
    ./node_modules/@prisma/client/runtime/client.mjs [Client Component Browser]
    ./app/generated/prisma/internal/prismaNamespace.ts [Client Component Browser]
    ./app/generated/prisma/client.ts [Client Component Browser]
    ./lib/prisma.ts [Client Component Browser]
    ./lib/cleanup.ts [Client Component Browser]
    ./app/(manager)/settings/page.tsx [Client Component Browser]
    ./app/(manager)/settings/page.tsx [Server Component] @ http://localhost:3000/_next/static/chunks/node_modules_next_dist_0u_w_5s._.js:1945
[ 1998331ms] [ERROR] ./node_modules/@prisma/client/runtime/client.mjs
Code generation for chunk item errored
An error occurred while generating the chunk item [project]/node_modules/@prisma/client/runtime/client.mjs [app-client] (ecmascript) <locals>

Caused by:
- the chunking context (unknown) does not support external modules (request: node:module)

Debug info:
- An error occurred while generating the chunk item [project]/node_modules/@prisma/client/runtime/client.mjs [app-client] (ecmascript) <locals>
- Execution of <EcmascriptModuleLocalsModule as EcmascriptChunkPlaceable>::chunk_item_content failed
- Execution of *EcmascriptChunkItemContent::new failed
- Execution of EcmascriptModuleContent::new failed
- the chunking context (unknown) does not support external modules (request: node:module)

Import trace:
  Client Component Browser:
    ./node_modules/@prisma/client/runtime/client.mjs [Client Component Browser]
    ./app/generated/prisma/internal/prismaNamespace.ts [Client Component Browser]
    ./app/generated/prisma/client.ts [Client Component Browser]
    ./lib/prisma.ts [Client Component Browser]
    ./lib/cleanup.ts [Client Component Browser]
    ./app/(manager)/settings/page.tsx [Client Component Browser]
    ./app/(manager)/settings/page.tsx [Server Component] @ http://localhost:3000/_next/static/chunks/node_modules_next_dist_0u_w_5s._.js:1945
[ 1998383ms] [ERROR] ./node_modules/@prisma/client/runtime/client.mjs
Code generation for chunk item errored
An error occurred while generating the chunk item [project]/node_modules/@prisma/client/runtime/client.mjs [app-client] (ecmascript) <locals>

Caused by:
- the chunking context (unknown) does not support external modules (request: node:module)

Debug info:
- An error occurred while generating the chunk item [project]/node_modules/@prisma/client/runtime/client.mjs [app-client] (ecmascript) <locals>
- Execution of <EcmascriptModuleLocalsModule as EcmascriptChunkPlaceable>::chunk_item_content failed
- Execution of *EcmascriptChunkItemContent::new failed
- Execution of EcmascriptModuleContent::new failed
- the chunking context (unknown) does not support external modules (request: node:module)

Import trace:
  Client Component Browser:
    ./node_modules/@prisma/client/runtime/client.mjs [Client Component Browser]
    ./app/generated/prisma/internal/prismaNamespace.ts [Client Component Browser]
    ./app/generated/prisma/client.ts [Client Component Browser]
    ./lib/prisma.ts [Client Component Browser]
    ./lib/cleanup.ts [Client Component Browser]
    ./app/(manager)/settings/page.tsx [Client Component Browser]
    ./app/(manager)/settings/page.tsx [Server Component] @ http://localhost:3000/_next/static/chunks/node_modules_next_dist_0u_w_5s._.js:1945
[ 1998435ms] [ERROR] ./node_modules/@prisma/client/runtime/client.mjs
Code generation for chunk item errored
An error occurred while generating the chunk item [project]/node_modules/@prisma/client/runtime/client.mjs [app-client] (ecmascript) <locals>

Caused by:
- the chunking context (unknown) does not support external modules (request: node:module)

Debug info:
- An error occurred while generating the chunk item [project]/node_modules/@prisma/client/runtime/client.mjs [app-client] (ecmascript) <locals>
- Execution of <EcmascriptModuleLocalsModule as EcmascriptChunkPlaceable>::chunk_item_content failed
- Execution of *EcmascriptChunkItemContent::new failed
- Execution of EcmascriptModuleContent::new failed
- the chunking context (unknown) does not support external modules (request: node:module)

Import trace:
  Client Component Browser:
    ./node_modules/@prisma/client/runtime/client.mjs [Client Component Browser]
    ./app/generated/prisma/internal/prismaNamespace.ts [Client Component Browser]
    ./app/generated/prisma/client.ts [Client Component Browser]
    ./lib/prisma.ts [Client Component Browser]
    ./lib/cleanup.ts [Client Component Browser]
    ./app/(manager)/settings/page.tsx [Client Component Browser]
    ./app/(manager)/settings/page.tsx [Server Component] @ http://localhost:3000/_next/static/chunks/node_modules_next_dist_0u_w_5s._.js:1945
[ 1998487ms] [ERROR] ./node_modules/@prisma/client/runtime/client.mjs
Code generation for chunk item errored
An error occurred while generating the chunk item [project]/node_modules/@prisma/client/runtime/client.mjs [app-client] (ecmascript) <locals>

Caused by:
- the chunking context (unknown) does not support external modules (request: node:module)

Debug info:
- An error occurred while generating the chunk item [project]/node_modules/@prisma/client/runtime/client.mjs [app-client] (ecmascript) <locals>
- Execution of <EcmascriptModuleLocalsModule as EcmascriptChunkPlaceable>::chunk_item_content failed
- Execution of *EcmascriptChunkItemContent::new failed
- Execution of EcmascriptModuleContent::new failed
- the chunking context (unknown) does not support external modules (request: node:module)

Import trace:
  Client Component Browser:
    ./node_modules/@prisma/client/runtime/client.mjs [Client Component Browser]
    ./app/generated/prisma/internal/prismaNamespace.ts [Client Component Browser]
    ./app/generated/prisma/client.ts [Client Component Browser]
    ./lib/prisma.ts [Client Component Browser]
    ./lib/cleanup.ts [Client Component Browser]
    ./app/(manager)/settings/page.tsx [Client Component Browser]
    ./app/(manager)/settings/page.tsx [Server Component] @ http://localhost:3000/_next/static/chunks/node_modules_next_dist_0u_w_5s._.js:1945
[ 1998540ms] [ERROR] ./node_modules/@prisma/client/runtime/client.mjs
Code generation for chunk item errored
An error occurred while generating the chunk item [project]/node_modules/@prisma/client/runtime/client.mjs [app-client] (ecmascript) <locals>

Caused by:
- the chunking context (unknown) does not support external modules (request: node:module)

Debug info:
- An error occurred while generating the chunk item [project]/node_modules/@prisma/client/runtime/client.mjs [app-client] (ecmascript) <locals>
- Execution of <EcmascriptModuleLocalsModule as EcmascriptChunkPlaceable>::chunk_item_content failed
- Execution of *EcmascriptChunkItemContent::new failed
- Execution of EcmascriptModuleContent::new failed
- the chunking context (unknown) does not support external modules (request: node:module)

Import trace:
  Client Component Browser:
    ./node_modules/@prisma/client/runtime/client.mjs [Client Component Browser]
    ./app/generated/prisma/internal/prismaNamespace.ts [Client Component Browser]
    ./app/generated/prisma/client.ts [Client Component Browser]
    ./lib/prisma.ts [Client Component Browser]
    ./lib/cleanup.ts [Client Component Browser]
    ./app/(manager)/settings/page.tsx [Client Component Browser]
    ./app/(manager)/settings/page.tsx [Server Component] @ http://localhost:3000/_next/static/chunks/node_modules_next_dist_0u_w_5s._.js:1945
[ 1998596ms] [ERROR] ./node_modules/@prisma/client/runtime/client.mjs
Code generation for chunk item errored
An error occurred while generating the chunk item [project]/node_modules/@prisma/client/runtime/client.mjs [app-client] (ecmascript) <locals>

Caused by:
- the chunking context (unknown) does not support external modules (request: node:module)

Debug info:
- An error occurred while generating the chunk item [project]/node_modules/@prisma/client/runtime/client.mjs [app-client] (ecmascript) <locals>
- Execution of <EcmascriptModuleLocalsModule as EcmascriptChunkPlaceable>::chunk_item_content failed
- Execution of *EcmascriptChunkItemContent::new failed
- Execution of EcmascriptModuleContent::new failed
- the chunking context (unknown) does not support external modules (request: node:module)

Import trace:
  Client Component Browser:
    ./node_modules/@prisma/client/runtime/client.mjs [Client Component Browser]
    ./app/generated/prisma/internal/prismaNamespace.ts [Client Component Browser]
    ./app/generated/prisma/client.ts [Client Component Browser]
    ./lib/prisma.ts [Client Component Browser]
    ./lib/cleanup.ts [Client Component Browser]
    ./app/(manager)/settings/page.tsx [Client Component Browser]
    ./app/(manager)/settings/page.tsx [Server Component] @ http://localhost:3000/_next/static/chunks/node_modules_next_dist_0u_w_5s._.js:1945
[ 1998650ms] [ERROR] ./node_modules/@prisma/client/runtime/client.mjs
Code generation for chunk item errored
An error occurred while generating the chunk item [project]/node_modules/@prisma/client/runtime/client.mjs [app-client] (ecmascript) <locals>

Caused by:
- the chunking context (unknown) does not support external modules (request: node:module)

Debug info:
- An error occurred while generating the chunk item [project]/node_modules/@prisma/client/runtime/client.mjs [app-client] (ecmascript) <locals>
- Execution of <EcmascriptModuleLocalsModule as EcmascriptChunkPlaceable>::chunk_item_content failed
- Execution of *EcmascriptChunkItemContent::new failed
- Execution of EcmascriptModuleContent::new failed
- the chunking context (unknown) does not support external modules (request: node:module)

Import trace:
  Client Component Browser:
    ./node_modules/@prisma/client/runtime/client.mjs [Client Component Browser]
    ./app/generated/prisma/internal/prismaNamespace.ts [Client Component Browser]
    ./app/generated/prisma/client.ts [Client Component Browser]
    ./lib/prisma.ts [Client Component Browser]
    ./lib/cleanup.ts [Client Component Browser]
    ./app/(manager)/settings/page.tsx [Client Component Browser]
    ./app/(manager)/settings/page.tsx [Server Component] @ http://localhost:3000/_next/static/chunks/node_modules_next_dist_0u_w_5s._.js:1945
[ 1998704ms] [ERROR] ./node_modules/@prisma/client/runtime/client.mjs
Code generation for chunk item errored
An error occurred while generating the chunk item [project]/node_modules/@prisma/client/runtime/client.mjs [app-client] (ecmascript) <locals>

Caused by:
- the chunking context (unknown) does not support external modules (request: node:module)

Debug info:
- An error occurred while generating the chunk item [project]/node_modules/@prisma/client/runtime/client.mjs [app-client] (ecmascript) <locals>
- Execution of <EcmascriptModuleLocalsModule as EcmascriptChunkPlaceable>::chunk_item_content failed
- Execution of *EcmascriptChunkItemContent::new failed
- Execution of EcmascriptModuleContent::new failed
- the chunking context (unknown) does not support external modules (request: node:module)

Import trace:
  Client Component Browser:
    ./node_modules/@prisma/client/runtime/client.mjs [Client Component Browser]
    ./app/generated/prisma/internal/prismaNamespace.ts [Client Component Browser]
    ./app/generated/prisma/client.ts [Client Component Browser]
    ./lib/prisma.ts [Client Component Browser]
    ./lib/cleanup.ts [Client Component Browser]
    ./app/(manager)/settings/page.tsx [Client Component Browser]
    ./app/(manager)/settings/page.tsx [Server Component] @ http://localhost:3000/_next/static/chunks/node_modules_next_dist_0u_w_5s._.js:1945
[ 1998757ms] [ERROR] ./node_modules/@prisma/client/runtime/client.mjs
Code generation for chunk item errored
An error occurred while generating the chunk item [project]/node_modules/@prisma/client/runtime/client.mjs [app-client] (ecmascript) <locals>

Caused by:
- the chunking context (unknown) does not support external modules (request: node:module)

Debug info:
- An error occurred while generating the chunk item [project]/node_modules/@prisma/client/runtime/client.mjs [app-client] (ecmascript) <locals>
- Execution of <EcmascriptModuleLocalsModule as EcmascriptChunkPlaceable>::chunk_item_content failed
- Execution of *EcmascriptChunkItemContent::new failed
- Execution of EcmascriptModuleContent::new failed
- the chunking context (unknown) does not support external modules (request: node:module)

Import trace:
  Client Component Browser:
    ./node_modules/@prisma/client/runtime/client.mjs [Client Component Browser]
    ./app/generated/prisma/internal/prismaNamespace.ts [Client Component Browser]
    ./app/generated/prisma/client.ts [Client Component Browser]
    ./lib/prisma.ts [Client Component Browser]
    ./lib/cleanup.ts [Client Component Browser]
    ./app/(manager)/settings/page.tsx [Client Component Browser]
    ./app/(manager)/settings/page.tsx [Server Component] @ http://localhost:3000/_next/static/chunks/node_modules_next_dist_0u_w_5s._.js:1945
[ 1998809ms] [ERROR] ./node_modules/@prisma/client/runtime/client.mjs
Code generation for chunk item errored
An error occurred while generating the chunk item [project]/node_modules/@prisma/client/runtime/client.mjs [app-client] (ecmascript) <locals>

Caused by:
- the chunking context (unknown) does not support external modules (request: node:module)

Debug info:
- An error occurred while generating the chunk item [project]/node_modules/@prisma/client/runtime/client.mjs [app-client] (ecmascript) <locals>
- Execution of <EcmascriptModuleLocalsModule as EcmascriptChunkPlaceable>::chunk_item_content failed
- Execution of *EcmascriptChunkItemContent::new failed
- Execution of EcmascriptModuleContent::new failed
- the chunking context (unknown) does not support external modules (request: node:module)

Import trace:
  Client Component Browser:
    ./node_modules/@prisma/client/runtime/client.mjs [Client Component Browser]
    ./app/generated/prisma/internal/prismaNamespace.ts [Client Component Browser]
    ./app/generated/prisma/client.ts [Client Component Browser]
    ./lib/prisma.ts [Client Component Browser]
    ./lib/cleanup.ts [Client Component Browser]
    ./app/(manager)/settings/page.tsx [Client Component Browser]
    ./app/(manager)/settings/page.tsx [Server Component] @ http://localhost:3000/_next/static/chunks/node_modules_next_dist_0u_w_5s._.js:1945
[ 1998860ms] [ERROR] ./node_modules/@prisma/client/runtime/client.mjs
Code generation for chunk item errored
An error occurred while generating the chunk item [project]/node_modules/@prisma/client/runtime/client.mjs [app-client] (ecmascript) <locals>

Caused by:
- the chunking context (unknown) does not support external modules (request: node:module)

Debug info:
- An error occurred while generating the chunk item [project]/node_modules/@prisma/client/runtime/client.mjs [app-client] (ecmascript) <locals>
- Execution of <EcmascriptModuleLocalsModule as EcmascriptChunkPlaceable>::chunk_item_content failed
- Execution of *EcmascriptChunkItemContent::new failed
- Execution of EcmascriptModuleContent::new failed
- the chunking context (unknown) does not support external modules (request: node:module)

Import trace:
  Client Component Browser:
    ./node_modules/@prisma/client/runtime/client.mjs [Client Component Browser]
    ./app/generated/prisma/internal/prismaNamespace.ts [Client Component Browser]
    ./app/generated/prisma/client.ts [Client Component Browser]
    ./lib/prisma.ts [Client Component Browser]
    ./lib/cleanup.ts [Client Component Browser]
    ./app/(manager)/settings/page.tsx [Client Component Browser]
    ./app/(manager)/settings/page.tsx [Server Component] @ http://localhost:3000/_next/static/chunks/node_modules_next_dist_0u_w_5s._.js:1945
[ 1998911ms] [ERROR] ./node_modules/@prisma/client/runtime/client.mjs
Code generation for chunk item errored
An error occurred while generating the chunk item [project]/node_modules/@prisma/client/runtime/client.mjs [app-client] (ecmascript) <locals>

Caused by:
- the chunking context (unknown) does not support external modules (request: node:module)

Debug info:
- An error occurred while generating the chunk item [project]/node_modules/@prisma/client/runtime/client.mjs [app-client] (ecmascript) <locals>
- Execution of <EcmascriptModuleLocalsModule as EcmascriptChunkPlaceable>::chunk_item_content failed
- Execution of *EcmascriptChunkItemContent::new failed
- Execution of EcmascriptModuleContent::new failed
- the chunking context (unknown) does not support external modules (request: node:module)

Import trace:
  Client Component Browser:
    ./node_modules/@prisma/client/runtime/client.mjs [Client Component Browser]
    ./app/generated/prisma/internal/prismaNamespace.ts [Client Component Browser]
    ./app/generated/prisma/client.ts [Client Component Browser]
    ./lib/prisma.ts [Client Component Browser]
    ./lib/cleanup.ts [Client Component Browser]
    ./app/(manager)/settings/page.tsx [Client Component Browser]
    ./app/(manager)/settings/page.tsx [Server Component] @ http://localhost:3000/_next/static/chunks/node_modules_next_dist_0u_w_5s._.js:1945
[ 1998963ms] [ERROR] ./node_modules/@prisma/client/runtime/client.mjs
Code generation for chunk item errored
An error occurred while generating the chunk item [project]/node_modules/@prisma/client/runtime/client.mjs [app-client] (ecmascript) <locals>

Caused by:
- the chunking context (unknown) does not support external modules (request: node:module)

Debug info:
- An error occurred while generating the chunk item [project]/node_modules/@prisma/client/runtime/client.mjs [app-client] (ecmascript) <locals>
- Execution of <EcmascriptModuleLocalsModule as EcmascriptChunkPlaceable>::chunk_item_content failed
- Execution of *EcmascriptChunkItemContent::new failed
- Execution of EcmascriptModuleContent::new failed
- the chunking context (unknown) does not support external modules (request: node:module)

Import trace:
  Client Component Browser:
    ./node_modules/@prisma/client/runtime/client.mjs [Client Component Browser]
    ./app/generated/prisma/internal/prismaNamespace.ts [Client Component Browser]
    ./app/generated/prisma/client.ts [Client Component Browser]
    ./lib/prisma.ts [Client Component Browser]
    ./lib/cleanup.ts [Client Component Browser]
    ./app/(manager)/settings/page.tsx [Client Component Browser]
    ./app/(manager)/settings/page.tsx [Server Component] @ http://localhost:3000/_next/static/chunks/node_modules_next_dist_0u_w_5s._.js:1945
[ 1999015ms] [ERROR] ./node_modules/@prisma/client/runtime/client.mjs
Code generation for chunk item errored
An error occurred while generating the chunk item [project]/node_modules/@prisma/client/runtime/client.mjs [app-client] (ecmascript) <locals>

Caused by:
- the chunking context (unknown) does not support external modules (request: node:module)

Debug info:
- An error occurred while generating the chunk item [project]/node_modules/@prisma/client/runtime/client.mjs [app-client] (ecmascript) <locals>
- Execution of <EcmascriptModuleLocalsModule as EcmascriptChunkPlaceable>::chunk_item_content failed
- Execution of *EcmascriptChunkItemContent::new failed
- Execution of EcmascriptModuleContent::new failed
- the chunking context (unknown) does not support external modules (request: node:module)

Import trace:
  Client Component Browser:
    ./node_modules/@prisma/client/runtime/client.mjs [Client Component Browser]
    ./app/generated/prisma/internal/prismaNamespace.ts [Client Component Browser]
    ./app/generated/prisma/client.ts [Client Component Browser]
    ./lib/prisma.ts [Client Component Browser]
    ./lib/cleanup.ts [Client Component Browser]
    ./app/(manager)/settings/page.tsx [Client Component Browser]
    ./app/(manager)/settings/page.tsx [Server Component] @ http://localhost:3000/_next/static/chunks/node_modules_next_dist_0u_w_5s._.js:1945
[ 1999066ms] [ERROR] ./node_modules/@prisma/client/runtime/client.mjs
Code generation for chunk item errored
An error occurred while generating the chunk item [project]/node_modules/@prisma/client/runtime/client.mjs [app-client] (ecmascript) <locals>

Caused by:
- the chunking context (unknown) does not support external modules (request: node:module)

Debug info:
- An error occurred while generating the chunk item [project]/node_modules/@prisma/client/runtime/client.mjs [app-client] (ecmascript) <locals>
- Execution of <EcmascriptModuleLocalsModule as EcmascriptChunkPlaceable>::chunk_item_content failed
- Execution of *EcmascriptChunkItemContent::new failed
- Execution of EcmascriptModuleContent::new failed
- the chunking context (unknown) does not support external modules (request: node:module)

Import trace:
  Client Component Browser:
    ./node_modules/@prisma/client/runtime/client.mjs [Client Component Browser]
    ./app/generated/prisma/internal/prismaNamespace.ts [Client Component Browser]
    ./app/generated/prisma/client.ts [Client Component Browser]
    ./lib/prisma.ts [Client Component Browser]
    ./lib/cleanup.ts [Client Component Browser]
    ./app/(manager)/settings/page.tsx [Client Component Browser]
    ./app/(manager)/settings/page.tsx [Server Component] @ http://localhost:3000/_next/static/chunks/node_modules_next_dist_0u_w_5s._.js:1945
[ 1999117ms] [ERROR] ./node_modules/@prisma/client/runtime/client.mjs
Code generation for chunk item errored
An error occurred while generating the chunk item [project]/node_modules/@prisma/client/runtime/client.mjs [app-client] (ecmascript) <locals>

Caused by:
- the chunking context (unknown) does not support external modules (request: node:module)

Debug info:
- An error occurred while generating the chunk item [project]/node_modules/@prisma/client/runtime/client.mjs [app-client] (ecmascript) <locals>
- Execution of <EcmascriptModuleLocalsModule as EcmascriptChunkPlaceable>::chunk_item_content failed
- Execution of *EcmascriptChunkItemContent::new failed
- Execution of EcmascriptModuleContent::new failed
- the chunking context (unknown) does not support external modules (request: node:module)

Import trace:
  Client Component Browser:
    ./node_modules/@prisma/client/runtime/client.mjs [Client Component Browser]
    ./app/generated/prisma/internal/prismaNamespace.ts [Client Component Browser]
    ./app/generated/prisma/client.ts [Client Component Browser]
    ./lib/prisma.ts [Client Component Browser]
    ./lib/cleanup.ts [Client Component Browser]
    ./app/(manager)/settings/page.tsx [Client Component Browser]
    ./app/(manager)/settings/page.tsx [Server Component] @ http://localhost:3000/_next/static/chunks/node_modules_next_dist_0u_w_5s._.js:1945
[ 1999168ms] [ERROR] ./node_modules/@prisma/client/runtime/client.mjs
Code generation for chunk item errored
An error occurred while generating the chunk item [project]/node_modules/@prisma/client/runtime/client.mjs [app-client] (ecmascript) <locals>

Caused by:
- the chunking context (unknown) does not support external modules (request: node:module)

Debug info:
- An error occurred while generating the chunk item [project]/node_modules/@prisma/client/runtime/client.mjs [app-client] (ecmascript) <locals>
- Execution of <EcmascriptModuleLocalsModule as EcmascriptChunkPlaceable>::chunk_item_content failed
- Execution of *EcmascriptChunkItemContent::new failed
- Execution of EcmascriptModuleContent::new failed
- the chunking context (unknown) does not support external modules (request: node:module)

Import trace:
  Client Component Browser:
    ./node_modules/@prisma/client/runtime/client.mjs [Client Component Browser]
    ./app/generated/prisma/internal/prismaNamespace.ts [Client Component Browser]
    ./app/generated/prisma/client.ts [Client Component Browser]
    ./lib/prisma.ts [Client Component Browser]
    ./lib/cleanup.ts [Client Component Browser]
    ./app/(manager)/settings/page.tsx [Client Component Browser]
    ./app/(manager)/settings/page.tsx [Server Component] @ http://localhost:3000/_next/static/chunks/node_modules_next_dist_0u_w_5s._.js:1945
[ 1999220ms] [ERROR] ./node_modules/@prisma/client/runtime/client.mjs
Code generation for chunk item errored
An error occurred while generating the chunk item [project]/node_modules/@prisma/client/runtime/client.mjs [app-client] (ecmascript) <locals>

Caused by:
- the chunking context (unknown) does not support external modules (request: node:module)

Debug info:
- An error occurred while generating the chunk item [project]/node_modules/@prisma/client/runtime/client.mjs [app-client] (ecmascript) <locals>
- Execution of <EcmascriptModuleLocalsModule as EcmascriptChunkPlaceable>::chunk_item_content failed
- Execution of *EcmascriptChunkItemContent::new failed
- Execution of EcmascriptModuleContent::new failed
- the chunking context (unknown) does not support external modules (request: node:module)

Import trace:
  Client Component Browser:
    ./node_modules/@prisma/client/runtime/client.mjs [Client Component Browser]
    ./app/generated/prisma/internal/prismaNamespace.ts [Client Component Browser]
    ./app/generated/prisma/client.ts [Client Component Browser]
    ./lib/prisma.ts [Client Component Browser]
    ./lib/cleanup.ts [Client Component Browser]
    ./app/(manager)/settings/page.tsx [Client Component Browser]
    ./app/(manager)/settings/page.tsx [Server Component] @ http://localhost:3000/_next/static/chunks/node_modules_next_dist_0u_w_5s._.js:1945
[ 1999271ms] [ERROR] ./node_modules/@prisma/client/runtime/client.mjs
Code generation for chunk item errored
An error occurred while generating the chunk item [project]/node_modules/@prisma/client/runtime/client.mjs [app-client] (ecmascript) <locals>

Caused by:
- the chunking context (unknown) does not support external modules (request: node:module)

Debug info:
- An error occurred while generating the chunk item [project]/node_modules/@prisma/client/runtime/client.mjs [app-client] (ecmascript) <locals>
- Execution of <EcmascriptModuleLocalsModule as EcmascriptChunkPlaceable>::chunk_item_content failed
- Execution of *EcmascriptChunkItemContent::new failed
- Execution of EcmascriptModuleContent::new failed
- the chunking context (unknown) does not support external modules (request: node:module)

Import trace:
  Client Component Browser:
    ./node_modules/@prisma/client/runtime/client.mjs [Client Component Browser]
    ./app/generated/prisma/internal/prismaNamespace.ts [Client Component Browser]
    ./app/generated/prisma/client.ts [Client Component Browser]
    ./lib/prisma.ts [Client Component Browser]
    ./lib/cleanup.ts [Client Component Browser]
    ./app/(manager)/settings/page.tsx [Client Component Browser]
    ./app/(manager)/settings/page.tsx [Server Component] @ http://localhost:3000/_next/static/chunks/node_modules_next_dist_0u_w_5s._.js:1945
[ 1999324ms] [ERROR] ./node_modules/@prisma/client/runtime/client.mjs
Code generation for chunk item errored
An error occurred while generating the chunk item [project]/node_modules/@prisma/client/runtime/client.mjs [app-client] (ecmascript) <locals>

Caused by:
- the chunking context (unknown) does not support external modules (request: node:module)

Debug info:
- An error occurred while generating the chunk item [project]/node_modules/@prisma/client/runtime/client.mjs [app-client] (ecmascript) <locals>
- Execution of <EcmascriptModuleLocalsModule as EcmascriptChunkPlaceable>::chunk_item_content failed
- Execution of *EcmascriptChunkItemContent::new failed
- Execution of EcmascriptModuleContent::new failed
- the chunking context (unknown) does not support external modules (request: node:module)

Import trace:
  Client Component Browser:
    ./node_modules/@prisma/client/runtime/client.mjs [Client Component Browser]
    ./app/generated/prisma/internal/prismaNamespace.ts [Client Component Browser]
    ./app/generated/prisma/client.ts [Client Component Browser]
    ./lib/prisma.ts [Client Component Browser]
    ./lib/cleanup.ts [Client Component Browser]
    ./app/(manager)/settings/page.tsx [Client Component Browser]
    ./app/(manager)/settings/page.tsx [Server Component] @ http://localhost:3000/_next/static/chunks/node_modules_next_dist_0u_w_5s._.js:1945
[ 1999376ms] [ERROR] ./node_modules/@prisma/client/runtime/client.mjs
Code generation for chunk item errored
An error occurred while generating the chunk item [project]/node_modules/@prisma/client/runtime/client.mjs [app-client] (ecmascript) <locals>

Caused by:
- the chunking context (unknown) does not support external modules (request: node:module)

Debug info:
- An error occurred while generating the chunk item [project]/node_modules/@prisma/client/runtime/client.mjs [app-client] (ecmascript) <locals>
- Execution of <EcmascriptModuleLocalsModule as EcmascriptChunkPlaceable>::chunk_item_content failed
- Execution of *EcmascriptChunkItemContent::new failed
- Execution of EcmascriptModuleContent::new failed
- the chunking context (unknown) does not support external modules (request: node:module)

Import trace:
  Client Component Browser:
    ./node_modules/@prisma/client/runtime/client.mjs [Client Component Browser]
    ./app/generated/prisma/internal/prismaNamespace.ts [Client Component Browser]
    ./app/generated/prisma/client.ts [Client Component Browser]
    ./lib/prisma.ts [Client Component Browser]
    ./lib/cleanup.ts [Client Component Browser]
    ./app/(manager)/settings/page.tsx [Client Component Browser]
    ./app/(manager)/settings/page.tsx [Server Component] @ http://localhost:3000/_next/static/chunks/node_modules_next_dist_0u_w_5s._.js:1945
[ 1999429ms] [ERROR] ./node_modules/@prisma/client/runtime/client.mjs
Code generation for chunk item errored
An error occurred while generating the chunk item [project]/node_modules/@prisma/client/runtime/client.mjs [app-client] (ecmascript) <locals>

Caused by:
- the chunking context (unknown) does not support external modules (request: node:module)

Debug info:
- An error occurred while generating the chunk item [project]/node_modules/@prisma/client/runtime/client.mjs [app-client] (ecmascript) <locals>
- Execution of <EcmascriptModuleLocalsModule as EcmascriptChunkPlaceable>::chunk_item_content failed
- Execution of *EcmascriptChunkItemContent::new failed
- Execution of EcmascriptModuleContent::new failed
- the chunking context (unknown) does not support external modules (request: node:module)

Import trace:
  Client Component Browser:
    ./node_modules/@prisma/client/runtime/client.mjs [Client Component Browser]
    ./app/generated/prisma/internal/prismaNamespace.ts [Client Component Browser]
    ./app/generated/prisma/client.ts [Client Component Browser]
    ./lib/prisma.ts [Client Component Browser]
    ./lib/cleanup.ts [Client Component Browser]
    ./app/(manager)/settings/page.tsx [Client Component Browser]
    ./app/(manager)/settings/page.tsx [Server Component] @ http://localhost:3000/_next/static/chunks/node_modules_next_dist_0u_w_5s._.js:1945
[ 1999482ms] [ERROR] ./node_modules/@prisma/client/runtime/client.mjs
Code generation for chunk item errored
An error occurred while generating the chunk item [project]/node_modules/@prisma/client/runtime/client.mjs [app-client] (ecmascript) <locals>

Caused by:
- the chunking context (unknown) does not support external modules (request: node:module)

Debug info:
- An error occurred while generating the chunk item [project]/node_modules/@prisma/client/runtime/client.mjs [app-client] (ecmascript) <locals>
- Execution of <EcmascriptModuleLocalsModule as EcmascriptChunkPlaceable>::chunk_item_content failed
- Execution of *EcmascriptChunkItemContent::new failed
- Execution of EcmascriptModuleContent::new failed
- the chunking context (unknown) does not support external modules (request: node:module)

Import trace:
  Client Component Browser:
    ./node_modules/@prisma/client/runtime/client.mjs [Client Component Browser]
    ./app/generated/prisma/internal/prismaNamespace.ts [Client Component Browser]
    ./app/generated/prisma/client.ts [Client Component Browser]
    ./lib/prisma.ts [Client Component Browser]
    ./lib/cleanup.ts [Client Component Browser]
    ./app/(manager)/settings/page.tsx [Client Component Browser]
    ./app/(manager)/settings/page.tsx [Server Component] @ http://localhost:3000/_next/static/chunks/node_modules_next_dist_0u_w_5s._.js:1945
[ 1999537ms] [ERROR] ./node_modules/@prisma/client/runtime/client.mjs
Code generation for chunk item errored
An error occurred while generating the chunk item [project]/node_modules/@prisma/client/runtime/client.mjs [app-client] (ecmascript) <locals>

Caused by:
- the chunking context (unknown) does not support external modules (request: node:module)

Debug info:
- An error occurred while generating the chunk item [project]/node_modules/@prisma/client/runtime/client.mjs [app-client] (ecmascript) <locals>
- Execution of <EcmascriptModuleLocalsModule as EcmascriptChunkPlaceable>::chunk_item_content failed
- Execution of *EcmascriptChunkItemContent::new failed
- Execution of EcmascriptModuleContent::new failed
- the chunking context (unknown) does not support external modules (request: node:module)

Import trace:
  Client Component Browser:
    ./node_modules/@prisma/client/runtime/client.mjs [Client Component Browser]
    ./app/generated/prisma/internal/prismaNamespace.ts [Client Component Browser]
    ./app/generated/prisma/client.ts [Client Component Browser]
    ./lib/prisma.ts [Client Component Browser]
    ./lib/cleanup.ts [Client Component Browser]
    ./app/(manager)/settings/page.tsx [Client Component Browser]
    ./app/(manager)/settings/page.tsx [Server Component] @ http://localhost:3000/_next/static/chunks/node_modules_next_dist_0u_w_5s._.js:1945
[ 1999590ms] [ERROR] ./node_modules/@prisma/client/runtime/client.mjs
Code generation for chunk item errored
An error occurred while generating the chunk item [project]/node_modules/@prisma/client/runtime/client.mjs [app-client] (ecmascript) <locals>

Caused by:
- the chunking context (unknown) does not support external modules (request: node:module)

Debug info:
- An error occurred while generating the chunk item [project]/node_modules/@prisma/client/runtime/client.mjs [app-client] (ecmascript) <locals>
- Execution of <EcmascriptModuleLocalsModule as EcmascriptChunkPlaceable>::chunk_item_content failed
- Execution of *EcmascriptChunkItemContent::new failed
- Execution of EcmascriptModuleContent::new failed
- the chunking context (unknown) does not support external modules (request: node:module)

Import trace:
  Client Component Browser:
    ./node_modules/@prisma/client/runtime/client.mjs [Client Component Browser]
    ./app/generated/prisma/internal/prismaNamespace.ts [Client Component Browser]
    ./app/generated/prisma/client.ts [Client Component Browser]
    ./lib/prisma.ts [Client Component Browser]
    ./lib/cleanup.ts [Client Component Browser]
    ./app/(manager)/settings/page.tsx [Client Component Browser]
    ./app/(manager)/settings/page.tsx [Server Component] @ http://localhost:3000/_next/static/chunks/node_modules_next_dist_0u_w_5s._.js:1945
[ 1999650ms] [ERROR] ./node_modules/@prisma/client/runtime/client.mjs
Code generation for chunk item errored
An error occurred while generating the chunk item [project]/node_modules/@prisma/client/runtime/client.mjs [app-client] (ecmascript) <locals>

Caused by:
- the chunking context (unknown) does not support external modules (request: node:module)

Debug info:
- An error occurred while generating the chunk item [project]/node_modules/@prisma/client/runtime/client.mjs [app-client] (ecmascript) <locals>
- Execution of <EcmascriptModuleLocalsModule as EcmascriptChunkPlaceable>::chunk_item_content failed
- Execution of *EcmascriptChunkItemContent::new failed
- Execution of EcmascriptModuleContent::new failed
- the chunking context (unknown) does not support external modules (request: node:module)

Import trace:
  Client Component Browser:
    ./node_modules/@prisma/client/runtime/client.mjs [Client Component Browser]
    ./app/generated/prisma/internal/prismaNamespace.ts [Client Component Browser]
    ./app/generated/prisma/client.ts [Client Component Browser]
    ./lib/prisma.ts [Client Component Browser]
    ./lib/cleanup.ts [Client Component Browser]
    ./app/(manager)/settings/page.tsx [Client Component Browser]
    ./app/(manager)/settings/page.tsx [Server Component] @ http://localhost:3000/_next/static/chunks/node_modules_next_dist_0u_w_5s._.js:1945
[ 1999702ms] [ERROR] ./node_modules/@prisma/client/runtime/client.mjs
Code generation for chunk item errored
An error occurred while generating the chunk item [project]/node_modules/@prisma/client/runtime/client.mjs [app-client] (ecmascript) <locals>

Caused by:
- the chunking context (unknown) does not support external modules (request: node:module)

Debug info:
- An error occurred while generating the chunk item [project]/node_modules/@prisma/client/runtime/client.mjs [app-client] (ecmascript) <locals>
- Execution of <EcmascriptModuleLocalsModule as EcmascriptChunkPlaceable>::chunk_item_content failed
- Execution of *EcmascriptChunkItemContent::new failed
- Execution of EcmascriptModuleContent::new failed
- the chunking context (unknown) does not support external modules (request: node:module)

Import trace:
  Client Component Browser:
    ./node_modules/@prisma/client/runtime/client.mjs [Client Component Browser]
    ./app/generated/prisma/internal/prismaNamespace.ts [Client Component Browser]
    ./app/generated/prisma/client.ts [Client Component Browser]
    ./lib/prisma.ts [Client Component Browser]
    ./lib/cleanup.ts [Client Component Browser]
    ./app/(manager)/settings/page.tsx [Client Component Browser]
    ./app/(manager)/settings/page.tsx [Server Component] @ http://localhost:3000/_next/static/chunks/node_modules_next_dist_0u_w_5s._.js:1945
[ 1999753ms] [ERROR] ./node_modules/@prisma/client/runtime/client.mjs
Code generation for chunk item errored
An error occurred while generating the chunk item [project]/node_modules/@prisma/client/runtime/client.mjs [app-client] (ecmascript) <locals>

Caused by:
- the chunking context (unknown) does not support external modules (request: node:module)

Debug info:
- An error occurred while generating the chunk item [project]/node_modules/@prisma/client/runtime/client.mjs [app-client] (ecmascript) <locals>
- Execution of <EcmascriptModuleLocalsModule as EcmascriptChunkPlaceable>::chunk_item_content failed
- Execution of *EcmascriptChunkItemContent::new failed
- Execution of EcmascriptModuleContent::new failed
- the chunking context (unknown) does not support external modules (request: node:module)

Import trace:
  Client Component Browser:
    ./node_modules/@prisma/client/runtime/client.mjs [Client Component Browser]
    ./app/generated/prisma/internal/prismaNamespace.ts [Client Component Browser]
    ./app/generated/prisma/client.ts [Client Component Browser]
    ./lib/prisma.ts [Client Component Browser]
    ./lib/cleanup.ts [Client Component Browser]
    ./app/(manager)/settings/page.tsx [Client Component Browser]
    ./app/(manager)/settings/page.tsx [Server Component] @ http://localhost:3000/_next/static/chunks/node_modules_next_dist_0u_w_5s._.js:1945
[ 1999806ms] [ERROR] ./node_modules/@prisma/client/runtime/client.mjs
Code generation for chunk item errored
An error occurred while generating the chunk item [project]/node_modules/@prisma/client/runtime/client.mjs [app-client] (ecmascript) <locals>

Caused by:
- the chunking context (unknown) does not support external modules (request: node:module)

Debug info:
- An error occurred while generating the chunk item [project]/node_modules/@prisma/client/runtime/client.mjs [app-client] (ecmascript) <locals>
- Execution of <EcmascriptModuleLocalsModule as EcmascriptChunkPlaceable>::chunk_item_content failed
- Execution of *EcmascriptChunkItemContent::new failed
- Execution of EcmascriptModuleContent::new failed
- the chunking context (unknown) does not support external modules (request: node:module)

Import trace:
  Client Component Browser:
    ./node_modules/@prisma/client/runtime/client.mjs [Client Component Browser]
    ./app/generated/prisma/internal/prismaNamespace.ts [Client Component Browser]
    ./app/generated/prisma/client.ts [Client Component Browser]
    ./lib/prisma.ts [Client Component Browser]
    ./lib/cleanup.ts [Client Component Browser]
    ./app/(manager)/settings/page.tsx [Client Component Browser]
    ./app/(manager)/settings/page.tsx [Server Component] @ http://localhost:3000/_next/static/chunks/node_modules_next_dist_0u_w_5s._.js:1945
[ 1999862ms] [ERROR] ./node_modules/@prisma/client/runtime/client.mjs
Code generation for chunk item errored
An error occurred while generating the chunk item [project]/node_modules/@prisma/client/runtime/client.mjs [app-client] (ecmascript) <locals>

Caused by:
- the chunking context (unknown) does not support external modules (request: node:module)

Debug info:
- An error occurred while generating the chunk item [project]/node_modules/@prisma/client/runtime/client.mjs [app-client] (ecmascript) <locals>
- Execution of <EcmascriptModuleLocalsModule as EcmascriptChunkPlaceable>::chunk_item_content failed
- Execution of *EcmascriptChunkItemContent::new failed
- Execution of EcmascriptModuleContent::new failed
- the chunking context (unknown) does not support external modules (request: node:module)

Import trace:
  Client Component Browser:
    ./node_modules/@prisma/client/runtime/client.mjs [Client Component Browser]
    ./app/generated/prisma/internal/prismaNamespace.ts [Client Component Browser]
    ./app/generated/prisma/client.ts [Client Component Browser]
    ./lib/prisma.ts [Client Component Browser]
    ./lib/cleanup.ts [Client Component Browser]
    ./app/(manager)/settings/page.tsx [Client Component Browser]
    ./app/(manager)/settings/page.tsx [Server Component] @ http://localhost:3000/_next/static/chunks/node_modules_next_dist_0u_w_5s._.js:1945
[ 1999918ms] [ERROR] ./node_modules/@prisma/client/runtime/client.mjs
Code generation for chunk item errored
An error occurred while generating the chunk item [project]/node_modules/@prisma/client/runtime/client.mjs [app-client] (ecmascript) <locals>

Caused by:
- the chunking context (unknown) does not support external modules (request: node:module)

Debug info:
- An error occurred while generating the chunk item [project]/node_modules/@prisma/client/runtime/client.mjs [app-client] (ecmascript) <locals>
- Execution of <EcmascriptModuleLocalsModule as EcmascriptChunkPlaceable>::chunk_item_content failed
- Execution of *EcmascriptChunkItemContent::new failed
- Execution of EcmascriptModuleContent::new failed
- the chunking context (unknown) does not support external modules (request: node:module)

Import trace:
  Client Component Browser:
    ./node_modules/@prisma/client/runtime/client.mjs [Client Component Browser]
    ./app/generated/prisma/internal/prismaNamespace.ts [Client Component Browser]
    ./app/generated/prisma/client.ts [Client Component Browser]
    ./lib/prisma.ts [Client Component Browser]
    ./lib/cleanup.ts [Client Component Browser]
    ./app/(manager)/settings/page.tsx [Client Component Browser]
    ./app/(manager)/settings/page.tsx [Server Component] @ http://localhost:3000/_next/static/chunks/node_modules_next_dist_0u_w_5s._.js:1945
[ 1999976ms] [ERROR] ./node_modules/@prisma/client/runtime/client.mjs
Code generation for chunk item errored
An error occurred while generating the chunk item [project]/node_modules/@prisma/client/runtime/client.mjs [app-client] (ecmascript) <locals>

Caused by:
- the chunking context (unknown) does not support external modules (request: node:module)

Debug info:
- An error occurred while generating the chunk item [project]/node_modules/@prisma/client/runtime/client.mjs [app-client] (ecmascript) <locals>
- Execution of <EcmascriptModuleLocalsModule as EcmascriptChunkPlaceable>::chunk_item_content failed
- Execution of *EcmascriptChunkItemContent::new failed
- Execution of EcmascriptModuleContent::new failed
- the chunking context (unknown) does not support external modules (request: node:module)

Import trace:
  Client Component Browser:
    ./node_modules/@prisma/client/runtime/client.mjs [Client Component Browser]
    ./app/generated/prisma/internal/prismaNamespace.ts [Client Component Browser]
    ./app/generated/prisma/client.ts [Client Component Browser]
    ./lib/prisma.ts [Client Component Browser]
    ./lib/cleanup.ts [Client Component Browser]
    ./app/(manager)/settings/page.tsx [Client Component Browser]
    ./app/(manager)/settings/page.tsx [Server Component] @ http://localhost:3000/_next/static/chunks/node_modules_next_dist_0u_w_5s._.js:1945
[ 2000030ms] [ERROR] ./node_modules/@prisma/client/runtime/client.mjs
Code generation for chunk item errored
An error occurred while generating the chunk item [project]/node_modules/@prisma/client/runtime/client.mjs [app-client] (ecmascript) <locals>

Caused by:
- the chunking context (unknown) does not support external modules (request: node:module)

Debug info:
- An error occurred while generating the chunk item [project]/node_modules/@prisma/client/runtime/client.mjs [app-client] (ecmascript) <locals>
- Execution of <EcmascriptModuleLocalsModule as EcmascriptChunkPlaceable>::chunk_item_content failed
- Execution of *EcmascriptChunkItemContent::new failed
- Execution of EcmascriptModuleContent::new failed
- the chunking context (unknown) does not support external modules (request: node:module)

Import trace:
  Client Component Browser:
    ./node_modules/@prisma/client/runtime/client.mjs [Client Component Browser]
    ./app/generated/prisma/internal/prismaNamespace.ts [Client Component Browser]
    ./app/generated/prisma/client.ts [Client Component Browser]
    ./lib/prisma.ts [Client Component Browser]
    ./lib/cleanup.ts [Client Component Browser]
    ./app/(manager)/settings/page.tsx [Client Component Browser]
    ./app/(manager)/settings/page.tsx [Server Component] @ http://localhost:3000/_next/static/chunks/node_modules_next_dist_0u_w_5s._.js:1945
[ 2000085ms] [ERROR] ./node_modules/@prisma/client/runtime/client.mjs
Code generation for chunk item errored
An error occurred while generating the chunk item [project]/node_modules/@prisma/client/runtime/client.mjs [app-client] (ecmascript) <locals>

Caused by:
- the chunking context (unknown) does not support external modules (request: node:module)

Debug info:
- An error occurred while generating the chunk item [project]/node_modules/@prisma/client/runtime/client.mjs [app-client] (ecmascript) <locals>
- Execution of <EcmascriptModuleLocalsModule as EcmascriptChunkPlaceable>::chunk_item_content failed
- Execution of *EcmascriptChunkItemContent::new failed
- Execution of EcmascriptModuleContent::new failed
- the chunking context (unknown) does not support external modules (request: node:module)

Import trace:
  Client Component Browser:
    ./node_modules/@prisma/client/runtime/client.mjs [Client Component Browser]
    ./app/generated/prisma/internal/prismaNamespace.ts [Client Component Browser]
    ./app/generated/prisma/client.ts [Client Component Browser]
    ./lib/prisma.ts [Client Component Browser]
    ./lib/cleanup.ts [Client Component Browser]
    ./app/(manager)/settings/page.tsx [Client Component Browser]
    ./app/(manager)/settings/page.tsx [Server Component] @ http://localhost:3000/_next/static/chunks/node_modules_next_dist_0u_w_5s._.js:1945
[ 2000139ms] [ERROR] ./node_modules/@prisma/client/runtime/client.mjs
Code generation for chunk item errored
An error occurred while generating the chunk item [project]/node_modules/@prisma/client/runtime/client.mjs [app-client] (ecmascript) <locals>

Caused by:
- the chunking context (unknown) does not support external modules (request: node:module)

Debug info:
- An error occurred while generating the chunk item [project]/node_modules/@prisma/client/runtime/client.mjs [app-client] (ecmascript) <locals>
- Execution of <EcmascriptModuleLocalsModule as EcmascriptChunkPlaceable>::chunk_item_content failed
- Execution of *EcmascriptChunkItemContent::new failed
- Execution of EcmascriptModuleContent::new failed
- the chunking context (unknown) does not support external modules (request: node:module)

Import trace:
  Client Component Browser:
    ./node_modules/@prisma/client/runtime/client.mjs [Client Component Browser]
    ./app/generated/prisma/internal/prismaNamespace.ts [Client Component Browser]
    ./app/generated/prisma/client.ts [Client Component Browser]
    ./lib/prisma.ts [Client Component Browser]
    ./lib/cleanup.ts [Client Component Browser]
    ./app/(manager)/settings/page.tsx [Client Component Browser]
    ./app/(manager)/settings/page.tsx [Server Component] @ http://localhost:3000/_next/static/chunks/node_modules_next_dist_0u_w_5s._.js:1945
[ 2000196ms] [ERROR] ./node_modules/@prisma/client/runtime/client.mjs
Code generation for chunk item errored
An error occurred while generating the chunk item [project]/node_modules/@prisma/client/runtime/client.mjs [app-client] (ecmascript) <locals>

Caused by:
- the chunking context (unknown) does not support external modules (request: node:module)

Debug info:
- An error occurred while generating the chunk item [project]/node_modules/@prisma/client/runtime/client.mjs [app-client] (ecmascript) <locals>
- Execution of <EcmascriptModuleLocalsModule as EcmascriptChunkPlaceable>::chunk_item_content failed
- Execution of *EcmascriptChunkItemContent::new failed
- Execution of EcmascriptModuleContent::new failed
- the chunking context (unknown) does not support external modules (request: node:module)

Import trace:
  Client Component Browser:
    ./node_modules/@prisma/client/runtime/client.mjs [Client Component Browser]
    ./app/generated/prisma/internal/prismaNamespace.ts [Client Component Browser]
    ./app/generated/prisma/client.ts [Client Component Browser]
    ./lib/prisma.ts [Client Component Browser]
    ./lib/cleanup.ts [Client Component Browser]
    ./app/(manager)/settings/page.tsx [Client Component Browser]
    ./app/(manager)/settings/page.tsx [Server Component] @ http://localhost:3000/_next/static/chunks/node_modules_next_dist_0u_w_5s._.js:1945
[ 2000256ms] [ERROR] ./node_modules/@prisma/client/runtime/client.mjs
Code generation for chunk item errored
An error occurred while generating the chunk item [project]/node_modules/@prisma/client/runtime/client.mjs [app-client] (ecmascript) <locals>

Caused by:
- the chunking context (unknown) does not support external modules (request: node:module)

Debug info:
- An error occurred while generating the chunk item [project]/node_modules/@prisma/client/runtime/client.mjs [app-client] (ecmascript) <locals>
- Execution of <EcmascriptModuleLocalsModule as EcmascriptChunkPlaceable>::chunk_item_content failed
- Execution of *EcmascriptChunkItemContent::new failed
- Execution of EcmascriptModuleContent::new failed
- the chunking context (unknown) does not support external modules (request: node:module)

Import trace:
  Client Component Browser:
    ./node_modules/@prisma/client/runtime/client.mjs [Client Component Browser]
    ./app/generated/prisma/internal/prismaNamespace.ts [Client Component Browser]
    ./app/generated/prisma/client.ts [Client Component Browser]
    ./lib/prisma.ts [Client Component Browser]
    ./lib/cleanup.ts [Client Component Browser]
    ./app/(manager)/settings/page.tsx [Client Component Browser]
    ./app/(manager)/settings/page.tsx [Server Component] @ http://localhost:3000/_next/static/chunks/node_modules_next_dist_0u_w_5s._.js:1945
[ 2000311ms] [ERROR] ./node_modules/@prisma/client/runtime/client.mjs
Code generation for chunk item errored
An error occurred while generating the chunk item [project]/node_modules/@prisma/client/runtime/client.mjs [app-client] (ecmascript) <locals>

Caused by:
- the chunking context (unknown) does not support external modules (request: node:module)

Debug info:
- An error occurred while generating the chunk item [project]/node_modules/@prisma/client/runtime/client.mjs [app-client] (ecmascript) <locals>
- Execution of <EcmascriptModuleLocalsModule as EcmascriptChunkPlaceable>::chunk_item_content failed
- Execution of *EcmascriptChunkItemContent::new failed
- Execution of EcmascriptModuleContent::new failed
- the chunking context (unknown) does not support external modules (request: node:module)

Import trace:
  Client Component Browser:
    ./node_modules/@prisma/client/runtime/client.mjs [Client Component Browser]
    ./app/generated/prisma/internal/prismaNamespace.ts [Client Component Browser]
    ./app/generated/prisma/client.ts [Client Component Browser]
    ./lib/prisma.ts [Client Component Browser]
    ./lib/cleanup.ts [Client Component Browser]
    ./app/(manager)/settings/page.tsx [Client Component Browser]
    ./app/(manager)/settings/page.tsx [Server Component] @ http://localhost:3000/_next/static/chunks/node_modules_next_dist_0u_w_5s._.js:1945
[ 2000357ms] [ERROR] ./node_modules/@prisma/client/runtime/client.mjs
Code generation for chunk item errored
An error occurred while generating the chunk item [project]/node_modules/@prisma/client/runtime/client.mjs [app-client] (ecmascript) <locals>

Caused by:
- the chunking context (unknown) does not support external modules (request: node:module)

Debug info:
- An error occurred while generating the chunk item [project]/node_modules/@prisma/client/runtime/client.mjs [app-client] (ecmascript) <locals>
- Execution of <EcmascriptModuleLocalsModule as EcmascriptChunkPlaceable>::chunk_item_content failed
- Execution of *EcmascriptChunkItemContent::new failed
- Execution of EcmascriptModuleContent::new failed
- the chunking context (unknown) does not support external modules (request: node:module)

Import trace:
  Client Component Browser:
    ./node_modules/@prisma/client/runtime/client.mjs [Client Component Browser]
    ./app/generated/prisma/internal/prismaNamespace.ts [Client Component Browser]
    ./app/generated/prisma/client.ts [Client Component Browser]
    ./lib/prisma.ts [Client Component Browser]
    ./lib/cleanup.ts [Client Component Browser]
    ./app/(manager)/settings/page.tsx [Client Component Browser]
    ./app/(manager)/settings/page.tsx [Server Component] @ http://localhost:3000/_next/static/chunks/node_modules_next_dist_0u_w_5s._.js:1945
[ 2000410ms] [ERROR] ./node_modules/@prisma/client/runtime/client.mjs
Code generation for chunk item errored
An error occurred while generating the chunk item [project]/node_modules/@prisma/client/runtime/client.mjs [app-client] (ecmascript) <locals>

Caused by:
- the chunking context (unknown) does not support external modules (request: node:module)

Debug info:
- An error occurred while generating the chunk item [project]/node_modules/@prisma/client/runtime/client.mjs [app-client] (ecmascript) <locals>
- Execution of <EcmascriptModuleLocalsModule as EcmascriptChunkPlaceable>::chunk_item_content failed
- Execution of *EcmascriptChunkItemContent::new failed
- Execution of EcmascriptModuleContent::new failed
- the chunking context (unknown) does not support external modules (request: node:module)

Import trace:
  Client Component Browser:
    ./node_modules/@prisma/client/runtime/client.mjs [Client Component Browser]
    ./app/generated/prisma/internal/prismaNamespace.ts [Client Component Browser]
    ./app/generated/prisma/client.ts [Client Component Browser]
    ./lib/prisma.ts [Client Component Browser]
    ./lib/cleanup.ts [Client Component Browser]
    ./app/(manager)/settings/page.tsx [Client Component Browser]
    ./app/(manager)/settings/page.tsx [Server Component] @ http://localhost:3000/_next/static/chunks/node_modules_next_dist_0u_w_5s._.js:1945
[ 2000464ms] [ERROR] ./node_modules/@prisma/client/runtime/client.mjs
Code generation for chunk item errored
An error occurred while generating the chunk item [project]/node_modules/@prisma/client/runtime/client.mjs [app-client] (ecmascript) <locals>

Caused by:
- the chunking context (unknown) does not support external modules (request: node:module)

Debug info:
- An error occurred while generating the chunk item [project]/node_modules/@prisma/client/runtime/client.mjs [app-client] (ecmascript) <locals>
- Execution of <EcmascriptModuleLocalsModule as EcmascriptChunkPlaceable>::chunk_item_content failed
- Execution of *EcmascriptChunkItemContent::new failed
- Execution of EcmascriptModuleContent::new failed
- the chunking context (unknown) does not support external modules (request: node:module)

Import trace:
  Client Component Browser:
    ./node_modules/@prisma/client/runtime/client.mjs [Client Component Browser]
    ./app/generated/prisma/internal/prismaNamespace.ts [Client Component Browser]
    ./app/generated/prisma/client.ts [Client Component Browser]
    ./lib/prisma.ts [Client Component Browser]
    ./lib/cleanup.ts [Client Component Browser]
    ./app/(manager)/settings/page.tsx [Client Component Browser]
    ./app/(manager)/settings/page.tsx [Server Component] @ http://localhost:3000/_next/static/chunks/node_modules_next_dist_0u_w_5s._.js:1945
[ 2000519ms] [ERROR] ./node_modules/@prisma/client/runtime/client.mjs
Code generation for chunk item errored
An error occurred while generating the chunk item [project]/node_modules/@prisma/client/runtime/client.mjs [app-client] (ecmascript) <locals>

Caused by:
- the chunking context (unknown) does not support external modules (request: node:module)

Debug info:
- An error occurred while generating the chunk item [project]/node_modules/@prisma/client/runtime/client.mjs [app-client] (ecmascript) <locals>
- Execution of <EcmascriptModuleLocalsModule as EcmascriptChunkPlaceable>::chunk_item_content failed
- Execution of *EcmascriptChunkItemContent::new failed
- Execution of EcmascriptModuleContent::new failed
- the chunking context (unknown) does not support external modules (request: node:module)

Import trace:
  Client Component Browser:
    ./node_modules/@prisma/client/runtime/client.mjs [Client Component Browser]
    ./app/generated/prisma/internal/prismaNamespace.ts [Client Component Browser]
    ./app/generated/prisma/client.ts [Client Component Browser]
    ./lib/prisma.ts [Client Component Browser]
    ./lib/cleanup.ts [Client Component Browser]
    ./app/(manager)/settings/page.tsx [Client Component Browser]
    ./app/(manager)/settings/page.tsx [Server Component] @ http://localhost:3000/_next/static/chunks/node_modules_next_dist_0u_w_5s._.js:1945
[ 2000575ms] [ERROR] ./node_modules/@prisma/client/runtime/client.mjs
Code generation for chunk item errored
An error occurred while generating the chunk item [project]/node_modules/@prisma/client/runtime/client.mjs [app-client] (ecmascript) <locals>

Caused by:
- the chunking context (unknown) does not support external modules (request: node:module)

Debug info:
- An error occurred while generating the chunk item [project]/node_modules/@prisma/client/runtime/client.mjs [app-client] (ecmascript) <locals>
- Execution of <EcmascriptModuleLocalsModule as EcmascriptChunkPlaceable>::chunk_item_content failed
- Execution of *EcmascriptChunkItemContent::new failed
- Execution of EcmascriptModuleContent::new failed
- the chunking context (unknown) does not support external modules (request: node:module)

Import trace:
  Client Component Browser:
    ./node_modules/@prisma/client/runtime/client.mjs [Client Component Browser]
    ./app/generated/prisma/internal/prismaNamespace.ts [Client Component Browser]
    ./app/generated/prisma/client.ts [Client Component Browser]
    ./lib/prisma.ts [Client Component Browser]
    ./lib/cleanup.ts [Client Component Browser]
    ./app/(manager)/settings/page.tsx [Client Component Browser]
    ./app/(manager)/settings/page.tsx [Server Component] @ http://localhost:3000/_next/static/chunks/node_modules_next_dist_0u_w_5s._.js:1945
[ 2000631ms] [ERROR] ./node_modules/@prisma/client/runtime/client.mjs
Code generation for chunk item errored
An error occurred while generating the chunk item [project]/node_modules/@prisma/client/runtime/client.mjs [app-client] (ecmascript) <locals>

Caused by:
- the chunking context (unknown) does not support external modules (request: node:module)

Debug info:
- An error occurred while generating the chunk item [project]/node_modules/@prisma/client/runtime/client.mjs [app-client] (ecmascript) <locals>
- Execution of <EcmascriptModuleLocalsModule as EcmascriptChunkPlaceable>::chunk_item_content failed
- Execution of *EcmascriptChunkItemContent::new failed
- Execution of EcmascriptModuleContent::new failed
- the chunking context (unknown) does not support external modules (request: node:module)

Import trace:
  Client Component Browser:
    ./node_modules/@prisma/client/runtime/client.mjs [Client Component Browser]
    ./app/generated/prisma/internal/prismaNamespace.ts [Client Component Browser]
    ./app/generated/prisma/client.ts [Client Component Browser]
    ./lib/prisma.ts [Client Component Browser]
    ./lib/cleanup.ts [Client Component Browser]
    ./app/(manager)/settings/page.tsx [Client Component Browser]
    ./app/(manager)/settings/page.tsx [Server Component] @ http://localhost:3000/_next/static/chunks/node_modules_next_dist_0u_w_5s._.js:1945
[ 2000685ms] [ERROR] ./node_modules/@prisma/client/runtime/client.mjs
Code generation for chunk item errored
An error occurred while generating the chunk item [project]/node_modules/@prisma/client/runtime/client.mjs [app-client] (ecmascript) <locals>

Caused by:
- the chunking context (unknown) does not support external modules (request: node:module)

Debug info:
- An error occurred while generating the chunk item [project]/node_modules/@prisma/client/runtime/client.mjs [app-client] (ecmascript) <locals>
- Execution of <EcmascriptModuleLocalsModule as EcmascriptChunkPlaceable>::chunk_item_content failed
- Execution of *EcmascriptChunkItemContent::new failed
- Execution of EcmascriptModuleContent::new failed
- the chunking context (unknown) does not support external modules (request: node:module)

Import trace:
  Client Component Browser:
    ./node_modules/@prisma/client/runtime/client.mjs [Client Component Browser]
    ./app/generated/prisma/internal/prismaNamespace.ts [Client Component Browser]
    ./app/generated/prisma/client.ts [Client Component Browser]
    ./lib/prisma.ts [Client Component Browser]
    ./lib/cleanup.ts [Client Component Browser]
    ./app/(manager)/settings/page.tsx [Client Component Browser]
    ./app/(manager)/settings/page.tsx [Server Component] @ http://localhost:3000/_next/static/chunks/node_modules_next_dist_0u_w_5s._.js:1945
[ 2000740ms] [ERROR] ./node_modules/@prisma/client/runtime/client.mjs
Code generation for chunk item errored
An error occurred while generating the chunk item [project]/node_modules/@prisma/client/runtime/client.mjs [app-client] (ecmascript) <locals>

Caused by:
- the chunking context (unknown) does not support external modules (request: node:module)

Debug info:
- An error occurred while generating the chunk item [project]/node_modules/@prisma/client/runtime/client.mjs [app-client] (ecmascript) <locals>
- Execution of <EcmascriptModuleLocalsModule as EcmascriptChunkPlaceable>::chunk_item_content failed
- Execution of *EcmascriptChunkItemContent::new failed
- Execution of EcmascriptModuleContent::new failed
- the chunking context (unknown) does not support external modules (request: node:module)

Import trace:
  Client Component Browser:
    ./node_modules/@prisma/client/runtime/client.mjs [Client Component Browser]
    ./app/generated/prisma/internal/prismaNamespace.ts [Client Component Browser]
    ./app/generated/prisma/client.ts [Client Component Browser]
    ./lib/prisma.ts [Client Component Browser]
    ./lib/cleanup.ts [Client Component Browser]
    ./app/(manager)/settings/page.tsx [Client Component Browser]
    ./app/(manager)/settings/page.tsx [Server Component] @ http://localhost:3000/_next/static/chunks/node_modules_next_dist_0u_w_5s._.js:1945
[ 2000794ms] [ERROR] ./node_modules/@prisma/client/runtime/client.mjs
Code generation for chunk item errored
An error occurred while generating the chunk item [project]/node_modules/@prisma/client/runtime/client.mjs [app-client] (ecmascript) <locals>

Caused by:
- the chunking context (unknown) does not support external modules (request: node:module)

Debug info:
- An error occurred while generating the chunk item [project]/node_modules/@prisma/client/runtime/client.mjs [app-client] (ecmascript) <locals>
- Execution of <EcmascriptModuleLocalsModule as EcmascriptChunkPlaceable>::chunk_item_content failed
- Execution of *EcmascriptChunkItemContent::new failed
- Execution of EcmascriptModuleContent::new failed
- the chunking context (unknown) does not support external modules (request: node:module)

Import trace:
  Client Component Browser:
    ./node_modules/@prisma/client/runtime/client.mjs [Client Component Browser]
    ./app/generated/prisma/internal/prismaNamespace.ts [Client Component Browser]
    ./app/generated/prisma/client.ts [Client Component Browser]
    ./lib/prisma.ts [Client Component Browser]
    ./lib/cleanup.ts [Client Component Browser]
    ./app/(manager)/settings/page.tsx [Client Component Browser]
    ./app/(manager)/settings/page.tsx [Server Component] @ http://localhost:3000/_next/static/chunks/node_modules_next_dist_0u_w_5s._.js:1945
[ 2000850ms] [ERROR] ./node_modules/@prisma/client/runtime/client.mjs
Code generation for chunk item errored
An error occurred while generating the chunk item [project]/node_modules/@prisma/client/runtime/client.mjs [app-client] (ecmascript) <locals>

Caused by:
- the chunking context (unknown) does not support external modules (request: node:module)

Debug info:
- An error occurred while generating the chunk item [project]/node_modules/@prisma/client/runtime/client.mjs [app-client] (ecmascript) <locals>
- Execution of <EcmascriptModuleLocalsModule as EcmascriptChunkPlaceable>::chunk_item_content failed
- Execution of *EcmascriptChunkItemContent::new failed
- Execution of EcmascriptModuleContent::new failed
- the chunking context (unknown) does not support external modules (request: node:module)

Import trace:
  Client Component Browser:
    ./node_modules/@prisma/client/runtime/client.mjs [Client Component Browser]
    ./app/generated/prisma/internal/prismaNamespace.ts [Client Component Browser]
    ./app/generated/prisma/client.ts [Client Component Browser]
    ./lib/prisma.ts [Client Component Browser]
    ./lib/cleanup.ts [Client Component Browser]
    ./app/(manager)/settings/page.tsx [Client Component Browser]
    ./app/(manager)/settings/page.tsx [Server Component] @ http://localhost:3000/_next/static/chunks/node_modules_next_dist_0u_w_5s._.js:1945
[ 2000911ms] [ERROR] ./node_modules/@prisma/client/runtime/client.mjs
Code generation for chunk item errored
An error occurred while generating the chunk item [project]/node_modules/@prisma/client/runtime/client.mjs [app-client] (ecmascript) <locals>

Caused by:
- the chunking context (unknown) does not support external modules (request: node:module)

Debug info:
- An error occurred while generating the chunk item [project]/node_modules/@prisma/client/runtime/client.mjs [app-client] (ecmascript) <locals>
- Execution of <EcmascriptModuleLocalsModule as EcmascriptChunkPlaceable>::chunk_item_content failed
- Execution of *EcmascriptChunkItemContent::new failed
- Execution of EcmascriptModuleContent::new failed
- the chunking context (unknown) does not support external modules (request: node:module)

Import trace:
  Client Component Browser:
    ./node_modules/@prisma/client/runtime/client.mjs [Client Component Browser]
    ./app/generated/prisma/internal/prismaNamespace.ts [Client Component Browser]
    ./app/generated/prisma/client.ts [Client Component Browser]
    ./lib/prisma.ts [Client Component Browser]
    ./lib/cleanup.ts [Client Component Browser]
    ./app/(manager)/settings/page.tsx [Client Component Browser]
    ./app/(manager)/settings/page.tsx [Server Component] @ http://localhost:3000/_next/static/chunks/node_modules_next_dist_0u_w_5s._.js:1945
[ 2000963ms] [ERROR] ./node_modules/@prisma/client/runtime/client.mjs
Code generation for chunk item errored
An error occurred while generating the chunk item [project]/node_modules/@prisma/client/runtime/client.mjs [app-client] (ecmascript) <locals>

Caused by:
- the chunking context (unknown) does not support external modules (request: node:module)

Debug info:
- An error occurred while generating the chunk item [project]/node_modules/@prisma/client/runtime/client.mjs [app-client] (ecmascript) <locals>
- Execution of <EcmascriptModuleLocalsModule as EcmascriptChunkPlaceable>::chunk_item_content failed
- Execution of *EcmascriptChunkItemContent::new failed
- Execution of EcmascriptModuleContent::new failed
- the chunking context (unknown) does not support external modules (request: node:module)

Import trace:
  Client Component Browser:
    ./node_modules/@prisma/client/runtime/client.mjs [Client Component Browser]
    ./app/generated/prisma/internal/prismaNamespace.ts [Client Component Browser]
    ./app/generated/prisma/client.ts [Client Component Browser]
    ./lib/prisma.ts [Client Component Browser]
    ./lib/cleanup.ts [Client Component Browser]
    ./app/(manager)/settings/page.tsx [Client Component Browser]
    ./app/(manager)/settings/page.tsx [Server Component] @ http://localhost:3000/_next/static/chunks/node_modules_next_dist_0u_w_5s._.js:1945
[ 2001010ms] [ERROR] ./node_modules/@prisma/client/runtime/client.mjs
Code generation for chunk item errored
An error occurred while generating the chunk item [project]/node_modules/@prisma/client/runtime/client.mjs [app-client] (ecmascript) <locals>

Caused by:
- the chunking context (unknown) does not support external modules (request: node:module)

Debug info:
- An error occurred while generating the chunk item [project]/node_modules/@prisma/client/runtime/client.mjs [app-client] (ecmascript) <locals>
- Execution of <EcmascriptModuleLocalsModule as EcmascriptChunkPlaceable>::chunk_item_content failed
- Execution of *EcmascriptChunkItemContent::new failed
- Execution of EcmascriptModuleContent::new failed
- the chunking context (unknown) does not support external modules (request: node:module)

Import trace:
  Client Component Browser:
    ./node_modules/@prisma/client/runtime/client.mjs [Client Component Browser]
    ./app/generated/prisma/internal/prismaNamespace.ts [Client Component Browser]
    ./app/generated/prisma/client.ts [Client Component Browser]
    ./lib/prisma.ts [Client Component Browser]
    ./lib/cleanup.ts [Client Component Browser]
    ./app/(manager)/settings/page.tsx [Client Component Browser]
    ./app/(manager)/settings/page.tsx [Server Component] @ http://localhost:3000/_next/static/chunks/node_modules_next_dist_0u_w_5s._.js:1945
[ 2001065ms] [ERROR] ./node_modules/@prisma/client/runtime/client.mjs
Code generation for chunk item errored
An error occurred while generating the chunk item [project]/node_modules/@prisma/client/runtime/client.mjs [app-client] (ecmascript) <locals>

Caused by:
- the chunking context (unknown) does not support external modules (request: node:module)

Debug info:
- An error occurred while generating the chunk item [project]/node_modules/@prisma/client/runtime/client.mjs [app-client] (ecmascript) <locals>
- Execution of <EcmascriptModuleLocalsModule as EcmascriptChunkPlaceable>::chunk_item_content failed
- Execution of *EcmascriptChunkItemContent::new failed
- Execution of EcmascriptModuleContent::new failed
- the chunking context (unknown) does not support external modules (request: node:module)

Import trace:
  Client Component Browser:
    ./node_modules/@prisma/client/runtime/client.mjs [Client Component Browser]
    ./app/generated/prisma/internal/prismaNamespace.ts [Client Component Browser]
    ./app/generated/prisma/client.ts [Client Component Browser]
    ./lib/prisma.ts [Client Component Browser]
    ./lib/cleanup.ts [Client Component Browser]
    ./app/(manager)/settings/page.tsx [Client Component Browser]
    ./app/(manager)/settings/page.tsx [Server Component] @ http://localhost:3000/_next/static/chunks/node_modules_next_dist_0u_w_5s._.js:1945
[ 2001118ms] [ERROR] ./node_modules/@prisma/client/runtime/client.mjs
Code generation for chunk item errored
An error occurred while generating the chunk item [project]/node_modules/@prisma/client/runtime/client.mjs [app-client] (ecmascript) <locals>

Caused by:
- the chunking context (unknown) does not support external modules (request: node:module)

Debug info:
- An error occurred while generating the chunk item [project]/node_modules/@prisma/client/runtime/client.mjs [app-client] (ecmascript) <locals>
- Execution of <EcmascriptModuleLocalsModule as EcmascriptChunkPlaceable>::chunk_item_content failed
- Execution of *EcmascriptChunkItemContent::new failed
- Execution of EcmascriptModuleContent::new failed
- the chunking context (unknown) does not support external modules (request: node:module)

Import trace:
  Client Component Browser:
    ./node_modules/@prisma/client/runtime/client.mjs [Client Component Browser]
    ./app/generated/prisma/internal/prismaNamespace.ts [Client Component Browser]
    ./app/generated/prisma/client.ts [Client Component Browser]
    ./lib/prisma.ts [Client Component Browser]
    ./lib/cleanup.ts [Client Component Browser]
    ./app/(manager)/settings/page.tsx [Client Component Browser]
    ./app/(manager)/settings/page.tsx [Server Component] @ http://localhost:3000/_next/static/chunks/node_modules_next_dist_0u_w_5s._.js:1945
[ 2001169ms] [ERROR] ./node_modules/@prisma/client/runtime/client.mjs
Code generation for chunk item errored
An error occurred while generating the chunk item [project]/node_modules/@prisma/client/runtime/client.mjs [app-client] (ecmascript) <locals>

Caused by:
- the chunking context (unknown) does not support external modules (request: node:module)

Debug info:
- An error occurred while generating the chunk item [project]/node_modules/@prisma/client/runtime/client.mjs [app-client] (ecmascript) <locals>
- Execution of <EcmascriptModuleLocalsModule as EcmascriptChunkPlaceable>::chunk_item_content failed
- Execution of *EcmascriptChunkItemContent::new failed
- Execution of EcmascriptModuleContent::new failed
- the chunking context (unknown) does not support external modules (request: node:module)

Import trace:
  Client Component Browser:
    ./node_modules/@prisma/client/runtime/client.mjs [Client Component Browser]
    ./app/generated/prisma/internal/prismaNamespace.ts [Client Component Browser]
    ./app/generated/prisma/client.ts [Client Component Browser]
    ./lib/prisma.ts [Client Component Browser]
    ./lib/cleanup.ts [Client Component Browser]
    ./app/(manager)/settings/page.tsx [Client Component Browser]
    ./app/(manager)/settings/page.tsx [Server Component] @ http://localhost:3000/_next/static/chunks/node_modules_next_dist_0u_w_5s._.js:1945
[ 2001221ms] [ERROR] ./node_modules/@prisma/client/runtime/client.mjs
Code generation for chunk item errored
An error occurred while generating the chunk item [project]/node_modules/@prisma/client/runtime/client.mjs [app-client] (ecmascript) <locals>

Caused by:
- the chunking context (unknown) does not support external modules (request: node:module)

Debug info:
- An error occurred while generating the chunk item [project]/node_modules/@prisma/client/runtime/client.mjs [app-client] (ecmascript) <locals>
- Execution of <EcmascriptModuleLocalsModule as EcmascriptChunkPlaceable>::chunk_item_content failed
- Execution of *EcmascriptChunkItemContent::new failed
- Execution of EcmascriptModuleContent::new failed
- the chunking context (unknown) does not support external modules (request: node:module)

Import trace:
  Client Component Browser:
    ./node_modules/@prisma/client/runtime/client.mjs [Client Component Browser]
    ./app/generated/prisma/internal/prismaNamespace.ts [Client Component Browser]
    ./app/generated/prisma/client.ts [Client Component Browser]
    ./lib/prisma.ts [Client Component Browser]
    ./lib/cleanup.ts [Client Component Browser]
    ./app/(manager)/settings/page.tsx [Client Component Browser]
    ./app/(manager)/settings/page.tsx [Server Component] @ http://localhost:3000/_next/static/chunks/node_modules_next_dist_0u_w_5s._.js:1945
[ 2001274ms] [ERROR] ./node_modules/@prisma/client/runtime/client.mjs
Code generation for chunk item errored
An error occurred while generating the chunk item [project]/node_modules/@prisma/client/runtime/client.mjs [app-client] (ecmascript) <locals>

Caused by:
- the chunking context (unknown) does not support external modules (request: node:module)

Debug info:
- An error occurred while generating the chunk item [project]/node_modules/@prisma/client/runtime/client.mjs [app-client] (ecmascript) <locals>
- Execution of <EcmascriptModuleLocalsModule as EcmascriptChunkPlaceable>::chunk_item_content failed
- Execution of *EcmascriptChunkItemContent::new failed
- Execution of EcmascriptModuleContent::new failed
- the chunking context (unknown) does not support external modules (request: node:module)

Import trace:
  Client Component Browser:
    ./node_modules/@prisma/client/runtime/client.mjs [Client Component Browser]
    ./app/generated/prisma/internal/prismaNamespace.ts [Client Component Browser]
    ./app/generated/prisma/client.ts [Client Component Browser]
    ./lib/prisma.ts [Client Component Browser]
    ./lib/cleanup.ts [Client Component Browser]
    ./app/(manager)/settings/page.tsx [Client Component Browser]
    ./app/(manager)/settings/page.tsx [Server Component] @ http://localhost:3000/_next/static/chunks/node_modules_next_dist_0u_w_5s._.js:1945
[ 2001389ms] [LOG] [Fast Refresh] rebuilding @ http://localhost:3000/_next/static/chunks/node_modules_next_dist_0u_w_5s._.js:1226
[ 2001438ms] [ERROR] ./node_modules/@prisma/client/runtime/client.mjs
Code generation for chunk item errored
An error occurred while generating the chunk item [project]/node_modules/@prisma/client/runtime/client.mjs [app-client] (ecmascript) <locals>

Caused by:
- the chunking context (unknown) does not support external modules (request: node:module)

Debug info:
- An error occurred while generating the chunk item [project]/node_modules/@prisma/client/runtime/client.mjs [app-client] (ecmascript) <locals>
- Execution of <EcmascriptModuleLocalsModule as EcmascriptChunkPlaceable>::chunk_item_content failed
- Execution of *EcmascriptChunkItemContent::new failed
- Execution of EcmascriptModuleContent::new failed
- the chunking context (unknown) does not support external modules (request: node:module)

Import trace:
  Client Component Browser:
    ./node_modules/@prisma/client/runtime/client.mjs [Client Component Browser]
    ./app/generated/prisma/internal/prismaNamespace.ts [Client Component Browser]
    ./app/generated/prisma/client.ts [Client Component Browser]
    ./lib/prisma.ts [Client Component Browser]
    ./lib/cleanup.ts [Client Component Browser]
    ./app/(manager)/settings/page.tsx [Client Component Browser]
    ./app/(manager)/settings/page.tsx [Server Component] @ http://localhost:3000/_next/static/chunks/node_modules_next_dist_0u_w_5s._.js:1945
[ 2001493ms] [ERROR] ./node_modules/@prisma/client/runtime/client.mjs
Code generation for chunk item errored
An error occurred while generating the chunk item [project]/node_modules/@prisma/client/runtime/client.mjs [app-client] (ecmascript) <locals>

Caused by:
- the chunking context (unknown) does not support external modules (request: node:module)

Debug info:
- An error occurred while generating the chunk item [project]/node_modules/@prisma/client/runtime/client.mjs [app-client] (ecmascript) <locals>
- Execution of <EcmascriptModuleLocalsModule as EcmascriptChunkPlaceable>::chunk_item_content failed
- Execution of *EcmascriptChunkItemContent::new failed
- Execution of EcmascriptModuleContent::new failed
- the chunking context (unknown) does not support external modules (request: node:module)

Import trace:
  Client Component Browser:
    ./node_modules/@prisma/client/runtime/client.mjs [Client Component Browser]
    ./app/generated/prisma/internal/prismaNamespace.ts [Client Component Browser]
    ./app/generated/prisma/client.ts [Client Component Browser]
    ./lib/prisma.ts [Client Component Browser]
    ./lib/cleanup.ts [Client Component Browser]
    ./app/(manager)/settings/page.tsx [Client Component Browser]
    ./app/(manager)/settings/page.tsx [Server Component] @ http://localhost:3000/_next/static/chunks/node_modules_next_dist_0u_w_5s._.js:1945
[ 2001595ms] [LOG] [Fast Refresh] rebuilding @ http://localhost:3000/_next/static/chunks/node_modules_next_dist_0u_w_5s._.js:1226
[ 2001638ms] [LOG] [Fast Refresh] done in 144ms @ http://localhost:3000/_next/static/chunks/node_modules_next_dist_0u_w_5s._.js:1226
[ 2001756ms] [LOG] [Fast Refresh] rebuilding @ http://localhost:3000/_next/static/chunks/node_modules_next_dist_0u_w_5s._.js:1226
[ 2001774ms] [LOG] [Fast Refresh] done in 118ms @ http://localhost:3000/_next/static/chunks/node_modules_next_dist_0u_w_5s._.js:1226
[ 2001876ms] [LOG] [Fast Refresh] rebuilding @ http://localhost:3000/_next/static/chunks/node_modules_next_dist_0u_w_5s._.js:1226
[ 2001880ms] [LOG] [Fast Refresh] done in 105ms @ http://localhost:3000/_next/static/chunks/node_modules_next_dist_0u_w_5s._.js:1226
[ 2001980ms] [LOG] [Fast Refresh] rebuilding @ http://localhost:3000/_next/static/chunks/node_modules_next_dist_0u_w_5s._.js:1226
[ 2001997ms] [LOG] [Fast Refresh] done in 117ms @ http://localhost:3000/_next/static/chunks/node_modules_next_dist_0u_w_5s._.js:1226
[ 2002450ms] [INFO] %cDownload the React DevTools for a better development experience: https://react.dev/link/react-devtools font-weight:bold @ http://localhost:3000/_next/static/chunks/node_modules_next_dist_115brz8._.js:2477
[ 2002543ms] [LOG] [HMR] connected @ http://localhost:3000/_next/static/chunks/node_modules_next_dist_115brz8._.js:2477
[ 2002755ms] [LOG] [Fast Refresh] rebuilding @ http://localhost:3000/_next/static/chunks/node_modules_next_dist_115brz8._.js:2477
[ 2002790ms] [LOG] [Fast Refresh] done in 136ms @ http://localhost:3000/_next/static/chunks/node_modules_next_dist_115brz8._.js:2477
[ 2004287ms] [LOG] [Fast Refresh] rebuilding @ http://localhost:3000/_next/static/chunks/node_modules_next_dist_115brz8._.js:2477
[ 2004329ms] [LOG] [Fast Refresh] done in 143ms @ http://localhost:3000/_next/static/chunks/node_modules_next_dist_115brz8._.js:2477
[ 2011375ms] [LOG] [Fast Refresh] rebuilding @ http://localhost:3000/_next/static/chunks/node_modules_next_dist_115brz8._.js:2477
[ 2011387ms] [LOG] [Fast Refresh] done in 114ms @ http://localhost:3000/_next/static/chunks/node_modules_next_dist_115brz8._.js:2477
[ 2027038ms] [LOG] [Fast Refresh] rebuilding @ http://localhost:3000/_next/static/chunks/node_modules_next_dist_115brz8._.js:2477
[ 2027629ms] [LOG] [Fast Refresh] done in 692ms @ http://localhost:3000/_next/static/chunks/node_modules_next_dist_115brz8._.js:2477
[ 2116675ms] [LOG] [Fast Refresh] rebuilding @ http://localhost:3000/_next/static/chunks/node_modules_next_dist_115brz8._.js:2477
[ 2116739ms] [LOG] [Fast Refresh] done in 164ms @ http://localhost:3000/_next/static/chunks/node_modules_next_dist_115brz8._.js:2477
[ 2283491ms] [LOG] [Fast Refresh] rebuilding @ http://localhost:3000/_next/static/chunks/node_modules_next_dist_115brz8._.js:2477
[ 2283532ms] [LOG] [Fast Refresh] done in 129ms @ http://localhost:3000/_next/static/chunks/node_modules_next_dist_115brz8._.js:2477
[ 2408914ms] [LOG] [Fast Refresh] rebuilding @ http://localhost:3000/_next/static/chunks/node_modules_next_dist_115brz8._.js:2477
[ 2408932ms] [LOG] [Fast Refresh] done in 118ms @ http://localhost:3000/_next/static/chunks/node_modules_next_dist_115brz8._.js:2477
[ 2854990ms] [LOG] [Fast Refresh] rebuilding @ http://localhost:3000/_next/static/chunks/node_modules_next_dist_115brz8._.js:2477
[ 2856714ms] [LOG] [Fast Refresh] done in 1769ms @ http://localhost:3000/_next/static/chunks/node_modules_next_dist_115brz8._.js:2477
[ 2856832ms] [LOG] [Fast Refresh] rebuilding @ http://localhost:3000/_next/static/chunks/node_modules_next_dist_115brz8._.js:2477
[ 2856856ms] [LOG] [Fast Refresh] done in 125ms @ http://localhost:3000/_next/static/chunks/node_modules_next_dist_115brz8._.js:2477
[ 2857977ms] [LOG] [Fast Refresh] rebuilding @ http://localhost:3000/_next/static/chunks/node_modules_next_dist_115brz8._.js:2477
[ 2858049ms] [LOG] [Fast Refresh] done in 146ms @ http://localhost:3000/_next/static/chunks/node_modules_next_dist_115brz8._.js:2477
[ 2995568ms] [LOG] [Fast Refresh] rebuilding @ http://localhost:3000/_next/static/chunks/node_modules_next_dist_115brz8._.js:2477
[ 2995583ms] [LOG] [Fast Refresh] done in 118ms @ http://localhost:3000/_next/static/chunks/node_modules_next_dist_115brz8._.js:2477
[ 3106825ms] [LOG] [Fast Refresh] rebuilding @ http://localhost:3000/_next/static/chunks/node_modules_next_dist_115brz8._.js:2477
[ 3107279ms] [LOG] [Fast Refresh] done in 555ms @ http://localhost:3000/_next/static/chunks/node_modules_next_dist_115brz8._.js:2477
[ 3279179ms] [LOG] [Fast Refresh] rebuilding @ http://localhost:3000/_next/static/chunks/node_modules_next_dist_115brz8._.js:2477
[ 3279276ms] [LOG] [Fast Refresh] done in 199ms @ http://localhost:3000/_next/static/chunks/node_modules_next_dist_115brz8._.js:2477
[ 3578357ms] [LOG] [Fast Refresh] rebuilding @ http://localhost:3000/_next/static/chunks/node_modules_next_dist_115brz8._.js:2477
[ 3578359ms] [LOG] [Fast Refresh] done in 104ms @ http://localhost:3000/_next/static/chunks/node_modules_next_dist_115brz8._.js:2477
[ 3583996ms] [LOG] [Fast Refresh] rebuilding @ http://localhost:3000/_next/static/chunks/node_modules_next_dist_115brz8._.js:2477
[ 4874894ms] [LOG] [HMR] connected @ http://localhost:3000/_next/static/chunks/node_modules_next_dist_115brz8._.js:2477
[ 4878148ms] [INFO] %cDownload the React DevTools for a better development experience: https://react.dev/link/react-devtools font-weight:bold @ http://localhost:3000/_next/static/chunks/node_modules_next_dist_115brz8._.js:2477
[ 4878188ms] [LOG] [HMR] connected @ http://localhost:3000/_next/static/chunks/node_modules_next_dist_115brz8._.js:2477
[ 4878328ms] [LOG] [Fast Refresh] rebuilding @ http://localhost:3000/_next/static/chunks/node_modules_next_dist_115brz8._.js:2477
[ 4878724ms] [LOG] [Fast Refresh] done in 497ms @ http://localhost:3000/_next/static/chunks/node_modules_next_dist_115brz8._.js:2477
[ 4880268ms] [LOG] [Fast Refresh] rebuilding @ http://localhost:3000/_next/static/chunks/node_modules_next_dist_115brz8._.js:2477
[ 4880432ms] [LOG] [Fast Refresh] done in 265ms @ http://localhost:3000/_next/static/chunks/node_modules_next_dist_115brz8._.js:2477
[ 4881170ms] [LOG] [Fast Refresh] rebuilding @ http://localhost:3000/_next/static/chunks/node_modules_next_dist_115brz8._.js:2477
[ 4881179ms] [LOG] [Fast Refresh] done in 110ms @ http://localhost:3000/_next/static/chunks/node_modules_next_dist_115brz8._.js:2477
[ 4885355ms] [LOG] [Fast Refresh] rebuilding @ http://localhost:3000/_next/static/chunks/node_modules_next_dist_115brz8._.js:2477
[ 4885713ms] [LOG] [Fast Refresh] done in 459ms @ http://localhost:3000/_next/static/chunks/node_modules_next_dist_115brz8._.js:2477
[ 6279139ms] [LOG] [Fast Refresh] rebuilding @ http://localhost:3000/_next/static/chunks/node_modules_next_dist_115brz8._.js:2477
[ 6279149ms] [LOG] [Fast Refresh] done in 111ms @ http://localhost:3000/_next/static/chunks/node_modules_next_dist_115brz8._.js:2477
[ 6438990ms] [LOG] [Fast Refresh] rebuilding @ http://localhost:3000/_next/static/chunks/node_modules_next_dist_115brz8._.js:2477
[ 6439074ms] [LOG] [Fast Refresh] done in 74ms @ http://localhost:3000/_next/static/chunks/node_modules_next_dist_115brz8._.js:2477
[ 6440360ms] [LOG] [Fast Refresh] rebuilding @ http://localhost:3000/_next/static/chunks/node_modules_next_dist_115brz8._.js:2477
[ 6440370ms] [LOG] [Fast Refresh] done in 112ms @ http://localhost:3000/_next/static/chunks/node_modules_next_dist_115brz8._.js:2477
[ 6449992ms] [LOG] [Fast Refresh] rebuilding @ http://localhost:3000/_next/static/chunks/node_modules_next_dist_115brz8._.js:2477
[ 6450059ms] [LOG] [Fast Refresh] done in 89ms @ http://localhost:3000/_next/static/chunks/node_modules_next_dist_115brz8._.js:2477
[ 6469597ms] [LOG] [Fast Refresh] rebuilding @ http://localhost:3000/_next/static/chunks/node_modules_next_dist_115brz8._.js:2477
[ 6469679ms] [LOG] [Fast Refresh] done in 125ms @ http://localhost:3000/_next/static/chunks/node_modules_next_dist_115brz8._.js:2477
[ 6470119ms] [INFO] %cDownload the React DevTools for a better development experience: https://react.dev/link/react-devtools font-weight:bold @ http://localhost:3000/_next/static/chunks/node_modules_next_dist_115brz8._.js:2477
[ 6470142ms] [LOG] [HMR] connected @ http://localhost:3000/_next/static/chunks/node_modules_next_dist_115brz8._.js:2477
[ 6482102ms] [LOG] [Fast Refresh] rebuilding @ http://localhost:3000/_next/static/chunks/node_modules_next_dist_115brz8._.js:2477
[ 6482129ms] [LOG] [Fast Refresh] done in 49ms @ http://localhost:3000/_next/static/chunks/node_modules_next_dist_115brz8._.js:2477
[ 6490337ms] [LOG] [Fast Refresh] rebuilding @ http://localhost:3000/_next/static/chunks/node_modules_next_dist_115brz8._.js:2477
[ 6490395ms] [LOG] [Fast Refresh] done in 39ms @ http://localhost:3000/_next/static/chunks/node_modules_next_dist_115brz8._.js:2477
[ 6490499ms] [LOG] [Fast Refresh] rebuilding @ http://localhost:3000/_next/static/chunks/node_modules_next_dist_115brz8._.js:2477
[ 6490558ms] [LOG] [Fast Refresh] done in 162ms @ http://localhost:3000/_next/static/chunks/node_modules_next_dist_115brz8._.js:2477
[ 6491101ms] [ERROR] Failed to load resource: the server responded with a status of 500 (Internal Server Error) @ http://localhost:3000/api/orgs/org_thedailygrind_001/time-off?status=APPROVED&weekStart=2026-05-11:0
[ 6508702ms] [LOG] [Fast Refresh] rebuilding @ http://localhost:3000/_next/static/chunks/node_modules_next_dist_115brz8._.js:2477
[ 6508733ms] [LOG] [Fast Refresh] done in 39ms @ http://localhost:3000/_next/static/chunks/node_modules_next_dist_115brz8._.js:2477
[ 6514491ms] [LOG] [Fast Refresh] rebuilding @ http://localhost:3000/_next/static/chunks/node_modules_next_dist_115brz8._.js:2477
[ 6514523ms] [LOG] [Fast Refresh] done in 37ms @ http://localhost:3000/_next/static/chunks/node_modules_next_dist_115brz8._.js:2477
[ 6522586ms] [LOG] [Fast Refresh] rebuilding @ http://localhost:3000/_next/static/chunks/node_modules_next_dist_115brz8._.js:2477
[ 6522612ms] [LOG] [Fast Refresh] done in 39ms @ http://localhost:3000/_next/static/chunks/node_modules_next_dist_115brz8._.js:2477
[ 6539413ms] [LOG] [Fast Refresh] rebuilding @ http://localhost:3000/_next/static/chunks/node_modules_next_dist_115brz8._.js:2477
[ 6539440ms] [LOG] [Fast Refresh] done in 34ms @ http://localhost:3000/_next/static/chunks/node_modules_next_dist_115brz8._.js:2477
[ 6545346ms] [LOG] [Fast Refresh] rebuilding @ http://localhost:3000/_next/static/chunks/node_modules_next_dist_115brz8._.js:2477
[ 6545372ms] [LOG] [Fast Refresh] done in 32ms @ http://localhost:3000/_next/static/chunks/node_modules_next_dist_115brz8._.js:2477
[ 6552036ms] [LOG] [Fast Refresh] rebuilding @ http://localhost:3000/_next/static/chunks/node_modules_next_dist_115brz8._.js:2477
[ 6552081ms] [LOG] [Fast Refresh] done in 77ms @ http://localhost:3000/_next/static/chunks/node_modules_next_dist_115brz8._.js:2477
[ 6558136ms] [LOG] [Fast Refresh] rebuilding @ http://localhost:3000/_next/static/chunks/node_modules_next_dist_115brz8._.js:2477
[ 6558163ms] [LOG] [Fast Refresh] done in 29ms @ http://localhost:3000/_next/static/chunks/node_modules_next_dist_115brz8._.js:2477
[ 6563719ms] [LOG] [Fast Refresh] rebuilding @ http://localhost:3000/_next/static/chunks/node_modules_next_dist_115brz8._.js:2477
[ 6563748ms] [LOG] [Fast Refresh] done in 34ms @ http://localhost:3000/_next/static/chunks/node_modules_next_dist_115brz8._.js:2477
[ 6570527ms] [LOG] [Fast Refresh] rebuilding @ http://localhost:3000/_next/static/chunks/node_modules_next_dist_115brz8._.js:2477
[ 6570554ms] [LOG] [Fast Refresh] done in 30ms @ http://localhost:3000/_next/static/chunks/node_modules_next_dist_115brz8._.js:2477
[ 6574191ms] [LOG] [Fast Refresh] rebuilding @ http://localhost:3000/_next/static/chunks/node_modules_next_dist_115brz8._.js:2477
[ 6574216ms] [LOG] [Fast Refresh] done in 39ms @ http://localhost:3000/_next/static/chunks/node_modules_next_dist_115brz8._.js:2477
[ 6705304ms] [LOG] [Fast Refresh] rebuilding @ http://localhost:3000/_next/static/chunks/node_modules_next_dist_115brz8._.js:2477
[ 6705335ms] [LOG] [Fast Refresh] done in 48ms @ http://localhost:3000/_next/static/chunks/node_modules_next_dist_115brz8._.js:2477
[ 6818095ms] [LOG] [Fast Refresh] rebuilding @ http://localhost:3000/_next/static/chunks/node_modules_next_dist_115brz8._.js:2477
[ 6818414ms] [LOG] [Fast Refresh] done in 220ms @ http://localhost:3000/_next/static/chunks/node_modules_next_dist_115brz8._.js:2477
[ 6818856ms] [LOG] [Fast Refresh] rebuilding @ http://localhost:3000/_next/static/chunks/node_modules_next_dist_115brz8._.js:2477
[ 6819885ms] [LOG] [Fast Refresh] done in 1130ms @ http://localhost:3000/_next/static/chunks/node_modules_next_dist_115brz8._.js:2477
[ 6819987ms] [LOG] [Fast Refresh] rebuilding @ http://localhost:3000/_next/static/chunks/node_modules_next_dist_115brz8._.js:2477
[ 6820302ms] [LOG] [Fast Refresh] done in 416ms @ http://localhost:3000/_next/static/chunks/node_modules_next_dist_115brz8._.js:2477
[ 6820413ms] [LOG] [Fast Refresh] rebuilding @ http://localhost:3000/_next/static/chunks/node_modules_next_dist_115brz8._.js:2477
[ 6821294ms] [LOG] [Fast Refresh] done in 982ms @ http://localhost:3000/_next/static/chunks/node_modules_next_dist_115brz8._.js:2477
[ 6821396ms] [LOG] [Fast Refresh] rebuilding @ http://localhost:3000/_next/static/chunks/node_modules_next_dist_115brz8._.js:2477
[ 6821405ms] [LOG] [Fast Refresh] done in 111ms @ http://localhost:3000/_next/static/chunks/node_modules_next_dist_115brz8._.js:2477
[ 6821508ms] [LOG] [Fast Refresh] rebuilding @ http://localhost:3000/_next/static/chunks/node_modules_next_dist_115brz8._.js:2477
[ 6821932ms] [LOG] [Fast Refresh] done in 525ms @ http://localhost:3000/_next/static/chunks/node_modules_next_dist_115brz8._.js:2477
[ 6822049ms] [LOG] [Fast Refresh] rebuilding @ http://localhost:3000/_next/static/chunks/node_modules_next_dist_115brz8._.js:2477
[ 6822365ms] [LOG] [Fast Refresh] done in 418ms @ http://localhost:3000/_next/static/chunks/node_modules_next_dist_115brz8._.js:2477
[ 6840711ms] [LOG] [Fast Refresh] rebuilding @ http://localhost:3000/_next/static/chunks/node_modules_next_dist_115brz8._.js:2477
[ 6840743ms] [LOG] [Fast Refresh] done in 65ms @ http://localhost:3000/_next/static/chunks/node_modules_next_dist_115brz8._.js:2477
[ 6872341ms] [LOG] [Fast Refresh] rebuilding @ http://localhost:3000/_next/static/chunks/node_modules_next_dist_115brz8._.js:2477
[ 6872361ms] [LOG] [Fast Refresh] done in 119ms @ http://localhost:3000/_next/static/chunks/node_modules_next_dist_115brz8._.js:2477
[ 6873645ms] [LOG] [Fast Refresh] rebuilding @ http://localhost:3000/_next/static/chunks/node_modules_next_dist_115brz8._.js:2477
[ 6873674ms] [LOG] [Fast Refresh] done in 56ms @ http://localhost:3000/_next/static/chunks/node_modules_next_dist_115brz8._.js:2477
[ 6875281ms] [LOG] [Fast Refresh] rebuilding @ http://localhost:3000/_next/static/chunks/node_modules_next_dist_115brz8._.js:2477
[ 6875585ms] [LOG] [Fast Refresh] done in 405ms @ http://localhost:3000/_next/static/chunks/node_modules_next_dist_115brz8._.js:2477
[ 6875686ms] [LOG] [Fast Refresh] rebuilding @ http://localhost:3000/_next/static/chunks/node_modules_next_dist_115brz8._.js:2477
[ 6875691ms] [LOG] [Fast Refresh] done in 106ms @ http://localhost:3000/_next/static/chunks/node_modules_next_dist_115brz8._.js:2477
[ 6877472ms] [ERROR] Failed to load resource: the server responded with a status of 500 (Internal Server Error) @ http://localhost:3000/api/orgs/org_thedailygrind_001/time-off?status=APPROVED&weekStart=2026-05-11:0
[ 6877576ms] [ERROR] Failed to load resource: the server responded with a status of 500 (Internal Server Error) @ http://localhost:3000/api/orgs/org_thedailygrind_001/time-off?status=APPROVED&weekStart=2026-05-11:0
[ 6990783ms] [LOG] [Fast Refresh] rebuilding @ http://localhost:3000/_next/static/chunks/node_modules_next_dist_115brz8._.js:2477
[ 6990837ms] [LOG] [Fast Refresh] done in 124ms @ http://localhost:3000/_next/static/chunks/node_modules_next_dist_115brz8._.js:2477
[ 6991009ms] [LOG] [Fast Refresh] rebuilding @ http://localhost:3000/_next/static/chunks/node_modules_next_dist_115brz8._.js:2477
[ 6991050ms] [LOG] [Fast Refresh] done in 141ms @ http://localhost:3000/_next/static/chunks/node_modules_next_dist_115brz8._.js:2477
[ 7675403ms] [LOG] [Fast Refresh] rebuilding @ http://localhost:3000/_next/static/chunks/node_modules_next_dist_115brz8._.js:2477
[ 7675413ms] [LOG] [Fast Refresh] done in 112ms @ http://localhost:3000/_next/static/chunks/node_modules_next_dist_115brz8._.js:2477
[ 7756806ms] [LOG] [Fast Refresh] rebuilding @ http://localhost:3000/_next/static/chunks/node_modules_next_dist_115brz8._.js:2477
[ 7756870ms] [LOG] [Fast Refresh] done in 42ms @ http://localhost:3000/_next/static/chunks/node_modules_next_dist_115brz8._.js:2477
[ 7765930ms] [LOG] [Fast Refresh] rebuilding @ http://localhost:3000/_next/static/chunks/node_modules_next_dist_115brz8._.js:2477
[ 7765985ms] [LOG] [Fast Refresh] done in 31ms @ http://localhost:3000/_next/static/chunks/node_modules_next_dist_115brz8._.js:2477
[ 7766096ms] [LOG] [Fast Refresh] rebuilding @ http://localhost:3000/_next/static/chunks/node_modules_next_dist_115brz8._.js:2477
[ 7766114ms] [LOG] [Fast Refresh] done in 120ms @ http://localhost:3000/_next/static/chunks/node_modules_next_dist_115brz8._.js:2477
[ 7787013ms] [LOG] [Fast Refresh] rebuilding @ http://localhost:3000/_next/static/chunks/node_modules_next_dist_115brz8._.js:2477
[ 7787066ms] [LOG] [Fast Refresh] done in 27ms @ http://localhost:3000/_next/static/chunks/node_modules_next_dist_115brz8._.js:2477
[ 7787177ms] [LOG] [Fast Refresh] rebuilding @ http://localhost:3000/_next/static/chunks/node_modules_next_dist_115brz8._.js:2477
[ 7787204ms] [LOG] [Fast Refresh] done in 129ms @ http://localhost:3000/_next/static/chunks/node_modules_next_dist_115brz8._.js:2477
[ 8051561ms] [LOG] [Fast Refresh] rebuilding @ http://localhost:3000/_next/static/chunks/node_modules_next_dist_115brz8._.js:2477
[ 8051568ms] [LOG] [Fast Refresh] done in 108ms @ http://localhost:3000/_next/static/chunks/node_modules_next_dist_115brz8._.js:2477
[ 8922995ms] [LOG] [Fast Refresh] rebuilding @ http://localhost:3000/_next/static/chunks/node_modules_next_dist_115brz8._.js:2477
[ 8923095ms] TypeError: Cannot read properties of undefined (reading '0')
    at ShiftTimeline (http://localhost:3000/_next/static/chunks/_13l6xx_._.js?id=%255Bproject%255D%252Fcomponents%252Fmanager%252FShiftTimeline.tsx+%255Bapp-client%255D+%2528ecmascript%2529:524:20)
    at Object.react_stack_bottom_frame (http://localhost:3000/_next/static/chunks/node_modules_next_dist_compiled_react-dom_058-ah~._.js:15037:24)
    at renderWithHooks (http://localhost:3000/_next/static/chunks/node_modules_next_dist_compiled_react-dom_058-ah~._.js:4620:24)
    at updateFunctionComponent (http://localhost:3000/_next/static/chunks/node_modules_next_dist_compiled_react-dom_058-ah~._.js:6081:21)
    at beginWork (http://localhost:3000/_next/static/chunks/node_modules_next_dist_compiled_react-dom_058-ah~._.js:6691:24)
    at runWithFiberInDEV (http://localhost:3000/_next/static/chunks/node_modules_next_dist_compiled_react-dom_058-ah~._.js:965:74)
    at performUnitOfWork (http://localhost:3000/_next/static/chunks/node_modules_next_dist_compiled_react-dom_058-ah~._.js:9555:97)
    at workLoopSync (http://localhost:3000/_next/static/chunks/node_modules_next_dist_compiled_react-dom_058-ah~._.js:9449:40)
    at renderRootSync (http://localhost:3000/_next/static/chunks/node_modules_next_dist_compiled_react-dom_058-ah~._.js:9433:13)
    at performWorkOnRoot (http://localhost:3000/_next/static/chunks/node_modules_next_dist_compiled_react-dom_058-ah~._.js:9098:47)
    at performSyncWorkOnRoot (http://localhost:3000/_next/static/chunks/node_modules_next_dist_compiled_react-dom_058-ah~._.js:10263:9)
    at flushSyncWorkAcrossRoots_impl (http://localhost:3000/_next/static/chunks/node_modules_next_dist_compiled_react-dom_058-ah~._.js:10179:316)
    at flushSyncWork$1 (http://localhost:3000/_next/static/chunks/node_modules_next_dist_compiled_react-dom_058-ah~._.js:9230:86)
    at Object.scheduleRefresh (http://localhost:3000/_next/static/chunks/node_modules_next_dist_compiled_react-dom_058-ah~._.js:299:13)
    at http://localhost:3000/_next/static/chunks/node_modules_next_dist_compiled_0rpq4pf._.js:391:33
    at Set.forEach (<anonymous>)
    at Object.performReactRefresh (http://localhost:3000/_next/static/chunks/node_modules_next_dist_compiled_0rpq4pf._.js:384:38)
    at applyUpdate (http://localhost:3000/_next/static/chunks/node_modules_next_dist_compiled_0rpq4pf._.js:878:31)
    at http://localhost:3000/_next/static/chunks/node_modules_next_dist_compiled_0rpq4pf._.js:886:13
[ 8923110ms] [LOG] [Fast Refresh] done in 165ms @ http://localhost:3000/_next/static/chunks/node_modules_next_dist_115brz8._.js:2477
[ 9101505ms] [LOG] [Fast Refresh] rebuilding @ http://localhost:3000/_next/static/chunks/node_modules_next_dist_115brz8._.js:2477
[ 9101507ms] [WARNING] [Fast Refresh] performing full reload because your application had an unrecoverable error @ http://localhost:3000/_next/static/chunks/node_modules_next_dist_115brz8._.js:2477
[ 9101544ms] [LOG] [Fast Refresh] done in 79ms @ http://localhost:3000/_next/static/chunks/node_modules_next_dist_115brz8._.js:2477
[ 9101942ms] [ERROR] ClientFetchError: Failed to fetch. Read more at https://errors.authjs.dev#autherror
    at fetchData (http://localhost:3000/_next/static/chunks/node_modules_01lcytu._.js:2505:22)
    at async getSession (http://localhost:3000/_next/static/chunks/node_modules_01lcytu._.js:2672:21)
    at async SessionProvider.useEffect [as _getSession] (http://localhost:3000/_next/static/chunks/node_modules_01lcytu._.js:2815:51) @ http://localhost:3000/_next/static/chunks/node_modules_next_dist_115brz8._.js:3318
[ 9101986ms] [INFO] %cDownload the React DevTools for a better development experience: https://react.dev/link/react-devtools font-weight:bold @ http://localhost:3000/_next/static/chunks/node_modules_next_dist_115brz8._.js:2477
[ 9102008ms] [LOG] [HMR] connected @ http://localhost:3000/_next/static/chunks/node_modules_next_dist_115brz8._.js:2477
[ 9103595ms] [ERROR] Failed to load resource: the server responded with a status of 500 (Internal Server Error) @ http://localhost:3000/api/orgs/org_thedailygrind_001/time-off?status=APPROVED&weekStart=2026-05-11:0
[ 9103667ms] [ERROR] Failed to load resource: the server responded with a status of 500 (Internal Server Error) @ http://localhost:3000/api/orgs/org_thedailygrind_001/time-off?status=APPROVED&weekStart=2026-05-11:0
[ 9114104ms] [LOG] [Fast Refresh] rebuilding @ http://localhost:3000/_next/static/chunks/node_modules_next_dist_115brz8._.js:2477
[ 9114189ms] [ERROR] Failed to load resource: the server responded with a status of 500 (Internal Server Error) @ http://localhost:3000/api/orgs/org_thedailygrind_001/time-off?status=APPROVED&weekStart=2026-05-11:0
[ 9114189ms] [LOG] [Fast Refresh] done in 43ms @ http://localhost:3000/_next/static/chunks/node_modules_next_dist_115brz8._.js:2477
[ 9125606ms] [LOG] [Fast Refresh] rebuilding @ http://localhost:3000/_next/static/chunks/node_modules_next_dist_115brz8._.js:2477
[ 9125637ms] [LOG] [Fast Refresh] done in 37ms @ http://localhost:3000/_next/static/chunks/node_modules_next_dist_115brz8._.js:2477
[ 9128938ms] [LOG] [Fast Refresh] rebuilding @ http://localhost:3000/_next/static/chunks/node_modules_next_dist_115brz8._.js:2477
[ 9128966ms] [LOG] [Fast Refresh] done in 37ms @ http://localhost:3000/_next/static/chunks/node_modules_next_dist_115brz8._.js:2477
[ 9736299ms] [LOG] [Fast Refresh] rebuilding @ http://localhost:3000/_next/static/chunks/node_modules_next_dist_115brz8._.js:2477
[ 9736355ms] [LOG] [Fast Refresh] done in 130ms @ http://localhost:3000/_next/static/chunks/node_modules_next_dist_115brz8._.js:2477
[ 9743748ms] [LOG] [Fast Refresh] rebuilding @ http://localhost:3000/_next/static/chunks/node_modules_next_dist_115brz8._.js:2477
[ 9743774ms] [LOG] [Fast Refresh] done in 37ms @ http://localhost:3000/_next/static/chunks/node_modules_next_dist_115brz8._.js:2477
[ 9771827ms] [LOG] [Fast Refresh] rebuilding @ http://localhost:3000/_next/static/chunks/node_modules_next_dist_115brz8._.js:2477
[ 9771871ms] [LOG] [Fast Refresh] done in 67ms @ http://localhost:3000/_next/static/chunks/node_modules_next_dist_115brz8._.js:2477
[ 9785068ms] [LOG] [Fast Refresh] rebuilding @ http://localhost:3000/_next/static/chunks/node_modules_next_dist_115brz8._.js:2477
[ 9785104ms] [LOG] [Fast Refresh] done in 68ms @ http://localhost:3000/_next/static/chunks/node_modules_next_dist_115brz8._.js:2477
[ 9807263ms] [LOG] [Fast Refresh] rebuilding @ http://localhost:3000/_next/static/chunks/node_modules_next_dist_115brz8._.js:2477
[ 9807285ms] [LOG] [Fast Refresh] done in 60ms @ http://localhost:3000/_next/static/chunks/node_modules_next_dist_115brz8._.js:2477
[ 9882923ms] [LOG] [Fast Refresh] rebuilding @ http://localhost:3000/_next/static/chunks/node_modules_next_dist_115brz8._.js:2477
[ 9882967ms] [LOG] [Fast Refresh] done in 75ms @ http://localhost:3000/_next/static/chunks/node_modules_next_dist_115brz8._.js:2477
[ 9916264ms] [LOG] [Fast Refresh] rebuilding @ http://localhost:3000/_next/static/chunks/node_modules_next_dist_115brz8._.js:2477
[ 9916351ms] [LOG] [Fast Refresh] done in 135ms @ http://localhost:3000/_next/static/chunks/node_modules_next_dist_115brz8._.js:2477
[10185260ms] [LOG] [Fast Refresh] rebuilding @ http://localhost:3000/_next/static/chunks/node_modules_next_dist_115brz8._.js:2477
[10185348ms] [LOG] [Fast Refresh] done in 89ms @ http://localhost:3000/_next/static/chunks/node_modules_next_dist_115brz8._.js:2477
[10185464ms] [LOG] [Fast Refresh] rebuilding @ http://localhost:3000/_next/static/chunks/node_modules_next_dist_115brz8._.js:2477
[10185512ms] [LOG] [Fast Refresh] done in 151ms @ http://localhost:3000/_next/static/chunks/node_modules_next_dist_115brz8._.js:2477
[10783696ms] [LOG] [Fast Refresh] rebuilding @ http://localhost:3000/_next/static/chunks/node_modules_next_dist_115brz8._.js:2477
[10784165ms] [ERROR] Failed to load resource: the server responded with a status of 500 (Internal Server Error) @ http://localhost:3000/api/orgs/org_thedailygrind_001/time-off:0
[10784165ms] [LOG] [Fast Refresh] done in 570ms @ http://localhost:3000/_next/static/chunks/node_modules_next_dist_115brz8._.js:2477
[10784226ms] [ERROR] Failed to load resource: the server responded with a status of 500 (Internal Server Error) @ http://localhost:3000/api/orgs/org_thedailygrind_001/time-off:0
[10784978ms] [LOG] [Fast Refresh] rebuilding @ http://localhost:3000/_next/static/chunks/node_modules_next_dist_115brz8._.js:2477
[10785241ms] [LOG] [Fast Refresh] done in 365ms @ http://localhost:3000/_next/static/chunks/node_modules_next_dist_115brz8._.js:2477
[10786673ms] [ERROR] Failed to load resource: the server responded with a status of 500 (Internal Server Error) @ http://localhost:3000/api/orgs/org_thedailygrind_001/time-off?status=APPROVED&weekStart=2026-05-11:0
[10786747ms] [ERROR] Failed to load resource: the server responded with a status of 500 (Internal Server Error) @ http://localhost:3000/api/orgs/org_thedailygrind_001/time-off?status=APPROVED&weekStart=2026-05-11:0
[10892933ms] [LOG] [Fast Refresh] rebuilding @ http://localhost:3000/_next/static/chunks/node_modules_next_dist_115brz8._.js:2477
[10892935ms] [WARNING] [Fast Refresh] performing full reload

Fast Refresh will perform a full reload when you edit a file that's imported by modules outside of the React rendering tree.
You might have a file which exports a React component but also exports a value that is imported by a non-React component file.
Consider migrating the non-React component export to a separate file and importing it into both files.

It is also possible the parent component of the component you edited is a class component, which disables Fast Refresh.
Fast Refresh requires at least one parent function component in your React tree. @ http://localhost:3000/_next/static/chunks/node_modules_next_dist_115brz8._.js:2477
[10892965ms] [LOG] [Fast Refresh] done in 61ms @ http://localhost:3000/_next/static/chunks/node_modules_next_dist_115brz8._.js:2477
[10893086ms] [LOG] [Fast Refresh] rebuilding @ http://localhost:3000/_next/static/chunks/node_modules_next_dist_115brz8._.js:2477
[10893153ms] [LOG] [Fast Refresh] done in 168ms @ http://localhost:3000/_next/static/chunks/node_modules_next_dist_115brz8._.js:2477
[10893252ms] [INFO] %cDownload the React DevTools for a better development experience: https://react.dev/link/react-devtools font-weight:bold @ http://localhost:3000/_next/static/chunks/node_modules_next_dist_115brz8._.js:2477
[10893274ms] [LOG] [HMR] connected @ http://localhost:3000/_next/static/chunks/node_modules_next_dist_115brz8._.js:2477
[10894328ms] [ERROR] Failed to load resource: the server responded with a status of 500 (Internal Server Error) @ http://localhost:3000/api/orgs/org_thedailygrind_001/time-off?status=APPROVED&weekStart=2026-05-11:0
[10894394ms] [ERROR] Failed to load resource: the server responded with a status of 500 (Internal Server Error) @ http://localhost:3000/api/orgs/org_thedailygrind_001/time-off?status=APPROVED&weekStart=2026-05-11:0
[10903421ms] [LOG] [Fast Refresh] rebuilding @ http://localhost:3000/_next/static/chunks/node_modules_next_dist_115brz8._.js:2477
[10903452ms] [WARNING] [Fast Refresh] performing full reload

Fast Refresh will perform a full reload when you edit a file that's imported by modules outside of the React rendering tree.
You might have a file which exports a React component but also exports a value that is imported by a non-React component file.
Consider migrating the non-React component export to a separate file and importing it into both files.

It is also possible the parent component of the component you edited is a class component, which disables Fast Refresh.
Fast Refresh requires at least one parent function component in your React tree. @ http://localhost:3000/_next/static/chunks/node_modules_next_dist_115brz8._.js:2477
[10903510ms] [LOG] [Fast Refresh] done in 131ms @ http://localhost:3000/_next/static/chunks/node_modules_next_dist_115brz8._.js:2477
[10903577ms] [INFO] %cDownload the React DevTools for a better development experience: https://react.dev/link/react-devtools font-weight:bold @ http://localhost:3000/_next/static/chunks/node_modules_next_dist_115brz8._.js:2477
[10903591ms] [LOG] [HMR] connected @ http://localhost:3000/_next/static/chunks/node_modules_next_dist_115brz8._.js:2477
[10904088ms] [ERROR] Failed to load resource: the server responded with a status of 500 (Internal Server Error) @ http://localhost:3000/api/orgs/org_thedailygrind_001/time-off?status=APPROVED&weekStart=2026-05-11:0
[10904215ms] [ERROR] Failed to load resource: the server responded with a status of 500 (Internal Server Error) @ http://localhost:3000/api/orgs/org_thedailygrind_001/time-off?status=APPROVED&weekStart=2026-05-11:0
[10906632ms] [LOG] [Fast Refresh] rebuilding @ http://localhost:3000/_next/static/chunks/node_modules_next_dist_115brz8._.js:2477
[10906633ms] [WARNING] [Fast Refresh] performing full reload

Fast Refresh will perform a full reload when you edit a file that's imported by modules outside of the React rendering tree.
You might have a file which exports a React component but also exports a value that is imported by a non-React component file.
Consider migrating the non-React component export to a separate file and importing it into both files.

It is also possible the parent component of the component you edited is a class component, which disables Fast Refresh.
Fast Refresh requires at least one parent function component in your React tree. @ http://localhost:3000/_next/static/chunks/node_modules_next_dist_115brz8._.js:2477
[10906686ms] [LOG] [Fast Refresh] done in 39ms @ http://localhost:3000/_next/static/chunks/node_modules_next_dist_115brz8._.js:2477
[10906737ms] [INFO] %cDownload the React DevTools for a better development experience: https://react.dev/link/react-devtools font-weight:bold @ http://localhost:3000/_next/static/chunks/node_modules_next_dist_115brz8._.js:2477
[10906747ms] [LOG] [HMR] connected @ http://localhost:3000/_next/static/chunks/node_modules_next_dist_115brz8._.js:2477
[10907140ms] [LOG] [Fast Refresh] rebuilding @ http://localhost:3000/_next/static/chunks/node_modules_next_dist_115brz8._.js:2477
[10907168ms] [ERROR] Failed to load resource: the server responded with a status of 500 (Internal Server Error) @ http://localhost:3000/api/orgs/org_thedailygrind_001/time-off?status=APPROVED&weekStart=2026-05-11:0
[10907169ms] [LOG] [Fast Refresh] done in 131ms @ http://localhost:3000/_next/static/chunks/node_modules_next_dist_115brz8._.js:2477
[10907259ms] [ERROR] Failed to load resource: the server responded with a status of 500 (Internal Server Error) @ http://localhost:3000/api/orgs/org_thedailygrind_001/time-off?status=APPROVED&weekStart=2026-05-11:0
[10923505ms] [LOG] [Fast Refresh] rebuilding @ http://localhost:3000/_next/static/chunks/node_modules_next_dist_115brz8._.js:2477
[10923540ms] [LOG] [Fast Refresh] done in 38ms @ http://localhost:3000/_next/static/chunks/node_modules_next_dist_115brz8._.js:2477
[10934854ms] [LOG] [Fast Refresh] rebuilding @ http://localhost:3000/_next/static/chunks/node_modules_next_dist_115brz8._.js:2477
[10935008ms] [LOG] [Fast Refresh] done in 189ms @ http://localhost:3000/_next/static/chunks/node_modules_next_dist_115brz8._.js:2477
[10935123ms] [LOG] [Fast Refresh] rebuilding @ http://localhost:3000/_next/static/chunks/node_modules_next_dist_115brz8._.js:2477
[10935208ms] [LOG] [Fast Refresh] done in 186ms @ http://localhost:3000/_next/static/chunks/node_modules_next_dist_115brz8._.js:2477
[10985002ms] [LOG] [Fast Refresh] rebuilding @ http://localhost:3000/_next/static/chunks/node_modules_next_dist_115brz8._.js:2477
[10985262ms] [LOG] [Fast Refresh] done in 83ms @ http://localhost:3000/_next/static/chunks/node_modules_next_dist_115brz8._.js:2477
[11084411ms] [LOG] [Fast Refresh] rebuilding @ http://localhost:3000/_next/static/chunks/node_modules_next_dist_115brz8._.js:2477
[11084664ms] [LOG] [Fast Refresh] done in 354ms @ http://localhost:3000/_next/static/chunks/node_modules_next_dist_115brz8._.js:2477
[11084711ms] [ERROR] Failed to load resource: the server responded with a status of 404 (Not Found) @ http://localhost:3000/onboard:0
[11084754ms] [INFO] %cDownload the React DevTools for a better development experience: https://react.dev/link/react-devtools font-weight:bold @ http://localhost:3000/_next/static/chunks/node_modules_next_dist_115brz8._.js:2477
[11084770ms] [LOG] [HMR] connected @ http://localhost:3000/_next/static/chunks/node_modules_next_dist_115brz8._.js:2477
[11089327ms] [LOG] [Fast Refresh] rebuilding @ http://localhost:3000/_next/static/chunks/node_modules_next_dist_115brz8._.js:2477
[11089459ms] [LOG] [Fast Refresh] done in 234ms @ http://localhost:3000/_next/static/chunks/node_modules_next_dist_115brz8._.js:2477
[11089490ms] [INFO] %cDownload the React DevTools for a better development experience: https://react.dev/link/react-devtools font-weight:bold @ http://localhost:3000/_next/static/chunks/node_modules_next_dist_115brz8._.js:2477
[11089499ms] [LOG] [HMR] connected @ http://localhost:3000/_next/static/chunks/node_modules_next_dist_115brz8._.js:2477
[11089606ms] [LOG] [Fast Refresh] rebuilding @ http://localhost:3000/_next/static/chunks/node_modules_next_dist_115brz8._.js:2477
[11089613ms] [LOG] [Fast Refresh] done in 107ms @ http://localhost:3000/_next/static/chunks/node_modules_next_dist_115brz8._.js:2477
[11090958ms] [ERROR] Failed to load resource: the server responded with a status of 500 (Internal Server Error) @ http://localhost:3000/api/orgs/org_thedailygrind_001/time-off?status=APPROVED&weekStart=2026-05-11:0
[11091171ms] [ERROR] Failed to load resource: the server responded with a status of 500 (Internal Server Error) @ http://localhost:3000/api/orgs/org_thedailygrind_001/time-off?status=APPROVED&weekStart=2026-05-11:0
[11100428ms] [INFO] %cDownload the React DevTools for a better development experience: https://react.dev/link/react-devtools font-weight:bold @ http://localhost:3000/_next/static/chunks/node_modules_next_dist_115brz8._.js:2477
[11100441ms] [LOG] [HMR] connected @ http://localhost:3000/_next/static/chunks/node_modules_next_dist_115brz8._.js:2477
[11101385ms] [ERROR] Failed to load resource: the server responded with a status of 500 (Internal Server Error) @ http://localhost:3000/api/orgs/org_thedailygrind_001/time-off?status=APPROVED&weekStart=2026-05-11:0
[11101454ms] [ERROR] Failed to load resource: the server responded with a status of 500 (Internal Server Error) @ http://localhost:3000/api/orgs/org_thedailygrind_001/time-off?status=APPROVED&weekStart=2026-05-11:0
[11664670ms] [ERROR] Failed to load resource: the server responded with a status of 500 (Internal Server Error) @ http://localhost:3000/api/orgs/org_thedailygrind_001/time-off?status=APPROVED&weekStart=2026-05-18:0
[11673175ms] [ERROR] Failed to load resource: the server responded with a status of 500 (Internal Server Error) @ http://localhost:3000/api/orgs/org_thedailygrind_001/time-off:0
[11673249ms] [ERROR] Failed to load resource: the server responded with a status of 500 (Internal Server Error) @ http://localhost:3000/api/orgs/org_thedailygrind_001/time-off:0
[11681306ms] [ERROR] Failed to load resource: the server responded with a status of 500 (Internal Server Error) @ http://localhost:3000/api/orgs/org_thedailygrind_001/time-off:0
[11681362ms] [ERROR] Failed to load resource: the server responded with a status of 500 (Internal Server Error) @ http://localhost:3000/api/orgs/org_thedailygrind_001/time-off:0
[11689621ms] [LOG] [Fast Refresh] rebuilding @ http://localhost:3000/_next/static/chunks/node_modules_next_dist_115brz8._.js:2477
[11690129ms] [LOG] [Fast Refresh] done in 610ms @ http://localhost:3000/_next/static/chunks/node_modules_next_dist_115brz8._.js:2477
[11690294ms] [LOG] [Fast Refresh] rebuilding @ http://localhost:3000/_next/static/chunks/node_modules_next_dist_115brz8._.js:2477
[11690314ms] [LOG] [Fast Refresh] done in 121ms @ http://localhost:3000/_next/static/chunks/node_modules_next_dist_115brz8._.js:2477
